ISO-10303-21;
HEADER;
FILE_DESCRIPTION((''),'2;1');
FILE_NAME('68016-X04','2024-01-23T11:19:04',('PDeva'),('AFCI'),
'CREO PARAMETRIC BY PTC INC, 2021184','CREO PARAMETRIC BY PTC INC, 2021184','');
FILE_SCHEMA(('CONFIG_CONTROL_DESIGN','SHAPE_APPEARANCE_LAYERS_GROUPS'));
ENDSEC;
DATA;
#190=DIRECTION('',(4.190581774617E-1,0.E0,-9.079593845005E-1));
#191=VECTOR('',#190,2.863564212655E-2);
#192=CARTESIAN_POINT('',(-2.62E-1,0.E0,4.75E-2));
#193=LINE('2039',#192,#191);
#194=DIRECTION('',(4.190581774617E-1,0.E0,9.079593845005E-1));
#195=VECTOR('',#194,2.863564212655E-2);
#196=CARTESIAN_POINT('',(-2.5E-1,0.E0,2.15E-2));
#197=LINE('2005',#196,#195);
#198=DIRECTION('',(4.190581774617E-1,0.E0,-9.079593845005E-1));
#199=VECTOR('',#198,2.863564212655E-2);
#200=CARTESIAN_POINT('',(-1.62E-1,0.E0,4.75E-2));
#201=LINE('2003',#200,#199);
#202=DIRECTION('',(4.190581774617E-1,0.E0,9.079593845005E-1));
#203=VECTOR('',#202,2.863564212655E-2);
#204=CARTESIAN_POINT('',(-1.5E-1,0.E0,2.15E-2));
#205=LINE('1969',#204,#203);
#206=DIRECTION('',(4.190581774617E-1,0.E0,-9.079593845005E-1));
#207=VECTOR('',#206,2.863564212655E-2);
#208=CARTESIAN_POINT('',(-6.2E-2,0.E0,4.75E-2));
#209=LINE('1967',#208,#207);
#210=DIRECTION('',(4.190581774617E-1,0.E0,9.079593845005E-1));
#211=VECTOR('',#210,2.863564212655E-2);
#212=CARTESIAN_POINT('',(-5.E-2,0.E0,2.15E-2));
#213=LINE('1930',#212,#211);
#214=DIRECTION('',(4.190581774617E-1,0.E0,-9.079593845005E-1));
#215=VECTOR('',#214,2.863564212655E-2);
#216=CARTESIAN_POINT('',(3.8E-2,0.E0,4.75E-2));
#217=LINE('1928',#216,#215);
#218=DIRECTION('',(-4.190581774617E-1,0.E0,-9.079593845005E-1));
#219=VECTOR('',#218,2.863564212655E-2);
#220=CARTESIAN_POINT('',(5.E-2,0.E0,-2.15E-2));
#221=LINE('1926',#220,#219);
#222=DIRECTION('',(-4.190581774617E-1,0.E0,9.079593845005E-1));
#223=VECTOR('',#222,2.863564212655E-2);
#224=CARTESIAN_POINT('',(-3.8E-2,0.E0,-4.75E-2));
#225=LINE('1932',#224,#223);
#226=DIRECTION('',(-4.190581774617E-1,0.E0,-9.079593845005E-1));
#227=VECTOR('',#226,2.863564212655E-2);
#228=CARTESIAN_POINT('',(-5.E-2,0.E0,-2.15E-2));
#229=LINE('1966',#228,#227);
#230=DIRECTION('',(-4.190581774617E-1,0.E0,9.079593845005E-1));
#231=VECTOR('',#230,2.863564212655E-2);
#232=CARTESIAN_POINT('',(-1.38E-1,0.E0,-4.75E-2));
#233=LINE('1971',#232,#231);
#234=DIRECTION('',(-4.190581774617E-1,0.E0,-9.079593845005E-1));
#235=VECTOR('',#234,2.863564212655E-2);
#236=CARTESIAN_POINT('',(-1.5E-1,0.E0,-2.15E-2));
#237=LINE('2002',#236,#235);
#238=DIRECTION('',(-4.190581774617E-1,0.E0,9.079593845005E-1));
#239=VECTOR('',#238,2.863564212655E-2);
#240=CARTESIAN_POINT('',(-2.38E-1,0.E0,-4.75E-2));
#241=LINE('2007',#240,#239);
#242=DIRECTION('',(-4.190581774617E-1,0.E0,-9.079593845005E-1));
#243=VECTOR('',#242,2.863564212655E-2);
#244=CARTESIAN_POINT('',(-2.5E-1,0.E0,-2.15E-2));
#245=LINE('2038',#244,#243);
#246=DIRECTION('',(-4.190581774617E-1,0.E0,9.079593845005E-1));
#247=VECTOR('',#246,2.863564212655E-2);
#248=CARTESIAN_POINT('',(-3.38E-1,0.E0,-4.75E-2));
#249=LINE('2043',#248,#247);
#250=DIRECTION('',(4.190581774617E-1,0.E0,9.079593845005E-1));
#251=VECTOR('',#250,2.863564212655E-2);
#252=CARTESIAN_POINT('',(-3.5E-1,0.E0,2.15E-2));
#253=LINE('2041',#252,#251);
#254=DIRECTION('',(0.E0,0.E0,-1.E0));
#255=VECTOR('',#254,2.5E-2);
#256=CARTESIAN_POINT('',(-1.25E-2,0.E0,1.25E-2));
#257=LINE('2074',#256,#255);
#258=DIRECTION('',(-1.E0,0.E0,0.E0));
#259=VECTOR('',#258,2.5E-2);
#260=CARTESIAN_POINT('',(1.25E-2,0.E0,-1.25E-2));
#261=LINE('2076',#260,#259);
#262=DIRECTION('',(0.E0,0.E0,-1.E0));
#263=VECTOR('',#262,2.5E-2);
#264=CARTESIAN_POINT('',(1.25E-2,0.E0,1.25E-2));
#265=LINE('2077',#264,#263);
#266=DIRECTION('',(1.E0,0.E0,0.E0));
#267=VECTOR('',#266,2.5E-2);
#268=CARTESIAN_POINT('',(-1.25E-2,0.E0,1.25E-2));
#269=LINE('2075',#268,#267);
#270=DIRECTION('',(0.E0,0.E0,-1.E0));
#271=VECTOR('',#270,2.5E-2);
#272=CARTESIAN_POINT('',(-1.125E-1,0.E0,1.25E-2));
#273=LINE('2090',#272,#271);
#274=DIRECTION('',(-1.E0,0.E0,0.E0));
#275=VECTOR('',#274,2.5E-2);
#276=CARTESIAN_POINT('',(-8.75E-2,0.E0,-1.25E-2));
#277=LINE('2092',#276,#275);
#278=DIRECTION('',(0.E0,0.E0,-1.E0));
#279=VECTOR('',#278,2.5E-2);
#280=CARTESIAN_POINT('',(-8.75E-2,0.E0,1.25E-2));
#281=LINE('2093',#280,#279);
#282=DIRECTION('',(1.E0,0.E0,0.E0));
#283=VECTOR('',#282,2.5E-2);
#284=CARTESIAN_POINT('',(-1.125E-1,0.E0,1.25E-2));
#285=LINE('2091',#284,#283);
#286=DIRECTION('',(0.E0,0.E0,-1.E0));
#287=VECTOR('',#286,2.5E-2);
#288=CARTESIAN_POINT('',(-2.125E-1,0.E0,1.25E-2));
#289=LINE('2106',#288,#287);
#290=DIRECTION('',(-1.E0,0.E0,0.E0));
#291=VECTOR('',#290,2.5E-2);
#292=CARTESIAN_POINT('',(-1.875E-1,0.E0,-1.25E-2));
#293=LINE('2108',#292,#291);
#294=DIRECTION('',(0.E0,0.E0,-1.E0));
#295=VECTOR('',#294,2.5E-2);
#296=CARTESIAN_POINT('',(-1.875E-1,0.E0,1.25E-2));
#297=LINE('2109',#296,#295);
#298=DIRECTION('',(1.E0,0.E0,0.E0));
#299=VECTOR('',#298,2.5E-2);
#300=CARTESIAN_POINT('',(-2.125E-1,0.E0,1.25E-2));
#301=LINE('2107',#300,#299);
#302=DIRECTION('',(0.E0,0.E0,-1.E0));
#303=VECTOR('',#302,2.5E-2);
#304=CARTESIAN_POINT('',(-3.125E-1,0.E0,1.25E-2));
#305=LINE('2122',#304,#303);
#306=DIRECTION('',(-1.E0,0.E0,0.E0));
#307=VECTOR('',#306,2.5E-2);
#308=CARTESIAN_POINT('',(-2.875E-1,0.E0,-1.25E-2));
#309=LINE('2124',#308,#307);
#310=DIRECTION('',(0.E0,0.E0,-1.E0));
#311=VECTOR('',#310,2.5E-2);
#312=CARTESIAN_POINT('',(-2.875E-1,0.E0,1.25E-2));
#313=LINE('2125',#312,#311);
#314=DIRECTION('',(1.E0,0.E0,0.E0));
#315=VECTOR('',#314,2.5E-2);
#316=CARTESIAN_POINT('',(-3.125E-1,0.E0,1.25E-2));
#317=LINE('2123',#316,#315);
#318=DIRECTION('',(0.E0,1.E0,0.E0));
#319=VECTOR('',#318,8.4E-2);
#320=CARTESIAN_POINT('',(-2.62E-1,0.E0,4.75E-2));
#321=LINE('2054',#320,#319);
#322=DIRECTION('',(0.E0,-1.E0,0.E0));
#323=VECTOR('',#322,8.4E-2);
#324=CARTESIAN_POINT('',(-2.5E-1,8.4E-2,2.15E-2));
#325=LINE('2020',#324,#323);
#326=DIRECTION('',(-1.E0,0.E0,0.E0));
#327=VECTOR('',#326,7.6E-2);
#328=CARTESIAN_POINT('',(-2.62E-1,0.E0,4.75E-2));
#329=LINE('2040',#328,#327);
#330=DIRECTION('',(1.E0,0.E0,0.E0));
#331=VECTOR('',#330,7.6E-2);
#332=CARTESIAN_POINT('',(-3.38E-1,8.4E-2,4.75E-2));
#333=LINE('2047',#332,#331);
#334=DIRECTION('',(0.E0,1.E0,0.E0));
#335=VECTOR('',#334,8.4E-2);
#336=CARTESIAN_POINT('',(-3.5E-1,0.E0,2.15E-2));
#337=LINE('2052',#336,#335);
#338=DIRECTION('',(0.E0,-1.E0,0.E0));
#339=VECTOR('',#338,8.4E-2);
#340=CARTESIAN_POINT('',(-3.38E-1,8.4E-2,4.75E-2));
#341=LINE('2055',#340,#339);
#342=DIRECTION('',(0.E0,0.E0,-1.E0));
#343=VECTOR('',#342,4.3E-2);
#344=CARTESIAN_POINT('',(-3.5E-1,0.E0,2.15E-2));
#345=LINE('2042',#344,#343);
#346=DIRECTION('',(0.E0,0.E0,1.E0));
#347=VECTOR('',#346,4.3E-2);
#348=CARTESIAN_POINT('',(-3.5E-1,8.4E-2,-2.15E-2));
#349=LINE('2049',#348,#347);
#350=DIRECTION('',(0.E0,1.E0,0.E0));
#351=VECTOR('',#350,8.4E-2);
#352=CARTESIAN_POINT('',(-3.38E-1,0.E0,-4.75E-2));
#353=LINE('2057',#352,#351);
#354=DIRECTION('',(0.E0,-1.E0,0.E0));
#355=VECTOR('',#354,8.4E-2);
#356=CARTESIAN_POINT('',(-3.5E-1,8.4E-2,-2.15E-2));
#357=LINE('2053',#356,#355);
#358=DIRECTION('',(-1.E0,0.E0,0.E0));
#359=VECTOR('',#358,7.6E-2);
#360=CARTESIAN_POINT('',(-2.62E-1,8.4E-2,-4.75E-2));
#361=LINE('2051',#360,#359);
#362=DIRECTION('',(1.E0,0.E0,0.E0));
#363=VECTOR('',#362,7.6E-2);
#364=CARTESIAN_POINT('',(-3.38E-1,0.E0,-4.75E-2));
#365=LINE('2044',#364,#363);
#366=DIRECTION('',(0.E0,1.E0,0.E0));
#367=VECTOR('',#366,8.4E-2);
#368=CARTESIAN_POINT('',(-2.5E-1,0.E0,-2.15E-2));
#369=LINE('2021',#368,#367);
#370=DIRECTION('',(0.E0,-1.E0,0.E0));
#371=VECTOR('',#370,8.4E-2);
#372=CARTESIAN_POINT('',(-2.62E-1,8.4E-2,-4.75E-2));
#373=LINE('2056',#372,#371);
#374=DIRECTION('',(0.E0,1.E0,0.E0));
#375=VECTOR('',#374,8.4E-2);
#376=CARTESIAN_POINT('',(-2.38E-1,0.E0,-4.75E-2));
#377=LINE('2019',#376,#375);
#378=DIRECTION('',(-1.E0,0.E0,0.E0));
#379=VECTOR('',#378,7.6E-2);
#380=CARTESIAN_POINT('',(-1.62E-1,8.4E-2,-4.75E-2));
#381=LINE('2015',#380,#379);
#382=DIRECTION('',(1.E0,0.E0,0.E0));
#383=VECTOR('',#382,7.6E-2);
#384=CARTESIAN_POINT('',(-2.38E-1,0.E0,-4.75E-2));
#385=LINE('2008',#384,#383);
#386=DIRECTION('',(0.E0,1.E0,0.E0));
#387=VECTOR('',#386,8.4E-2);
#388=CARTESIAN_POINT('',(-1.5E-1,0.E0,-2.15E-2));
#389=LINE('1985',#388,#387);
#390=DIRECTION('',(0.E0,-1.E0,0.E0));
#391=VECTOR('',#390,8.4E-2);
#392=CARTESIAN_POINT('',(-1.62E-1,8.4E-2,-4.75E-2));
#393=LINE('2018',#392,#391);
#394=DIRECTION('',(0.E0,1.E0,0.E0));
#395=VECTOR('',#394,8.4E-2);
#396=CARTESIAN_POINT('',(-1.38E-1,0.E0,-4.75E-2));
#397=LINE('1983',#396,#395);
#398=DIRECTION('',(-1.E0,0.E0,0.E0));
#399=VECTOR('',#398,7.6E-2);
#400=CARTESIAN_POINT('',(-6.2E-2,8.4E-2,-4.75E-2));
#401=LINE('1979',#400,#399);
#402=DIRECTION('',(1.E0,0.E0,0.E0));
#403=VECTOR('',#402,7.6E-2);
#404=CARTESIAN_POINT('',(-1.38E-1,0.E0,-4.75E-2));
#405=LINE('1972',#404,#403);
#406=DIRECTION('',(0.E0,1.E0,0.E0));
#407=VECTOR('',#406,8.4E-2);
#408=CARTESIAN_POINT('',(-5.E-2,0.E0,-2.15E-2));
#409=LINE('1949',#408,#407);
#410=DIRECTION('',(0.E0,-1.E0,0.E0));
#411=VECTOR('',#410,8.4E-2);
#412=CARTESIAN_POINT('',(-6.2E-2,8.4E-2,-4.75E-2));
#413=LINE('1982',#412,#411);
#414=DIRECTION('',(0.E0,1.E0,0.E0));
#415=VECTOR('',#414,8.4E-2);
#416=CARTESIAN_POINT('',(-3.8E-2,0.E0,-4.75E-2));
#417=LINE('1947',#416,#415);
#418=DIRECTION('',(-1.E0,0.E0,0.E0));
#419=VECTOR('',#418,7.6E-2);
#420=CARTESIAN_POINT('',(3.8E-2,8.4E-2,-4.75E-2));
#421=LINE('1941',#420,#419);
#422=DIRECTION('',(1.E0,0.E0,0.E0));
#423=VECTOR('',#422,7.6E-2);
#424=CARTESIAN_POINT('',(-3.8E-2,0.E0,-4.75E-2));
#425=LINE('1933',#424,#423);
#426=DIRECTION('',(0.E0,1.E0,0.E0));
#427=VECTOR('',#426,8.4E-2);
#428=CARTESIAN_POINT('',(5.E-2,0.E0,-2.15E-2));
#429=LINE('1944',#428,#427);
#430=DIRECTION('',(0.E0,-1.E0,0.E0));
#431=VECTOR('',#430,8.4E-2);
#432=CARTESIAN_POINT('',(3.8E-2,8.4E-2,-4.75E-2));
#433=LINE('1946',#432,#431);
#434=DIRECTION('',(0.E0,0.E0,1.E0));
#435=VECTOR('',#434,4.3E-2);
#436=CARTESIAN_POINT('',(5.E-2,0.E0,-2.15E-2));
#437=LINE('1927',#436,#435);
#438=DIRECTION('',(0.E0,0.E0,-1.E0));
#439=VECTOR('',#438,4.3E-2);
#440=CARTESIAN_POINT('',(5.E-2,8.4E-2,2.15E-2));
#441=LINE('1935',#440,#439);
#442=DIRECTION('',(0.E0,1.E0,0.E0));
#443=VECTOR('',#442,8.4E-2);
#444=CARTESIAN_POINT('',(3.8E-2,0.E0,4.75E-2));
#445=LINE('1942',#444,#443);
#446=DIRECTION('',(0.E0,-1.E0,0.E0));
#447=VECTOR('',#446,8.4E-2);
#448=CARTESIAN_POINT('',(5.E-2,8.4E-2,2.15E-2));
#449=LINE('1945',#448,#447);
#450=DIRECTION('',(-1.E0,0.E0,0.E0));
#451=VECTOR('',#450,7.6E-2);
#452=CARTESIAN_POINT('',(3.8E-2,0.E0,4.75E-2));
#453=LINE('1929',#452,#451);
#454=DIRECTION('',(1.E0,0.E0,0.E0));
#455=VECTOR('',#454,7.6E-2);
#456=CARTESIAN_POINT('',(-3.8E-2,8.4E-2,4.75E-2));
#457=LINE('1937',#456,#455);
#458=DIRECTION('',(0.E0,-1.E0,0.E0));
#459=VECTOR('',#458,8.4E-2);
#460=CARTESIAN_POINT('',(-3.8E-2,8.4E-2,4.75E-2));
#461=LINE('1943',#460,#459);
#462=DIRECTION('',(0.E0,1.E0,0.E0));
#463=VECTOR('',#462,8.4E-2);
#464=CARTESIAN_POINT('',(-6.2E-2,0.E0,4.75E-2));
#465=LINE('1980',#464,#463);
#466=DIRECTION('',(0.E0,-1.E0,0.E0));
#467=VECTOR('',#466,8.4E-2);
#468=CARTESIAN_POINT('',(-5.E-2,8.4E-2,2.15E-2));
#469=LINE('1948',#468,#467);
#470=DIRECTION('',(-1.E0,0.E0,0.E0));
#471=VECTOR('',#470,7.6E-2);
#472=CARTESIAN_POINT('',(-6.2E-2,0.E0,4.75E-2));
#473=LINE('1968',#472,#471);
#474=DIRECTION('',(1.E0,0.E0,0.E0));
#475=VECTOR('',#474,7.6E-2);
#476=CARTESIAN_POINT('',(-1.38E-1,8.4E-2,4.75E-2));
#477=LINE('1975',#476,#475);
#478=DIRECTION('',(0.E0,-1.E0,0.E0));
#479=VECTOR('',#478,8.4E-2);
#480=CARTESIAN_POINT('',(-1.38E-1,8.4E-2,4.75E-2));
#481=LINE('1981',#480,#479);
#482=DIRECTION('',(0.E0,1.E0,0.E0));
#483=VECTOR('',#482,8.4E-2);
#484=CARTESIAN_POINT('',(-1.62E-1,0.E0,4.75E-2));
#485=LINE('2016',#484,#483);
#486=DIRECTION('',(0.E0,-1.E0,0.E0));
#487=VECTOR('',#486,8.4E-2);
#488=CARTESIAN_POINT('',(-1.5E-1,8.4E-2,2.15E-2));
#489=LINE('1984',#488,#487);
#490=DIRECTION('',(-1.E0,0.E0,0.E0));
#491=VECTOR('',#490,7.6E-2);
#492=CARTESIAN_POINT('',(-1.62E-1,0.E0,4.75E-2));
#493=LINE('2004',#492,#491);
#494=DIRECTION('',(1.E0,0.E0,0.E0));
#495=VECTOR('',#494,7.6E-2);
#496=CARTESIAN_POINT('',(-2.38E-1,8.4E-2,4.75E-2));
#497=LINE('2011',#496,#495);
#498=DIRECTION('',(0.E0,-1.E0,0.E0));
#499=VECTOR('',#498,8.4E-2);
#500=CARTESIAN_POINT('',(-2.38E-1,8.4E-2,4.75E-2));
#501=LINE('2017',#500,#499);
#502=DIRECTION('',(4.190581774617E-1,0.E0,9.079593845005E-1));
#503=VECTOR('',#502,2.863564212655E-2);
#504=CARTESIAN_POINT('',(-1.5E-1,8.4E-2,2.15E-2));
#505=LINE('1976',#504,#503);
#506=DIRECTION('',(4.190581774617E-1,0.E0,-9.079593845005E-1));
#507=VECTOR('',#506,2.863564212655E-2);
#508=CARTESIAN_POINT('',(-1.62E-1,8.4E-2,4.75E-2));
#509=LINE('2010',#508,#507);
#510=DIRECTION('',(4.190581774617E-1,0.E0,9.079593845005E-1));
#511=VECTOR('',#510,2.863564212655E-2);
#512=CARTESIAN_POINT('',(-2.5E-1,8.4E-2,2.15E-2));
#513=LINE('2012',#512,#511);
#514=DIRECTION('',(4.190581774617E-1,0.E0,-9.079593845005E-1));
#515=VECTOR('',#514,2.863564212655E-2);
#516=CARTESIAN_POINT('',(-2.62E-1,8.4E-2,4.75E-2));
#517=LINE('2046',#516,#515);
#518=DIRECTION('',(4.190581774617E-1,0.E0,9.079593845005E-1));
#519=VECTOR('',#518,2.863564212655E-2);
#520=CARTESIAN_POINT('',(-3.5E-1,8.4E-2,2.15E-2));
#521=LINE('2048',#520,#519);
#522=DIRECTION('',(-4.190581774617E-1,0.E0,9.079593845005E-1));
#523=VECTOR('',#522,2.863564212655E-2);
#524=CARTESIAN_POINT('',(-3.38E-1,8.4E-2,-4.75E-2));
#525=LINE('2050',#524,#523);
#526=DIRECTION('',(-4.190581774617E-1,0.E0,-9.079593845005E-1));
#527=VECTOR('',#526,2.863564212655E-2);
#528=CARTESIAN_POINT('',(-2.5E-1,8.4E-2,-2.15E-2));
#529=LINE('2045',#528,#527);
#530=DIRECTION('',(-4.190581774617E-1,0.E0,9.079593845005E-1));
#531=VECTOR('',#530,2.863564212655E-2);
#532=CARTESIAN_POINT('',(-2.38E-1,8.4E-2,-4.75E-2));
#533=LINE('2014',#532,#531);
#534=DIRECTION('',(-4.190581774617E-1,0.E0,-9.079593845005E-1));
#535=VECTOR('',#534,2.863564212655E-2);
#536=CARTESIAN_POINT('',(-1.5E-1,8.4E-2,-2.15E-2));
#537=LINE('2009',#536,#535);
#538=DIRECTION('',(-4.190581774617E-1,0.E0,9.079593845005E-1));
#539=VECTOR('',#538,2.863564212655E-2);
#540=CARTESIAN_POINT('',(-1.38E-1,8.4E-2,-4.75E-2));
#541=LINE('1978',#540,#539);
#542=DIRECTION('',(-4.190581774617E-1,0.E0,-9.079593845005E-1));
#543=VECTOR('',#542,2.863564212655E-2);
#544=CARTESIAN_POINT('',(-5.E-2,8.4E-2,-2.15E-2));
#545=LINE('1973',#544,#543);
#546=DIRECTION('',(-4.190581774617E-1,0.E0,9.079593845005E-1));
#547=VECTOR('',#546,2.863564212655E-2);
#548=CARTESIAN_POINT('',(-3.8E-2,8.4E-2,-4.75E-2));
#549=LINE('1940',#548,#547);
#550=DIRECTION('',(-4.190581774617E-1,0.E0,-9.079593845005E-1));
#551=VECTOR('',#550,2.863564212655E-2);
#552=CARTESIAN_POINT('',(5.E-2,8.4E-2,-2.15E-2));
#553=LINE('1934',#552,#551);
#554=DIRECTION('',(4.190581774617E-1,0.E0,-9.079593845005E-1));
#555=VECTOR('',#554,2.863564212655E-2);
#556=CARTESIAN_POINT('',(3.8E-2,8.4E-2,4.75E-2));
#557=LINE('1936',#556,#555);
#558=DIRECTION('',(4.190581774617E-1,0.E0,9.079593845005E-1));
#559=VECTOR('',#558,2.863564212655E-2);
#560=CARTESIAN_POINT('',(-5.E-2,8.4E-2,2.15E-2));
#561=LINE('1938',#560,#559);
#562=DIRECTION('',(4.190581774617E-1,0.E0,-9.079593845005E-1));
#563=VECTOR('',#562,2.863564212655E-2);
#564=CARTESIAN_POINT('',(-6.2E-2,8.4E-2,4.75E-2));
#565=LINE('1974',#564,#563);
#566=DIRECTION('',(0.E0,0.E0,-1.E0));
#567=VECTOR('',#566,2.5E-2);
#568=CARTESIAN_POINT('',(-1.25E-2,8.4E-2,1.25E-2));
#569=LINE('2078',#568,#567);
#570=DIRECTION('',(1.E0,0.E0,0.E0));
#571=VECTOR('',#570,2.5E-2);
#572=CARTESIAN_POINT('',(-1.25E-2,8.4E-2,1.25E-2));
#573=LINE('2079',#572,#571);
#574=DIRECTION('',(0.E0,0.E0,-1.E0));
#575=VECTOR('',#574,2.5E-2);
#576=CARTESIAN_POINT('',(1.25E-2,8.4E-2,1.25E-2));
#577=LINE('2081',#576,#575);
#578=DIRECTION('',(-1.E0,0.E0,0.E0));
#579=VECTOR('',#578,2.5E-2);
#580=CARTESIAN_POINT('',(1.25E-2,8.4E-2,-1.25E-2));
#581=LINE('2080',#580,#579);
#582=DIRECTION('',(0.E0,0.E0,-1.E0));
#583=VECTOR('',#582,2.5E-2);
#584=CARTESIAN_POINT('',(-1.125E-1,8.4E-2,1.25E-2));
#585=LINE('2094',#584,#583);
#586=DIRECTION('',(1.E0,0.E0,0.E0));
#587=VECTOR('',#586,2.5E-2);
#588=CARTESIAN_POINT('',(-1.125E-1,8.4E-2,1.25E-2));
#589=LINE('2095',#588,#587);
#590=DIRECTION('',(0.E0,0.E0,-1.E0));
#591=VECTOR('',#590,2.5E-2);
#592=CARTESIAN_POINT('',(-8.75E-2,8.4E-2,1.25E-2));
#593=LINE('2097',#592,#591);
#594=DIRECTION('',(-1.E0,0.E0,0.E0));
#595=VECTOR('',#594,2.5E-2);
#596=CARTESIAN_POINT('',(-8.75E-2,8.4E-2,-1.25E-2));
#597=LINE('2096',#596,#595);
#598=DIRECTION('',(0.E0,0.E0,-1.E0));
#599=VECTOR('',#598,2.5E-2);
#600=CARTESIAN_POINT('',(-2.125E-1,8.4E-2,1.25E-2));
#601=LINE('2110',#600,#599);
#602=DIRECTION('',(1.E0,0.E0,0.E0));
#603=VECTOR('',#602,2.5E-2);
#604=CARTESIAN_POINT('',(-2.125E-1,8.4E-2,1.25E-2));
#605=LINE('2111',#604,#603);
#606=DIRECTION('',(0.E0,0.E0,-1.E0));
#607=VECTOR('',#606,2.5E-2);
#608=CARTESIAN_POINT('',(-1.875E-1,8.4E-2,1.25E-2));
#609=LINE('2113',#608,#607);
#610=DIRECTION('',(-1.E0,0.E0,0.E0));
#611=VECTOR('',#610,2.5E-2);
#612=CARTESIAN_POINT('',(-1.875E-1,8.4E-2,-1.25E-2));
#613=LINE('2112',#612,#611);
#614=DIRECTION('',(0.E0,0.E0,-1.E0));
#615=VECTOR('',#614,2.5E-2);
#616=CARTESIAN_POINT('',(-3.125E-1,8.4E-2,1.25E-2));
#617=LINE('2126',#616,#615);
#618=DIRECTION('',(1.E0,0.E0,0.E0));
#619=VECTOR('',#618,2.5E-2);
#620=CARTESIAN_POINT('',(-3.125E-1,8.4E-2,1.25E-2));
#621=LINE('2127',#620,#619);
#622=DIRECTION('',(0.E0,0.E0,-1.E0));
#623=VECTOR('',#622,2.5E-2);
#624=CARTESIAN_POINT('',(-2.875E-1,8.4E-2,1.25E-2));
#625=LINE('2129',#624,#623);
#626=DIRECTION('',(-1.E0,0.E0,0.E0));
#627=VECTOR('',#626,2.5E-2);
#628=CARTESIAN_POINT('',(-2.875E-1,8.4E-2,-1.25E-2));
#629=LINE('2128',#628,#627);
#630=CARTESIAN_POINT('',(-1.25E-2,1.145E-1,3.75E-2));
#631=DIRECTION('',(1.E0,0.E0,0.E0));
#632=DIRECTION('',(0.E0,4.107825191113E-13,-1.E0));
#633=AXIS2_PLACEMENT_3D('',#630,#631,#632);
#635=CARTESIAN_POINT('',(-1.25E-2,1.145E-1,3.75E-2));
#636=DIRECTION('',(-1.E0,0.E0,0.E0));
#637=DIRECTION('',(0.E0,1.E0,-1.088018564133E-13));
#638=AXIS2_PLACEMENT_3D('',#635,#636,#637);
#640=DIRECTION('',(-1.E0,0.E0,0.E0));
#641=VECTOR('',#640,2.5E-2);
#642=CARTESIAN_POINT('',(1.25E-2,-2.187676580638E-1,1.25E-2));
#643=LINE('1777',#642,#641);
#644=DIRECTION('',(0.E0,-1.E0,0.E0));
#645=VECTOR('',#644,2.187676580638E-1);
#646=CARTESIAN_POINT('',(-1.25E-2,0.E0,1.25E-2));
#647=LINE('2083',#646,#645);
#648=DIRECTION('',(0.E0,-1.E0,3.611637400803E-14));
#649=VECTOR('',#648,3.050000000001E-2);
#650=CARTESIAN_POINT('',(-1.25E-2,1.145E-1,1.25E-2));
#651=LINE('2082',#650,#649);
#652=DIRECTION('',(0.E0,1.E0,0.E0));
#653=VECTOR('',#652,2.187676580638E-1);
#654=CARTESIAN_POINT('',(1.25E-2,-2.187676580638E-1,-1.25E-2));
#655=LINE('2088',#654,#653);
#656=DIRECTION('',(0.E0,3.008704396734E-13,1.E0));
#657=VECTOR('',#656,2.5E-2);
#658=CARTESIAN_POINT('',(1.25E-2,-2.187676580638E-1,-1.25E-2));
#659=LINE('1803',#658,#657);
#660=DIRECTION('',(0.E0,-1.E0,0.E0));
#661=VECTOR('',#660,2.187676580638E-1);
#662=CARTESIAN_POINT('',(1.25E-2,0.E0,1.25E-2));
#663=LINE('2087',#662,#661);
#664=DIRECTION('',(0.E0,-1.E0,3.611637400803E-14));
#665=VECTOR('',#664,3.050000000001E-2);
#666=CARTESIAN_POINT('',(1.25E-2,1.145E-1,1.25E-2));
#667=LINE('2086',#666,#665);
#668=CARTESIAN_POINT('',(1.25E-2,1.145E-1,3.75E-2));
#669=DIRECTION('',(-1.E0,0.E0,0.E0));
#670=DIRECTION('',(0.E0,1.E0,-1.088018564133E-13));
#671=AXIS2_PLACEMENT_3D('',#668,#669,#670);
#673=DIRECTION('',(0.E0,-1.435620075534E-14,-1.E0));
#674=VECTOR('',#673,1.082676580638E-1);
#675=CARTESIAN_POINT('',(1.25E-2,1.395E-1,1.457676580638E-1));
#676=LINE('1785',#675,#674);
#677=DIRECTION('',(0.E0,-4.973398118816E-14,1.E0));
#678=VECTOR('',#677,1.082676580638E-1);
#679=CARTESIAN_POINT('',(1.25E-2,1.645E-1,3.75E-2));
#680=LINE('1795',#679,#678);
#681=CARTESIAN_POINT('',(1.25E-2,1.145E-1,3.75E-2));
#682=DIRECTION('',(1.E0,0.E0,0.E0));
#683=DIRECTION('',(0.E0,4.107825191113E-13,-1.E0));
#684=AXIS2_PLACEMENT_3D('',#681,#682,#683);
#686=DIRECTION('',(0.E0,1.E0,-4.322589645056E-14));
#687=VECTOR('',#686,3.050000000001E-2);
#688=CARTESIAN_POINT('',(1.25E-2,8.4E-2,-1.25E-2));
#689=LINE('2089',#688,#687);
#690=DIRECTION('',(0.E0,1.E0,0.E0));
#691=VECTOR('',#690,2.187676580638E-1);
#692=CARTESIAN_POINT('',(-1.25E-2,-2.187676580638E-1,-1.25E-2));
#693=LINE('2084',#692,#691);
#694=DIRECTION('',(0.E0,1.E0,-4.311214409148E-14));
#695=VECTOR('',#694,3.050000000001E-2);
#696=CARTESIAN_POINT('',(-1.25E-2,8.4E-2,-1.25E-2));
#697=LINE('2085',#696,#695);
#698=DIRECTION('',(-1.E0,0.E0,0.E0));
#699=VECTOR('',#698,2.5E-2);
#700=CARTESIAN_POINT('',(1.25E-2,-2.187676580638E-1,-1.25E-2));
#701=LINE('1798',#700,#699);
#702=DIRECTION('',(-3.236155771188E-1,-8.891264907156E-1,3.236155771188E-1));
#703=VECTOR('',#702,2.163060277358E-2);
#704=CARTESIAN_POINT('',(1.25E-2,-2.187676580638E-1,-1.25E-2));
#705=LINE('1801',#704,#703);
#706=DIRECTION('',(0.E0,3.019806626981E-13,1.E0));
#707=VECTOR('',#706,2.5E-2);
#708=CARTESIAN_POINT('',(-1.25E-2,-2.187676580638E-1,-1.25E-2));
#709=LINE('1766',#708,#707);
#710=DIRECTION('',(-3.236155771186E-1,8.891264907157E-1,3.236155771186E-1));
#711=VECTOR('',#710,2.163060277359E-2);
#712=CARTESIAN_POINT('',(-5.5E-3,-2.38E-1,5.5E-3));
#713=LINE('1774',#712,#711);
#714=DIRECTION('',(3.236155771187E-1,-8.891264907156E-1,3.236155771188E-1));
#715=VECTOR('',#714,2.163060277358E-2);
#716=CARTESIAN_POINT('',(-1.25E-2,-2.187676580638E-1,-1.25E-2));
#717=LINE('1776',#716,#715);
#718=DIRECTION('',(3.236155771187E-1,8.891264907157E-1,3.236155771186E-1));
#719=VECTOR('',#718,2.163060277359E-2);
#720=CARTESIAN_POINT('',(5.499999999999E-3,-2.38E-1,5.5E-3));
#721=LINE('1778',#720,#719);
#722=DIRECTION('',(0.E0,0.E0,1.E0));
#723=VECTOR('',#722,1.1E-2);
#724=CARTESIAN_POINT('',(5.499999999999E-3,-2.38E-1,-5.499999999999E-3));
#725=LINE('1802',#724,#723);
#726=DIRECTION('',(0.E0,0.E0,1.E0));
#727=VECTOR('',#726,1.1E-2);
#728=CARTESIAN_POINT('',(-5.5E-3,-2.38E-1,-5.499999999999E-3));
#729=LINE('1775',#728,#727);
#730=DIRECTION('',(1.E0,0.E0,0.E0));
#731=VECTOR('',#730,1.1E-2);
#732=CARTESIAN_POINT('',(-5.5E-3,-2.38E-1,5.5E-3));
#733=LINE('1779',#732,#731);
#734=DIRECTION('',(-1.E0,0.E0,0.E0));
#735=VECTOR('',#734,1.1E-2);
#736=CARTESIAN_POINT('',(5.499999999999E-3,-2.38E-1,-5.499999999999E-3));
#737=LINE('1800',#736,#735);
#738=DIRECTION('',(1.E0,0.E0,0.E0));
#739=VECTOR('',#738,2.5E-2);
#740=CARTESIAN_POINT('',(-1.25E-2,1.145E-1,-1.25E-2));
#741=LINE('1796',#740,#739);
#742=DIRECTION('',(-1.E0,0.E0,0.E0));
#743=VECTOR('',#742,2.5E-2);
#744=CARTESIAN_POINT('',(1.25E-2,1.645E-1,3.75E-2));
#745=LINE('1794',#744,#743);
#746=DIRECTION('',(-1.E0,0.E0,0.E0));
#747=VECTOR('',#746,2.5E-2);
#748=CARTESIAN_POINT('',(1.25E-2,1.645E-1,1.457676580638E-1));
#749=LINE('1791',#748,#747);
#750=DIRECTION('',(0.E0,-4.973398118816E-14,1.E0));
#751=VECTOR('',#750,1.082676580638E-1);
#752=CARTESIAN_POINT('',(-1.25E-2,1.645E-1,3.75E-2));
#753=LINE('1771',#752,#751);
#754=DIRECTION('',(3.236155771187E-1,3.236155771183E-1,-8.891264907158E-1));
#755=VECTOR('',#754,2.163060277359E-2);
#756=CARTESIAN_POINT('',(5.499999999999E-3,1.575E-1,1.65E-1));
#757=LINE('1792',#756,#755);
#758=DIRECTION('',(0.E0,-1.E0,3.042011087474E-13));
#759=VECTOR('',#758,2.499999999999E-2);
#760=CARTESIAN_POINT('',(1.25E-2,1.645E-1,1.457676580638E-1));
#761=LINE('1804',#760,#759);
#762=DIRECTION('',(-1.E0,0.E0,0.E0));
#763=VECTOR('',#762,1.1E-2);
#764=CARTESIAN_POINT('',(5.499999999999E-3,1.465E-1,1.65E-1));
#765=LINE('1787',#764,#763);
#766=DIRECTION('',(0.E0,1.E0,0.E0));
#767=VECTOR('',#766,1.100000000002E-2);
#768=CARTESIAN_POINT('',(-5.5E-3,1.465E-1,1.65E-1));
#769=LINE('1790',#768,#767);
#770=DIRECTION('',(1.E0,0.E0,0.E0));
#771=VECTOR('',#770,1.1E-2);
#772=CARTESIAN_POINT('',(-5.5E-3,1.575E-1,1.65E-1));
#773=LINE('1793',#772,#771);
#774=DIRECTION('',(0.E0,-1.E0,0.E0));
#775=VECTOR('',#774,1.100000000002E-2);
#776=CARTESIAN_POINT('',(5.499999999999E-3,1.575E-1,1.65E-1));
#777=LINE('1805',#776,#775);
#778=DIRECTION('',(-1.E0,0.E0,0.E0));
#779=VECTOR('',#778,2.5E-2);
#780=CARTESIAN_POINT('',(1.25E-2,1.395E-1,1.457676580638E-1));
#781=LINE('1784',#780,#779);
#782=DIRECTION('',(-3.236155771188E-1,-3.236155771180E-1,-8.891264907158E-1));
#783=VECTOR('',#782,2.163060277358E-2);
#784=CARTESIAN_POINT('',(-5.5E-3,1.465E-1,1.65E-1));
#785=LINE('1786',#784,#783);
#786=DIRECTION('',(-3.236155771189E-1,3.236155771180E-1,8.891264907158E-1));
#787=VECTOR('',#786,2.163060277358E-2);
#788=CARTESIAN_POINT('',(1.25E-2,1.395E-1,1.457676580638E-1));
#789=LINE('1788',#788,#787);
#790=DIRECTION('',(0.E0,-1.435620075534E-14,-1.E0));
#791=VECTOR('',#790,1.082676580638E-1);
#792=CARTESIAN_POINT('',(-1.25E-2,1.395E-1,1.457676580638E-1));
#793=LINE('1769',#792,#791);
#794=DIRECTION('',(1.E0,0.E0,0.E0));
#795=VECTOR('',#794,2.5E-2);
#796=CARTESIAN_POINT('',(-1.25E-2,1.145E-1,1.25E-2));
#797=LINE('1780',#796,#795);
#798=DIRECTION('',(-1.E0,0.E0,0.E0));
#799=VECTOR('',#798,2.5E-2);
#800=CARTESIAN_POINT('',(1.25E-2,1.395E-1,3.750000000001E-2));
#801=LINE('1783',#800,#799);
#802=DIRECTION('',(0.E0,1.E0,-3.030908857227E-13));
#803=VECTOR('',#802,2.499999999999E-2);
#804=CARTESIAN_POINT('',(-1.25E-2,1.395E-1,1.457676580638E-1));
#805=LINE('1770',#804,#803);
#806=DIRECTION('',(-3.236155771187E-1,3.236155771183E-1,-8.891264907158E-1));
#807=VECTOR('',#806,2.163060277359E-2);
#808=CARTESIAN_POINT('',(-5.5E-3,1.575E-1,1.65E-1));
#809=LINE('1789',#808,#807);
#810=CARTESIAN_POINT('',(-1.125E-1,1.145E-1,3.75E-2));
#811=DIRECTION('',(1.E0,0.E0,0.E0));
#812=DIRECTION('',(0.E0,4.107825191113E-13,-1.E0));
#813=AXIS2_PLACEMENT_3D('',#810,#811,#812);
#815=CARTESIAN_POINT('',(-1.125E-1,1.145E-1,3.75E-2));
#816=DIRECTION('',(-1.E0,0.E0,0.E0));
#817=DIRECTION('',(0.E0,1.E0,-1.088018564133E-13));
#818=AXIS2_PLACEMENT_3D('',#815,#816,#817);
#820=DIRECTION('',(-1.E0,0.E0,0.E0));
#821=VECTOR('',#820,2.5E-2);
#822=CARTESIAN_POINT('',(-8.75E-2,-2.187676580638E-1,1.25E-2));
#823=LINE('1817',#822,#821);
#824=DIRECTION('',(1.573217635001E-14,-1.E0,0.E0));
#825=VECTOR('',#824,2.187676580638E-1);
#826=CARTESIAN_POINT('',(-1.125E-1,0.E0,1.25E-2));
#827=LINE('2099',#826,#825);
#828=DIRECTION('',(0.E0,-1.E0,3.611637400803E-14));
#829=VECTOR('',#828,3.050000000001E-2);
#830=CARTESIAN_POINT('',(-1.125E-1,1.145E-1,1.25E-2));
#831=LINE('2098',#830,#829);
#832=DIRECTION('',(0.E0,1.E0,0.E0));
#833=VECTOR('',#832,2.187676580638E-1);
#834=CARTESIAN_POINT('',(-8.75E-2,-2.187676580638E-1,-1.25E-2));
#835=LINE('2104',#834,#833);
#836=DIRECTION('',(0.E0,3.008704396734E-13,1.E0));
#837=VECTOR('',#836,2.5E-2);
#838=CARTESIAN_POINT('',(-8.75E-2,-2.187676580638E-1,-1.25E-2));
#839=LINE('1843',#838,#837);
#840=DIRECTION('',(0.E0,-1.E0,0.E0));
#841=VECTOR('',#840,2.187676580638E-1);
#842=CARTESIAN_POINT('',(-8.75E-2,0.E0,1.25E-2));
#843=LINE('2103',#842,#841);
#844=DIRECTION('',(0.E0,-1.E0,3.611637400803E-14));
#845=VECTOR('',#844,3.050000000001E-2);
#846=CARTESIAN_POINT('',(-8.75E-2,1.145E-1,1.25E-2));
#847=LINE('2102',#846,#845);
#848=CARTESIAN_POINT('',(-8.75E-2,1.145E-1,3.75E-2));
#849=DIRECTION('',(-1.E0,0.E0,0.E0));
#850=DIRECTION('',(0.E0,1.E0,-1.088018564133E-13));
#851=AXIS2_PLACEMENT_3D('',#848,#849,#850);
#853=DIRECTION('',(0.E0,-1.435620075534E-14,-1.E0));
#854=VECTOR('',#853,1.082676580638E-1);
#855=CARTESIAN_POINT('',(-8.75E-2,1.395E-1,1.457676580638E-1));
#856=LINE('1825',#855,#854);
#857=DIRECTION('',(0.E0,-4.973398118816E-14,1.E0));
#858=VECTOR('',#857,1.082676580638E-1);
#859=CARTESIAN_POINT('',(-8.75E-2,1.645E-1,3.75E-2));
#860=LINE('1835',#859,#858);
#861=CARTESIAN_POINT('',(-8.75E-2,1.145E-1,3.75E-2));
#862=DIRECTION('',(1.E0,0.E0,0.E0));
#863=DIRECTION('',(0.E0,4.107825191113E-13,-1.E0));
#864=AXIS2_PLACEMENT_3D('',#861,#862,#863);
#866=DIRECTION('',(0.E0,1.E0,-4.322589645056E-14));
#867=VECTOR('',#866,3.050000000001E-2);
#868=CARTESIAN_POINT('',(-8.75E-2,8.4E-2,-1.25E-2));
#869=LINE('2105',#868,#867);
#870=DIRECTION('',(-1.566874015505E-14,1.E0,0.E0));
#871=VECTOR('',#870,2.187676580638E-1);
#872=CARTESIAN_POINT('',(-1.125E-1,-2.187676580638E-1,-1.25E-2));
#873=LINE('2100',#872,#871);
#874=DIRECTION('',(0.E0,1.E0,-4.311214409148E-14));
#875=VECTOR('',#874,3.050000000001E-2);
#876=CARTESIAN_POINT('',(-1.125E-1,8.4E-2,-1.25E-2));
#877=LINE('2101',#876,#875);
#878=DIRECTION('',(-1.E0,0.E0,0.E0));
#879=VECTOR('',#878,2.5E-2);
#880=CARTESIAN_POINT('',(-8.75E-2,-2.187676580638E-1,-1.25E-2));
#881=LINE('1838',#880,#879);
#882=DIRECTION('',(-3.236155771187E-1,-8.891264907156E-1,3.236155771188E-1));
#883=VECTOR('',#882,2.163060277358E-2);
#884=CARTESIAN_POINT('',(-8.75E-2,-2.187676580638E-1,-1.25E-2));
#885=LINE('1841',#884,#883);
#886=DIRECTION('',(0.E0,3.019806626981E-13,1.E0));
#887=VECTOR('',#886,2.5E-2);
#888=CARTESIAN_POINT('',(-1.125E-1,-2.187676580638E-1,-1.25E-2));
#889=LINE('1806',#888,#887);
#890=DIRECTION('',(-3.236155771180E-1,8.891264907159E-1,3.236155771186E-1));
#891=VECTOR('',#890,2.163060277358E-2);
#892=CARTESIAN_POINT('',(-1.055E-1,-2.38E-1,5.5E-3));
#893=LINE('1814',#892,#891);
#894=DIRECTION('',(3.236155771181E-1,-8.891264907158E-1,3.236155771189E-1));
#895=VECTOR('',#894,2.163060277358E-2);
#896=CARTESIAN_POINT('',(-1.125E-1,-2.187676580638E-1,-1.25E-2));
#897=LINE('1816',#896,#895);
#898=DIRECTION('',(3.236155771186E-1,8.891264907157E-1,3.236155771186E-1));
#899=VECTOR('',#898,2.163060277359E-2);
#900=CARTESIAN_POINT('',(-9.45E-2,-2.38E-1,5.5E-3));
#901=LINE('1818',#900,#899);
#902=DIRECTION('',(0.E0,0.E0,1.E0));
#903=VECTOR('',#902,1.1E-2);
#904=CARTESIAN_POINT('',(-9.45E-2,-2.38E-1,-5.499999999999E-3));
#905=LINE('1842',#904,#903);
#906=DIRECTION('',(0.E0,0.E0,1.E0));
#907=VECTOR('',#906,1.1E-2);
#908=CARTESIAN_POINT('',(-1.055E-1,-2.38E-1,-5.499999999999E-3));
#909=LINE('1815',#908,#907);
#910=DIRECTION('',(1.E0,0.E0,0.E0));
#911=VECTOR('',#910,1.100000000001E-2);
#912=CARTESIAN_POINT('',(-1.055E-1,-2.38E-1,5.5E-3));
#913=LINE('1819',#912,#911);
#914=DIRECTION('',(-1.E0,0.E0,0.E0));
#915=VECTOR('',#914,1.100000000001E-2);
#916=CARTESIAN_POINT('',(-9.45E-2,-2.38E-1,-5.499999999999E-3));
#917=LINE('1840',#916,#915);
#918=DIRECTION('',(1.E0,0.E0,0.E0));
#919=VECTOR('',#918,2.5E-2);
#920=CARTESIAN_POINT('',(-1.125E-1,1.145E-1,-1.25E-2));
#921=LINE('1836',#920,#919);
#922=DIRECTION('',(-1.E0,0.E0,0.E0));
#923=VECTOR('',#922,2.5E-2);
#924=CARTESIAN_POINT('',(-8.75E-2,1.645E-1,3.75E-2));
#925=LINE('1834',#924,#923);
#926=DIRECTION('',(-1.E0,0.E0,0.E0));
#927=VECTOR('',#926,2.5E-2);
#928=CARTESIAN_POINT('',(-8.75E-2,1.645E-1,1.457676580638E-1));
#929=LINE('1831',#928,#927);
#930=DIRECTION('',(2.909694260235E-14,-4.973398118816E-14,1.E0));
#931=VECTOR('',#930,1.082676580638E-1);
#932=CARTESIAN_POINT('',(-1.125E-1,1.645E-1,3.75E-2));
#933=LINE('1811',#932,#931);
#934=DIRECTION('',(3.236155771186E-1,3.236155771183E-1,-8.891264907158E-1));
#935=VECTOR('',#934,2.163060277359E-2);
#936=CARTESIAN_POINT('',(-9.45E-2,1.575E-1,1.65E-1));
#937=LINE('1832',#936,#935);
#938=DIRECTION('',(0.E0,-1.E0,3.042011087474E-13));
#939=VECTOR('',#938,2.499999999999E-2);
#940=CARTESIAN_POINT('',(-8.75E-2,1.645E-1,1.457676580638E-1));
#941=LINE('1844',#940,#939);
#942=DIRECTION('',(-1.E0,0.E0,0.E0));
#943=VECTOR('',#942,1.100000000001E-2);
#944=CARTESIAN_POINT('',(-9.45E-2,1.465E-1,1.65E-1));
#945=LINE('1827',#944,#943);
#946=DIRECTION('',(0.E0,1.E0,0.E0));
#947=VECTOR('',#946,1.100000000002E-2);
#948=CARTESIAN_POINT('',(-1.055E-1,1.465E-1,1.65E-1));
#949=LINE('1830',#948,#947);
#950=DIRECTION('',(1.E0,0.E0,0.E0));
#951=VECTOR('',#950,1.100000000001E-2);
#952=CARTESIAN_POINT('',(-1.055E-1,1.575E-1,1.65E-1));
#953=LINE('1833',#952,#951);
#954=DIRECTION('',(0.E0,-1.E0,0.E0));
#955=VECTOR('',#954,1.100000000002E-2);
#956=CARTESIAN_POINT('',(-9.45E-2,1.575E-1,1.65E-1));
#957=LINE('1845',#956,#955);
#958=DIRECTION('',(-1.E0,0.E0,0.E0));
#959=VECTOR('',#958,2.5E-2);
#960=CARTESIAN_POINT('',(-8.75E-2,1.395E-1,1.457676580638E-1));
#961=LINE('1824',#960,#959);
#962=DIRECTION('',(-3.236155771182E-1,-3.236155771180E-1,-8.891264907160E-1));
#963=VECTOR('',#962,2.163060277357E-2);
#964=CARTESIAN_POINT('',(-1.055E-1,1.465E-1,1.65E-1));
#965=LINE('1826',#964,#963);
#966=DIRECTION('',(-3.236155771188E-1,3.236155771180E-1,8.891264907159E-1));
#967=VECTOR('',#966,2.163060277358E-2);
#968=CARTESIAN_POINT('',(-8.75E-2,1.395E-1,1.457676580638E-1));
#969=LINE('1828',#968,#967);
#970=DIRECTION('',(-3.127600878843E-14,-1.435620075534E-14,-1.E0));
#971=VECTOR('',#970,1.082676580638E-1);
#972=CARTESIAN_POINT('',(-1.125E-1,1.395E-1,1.457676580638E-1));
#973=LINE('1809',#972,#971);
#974=DIRECTION('',(1.E0,0.E0,0.E0));
#975=VECTOR('',#974,2.5E-2);
#976=CARTESIAN_POINT('',(-1.125E-1,1.145E-1,1.25E-2));
#977=LINE('1820',#976,#975);
#978=DIRECTION('',(-1.E0,0.E0,0.E0));
#979=VECTOR('',#978,2.5E-2);
#980=CARTESIAN_POINT('',(-8.75E-2,1.395E-1,3.750000000001E-2));
#981=LINE('1823',#980,#979);
#982=DIRECTION('',(0.E0,1.E0,-3.030908857227E-13));
#983=VECTOR('',#982,2.499999999999E-2);
#984=CARTESIAN_POINT('',(-1.125E-1,1.395E-1,1.457676580638E-1));
#985=LINE('1810',#984,#983);
#986=DIRECTION('',(-3.236155771181E-1,3.236155771183E-1,-8.891264907160E-1));
#987=VECTOR('',#986,2.163060277358E-2);
#988=CARTESIAN_POINT('',(-1.055E-1,1.575E-1,1.65E-1));
#989=LINE('1829',#988,#987);
#990=CARTESIAN_POINT('',(-2.125E-1,1.145E-1,3.75E-2));
#991=DIRECTION('',(1.E0,0.E0,0.E0));
#992=DIRECTION('',(0.E0,4.107825191113E-13,-1.E0));
#993=AXIS2_PLACEMENT_3D('',#990,#991,#992);
#995=CARTESIAN_POINT('',(-2.125E-1,1.145E-1,3.75E-2));
#996=DIRECTION('',(-1.E0,0.E0,0.E0));
#997=DIRECTION('',(0.E0,1.E0,-1.088018564133E-13));
#998=AXIS2_PLACEMENT_3D('',#995,#996,#997);
#1000=DIRECTION('',(-1.E0,0.E0,0.E0));
#1001=VECTOR('',#1000,2.499999999999E-2);
#1002=CARTESIAN_POINT('',(-1.875E-1,-2.187676580638E-1,1.25E-2));
#1003=LINE('1857',#1002,#1001);
#1004=DIRECTION('',(1.560530396009E-14,-1.E0,0.E0));
#1005=VECTOR('',#1004,2.187676580638E-1);
#1006=CARTESIAN_POINT('',(-2.125E-1,0.E0,1.25E-2));
#1007=LINE('2115',#1006,#1005);
#1008=DIRECTION('',(0.E0,-1.E0,3.611637400803E-14));
#1009=VECTOR('',#1008,3.050000000001E-2);
#1010=CARTESIAN_POINT('',(-2.125E-1,1.145E-1,1.25E-2));
#1011=LINE('2114',#1010,#1009);
#1012=DIRECTION('',(1.573217635001E-14,1.E0,0.E0));
#1013=VECTOR('',#1012,2.187676580638E-1);
#1014=CARTESIAN_POINT('',(-1.875E-1,-2.187676580638E-1,-1.25E-2));
#1015=LINE('2120',#1014,#1013);
#1016=DIRECTION('',(0.E0,3.008704396734E-13,1.E0));
#1017=VECTOR('',#1016,2.5E-2);
#1018=CARTESIAN_POINT('',(-1.875E-1,-2.187676580638E-1,-1.25E-2));
#1019=LINE('1883',#1018,#1017);
#1020=DIRECTION('',(-1.573217635001E-14,-1.E0,0.E0));
#1021=VECTOR('',#1020,2.187676580638E-1);
#1022=CARTESIAN_POINT('',(-1.875E-1,0.E0,1.25E-2));
#1023=LINE('2119',#1022,#1021);
#1024=DIRECTION('',(0.E0,-1.E0,3.611637400803E-14));
#1025=VECTOR('',#1024,3.050000000001E-2);
#1026=CARTESIAN_POINT('',(-1.875E-1,1.145E-1,1.25E-2));
#1027=LINE('2118',#1026,#1025);
#1028=CARTESIAN_POINT('',(-1.875E-1,1.145E-1,3.75E-2));
#1029=DIRECTION('',(-1.E0,0.E0,0.E0));
#1030=DIRECTION('',(0.E0,1.E0,-1.088018564133E-13));
#1031=AXIS2_PLACEMENT_3D('',#1028,#1029,#1030);
#1033=DIRECTION('',(2.896876223846E-14,-1.435620075534E-14,-1.E0));
#1034=VECTOR('',#1033,1.082676580638E-1);
#1035=CARTESIAN_POINT('',(-1.875E-1,1.395E-1,1.457676580638E-1));
#1036=LINE('1865',#1035,#1034);
#1037=DIRECTION('',(-3.178873024398E-14,-4.973398118816E-14,1.E0));
#1038=VECTOR('',#1037,1.082676580638E-1);
#1039=CARTESIAN_POINT('',(-1.875E-1,1.645E-1,3.75E-2));
#1040=LINE('1875',#1039,#1038);
#1041=CARTESIAN_POINT('',(-1.875E-1,1.145E-1,3.75E-2));
#1042=DIRECTION('',(1.E0,0.E0,0.E0));
#1043=DIRECTION('',(0.E0,4.107825191113E-13,-1.E0));
#1044=AXIS2_PLACEMENT_3D('',#1041,#1042,#1043);
#1046=DIRECTION('',(0.E0,1.E0,-4.322589645056E-14));
#1047=VECTOR('',#1046,3.050000000001E-2);
#1048=CARTESIAN_POINT('',(-1.875E-1,8.4E-2,-1.25E-2));
#1049=LINE('2121',#1048,#1047);
#1050=DIRECTION('',(-1.547843157017E-14,1.E0,0.E0));
#1051=VECTOR('',#1050,2.187676580638E-1);
#1052=CARTESIAN_POINT('',(-2.125E-1,-2.187676580638E-1,-1.25E-2));
#1053=LINE('2116',#1052,#1051);
#1054=DIRECTION('',(0.E0,1.E0,-4.311214409148E-14));
#1055=VECTOR('',#1054,3.050000000001E-2);
#1056=CARTESIAN_POINT('',(-2.125E-1,8.4E-2,-1.25E-2));
#1057=LINE('2117',#1056,#1055);
#1058=DIRECTION('',(-1.E0,0.E0,0.E0));
#1059=VECTOR('',#1058,2.499999999999E-2);
#1060=CARTESIAN_POINT('',(-1.875E-1,-2.187676580638E-1,-1.25E-2));
#1061=LINE('1878',#1060,#1059);
#1062=DIRECTION('',(-3.236155771182E-1,-8.891264907157E-1,3.236155771189E-1));
#1063=VECTOR('',#1062,2.163060277358E-2);
#1064=CARTESIAN_POINT('',(-1.875E-1,-2.187676580638E-1,-1.25E-2));
#1065=LINE('1881',#1064,#1063);
#1066=DIRECTION('',(0.E0,3.019806626981E-13,1.E0));
#1067=VECTOR('',#1066,2.5E-2);
#1068=CARTESIAN_POINT('',(-2.125E-1,-2.187676580638E-1,-1.25E-2));
#1069=LINE('1846',#1068,#1067);
#1070=DIRECTION('',(-3.236155771180E-1,8.891264907159E-1,3.236155771186E-1));
#1071=VECTOR('',#1070,2.163060277358E-2);
#1072=CARTESIAN_POINT('',(-2.055E-1,-2.38E-1,5.5E-3));
#1073=LINE('1854',#1072,#1071);
#1074=DIRECTION('',(3.236155771181E-1,-8.891264907158E-1,3.236155771189E-1));
#1075=VECTOR('',#1074,2.163060277358E-2);
#1076=CARTESIAN_POINT('',(-2.125E-1,-2.187676580638E-1,-1.25E-2));
#1077=LINE('1856',#1076,#1075);
#1078=DIRECTION('',(3.236155771181E-1,8.891264907159E-1,3.236155771186E-1));
#1079=VECTOR('',#1078,2.163060277358E-2);
#1080=CARTESIAN_POINT('',(-1.945E-1,-2.38E-1,5.5E-3));
#1081=LINE('1858',#1080,#1079);
#1082=DIRECTION('',(0.E0,0.E0,1.E0));
#1083=VECTOR('',#1082,1.1E-2);
#1084=CARTESIAN_POINT('',(-1.945E-1,-2.38E-1,-5.499999999999E-3));
#1085=LINE('1882',#1084,#1083);
#1086=DIRECTION('',(0.E0,0.E0,1.E0));
#1087=VECTOR('',#1086,1.1E-2);
#1088=CARTESIAN_POINT('',(-2.055E-1,-2.38E-1,-5.499999999999E-3));
#1089=LINE('1855',#1088,#1087);
#1090=DIRECTION('',(1.E0,0.E0,0.E0));
#1091=VECTOR('',#1090,1.100000000002E-2);
#1092=CARTESIAN_POINT('',(-2.055E-1,-2.38E-1,5.5E-3));
#1093=LINE('1859',#1092,#1091);
#1094=DIRECTION('',(-1.E0,0.E0,0.E0));
#1095=VECTOR('',#1094,1.100000000002E-2);
#1096=CARTESIAN_POINT('',(-1.945E-1,-2.38E-1,-5.499999999999E-3));
#1097=LINE('1880',#1096,#1095);
#1098=DIRECTION('',(1.E0,0.E0,0.E0));
#1099=VECTOR('',#1098,2.5E-2);
#1100=CARTESIAN_POINT('',(-2.125E-1,1.145E-1,-1.25E-2));
#1101=LINE('1876',#1100,#1099);
#1102=DIRECTION('',(-1.E0,0.E0,0.E0));
#1103=VECTOR('',#1102,2.5E-2);
#1104=CARTESIAN_POINT('',(-1.875E-1,1.645E-1,3.75E-2));
#1105=LINE('1874',#1104,#1103);
#1106=DIRECTION('',(-1.E0,0.E0,0.E0));
#1107=VECTOR('',#1106,2.499999999999E-2);
#1108=CARTESIAN_POINT('',(-1.875E-1,1.645E-1,1.457676580638E-1));
#1109=LINE('1871',#1108,#1107);
#1110=DIRECTION('',(2.922512296624E-14,-4.973398118816E-14,1.E0));
#1111=VECTOR('',#1110,1.082676580638E-1);
#1112=CARTESIAN_POINT('',(-2.125E-1,1.645E-1,3.75E-2));
#1113=LINE('1851',#1112,#1111);
#1114=DIRECTION('',(3.236155771181E-1,3.236155771183E-1,-8.891264907160E-1));
#1115=VECTOR('',#1114,2.163060277358E-2);
#1116=CARTESIAN_POINT('',(-1.945E-1,1.575E-1,1.65E-1));
#1117=LINE('1872',#1116,#1115);
#1118=DIRECTION('',(0.E0,-1.E0,3.042011087474E-13));
#1119=VECTOR('',#1118,2.499999999999E-2);
#1120=CARTESIAN_POINT('',(-1.875E-1,1.645E-1,1.457676580638E-1));
#1121=LINE('1884',#1120,#1119);
#1122=DIRECTION('',(-1.E0,0.E0,0.E0));
#1123=VECTOR('',#1122,1.100000000002E-2);
#1124=CARTESIAN_POINT('',(-1.945E-1,1.465E-1,1.65E-1));
#1125=LINE('1867',#1124,#1123);
#1126=DIRECTION('',(0.E0,1.E0,0.E0));
#1127=VECTOR('',#1126,1.100000000002E-2);
#1128=CARTESIAN_POINT('',(-2.055E-1,1.465E-1,1.65E-1));
#1129=LINE('1870',#1128,#1127);
#1130=DIRECTION('',(1.E0,0.E0,0.E0));
#1131=VECTOR('',#1130,1.100000000002E-2);
#1132=CARTESIAN_POINT('',(-2.055E-1,1.575E-1,1.65E-1));
#1133=LINE('1873',#1132,#1131);
#1134=DIRECTION('',(0.E0,-1.E0,0.E0));
#1135=VECTOR('',#1134,1.100000000002E-2);
#1136=CARTESIAN_POINT('',(-1.945E-1,1.575E-1,1.65E-1));
#1137=LINE('1885',#1136,#1135);
#1138=DIRECTION('',(-1.E0,0.E0,0.E0));
#1139=VECTOR('',#1138,2.499999999999E-2);
#1140=CARTESIAN_POINT('',(-1.875E-1,1.395E-1,1.457676580638E-1));
#1141=LINE('1864',#1140,#1139);
#1142=DIRECTION('',(-3.236155771182E-1,-3.236155771180E-1,-8.891264907160E-1));
#1143=VECTOR('',#1142,2.163060277357E-2);
#1144=CARTESIAN_POINT('',(-2.055E-1,1.465E-1,1.65E-1));
#1145=LINE('1866',#1144,#1143);
#1146=DIRECTION('',(-3.236155771183E-1,3.236155771180E-1,8.891264907160E-1));
#1147=VECTOR('',#1146,2.163060277357E-2);
#1148=CARTESIAN_POINT('',(-1.875E-1,1.395E-1,1.457676580638E-1));
#1149=LINE('1868',#1148,#1147);
#1150=DIRECTION('',(-3.101964806065E-14,-1.435620075534E-14,-1.E0));
#1151=VECTOR('',#1150,1.082676580638E-1);
#1152=CARTESIAN_POINT('',(-2.125E-1,1.395E-1,1.457676580638E-1));
#1153=LINE('1849',#1152,#1151);
#1154=DIRECTION('',(1.E0,0.E0,0.E0));
#1155=VECTOR('',#1154,2.5E-2);
#1156=CARTESIAN_POINT('',(-2.125E-1,1.145E-1,1.25E-2));
#1157=LINE('1860',#1156,#1155);
#1158=DIRECTION('',(-1.E0,0.E0,0.E0));
#1159=VECTOR('',#1158,2.5E-2);
#1160=CARTESIAN_POINT('',(-1.875E-1,1.395E-1,3.750000000001E-2));
#1161=LINE('1863',#1160,#1159);
#1162=DIRECTION('',(0.E0,1.E0,-3.030908857227E-13));
#1163=VECTOR('',#1162,2.499999999999E-2);
#1164=CARTESIAN_POINT('',(-2.125E-1,1.395E-1,1.457676580638E-1));
#1165=LINE('1850',#1164,#1163);
#1166=DIRECTION('',(-3.236155771181E-1,3.236155771183E-1,-8.891264907160E-1));
#1167=VECTOR('',#1166,2.163060277358E-2);
#1168=CARTESIAN_POINT('',(-2.055E-1,1.575E-1,1.65E-1));
#1169=LINE('1869',#1168,#1167);
#1170=CARTESIAN_POINT('',(-3.125E-1,1.145E-1,3.75E-2));
#1171=DIRECTION('',(1.E0,0.E0,0.E0));
#1172=DIRECTION('',(0.E0,4.107825191113E-13,-1.E0));
#1173=AXIS2_PLACEMENT_3D('',#1170,#1171,#1172);
#1175=CARTESIAN_POINT('',(-3.125E-1,1.145E-1,3.75E-2));
#1176=DIRECTION('',(-1.E0,0.E0,0.E0));
#1177=DIRECTION('',(0.E0,1.E0,-1.088018564133E-13));
#1178=AXIS2_PLACEMENT_3D('',#1175,#1176,#1177);
#1180=DIRECTION('',(-1.E0,0.E0,0.E0));
#1181=VECTOR('',#1180,2.499999999999E-2);
#1182=CARTESIAN_POINT('',(-2.875E-1,-2.187676580638E-1,1.25E-2));
#1183=LINE('1897',#1182,#1181);
#1184=DIRECTION('',(1.573217635001E-14,-1.E0,0.E0));
#1185=VECTOR('',#1184,2.187676580638E-1);
#1186=CARTESIAN_POINT('',(-3.125E-1,0.E0,1.25E-2));
#1187=LINE('2131',#1186,#1185);
#1188=DIRECTION('',(0.E0,-1.E0,3.611637400803E-14));
#1189=VECTOR('',#1188,3.050000000001E-2);
#1190=CARTESIAN_POINT('',(-3.125E-1,1.145E-1,1.25E-2));
#1191=LINE('2130',#1190,#1189);
#1192=DIRECTION('',(1.598592112984E-14,1.E0,0.E0));
#1193=VECTOR('',#1192,2.187676580638E-1);
#1194=CARTESIAN_POINT('',(-2.875E-1,-2.187676580638E-1,-1.25E-2));
#1195=LINE('2136',#1194,#1193);
#1196=DIRECTION('',(0.E0,3.008704396734E-13,1.E0));
#1197=VECTOR('',#1196,2.5E-2);
#1198=CARTESIAN_POINT('',(-2.875E-1,-2.187676580638E-1,-1.25E-2));
#1199=LINE('1923',#1198,#1197);
#1200=DIRECTION('',(-1.573217635001E-14,-1.E0,0.E0));
#1201=VECTOR('',#1200,2.187676580638E-1);
#1202=CARTESIAN_POINT('',(-2.875E-1,0.E0,1.25E-2));
#1203=LINE('2135',#1202,#1201);
#1204=DIRECTION('',(1.092022647172E-14,-1.E0,3.611637400803E-14));
#1205=VECTOR('',#1204,3.050000000001E-2);
#1206=CARTESIAN_POINT('',(-2.875E-1,1.145E-1,1.25E-2));
#1207=LINE('2134',#1206,#1205);
#1208=CARTESIAN_POINT('',(-2.875E-1,1.145E-1,3.75E-2));
#1209=DIRECTION('',(-1.E0,0.E0,0.E0));
#1210=DIRECTION('',(0.E0,1.E0,-1.088018564133E-13));
#1211=AXIS2_PLACEMENT_3D('',#1208,#1209,#1210);
#1213=DIRECTION('',(2.922512296624E-14,-1.435620075534E-14,-1.E0));
#1214=VECTOR('',#1213,1.082676580638E-1);
#1215=CARTESIAN_POINT('',(-2.875E-1,1.395E-1,1.457676580638E-1));
#1216=LINE('1905',#1215,#1214);
#1217=DIRECTION('',(-3.178873024398E-14,-4.973398118816E-14,1.E0));
#1218=VECTOR('',#1217,1.082676580638E-1);
#1219=CARTESIAN_POINT('',(-2.875E-1,1.645E-1,3.75E-2));
#1220=LINE('1915',#1219,#1218);
#1221=CARTESIAN_POINT('',(-2.875E-1,1.145E-1,3.75E-2));
#1222=DIRECTION('',(1.E0,0.E0,0.E0));
#1223=DIRECTION('',(0.E0,4.107825191113E-13,-1.E0));
#1224=AXIS2_PLACEMENT_3D('',#1221,#1222,#1223);
#1226=DIRECTION('',(0.E0,1.E0,-4.322589645056E-14));
#1227=VECTOR('',#1226,3.050000000001E-2);
#1228=CARTESIAN_POINT('',(-2.875E-1,8.4E-2,-1.25E-2));
#1229=LINE('2137',#1228,#1227);
#1230=DIRECTION('',(-1.573217635001E-14,1.E0,0.E0));
#1231=VECTOR('',#1230,2.187676580638E-1);
#1232=CARTESIAN_POINT('',(-3.125E-1,-2.187676580638E-1,-1.25E-2));
#1233=LINE('2132',#1232,#1231);
#1234=DIRECTION('',(0.E0,1.E0,-4.311214409148E-14));
#1235=VECTOR('',#1234,3.050000000001E-2);
#1236=CARTESIAN_POINT('',(-3.125E-1,8.4E-2,-1.25E-2));
#1237=LINE('2133',#1236,#1235);
#1238=DIRECTION('',(-1.E0,0.E0,0.E0));
#1239=VECTOR('',#1238,2.499999999999E-2);
#1240=CARTESIAN_POINT('',(-2.875E-1,-2.187676580638E-1,-1.25E-2));
#1241=LINE('1918',#1240,#1239);
#1242=DIRECTION('',(-3.236155771182E-1,-8.891264907157E-1,3.236155771189E-1));
#1243=VECTOR('',#1242,2.163060277358E-2);
#1244=CARTESIAN_POINT('',(-2.875E-1,-2.187676580638E-1,-1.25E-2));
#1245=LINE('1921',#1244,#1243);
#1246=DIRECTION('',(0.E0,3.019806626981E-13,1.E0));
#1247=VECTOR('',#1246,2.5E-2);
#1248=CARTESIAN_POINT('',(-3.125E-1,-2.187676580638E-1,-1.25E-2));
#1249=LINE('1886',#1248,#1247);
#1250=DIRECTION('',(-3.236155771180E-1,8.891264907159E-1,3.236155771186E-1));
#1251=VECTOR('',#1250,2.163060277358E-2);
#1252=CARTESIAN_POINT('',(-3.055E-1,-2.38E-1,5.5E-3));
#1253=LINE('1894',#1252,#1251);
#1254=DIRECTION('',(3.236155771181E-1,-8.891264907158E-1,3.236155771189E-1));
#1255=VECTOR('',#1254,2.163060277358E-2);
#1256=CARTESIAN_POINT('',(-3.125E-1,-2.187676580638E-1,-1.25E-2));
#1257=LINE('1896',#1256,#1255);
#1258=DIRECTION('',(3.236155771181E-1,8.891264907159E-1,3.236155771186E-1));
#1259=VECTOR('',#1258,2.163060277358E-2);
#1260=CARTESIAN_POINT('',(-2.945E-1,-2.38E-1,5.5E-3));
#1261=LINE('1898',#1260,#1259);
#1262=DIRECTION('',(1.009293658750E-14,0.E0,1.E0));
#1263=VECTOR('',#1262,1.1E-2);
#1264=CARTESIAN_POINT('',(-2.945E-1,-2.38E-1,-5.499999999999E-3));
#1265=LINE('1922',#1264,#1263);
#1266=DIRECTION('',(0.E0,0.E0,1.E0));
#1267=VECTOR('',#1266,1.1E-2);
#1268=CARTESIAN_POINT('',(-3.055E-1,-2.38E-1,-5.499999999999E-3));
#1269=LINE('1895',#1268,#1267);
#1270=DIRECTION('',(1.E0,0.E0,0.E0));
#1271=VECTOR('',#1270,1.100000000002E-2);
#1272=CARTESIAN_POINT('',(-3.055E-1,-2.38E-1,5.5E-3));
#1273=LINE('1899',#1272,#1271);
#1274=DIRECTION('',(-1.E0,0.E0,0.E0));
#1275=VECTOR('',#1274,1.100000000002E-2);
#1276=CARTESIAN_POINT('',(-2.945E-1,-2.38E-1,-5.499999999999E-3));
#1277=LINE('1920',#1276,#1275);
#1278=DIRECTION('',(1.E0,0.E0,0.E0));
#1279=VECTOR('',#1278,2.5E-2);
#1280=CARTESIAN_POINT('',(-3.125E-1,1.145E-1,-1.25E-2));
#1281=LINE('1916',#1280,#1279);
#1282=DIRECTION('',(-1.E0,0.E0,0.E0));
#1283=VECTOR('',#1282,2.5E-2);
#1284=CARTESIAN_POINT('',(-2.875E-1,1.645E-1,3.75E-2));
#1285=LINE('1914',#1284,#1283);
#1286=DIRECTION('',(-1.E0,0.E0,0.E0));
#1287=VECTOR('',#1286,2.499999999999E-2);
#1288=CARTESIAN_POINT('',(-2.875E-1,1.645E-1,1.457676580638E-1));
#1289=LINE('1911',#1288,#1287);
#1290=DIRECTION('',(2.922512296624E-14,-4.973398118816E-14,1.E0));
#1291=VECTOR('',#1290,1.082676580638E-1);
#1292=CARTESIAN_POINT('',(-3.125E-1,1.645E-1,3.75E-2));
#1293=LINE('1891',#1292,#1291);
#1294=DIRECTION('',(3.236155771181E-1,3.236155771183E-1,-8.891264907160E-1));
#1295=VECTOR('',#1294,2.163060277358E-2);
#1296=CARTESIAN_POINT('',(-2.945E-1,1.575E-1,1.65E-1));
#1297=LINE('1912',#1296,#1295);
#1298=DIRECTION('',(0.E0,-1.E0,3.042011087474E-13));
#1299=VECTOR('',#1298,2.499999999999E-2);
#1300=CARTESIAN_POINT('',(-2.875E-1,1.645E-1,1.457676580638E-1));
#1301=LINE('1924',#1300,#1299);
#1302=DIRECTION('',(-1.E0,0.E0,0.E0));
#1303=VECTOR('',#1302,1.100000000002E-2);
#1304=CARTESIAN_POINT('',(-2.945E-1,1.465E-1,1.65E-1));
#1305=LINE('1907',#1304,#1303);
#1306=DIRECTION('',(0.E0,1.E0,0.E0));
#1307=VECTOR('',#1306,1.100000000002E-2);
#1308=CARTESIAN_POINT('',(-3.055E-1,1.465E-1,1.65E-1));
#1309=LINE('1910',#1308,#1307);
#1310=DIRECTION('',(1.E0,0.E0,0.E0));
#1311=VECTOR('',#1310,1.100000000002E-2);
#1312=CARTESIAN_POINT('',(-3.055E-1,1.575E-1,1.65E-1));
#1313=LINE('1913',#1312,#1311);
#1314=DIRECTION('',(-1.009293658748E-14,-1.E0,0.E0));
#1315=VECTOR('',#1314,1.100000000002E-2);
#1316=CARTESIAN_POINT('',(-2.945E-1,1.575E-1,1.65E-1));
#1317=LINE('1925',#1316,#1315);
#1318=DIRECTION('',(-1.E0,0.E0,0.E0));
#1319=VECTOR('',#1318,2.499999999999E-2);
#1320=CARTESIAN_POINT('',(-2.875E-1,1.395E-1,1.457676580638E-1));
#1321=LINE('1904',#1320,#1319);
#1322=DIRECTION('',(-3.236155771182E-1,-3.236155771180E-1,-8.891264907160E-1));
#1323=VECTOR('',#1322,2.163060277357E-2);
#1324=CARTESIAN_POINT('',(-3.055E-1,1.465E-1,1.65E-1));
#1325=LINE('1906',#1324,#1323);
#1326=DIRECTION('',(-3.236155771183E-1,3.236155771180E-1,8.891264907160E-1));
#1327=VECTOR('',#1326,2.163060277357E-2);
#1328=CARTESIAN_POINT('',(-2.875E-1,1.395E-1,1.457676580638E-1));
#1329=LINE('1908',#1328,#1327);
#1330=DIRECTION('',(-3.127600878843E-14,-1.435620075534E-14,-1.E0));
#1331=VECTOR('',#1330,1.082676580638E-1);
#1332=CARTESIAN_POINT('',(-3.125E-1,1.395E-1,1.457676580638E-1));
#1333=LINE('1889',#1332,#1331);
#1334=DIRECTION('',(1.E0,0.E0,0.E0));
#1335=VECTOR('',#1334,2.5E-2);
#1336=CARTESIAN_POINT('',(-3.125E-1,1.145E-1,1.25E-2));
#1337=LINE('1900',#1336,#1335);
#1338=DIRECTION('',(-1.E0,0.E0,0.E0));
#1339=VECTOR('',#1338,2.5E-2);
#1340=CARTESIAN_POINT('',(-2.875E-1,1.395E-1,3.750000000001E-2));
#1341=LINE('1903',#1340,#1339);
#1342=DIRECTION('',(0.E0,1.E0,-3.030908857227E-13));
#1343=VECTOR('',#1342,2.499999999999E-2);
#1344=CARTESIAN_POINT('',(-3.125E-1,1.395E-1,1.457676580638E-1));
#1345=LINE('1890',#1344,#1343);
#1346=DIRECTION('',(-3.236155771181E-1,3.236155771183E-1,-8.891264907160E-1));
#1347=VECTOR('',#1346,2.163060277358E-2);
#1348=CARTESIAN_POINT('',(-3.055E-1,1.575E-1,1.65E-1));
#1349=LINE('1909',#1348,#1347);
#1350=CARTESIAN_POINT('',(-1.25E-2,-2.187676580638E-1,-1.25E-2));
#1351=CARTESIAN_POINT('',(-1.25E-2,-2.187676580638E-1,1.25E-2));
#1352=VERTEX_POINT('',#1350);
#1353=VERTEX_POINT('',#1351);
#1354=CARTESIAN_POINT('',(-1.25E-2,1.395E-1,3.75E-2));
#1355=CARTESIAN_POINT('',(-1.25E-2,1.145E-1,1.25E-2));
#1356=VERTEX_POINT('',#1354);
#1357=VERTEX_POINT('',#1355);
#1358=CARTESIAN_POINT('',(-1.25E-2,1.395E-1,1.457676580638E-1));
#1359=VERTEX_POINT('',#1358);
#1360=CARTESIAN_POINT('',(-1.25E-2,1.645E-1,1.457676580638E-1));
#1361=VERTEX_POINT('',#1360);
#1362=CARTESIAN_POINT('',(-1.25E-2,1.645E-1,3.75E-2));
#1363=VERTEX_POINT('',#1362);
#1364=CARTESIAN_POINT('',(-1.25E-2,1.145E-1,-1.25E-2));
#1365=VERTEX_POINT('',#1364);
#1366=CARTESIAN_POINT('',(-5.5E-3,-2.38E-1,5.5E-3));
#1367=VERTEX_POINT('',#1366);
#1368=CARTESIAN_POINT('',(-5.5E-3,-2.38E-1,-5.499999999999E-3));
#1369=VERTEX_POINT('',#1368);
#1370=CARTESIAN_POINT('',(1.25E-2,-2.187676580638E-1,1.25E-2));
#1371=VERTEX_POINT('',#1370);
#1372=CARTESIAN_POINT('',(5.499999999999E-3,-2.38E-1,5.5E-3));
#1373=VERTEX_POINT('',#1372);
#1374=CARTESIAN_POINT('',(1.25E-2,1.145E-1,1.25E-2));
#1375=VERTEX_POINT('',#1374);
#1376=CARTESIAN_POINT('',(1.25E-2,1.395E-1,3.75E-2));
#1377=VERTEX_POINT('',#1376);
#1378=CARTESIAN_POINT('',(1.25E-2,1.395E-1,1.457676580638E-1));
#1379=VERTEX_POINT('',#1378);
#1380=CARTESIAN_POINT('',(-5.5E-3,1.465E-1,1.65E-1));
#1381=VERTEX_POINT('',#1380);
#1382=CARTESIAN_POINT('',(5.499999999999E-3,1.465E-1,1.65E-1));
#1383=VERTEX_POINT('',#1382);
#1384=CARTESIAN_POINT('',(-5.5E-3,1.575E-1,1.65E-1));
#1385=VERTEX_POINT('',#1384);
#1386=CARTESIAN_POINT('',(1.25E-2,1.645E-1,1.457676580638E-1));
#1387=VERTEX_POINT('',#1386);
#1388=CARTESIAN_POINT('',(5.499999999999E-3,1.575E-1,1.65E-1));
#1389=VERTEX_POINT('',#1388);
#1390=CARTESIAN_POINT('',(1.25E-2,1.645E-1,3.75E-2));
#1391=VERTEX_POINT('',#1390);
#1392=CARTESIAN_POINT('',(1.25E-2,1.145E-1,-1.25E-2));
#1393=VERTEX_POINT('',#1392);
#1394=CARTESIAN_POINT('',(1.25E-2,-2.187676580638E-1,-1.25E-2));
#1395=VERTEX_POINT('',#1394);
#1396=CARTESIAN_POINT('',(5.499999999999E-3,-2.38E-1,-5.499999999999E-3));
#1397=VERTEX_POINT('',#1396);
#1398=CARTESIAN_POINT('',(-1.125E-1,-2.187676580638E-1,-1.25E-2));
#1399=CARTESIAN_POINT('',(-1.125E-1,-2.187676580638E-1,1.25E-2));
#1400=VERTEX_POINT('',#1398);
#1401=VERTEX_POINT('',#1399);
#1402=CARTESIAN_POINT('',(-1.125E-1,1.395E-1,3.75E-2));
#1403=CARTESIAN_POINT('',(-1.125E-1,1.145E-1,1.25E-2));
#1404=VERTEX_POINT('',#1402);
#1405=VERTEX_POINT('',#1403);
#1406=CARTESIAN_POINT('',(-1.125E-1,1.395E-1,1.457676580638E-1));
#1407=VERTEX_POINT('',#1406);
#1408=CARTESIAN_POINT('',(-1.125E-1,1.645E-1,1.457676580638E-1));
#1409=VERTEX_POINT('',#1408);
#1410=CARTESIAN_POINT('',(-1.125E-1,1.645E-1,3.75E-2));
#1411=VERTEX_POINT('',#1410);
#1412=CARTESIAN_POINT('',(-1.125E-1,1.145E-1,-1.25E-2));
#1413=VERTEX_POINT('',#1412);
#1414=CARTESIAN_POINT('',(-1.055E-1,-2.38E-1,5.5E-3));
#1415=VERTEX_POINT('',#1414);
#1416=CARTESIAN_POINT('',(-1.055E-1,-2.38E-1,-5.499999999999E-3));
#1417=VERTEX_POINT('',#1416);
#1418=CARTESIAN_POINT('',(-8.75E-2,-2.187676580638E-1,1.25E-2));
#1419=VERTEX_POINT('',#1418);
#1420=CARTESIAN_POINT('',(-9.45E-2,-2.38E-1,5.5E-3));
#1421=VERTEX_POINT('',#1420);
#1422=CARTESIAN_POINT('',(-8.75E-2,1.145E-1,1.25E-2));
#1423=VERTEX_POINT('',#1422);
#1424=CARTESIAN_POINT('',(-8.75E-2,1.395E-1,3.75E-2));
#1425=VERTEX_POINT('',#1424);
#1426=CARTESIAN_POINT('',(-8.75E-2,1.395E-1,1.457676580638E-1));
#1427=VERTEX_POINT('',#1426);
#1428=CARTESIAN_POINT('',(-1.055E-1,1.465E-1,1.65E-1));
#1429=VERTEX_POINT('',#1428);
#1430=CARTESIAN_POINT('',(-9.45E-2,1.465E-1,1.65E-1));
#1431=VERTEX_POINT('',#1430);
#1432=CARTESIAN_POINT('',(-1.055E-1,1.575E-1,1.65E-1));
#1433=VERTEX_POINT('',#1432);
#1434=CARTESIAN_POINT('',(-8.75E-2,1.645E-1,1.457676580638E-1));
#1435=VERTEX_POINT('',#1434);
#1436=CARTESIAN_POINT('',(-9.45E-2,1.575E-1,1.65E-1));
#1437=VERTEX_POINT('',#1436);
#1438=CARTESIAN_POINT('',(-8.75E-2,1.645E-1,3.75E-2));
#1439=VERTEX_POINT('',#1438);
#1440=CARTESIAN_POINT('',(-8.75E-2,1.145E-1,-1.25E-2));
#1441=VERTEX_POINT('',#1440);
#1442=CARTESIAN_POINT('',(-8.75E-2,-2.187676580638E-1,-1.25E-2));
#1443=VERTEX_POINT('',#1442);
#1444=CARTESIAN_POINT('',(-9.45E-2,-2.38E-1,-5.499999999999E-3));
#1445=VERTEX_POINT('',#1444);
#1446=CARTESIAN_POINT('',(-2.125E-1,-2.187676580638E-1,-1.25E-2));
#1447=CARTESIAN_POINT('',(-2.125E-1,-2.187676580638E-1,1.25E-2));
#1448=VERTEX_POINT('',#1446);
#1449=VERTEX_POINT('',#1447);
#1450=CARTESIAN_POINT('',(-2.125E-1,1.395E-1,3.75E-2));
#1451=CARTESIAN_POINT('',(-2.125E-1,1.145E-1,1.25E-2));
#1452=VERTEX_POINT('',#1450);
#1453=VERTEX_POINT('',#1451);
#1454=CARTESIAN_POINT('',(-2.125E-1,1.395E-1,1.457676580638E-1));
#1455=VERTEX_POINT('',#1454);
#1456=CARTESIAN_POINT('',(-2.125E-1,1.645E-1,1.457676580638E-1));
#1457=VERTEX_POINT('',#1456);
#1458=CARTESIAN_POINT('',(-2.125E-1,1.645E-1,3.75E-2));
#1459=VERTEX_POINT('',#1458);
#1460=CARTESIAN_POINT('',(-2.125E-1,1.145E-1,-1.25E-2));
#1461=VERTEX_POINT('',#1460);
#1462=CARTESIAN_POINT('',(-2.055E-1,-2.38E-1,5.5E-3));
#1463=VERTEX_POINT('',#1462);
#1464=CARTESIAN_POINT('',(-2.055E-1,-2.38E-1,-5.499999999999E-3));
#1465=VERTEX_POINT('',#1464);
#1466=CARTESIAN_POINT('',(-1.875E-1,-2.187676580638E-1,1.25E-2));
#1467=VERTEX_POINT('',#1466);
#1468=CARTESIAN_POINT('',(-1.945E-1,-2.38E-1,5.5E-3));
#1469=VERTEX_POINT('',#1468);
#1470=CARTESIAN_POINT('',(-1.875E-1,1.145E-1,1.25E-2));
#1471=VERTEX_POINT('',#1470);
#1472=CARTESIAN_POINT('',(-1.875E-1,1.395E-1,3.75E-2));
#1473=VERTEX_POINT('',#1472);
#1474=CARTESIAN_POINT('',(-1.875E-1,1.395E-1,1.457676580638E-1));
#1475=VERTEX_POINT('',#1474);
#1476=CARTESIAN_POINT('',(-2.055E-1,1.465E-1,1.65E-1));
#1477=VERTEX_POINT('',#1476);
#1478=CARTESIAN_POINT('',(-1.945E-1,1.465E-1,1.65E-1));
#1479=VERTEX_POINT('',#1478);
#1480=CARTESIAN_POINT('',(-2.055E-1,1.575E-1,1.65E-1));
#1481=VERTEX_POINT('',#1480);
#1482=CARTESIAN_POINT('',(-1.875E-1,1.645E-1,1.457676580638E-1));
#1483=VERTEX_POINT('',#1482);
#1484=CARTESIAN_POINT('',(-1.945E-1,1.575E-1,1.65E-1));
#1485=VERTEX_POINT('',#1484);
#1486=CARTESIAN_POINT('',(-1.875E-1,1.645E-1,3.75E-2));
#1487=VERTEX_POINT('',#1486);
#1488=CARTESIAN_POINT('',(-1.875E-1,1.145E-1,-1.25E-2));
#1489=VERTEX_POINT('',#1488);
#1490=CARTESIAN_POINT('',(-1.875E-1,-2.187676580638E-1,-1.25E-2));
#1491=VERTEX_POINT('',#1490);
#1492=CARTESIAN_POINT('',(-1.945E-1,-2.38E-1,-5.499999999999E-3));
#1493=VERTEX_POINT('',#1492);
#1494=CARTESIAN_POINT('',(-3.125E-1,-2.187676580638E-1,-1.25E-2));
#1495=CARTESIAN_POINT('',(-3.125E-1,-2.187676580638E-1,1.25E-2));
#1496=VERTEX_POINT('',#1494);
#1497=VERTEX_POINT('',#1495);
#1498=CARTESIAN_POINT('',(-3.125E-1,1.395E-1,3.75E-2));
#1499=CARTESIAN_POINT('',(-3.125E-1,1.145E-1,1.25E-2));
#1500=VERTEX_POINT('',#1498);
#1501=VERTEX_POINT('',#1499);
#1502=CARTESIAN_POINT('',(-3.125E-1,1.395E-1,1.457676580638E-1));
#1503=VERTEX_POINT('',#1502);
#1504=CARTESIAN_POINT('',(-3.125E-1,1.645E-1,1.457676580638E-1));
#1505=VERTEX_POINT('',#1504);
#1506=CARTESIAN_POINT('',(-3.125E-1,1.645E-1,3.75E-2));
#1507=VERTEX_POINT('',#1506);
#1508=CARTESIAN_POINT('',(-3.125E-1,1.145E-1,-1.25E-2));
#1509=VERTEX_POINT('',#1508);
#1510=CARTESIAN_POINT('',(-3.055E-1,-2.38E-1,5.5E-3));
#1511=VERTEX_POINT('',#1510);
#1512=CARTESIAN_POINT('',(-3.055E-1,-2.38E-1,-5.499999999999E-3));
#1513=VERTEX_POINT('',#1512);
#1514=CARTESIAN_POINT('',(-2.875E-1,-2.187676580638E-1,1.25E-2));
#1515=VERTEX_POINT('',#1514);
#1516=CARTESIAN_POINT('',(-2.945E-1,-2.38E-1,5.5E-3));
#1517=VERTEX_POINT('',#1516);
#1518=CARTESIAN_POINT('',(-2.875E-1,1.145E-1,1.25E-2));
#1519=VERTEX_POINT('',#1518);
#1520=CARTESIAN_POINT('',(-2.875E-1,1.395E-1,3.75E-2));
#1521=VERTEX_POINT('',#1520);
#1522=CARTESIAN_POINT('',(-2.875E-1,1.395E-1,1.457676580638E-1));
#1523=VERTEX_POINT('',#1522);
#1524=CARTESIAN_POINT('',(-3.055E-1,1.465E-1,1.65E-1));
#1525=VERTEX_POINT('',#1524);
#1526=CARTESIAN_POINT('',(-2.945E-1,1.465E-1,1.65E-1));
#1527=VERTEX_POINT('',#1526);
#1528=CARTESIAN_POINT('',(-3.055E-1,1.575E-1,1.65E-1));
#1529=VERTEX_POINT('',#1528);
#1530=CARTESIAN_POINT('',(-2.875E-1,1.645E-1,1.457676580638E-1));
#1531=VERTEX_POINT('',#1530);
#1532=CARTESIAN_POINT('',(-2.945E-1,1.575E-1,1.65E-1));
#1533=VERTEX_POINT('',#1532);
#1534=CARTESIAN_POINT('',(-2.875E-1,1.645E-1,3.75E-2));
#1535=VERTEX_POINT('',#1534);
#1536=CARTESIAN_POINT('',(-2.875E-1,1.145E-1,-1.25E-2));
#1537=VERTEX_POINT('',#1536);
#1538=CARTESIAN_POINT('',(-2.875E-1,-2.187676580638E-1,-1.25E-2));
#1539=VERTEX_POINT('',#1538);
#1540=CARTESIAN_POINT('',(-2.945E-1,-2.38E-1,-5.499999999999E-3));
#1541=VERTEX_POINT('',#1540);
#1542=CARTESIAN_POINT('',(5.E-2,0.E0,-2.15E-2));
#1543=CARTESIAN_POINT('',(3.8E-2,0.E0,-4.75E-2));
#1544=VERTEX_POINT('',#1542);
#1545=VERTEX_POINT('',#1543);
#1546=CARTESIAN_POINT('',(5.E-2,0.E0,2.15E-2));
#1547=VERTEX_POINT('',#1546);
#1548=CARTESIAN_POINT('',(3.8E-2,0.E0,4.75E-2));
#1549=VERTEX_POINT('',#1548);
#1550=CARTESIAN_POINT('',(-3.8E-2,0.E0,4.75E-2));
#1551=VERTEX_POINT('',#1550);
#1552=CARTESIAN_POINT('',(-5.E-2,0.E0,2.15E-2));
#1553=VERTEX_POINT('',#1552);
#1554=CARTESIAN_POINT('',(-3.8E-2,0.E0,-4.75E-2));
#1555=CARTESIAN_POINT('',(-5.E-2,0.E0,-2.15E-2));
#1556=VERTEX_POINT('',#1554);
#1557=VERTEX_POINT('',#1555);
#1558=CARTESIAN_POINT('',(5.E-2,8.4E-2,-2.15E-2));
#1559=CARTESIAN_POINT('',(3.8E-2,8.4E-2,-4.75E-2));
#1560=VERTEX_POINT('',#1558);
#1561=VERTEX_POINT('',#1559);
#1562=CARTESIAN_POINT('',(5.E-2,8.4E-2,2.15E-2));
#1563=VERTEX_POINT('',#1562);
#1564=CARTESIAN_POINT('',(3.8E-2,8.4E-2,4.75E-2));
#1565=VERTEX_POINT('',#1564);
#1566=CARTESIAN_POINT('',(-3.8E-2,8.4E-2,4.75E-2));
#1567=VERTEX_POINT('',#1566);
#1568=CARTESIAN_POINT('',(-5.E-2,8.4E-2,2.15E-2));
#1569=VERTEX_POINT('',#1568);
#1570=CARTESIAN_POINT('',(-3.8E-2,8.4E-2,-4.75E-2));
#1571=CARTESIAN_POINT('',(-5.E-2,8.4E-2,-2.15E-2));
#1572=VERTEX_POINT('',#1570);
#1573=VERTEX_POINT('',#1571);
#1574=CARTESIAN_POINT('',(-6.2E-2,0.E0,-4.75E-2));
#1575=VERTEX_POINT('',#1574);
#1576=CARTESIAN_POINT('',(-6.2E-2,0.E0,4.75E-2));
#1577=VERTEX_POINT('',#1576);
#1578=CARTESIAN_POINT('',(-1.38E-1,0.E0,4.75E-2));
#1579=VERTEX_POINT('',#1578);
#1580=CARTESIAN_POINT('',(-1.5E-1,0.E0,2.15E-2));
#1581=VERTEX_POINT('',#1580);
#1582=CARTESIAN_POINT('',(-1.38E-1,0.E0,-4.75E-2));
#1583=CARTESIAN_POINT('',(-1.5E-1,0.E0,-2.15E-2));
#1584=VERTEX_POINT('',#1582);
#1585=VERTEX_POINT('',#1583);
#1586=CARTESIAN_POINT('',(-6.2E-2,8.4E-2,-4.75E-2));
#1587=VERTEX_POINT('',#1586);
#1588=CARTESIAN_POINT('',(-6.2E-2,8.4E-2,4.75E-2));
#1589=VERTEX_POINT('',#1588);
#1590=CARTESIAN_POINT('',(-1.38E-1,8.4E-2,4.75E-2));
#1591=VERTEX_POINT('',#1590);
#1592=CARTESIAN_POINT('',(-1.5E-1,8.4E-2,2.15E-2));
#1593=VERTEX_POINT('',#1592);
#1594=CARTESIAN_POINT('',(-1.38E-1,8.4E-2,-4.75E-2));
#1595=CARTESIAN_POINT('',(-1.5E-1,8.4E-2,-2.15E-2));
#1596=VERTEX_POINT('',#1594);
#1597=VERTEX_POINT('',#1595);
#1598=CARTESIAN_POINT('',(-1.62E-1,0.E0,-4.75E-2));
#1599=VERTEX_POINT('',#1598);
#1600=CARTESIAN_POINT('',(-1.62E-1,0.E0,4.75E-2));
#1601=VERTEX_POINT('',#1600);
#1602=CARTESIAN_POINT('',(-2.38E-1,0.E0,4.75E-2));
#1603=VERTEX_POINT('',#1602);
#1604=CARTESIAN_POINT('',(-2.5E-1,0.E0,2.15E-2));
#1605=VERTEX_POINT('',#1604);
#1606=CARTESIAN_POINT('',(-2.38E-1,0.E0,-4.75E-2));
#1607=CARTESIAN_POINT('',(-2.5E-1,0.E0,-2.15E-2));
#1608=VERTEX_POINT('',#1606);
#1609=VERTEX_POINT('',#1607);
#1610=CARTESIAN_POINT('',(-1.62E-1,8.4E-2,-4.75E-2));
#1611=VERTEX_POINT('',#1610);
#1612=CARTESIAN_POINT('',(-1.62E-1,8.4E-2,4.75E-2));
#1613=VERTEX_POINT('',#1612);
#1614=CARTESIAN_POINT('',(-2.38E-1,8.4E-2,4.75E-2));
#1615=VERTEX_POINT('',#1614);
#1616=CARTESIAN_POINT('',(-2.5E-1,8.4E-2,2.15E-2));
#1617=VERTEX_POINT('',#1616);
#1618=CARTESIAN_POINT('',(-2.38E-1,8.4E-2,-4.75E-2));
#1619=CARTESIAN_POINT('',(-2.5E-1,8.4E-2,-2.15E-2));
#1620=VERTEX_POINT('',#1618);
#1621=VERTEX_POINT('',#1619);
#1622=CARTESIAN_POINT('',(-2.62E-1,0.E0,-4.75E-2));
#1623=VERTEX_POINT('',#1622);
#1624=CARTESIAN_POINT('',(-2.62E-1,0.E0,4.75E-2));
#1625=VERTEX_POINT('',#1624);
#1626=CARTESIAN_POINT('',(-3.38E-1,0.E0,4.75E-2));
#1627=VERTEX_POINT('',#1626);
#1628=CARTESIAN_POINT('',(-3.5E-1,0.E0,2.15E-2));
#1629=VERTEX_POINT('',#1628);
#1630=CARTESIAN_POINT('',(-3.5E-1,0.E0,-2.15E-2));
#1631=VERTEX_POINT('',#1630);
#1632=CARTESIAN_POINT('',(-3.38E-1,0.E0,-4.75E-2));
#1633=VERTEX_POINT('',#1632);
#1634=CARTESIAN_POINT('',(-2.62E-1,8.4E-2,-4.75E-2));
#1635=VERTEX_POINT('',#1634);
#1636=CARTESIAN_POINT('',(-2.62E-1,8.4E-2,4.75E-2));
#1637=VERTEX_POINT('',#1636);
#1638=CARTESIAN_POINT('',(-3.38E-1,8.4E-2,4.75E-2));
#1639=VERTEX_POINT('',#1638);
#1640=CARTESIAN_POINT('',(-3.5E-1,8.4E-2,2.15E-2));
#1641=VERTEX_POINT('',#1640);
#1642=CARTESIAN_POINT('',(-3.5E-1,8.4E-2,-2.15E-2));
#1643=VERTEX_POINT('',#1642);
#1644=CARTESIAN_POINT('',(-3.38E-1,8.4E-2,-4.75E-2));
#1645=VERTEX_POINT('',#1644);
#1646=CARTESIAN_POINT('',(-1.25E-2,0.E0,1.25E-2));
#1647=CARTESIAN_POINT('',(-1.25E-2,0.E0,-1.25E-2));
#1648=VERTEX_POINT('',#1646);
#1649=VERTEX_POINT('',#1647);
#1650=CARTESIAN_POINT('',(1.25E-2,0.E0,1.25E-2));
#1651=VERTEX_POINT('',#1650);
#1652=CARTESIAN_POINT('',(1.25E-2,0.E0,-1.25E-2));
#1653=VERTEX_POINT('',#1652);
#1654=CARTESIAN_POINT('',(-1.25E-2,8.4E-2,1.25E-2));
#1655=CARTESIAN_POINT('',(-1.25E-2,8.4E-2,-1.25E-2));
#1656=VERTEX_POINT('',#1654);
#1657=VERTEX_POINT('',#1655);
#1658=CARTESIAN_POINT('',(1.25E-2,8.4E-2,1.25E-2));
#1659=VERTEX_POINT('',#1658);
#1660=CARTESIAN_POINT('',(1.25E-2,8.4E-2,-1.25E-2));
#1661=VERTEX_POINT('',#1660);
#1662=CARTESIAN_POINT('',(-1.125E-1,0.E0,1.25E-2));
#1663=CARTESIAN_POINT('',(-1.125E-1,0.E0,-1.25E-2));
#1664=VERTEX_POINT('',#1662);
#1665=VERTEX_POINT('',#1663);
#1666=CARTESIAN_POINT('',(-8.75E-2,0.E0,1.25E-2));
#1667=VERTEX_POINT('',#1666);
#1668=CARTESIAN_POINT('',(-8.75E-2,0.E0,-1.25E-2));
#1669=VERTEX_POINT('',#1668);
#1670=CARTESIAN_POINT('',(-1.125E-1,8.4E-2,1.25E-2));
#1671=CARTESIAN_POINT('',(-1.125E-1,8.4E-2,-1.25E-2));
#1672=VERTEX_POINT('',#1670);
#1673=VERTEX_POINT('',#1671);
#1674=CARTESIAN_POINT('',(-8.75E-2,8.4E-2,1.25E-2));
#1675=VERTEX_POINT('',#1674);
#1676=CARTESIAN_POINT('',(-8.75E-2,8.4E-2,-1.25E-2));
#1677=VERTEX_POINT('',#1676);
#1678=CARTESIAN_POINT('',(-2.125E-1,0.E0,1.25E-2));
#1679=CARTESIAN_POINT('',(-2.125E-1,0.E0,-1.25E-2));
#1680=VERTEX_POINT('',#1678);
#1681=VERTEX_POINT('',#1679);
#1682=CARTESIAN_POINT('',(-1.875E-1,0.E0,1.25E-2));
#1683=VERTEX_POINT('',#1682);
#1684=CARTESIAN_POINT('',(-1.875E-1,0.E0,-1.25E-2));
#1685=VERTEX_POINT('',#1684);
#1686=CARTESIAN_POINT('',(-2.125E-1,8.4E-2,1.25E-2));
#1687=CARTESIAN_POINT('',(-2.125E-1,8.4E-2,-1.25E-2));
#1688=VERTEX_POINT('',#1686);
#1689=VERTEX_POINT('',#1687);
#1690=CARTESIAN_POINT('',(-1.875E-1,8.4E-2,1.25E-2));
#1691=VERTEX_POINT('',#1690);
#1692=CARTESIAN_POINT('',(-1.875E-1,8.4E-2,-1.25E-2));
#1693=VERTEX_POINT('',#1692);
#1694=CARTESIAN_POINT('',(-3.125E-1,0.E0,1.25E-2));
#1695=CARTESIAN_POINT('',(-3.125E-1,0.E0,-1.25E-2));
#1696=VERTEX_POINT('',#1694);
#1697=VERTEX_POINT('',#1695);
#1698=CARTESIAN_POINT('',(-2.875E-1,0.E0,1.25E-2));
#1699=VERTEX_POINT('',#1698);
#1700=CARTESIAN_POINT('',(-2.875E-1,0.E0,-1.25E-2));
#1701=VERTEX_POINT('',#1700);
#1702=CARTESIAN_POINT('',(-3.125E-1,8.4E-2,1.25E-2));
#1703=CARTESIAN_POINT('',(-3.125E-1,8.4E-2,-1.25E-2));
#1704=VERTEX_POINT('',#1702);
#1705=VERTEX_POINT('',#1703);
#1706=CARTESIAN_POINT('',(-2.875E-1,8.4E-2,1.25E-2));
#1707=VERTEX_POINT('',#1706);
#1708=CARTESIAN_POINT('',(-2.875E-1,8.4E-2,-1.25E-2));
#1709=VERTEX_POINT('',#1708);
#1710=CARTESIAN_POINT('',(0.E0,0.E0,0.E0));
#1711=DIRECTION('',(0.E0,1.E0,0.E0));
#1712=DIRECTION('',(1.E0,0.E0,0.E0));
#1713=AXIS2_PLACEMENT_3D('',#1710,#1711,#1712);
#1714=PLANE('1612',#1713);
#1716=ORIENTED_EDGE('2039',*,*,#1715,.T.);
#1718=ORIENTED_EDGE('2005',*,*,#1717,.T.);
#1720=ORIENTED_EDGE('2004',*,*,#1719,.F.);
#1722=ORIENTED_EDGE('2003',*,*,#1721,.T.);
#1724=ORIENTED_EDGE('1969',*,*,#1723,.T.);
#1726=ORIENTED_EDGE('1968',*,*,#1725,.F.);
#1728=ORIENTED_EDGE('1967',*,*,#1727,.T.);
#1730=ORIENTED_EDGE('1930',*,*,#1729,.T.);
#1732=ORIENTED_EDGE('1929',*,*,#1731,.F.);
#1734=ORIENTED_EDGE('1928',*,*,#1733,.T.);
#1736=ORIENTED_EDGE('1927',*,*,#1735,.F.);
#1738=ORIENTED_EDGE('1926',*,*,#1737,.T.);
#1740=ORIENTED_EDGE('1933',*,*,#1739,.F.);
#1742=ORIENTED_EDGE('1932',*,*,#1741,.T.);
#1744=ORIENTED_EDGE('1966',*,*,#1743,.T.);
#1746=ORIENTED_EDGE('1972',*,*,#1745,.F.);
#1748=ORIENTED_EDGE('1971',*,*,#1747,.T.);
#1750=ORIENTED_EDGE('2002',*,*,#1749,.T.);
#1752=ORIENTED_EDGE('2008',*,*,#1751,.F.);
#1754=ORIENTED_EDGE('2007',*,*,#1753,.T.);
#1756=ORIENTED_EDGE('2038',*,*,#1755,.T.);
#1758=ORIENTED_EDGE('2044',*,*,#1757,.F.);
#1760=ORIENTED_EDGE('2043',*,*,#1759,.T.);
#1762=ORIENTED_EDGE('2042',*,*,#1761,.F.);
#1764=ORIENTED_EDGE('2041',*,*,#1763,.T.);
#1766=ORIENTED_EDGE('2040',*,*,#1765,.F.);
#1767=EDGE_LOOP('1612',(#1716,#1718,#1720,#1722,#1724,#1726,#1728,#1730,#1732,
#1734,#1736,#1738,#1740,#1742,#1744,#1746,#1748,#1750,#1752,#1754,#1756,#1758,
#1760,#1762,#1764,#1766));
#1768=FACE_OUTER_BOUND('1612',#1767,.F.);
#1770=ORIENTED_EDGE('2074',*,*,#1769,.T.);
#1772=ORIENTED_EDGE('2076',*,*,#1771,.F.);
#1774=ORIENTED_EDGE('2077',*,*,#1773,.F.);
#1776=ORIENTED_EDGE('2075',*,*,#1775,.F.);
#1777=EDGE_LOOP('1612',(#1770,#1772,#1774,#1776));
#1778=FACE_BOUND('1612',#1777,.F.);
#1780=ORIENTED_EDGE('2090',*,*,#1779,.T.);
#1782=ORIENTED_EDGE('2092',*,*,#1781,.F.);
#1784=ORIENTED_EDGE('2093',*,*,#1783,.F.);
#1786=ORIENTED_EDGE('2091',*,*,#1785,.F.);
#1787=EDGE_LOOP('1612',(#1780,#1782,#1784,#1786));
#1788=FACE_BOUND('1612',#1787,.F.);
#1790=ORIENTED_EDGE('2106',*,*,#1789,.T.);
#1792=ORIENTED_EDGE('2108',*,*,#1791,.F.);
#1794=ORIENTED_EDGE('2109',*,*,#1793,.F.);
#1796=ORIENTED_EDGE('2107',*,*,#1795,.F.);
#1797=EDGE_LOOP('1612',(#1790,#1792,#1794,#1796));
#1798=FACE_BOUND('1612',#1797,.F.);
#1800=ORIENTED_EDGE('2122',*,*,#1799,.T.);
#1802=ORIENTED_EDGE('2124',*,*,#1801,.F.);
#1804=ORIENTED_EDGE('2125',*,*,#1803,.F.);
#1806=ORIENTED_EDGE('2123',*,*,#1805,.F.);
#1807=EDGE_LOOP('1612',(#1800,#1802,#1804,#1806));
#1808=FACE_BOUND('1612',#1807,.F.);
#1809=ADVANCED_FACE('1612',(#1768,#1778,#1788,#1798,#1808),#1714,.F.);
#1810=FILL_AREA_STYLE_COLOUR('',#63);
#1811=FILL_AREA_STYLE('',(#1810));
#1812=SURFACE_STYLE_FILL_AREA(#1811);
#1813=SURFACE_SIDE_STYLE('',(#1812));
#1814=SURFACE_STYLE_USAGE(.BOTH.,#1813);
#1815=PRESENTATION_STYLE_ASSIGNMENT((#1814));
#1816=STYLED_ITEM('',(#1815),#1809);
#1817=CARTESIAN_POINT('',(-2.56E-1,4.2E-2,3.45E-2));
#1818=DIRECTION('',(9.079593845005E-1,0.E0,4.190581774617E-1));
#1819=DIRECTION('',(0.E0,-1.E0,0.E0));
#1820=AXIS2_PLACEMENT_3D('',#1817,#1818,#1819);
#1821=PLANE('1679',#1820);
#1822=ORIENTED_EDGE('2039',*,*,#1715,.F.);
#1824=ORIENTED_EDGE('2054',*,*,#1823,.T.);
#1826=ORIENTED_EDGE('2046',*,*,#1825,.T.);
#1828=ORIENTED_EDGE('2020',*,*,#1827,.T.);
#1829=EDGE_LOOP('1679',(#1822,#1824,#1826,#1828));
#1830=FACE_OUTER_BOUND('1679',#1829,.F.);
#1831=ADVANCED_FACE('1679',(#1830),#1821,.T.);
#1832=FILL_AREA_STYLE_COLOUR('',#63);
#1833=FILL_AREA_STYLE('',(#1832));
#1834=SURFACE_STYLE_FILL_AREA(#1833);
#1835=SURFACE_SIDE_STYLE('',(#1834));
#1836=SURFACE_STYLE_USAGE(.BOTH.,#1835);
#1837=PRESENTATION_STYLE_ASSIGNMENT((#1836));
#1838=STYLED_ITEM('',(#1837),#1831);
#1839=CARTESIAN_POINT('',(-3.E-1,4.2E-2,4.75E-2));
#1840=DIRECTION('',(0.E0,0.E0,1.E0));
#1841=DIRECTION('',(1.E0,0.E0,0.E0));
#1842=AXIS2_PLACEMENT_3D('',#1839,#1840,#1841);
#1843=PLANE('1676',#1842);
#1844=ORIENTED_EDGE('2054',*,*,#1823,.F.);
#1845=ORIENTED_EDGE('2040',*,*,#1765,.T.);
#1847=ORIENTED_EDGE('2055',*,*,#1846,.F.);
#1849=ORIENTED_EDGE('2047',*,*,#1848,.T.);
#1850=EDGE_LOOP('1676',(#1844,#1845,#1847,#1849));
#1851=FACE_OUTER_BOUND('1676',#1850,.F.);
#1852=ADVANCED_FACE('1676',(#1851),#1843,.T.);
#1853=FILL_AREA_STYLE_COLOUR('',#63);
#1854=FILL_AREA_STYLE('',(#1853));
#1855=SURFACE_STYLE_FILL_AREA(#1854);
#1856=SURFACE_SIDE_STYLE('',(#1855));
#1857=SURFACE_STYLE_USAGE(.BOTH.,#1856);
#1858=PRESENTATION_STYLE_ASSIGNMENT((#1857));
#1859=STYLED_ITEM('',(#1858),#1852);
#1860=CARTESIAN_POINT('',(-3.44E-1,4.2E-2,3.45E-2));
#1861=DIRECTION('',(9.079593845005E-1,0.E0,-4.190581774617E-1));
#1862=DIRECTION('',(0.E0,-1.E0,0.E0));
#1863=AXIS2_PLACEMENT_3D('',#1860,#1861,#1862);
#1864=PLANE('1680',#1863);
#1865=ORIENTED_EDGE('2041',*,*,#1763,.F.);
#1867=ORIENTED_EDGE('2052',*,*,#1866,.T.);
#1869=ORIENTED_EDGE('2048',*,*,#1868,.T.);
#1870=ORIENTED_EDGE('2055',*,*,#1846,.T.);
#1871=EDGE_LOOP('1680',(#1865,#1867,#1869,#1870));
#1872=FACE_OUTER_BOUND('1680',#1871,.F.);
#1873=ADVANCED_FACE('1680',(#1872),#1864,.F.);
#1874=FILL_AREA_STYLE_COLOUR('',#63);
#1875=FILL_AREA_STYLE('',(#1874));
#1876=SURFACE_STYLE_FILL_AREA(#1875);
#1877=SURFACE_SIDE_STYLE('',(#1876));
#1878=SURFACE_STYLE_USAGE(.BOTH.,#1877);
#1879=PRESENTATION_STYLE_ASSIGNMENT((#1878));
#1880=STYLED_ITEM('',(#1879),#1873);
#1881=CARTESIAN_POINT('',(-3.5E-1,4.2E-2,0.E0));
#1882=DIRECTION('',(1.E0,0.E0,0.E0));
#1883=DIRECTION('',(0.E0,0.E0,1.E0));
#1884=AXIS2_PLACEMENT_3D('',#1881,#1882,#1883);
#1885=PLANE('1675',#1884);
#1886=ORIENTED_EDGE('2052',*,*,#1866,.F.);
#1887=ORIENTED_EDGE('2042',*,*,#1761,.T.);
#1889=ORIENTED_EDGE('2053',*,*,#1888,.F.);
#1891=ORIENTED_EDGE('2049',*,*,#1890,.T.);
#1892=EDGE_LOOP('1675',(#1886,#1887,#1889,#1891));
#1893=FACE_OUTER_BOUND('1675',#1892,.F.);
#1894=ADVANCED_FACE('1675',(#1893),#1885,.F.);
#1895=FILL_AREA_STYLE_COLOUR('',#63);
#1896=FILL_AREA_STYLE('',(#1895));
#1897=SURFACE_STYLE_FILL_AREA(#1896);
#1898=SURFACE_SIDE_STYLE('',(#1897));
#1899=SURFACE_STYLE_USAGE(.BOTH.,#1898);
#1900=PRESENTATION_STYLE_ASSIGNMENT((#1899));
#1901=STYLED_ITEM('',(#1900),#1894);
#1902=CARTESIAN_POINT('',(-3.44E-1,4.2E-2,-3.45E-2));
#1903=DIRECTION('',(9.079593845005E-1,0.E0,4.190581774617E-1));
#1904=DIRECTION('',(0.E0,-1.E0,0.E0));
#1905=AXIS2_PLACEMENT_3D('',#1902,#1903,#1904);
#1906=PLANE('1681',#1905);
#1907=ORIENTED_EDGE('2043',*,*,#1759,.F.);
#1909=ORIENTED_EDGE('2057',*,*,#1908,.T.);
#1911=ORIENTED_EDGE('2050',*,*,#1910,.T.);
#1912=ORIENTED_EDGE('2053',*,*,#1888,.T.);
#1913=EDGE_LOOP('1681',(#1907,#1909,#1911,#1912));
#1914=FACE_OUTER_BOUND('1681',#1913,.F.);
#1915=ADVANCED_FACE('1681',(#1914),#1906,.F.);
#1916=FILL_AREA_STYLE_COLOUR('',#63);
#1917=FILL_AREA_STYLE('',(#1916));
#1918=SURFACE_STYLE_FILL_AREA(#1917);
#1919=SURFACE_SIDE_STYLE('',(#1918));
#1920=SURFACE_STYLE_USAGE(.BOTH.,#1919);
#1921=PRESENTATION_STYLE_ASSIGNMENT((#1920));
#1922=STYLED_ITEM('',(#1921),#1915);
#1923=CARTESIAN_POINT('',(-3.E-1,4.2E-2,-4.75E-2));
#1924=DIRECTION('',(0.E0,0.E0,1.E0));
#1925=DIRECTION('',(-1.E0,0.E0,0.E0));
#1926=AXIS2_PLACEMENT_3D('',#1923,#1924,#1925);
#1927=PLANE('1677',#1926);
#1929=ORIENTED_EDGE('2056',*,*,#1928,.F.);
#1931=ORIENTED_EDGE('2051',*,*,#1930,.T.);
#1932=ORIENTED_EDGE('2057',*,*,#1908,.F.);
#1933=ORIENTED_EDGE('2044',*,*,#1757,.T.);
#1934=EDGE_LOOP('1677',(#1929,#1931,#1932,#1933));
#1935=FACE_OUTER_BOUND('1677',#1934,.F.);
#1936=ADVANCED_FACE('1677',(#1935),#1927,.F.);
#1937=FILL_AREA_STYLE_COLOUR('',#63);
#1938=FILL_AREA_STYLE('',(#1937));
#1939=SURFACE_STYLE_FILL_AREA(#1938);
#1940=SURFACE_SIDE_STYLE('',(#1939));
#1941=SURFACE_STYLE_USAGE(.BOTH.,#1940);
#1942=PRESENTATION_STYLE_ASSIGNMENT((#1941));
#1943=STYLED_ITEM('',(#1942),#1936);
#1944=CARTESIAN_POINT('',(-2.56E-1,4.2E-2,-3.45E-2));
#1945=DIRECTION('',(9.079593845005E-1,0.E0,-4.190581774617E-1));
#1946=DIRECTION('',(0.E0,-1.E0,0.E0));
#1947=AXIS2_PLACEMENT_3D('',#1944,#1945,#1946);
#1948=PLANE('1678',#1947);
#1949=ORIENTED_EDGE('2038',*,*,#1755,.F.);
#1951=ORIENTED_EDGE('2021',*,*,#1950,.T.);
#1953=ORIENTED_EDGE('2045',*,*,#1952,.T.);
#1954=ORIENTED_EDGE('2056',*,*,#1928,.T.);
#1955=EDGE_LOOP('1678',(#1949,#1951,#1953,#1954));
#1956=FACE_OUTER_BOUND('1678',#1955,.F.);
#1957=ADVANCED_FACE('1678',(#1956),#1948,.T.);
#1958=FILL_AREA_STYLE_COLOUR('',#63);
#1959=FILL_AREA_STYLE('',(#1958));
#1960=SURFACE_STYLE_FILL_AREA(#1959);
#1961=SURFACE_SIDE_STYLE('',(#1960));
#1962=SURFACE_STYLE_USAGE(.BOTH.,#1961);
#1963=PRESENTATION_STYLE_ASSIGNMENT((#1962));
#1964=STYLED_ITEM('',(#1963),#1957);
#1965=CARTESIAN_POINT('',(-2.44E-1,4.2E-2,-3.45E-2));
#1966=DIRECTION('',(9.079593845005E-1,0.E0,4.190581774617E-1));
#1967=DIRECTION('',(0.E0,-1.E0,0.E0));
#1968=AXIS2_PLACEMENT_3D('',#1965,#1966,#1967);
#1969=PLANE('1660',#1968);
#1970=ORIENTED_EDGE('2007',*,*,#1753,.F.);
#1972=ORIENTED_EDGE('2019',*,*,#1971,.T.);
#1974=ORIENTED_EDGE('2014',*,*,#1973,.T.);
#1975=ORIENTED_EDGE('2021',*,*,#1950,.F.);
#1976=EDGE_LOOP('1660',(#1970,#1972,#1974,#1975));
#1977=FACE_OUTER_BOUND('1660',#1976,.F.);
#1978=ADVANCED_FACE('1660',(#1977),#1969,.F.);
#1979=FILL_AREA_STYLE_COLOUR('',#63);
#1980=FILL_AREA_STYLE('',(#1979));
#1981=SURFACE_STYLE_FILL_AREA(#1980);
#1982=SURFACE_SIDE_STYLE('',(#1981));
#1983=SURFACE_STYLE_USAGE(.BOTH.,#1982);
#1984=PRESENTATION_STYLE_ASSIGNMENT((#1983));
#1985=STYLED_ITEM('',(#1984),#1978);
#1986=CARTESIAN_POINT('',(-2.E-1,4.2E-2,-4.75E-2));
#1987=DIRECTION('',(0.E0,0.E0,1.E0));
#1988=DIRECTION('',(-1.E0,0.E0,0.E0));
#1989=AXIS2_PLACEMENT_3D('',#1986,#1987,#1988);
#1990=PLANE('1656',#1989);
#1992=ORIENTED_EDGE('2018',*,*,#1991,.F.);
#1994=ORIENTED_EDGE('2015',*,*,#1993,.T.);
#1995=ORIENTED_EDGE('2019',*,*,#1971,.F.);
#1996=ORIENTED_EDGE('2008',*,*,#1751,.T.);
#1997=EDGE_LOOP('1656',(#1992,#1994,#1995,#1996));
#1998=FACE_OUTER_BOUND('1656',#1997,.F.);
#1999=ADVANCED_FACE('1656',(#1998),#1990,.F.);
#2000=FILL_AREA_STYLE_COLOUR('',#63);
#2001=FILL_AREA_STYLE('',(#2000));
#2002=SURFACE_STYLE_FILL_AREA(#2001);
#2003=SURFACE_SIDE_STYLE('',(#2002));
#2004=SURFACE_STYLE_USAGE(.BOTH.,#2003);
#2005=PRESENTATION_STYLE_ASSIGNMENT((#2004));
#2006=STYLED_ITEM('',(#2005),#1999);
#2007=CARTESIAN_POINT('',(-1.56E-1,4.2E-2,-3.45E-2));
#2008=DIRECTION('',(9.079593845005E-1,0.E0,-4.190581774617E-1));
#2009=DIRECTION('',(0.E0,-1.E0,0.E0));
#2010=AXIS2_PLACEMENT_3D('',#2007,#2008,#2009);
#2011=PLANE('1657',#2010);
#2012=ORIENTED_EDGE('2002',*,*,#1749,.F.);
#2014=ORIENTED_EDGE('1985',*,*,#2013,.T.);
#2016=ORIENTED_EDGE('2009',*,*,#2015,.T.);
#2017=ORIENTED_EDGE('2018',*,*,#1991,.T.);
#2018=EDGE_LOOP('1657',(#2012,#2014,#2016,#2017));
#2019=FACE_OUTER_BOUND('1657',#2018,.F.);
#2020=ADVANCED_FACE('1657',(#2019),#2011,.T.);
#2021=FILL_AREA_STYLE_COLOUR('',#63);
#2022=FILL_AREA_STYLE('',(#2021));
#2023=SURFACE_STYLE_FILL_AREA(#2022);
#2024=SURFACE_SIDE_STYLE('',(#2023));
#2025=SURFACE_STYLE_USAGE(.BOTH.,#2024);
#2026=PRESENTATION_STYLE_ASSIGNMENT((#2025));
#2027=STYLED_ITEM('',(#2026),#2020);
#2028=CARTESIAN_POINT('',(-1.44E-1,4.2E-2,-3.45E-2));
#2029=DIRECTION('',(9.079593845005E-1,0.E0,4.190581774617E-1));
#2030=DIRECTION('',(0.E0,-1.E0,0.E0));
#2031=AXIS2_PLACEMENT_3D('',#2028,#2029,#2030);
#2032=PLANE('1640',#2031);
#2033=ORIENTED_EDGE('1971',*,*,#1747,.F.);
#2035=ORIENTED_EDGE('1983',*,*,#2034,.T.);
#2037=ORIENTED_EDGE('1978',*,*,#2036,.T.);
#2038=ORIENTED_EDGE('1985',*,*,#2013,.F.);
#2039=EDGE_LOOP('1640',(#2033,#2035,#2037,#2038));
#2040=FACE_OUTER_BOUND('1640',#2039,.F.);
#2041=ADVANCED_FACE('1640',(#2040),#2032,.F.);
#2042=FILL_AREA_STYLE_COLOUR('',#63);
#2043=FILL_AREA_STYLE('',(#2042));
#2044=SURFACE_STYLE_FILL_AREA(#2043);
#2045=SURFACE_SIDE_STYLE('',(#2044));
#2046=SURFACE_STYLE_USAGE(.BOTH.,#2045);
#2047=PRESENTATION_STYLE_ASSIGNMENT((#2046));
#2048=STYLED_ITEM('',(#2047),#2041);
#2049=CARTESIAN_POINT('',(-1.E-1,4.2E-2,-4.75E-2));
#2050=DIRECTION('',(0.E0,0.E0,1.E0));
#2051=DIRECTION('',(-1.E0,0.E0,0.E0));
#2052=AXIS2_PLACEMENT_3D('',#2049,#2050,#2051);
#2053=PLANE('1636',#2052);
#2055=ORIENTED_EDGE('1982',*,*,#2054,.F.);
#2057=ORIENTED_EDGE('1979',*,*,#2056,.T.);
#2058=ORIENTED_EDGE('1983',*,*,#2034,.F.);
#2059=ORIENTED_EDGE('1972',*,*,#1745,.T.);
#2060=EDGE_LOOP('1636',(#2055,#2057,#2058,#2059));
#2061=FACE_OUTER_BOUND('1636',#2060,.F.);
#2062=ADVANCED_FACE('1636',(#2061),#2053,.F.);
#2063=FILL_AREA_STYLE_COLOUR('',#63);
#2064=FILL_AREA_STYLE('',(#2063));
#2065=SURFACE_STYLE_FILL_AREA(#2064);
#2066=SURFACE_SIDE_STYLE('',(#2065));
#2067=SURFACE_STYLE_USAGE(.BOTH.,#2066);
#2068=PRESENTATION_STYLE_ASSIGNMENT((#2067));
#2069=STYLED_ITEM('',(#2068),#2062);
#2070=CARTESIAN_POINT('',(-5.6E-2,4.2E-2,-3.45E-2));
#2071=DIRECTION('',(9.079593845005E-1,0.E0,-4.190581774617E-1));
#2072=DIRECTION('',(0.E0,-1.E0,0.E0));
#2073=AXIS2_PLACEMENT_3D('',#2070,#2071,#2072);
#2074=PLANE('1637',#2073);
#2075=ORIENTED_EDGE('1966',*,*,#1743,.F.);
#2077=ORIENTED_EDGE('1949',*,*,#2076,.T.);
#2079=ORIENTED_EDGE('1973',*,*,#2078,.T.);
#2080=ORIENTED_EDGE('1982',*,*,#2054,.T.);
#2081=EDGE_LOOP('1637',(#2075,#2077,#2079,#2080));
#2082=FACE_OUTER_BOUND('1637',#2081,.F.);
#2083=ADVANCED_FACE('1637',(#2082),#2074,.T.);
#2084=FILL_AREA_STYLE_COLOUR('',#63);
#2085=FILL_AREA_STYLE('',(#2084));
#2086=SURFACE_STYLE_FILL_AREA(#2085);
#2087=SURFACE_SIDE_STYLE('',(#2086));
#2088=SURFACE_STYLE_USAGE(.BOTH.,#2087);
#2089=PRESENTATION_STYLE_ASSIGNMENT((#2088));
#2090=STYLED_ITEM('',(#2089),#2083);
#2091=CARTESIAN_POINT('',(-4.4E-2,4.2E-2,-3.45E-2));
#2092=DIRECTION('',(9.079593845005E-1,0.E0,4.190581774617E-1));
#2093=DIRECTION('',(0.E0,-1.E0,0.E0));
#2094=AXIS2_PLACEMENT_3D('',#2091,#2092,#2093);
#2095=PLANE('1620',#2094);
#2096=ORIENTED_EDGE('1932',*,*,#1741,.F.);
#2098=ORIENTED_EDGE('1947',*,*,#2097,.T.);
#2100=ORIENTED_EDGE('1940',*,*,#2099,.T.);
#2101=ORIENTED_EDGE('1949',*,*,#2076,.F.);
#2102=EDGE_LOOP('1620',(#2096,#2098,#2100,#2101));
#2103=FACE_OUTER_BOUND('1620',#2102,.F.);
#2104=ADVANCED_FACE('1620',(#2103),#2095,.F.);
#2105=FILL_AREA_STYLE_COLOUR('',#63);
#2106=FILL_AREA_STYLE('',(#2105));
#2107=SURFACE_STYLE_FILL_AREA(#2106);
#2108=SURFACE_SIDE_STYLE('',(#2107));
#2109=SURFACE_STYLE_USAGE(.BOTH.,#2108);
#2110=PRESENTATION_STYLE_ASSIGNMENT((#2109));
#2111=STYLED_ITEM('',(#2110),#2104);
#2112=CARTESIAN_POINT('',(0.E0,4.2E-2,-4.75E-2));
#2113=DIRECTION('',(0.E0,0.E0,1.E0));
#2114=DIRECTION('',(-1.E0,0.E0,0.E0));
#2115=AXIS2_PLACEMENT_3D('',#2112,#2113,#2114);
#2116=PLANE('1616',#2115);
#2118=ORIENTED_EDGE('1946',*,*,#2117,.F.);
#2120=ORIENTED_EDGE('1941',*,*,#2119,.T.);
#2121=ORIENTED_EDGE('1947',*,*,#2097,.F.);
#2122=ORIENTED_EDGE('1933',*,*,#1739,.T.);
#2123=EDGE_LOOP('1616',(#2118,#2120,#2121,#2122));
#2124=FACE_OUTER_BOUND('1616',#2123,.F.);
#2125=ADVANCED_FACE('1616',(#2124),#2116,.F.);
#2126=FILL_AREA_STYLE_COLOUR('',#63);
#2127=FILL_AREA_STYLE('',(#2126));
#2128=SURFACE_STYLE_FILL_AREA(#2127);
#2129=SURFACE_SIDE_STYLE('',(#2128));
#2130=SURFACE_STYLE_USAGE(.BOTH.,#2129);
#2131=PRESENTATION_STYLE_ASSIGNMENT((#2130));
#2132=STYLED_ITEM('',(#2131),#2125);
#2133=CARTESIAN_POINT('',(4.4E-2,4.2E-2,-3.45E-2));
#2134=DIRECTION('',(9.079593845005E-1,0.E0,-4.190581774617E-1));
#2135=DIRECTION('',(0.E0,-1.E0,0.E0));
#2136=AXIS2_PLACEMENT_3D('',#2133,#2134,#2135);
#2137=PLANE('1617',#2136);
#2138=ORIENTED_EDGE('1926',*,*,#1737,.F.);
#2140=ORIENTED_EDGE('1944',*,*,#2139,.T.);
#2142=ORIENTED_EDGE('1934',*,*,#2141,.T.);
#2143=ORIENTED_EDGE('1946',*,*,#2117,.T.);
#2144=EDGE_LOOP('1617',(#2138,#2140,#2142,#2143));
#2145=FACE_OUTER_BOUND('1617',#2144,.F.);
#2146=ADVANCED_FACE('1617',(#2145),#2137,.T.);
#2147=FILL_AREA_STYLE_COLOUR('',#63);
#2148=FILL_AREA_STYLE('',(#2147));
#2149=SURFACE_STYLE_FILL_AREA(#2148);
#2150=SURFACE_SIDE_STYLE('',(#2149));
#2151=SURFACE_STYLE_USAGE(.BOTH.,#2150);
#2152=PRESENTATION_STYLE_ASSIGNMENT((#2151));
#2153=STYLED_ITEM('',(#2152),#2146);
#2154=CARTESIAN_POINT('',(5.E-2,4.2E-2,0.E0));
#2155=DIRECTION('',(1.E0,0.E0,0.E0));
#2156=DIRECTION('',(0.E0,0.E0,-1.E0));
#2157=AXIS2_PLACEMENT_3D('',#2154,#2155,#2156);
#2158=PLANE('1615',#2157);
#2159=ORIENTED_EDGE('1944',*,*,#2139,.F.);
#2160=ORIENTED_EDGE('1927',*,*,#1735,.T.);
#2162=ORIENTED_EDGE('1945',*,*,#2161,.F.);
#2164=ORIENTED_EDGE('1935',*,*,#2163,.T.);
#2165=EDGE_LOOP('1615',(#2159,#2160,#2162,#2164));
#2166=FACE_OUTER_BOUND('1615',#2165,.F.);
#2167=ADVANCED_FACE('1615',(#2166),#2158,.T.);
#2168=FILL_AREA_STYLE_COLOUR('',#63);
#2169=FILL_AREA_STYLE('',(#2168));
#2170=SURFACE_STYLE_FILL_AREA(#2169);
#2171=SURFACE_SIDE_STYLE('',(#2170));
#2172=SURFACE_STYLE_USAGE(.BOTH.,#2171);
#2173=PRESENTATION_STYLE_ASSIGNMENT((#2172));
#2174=STYLED_ITEM('',(#2173),#2167);
#2175=CARTESIAN_POINT('',(4.4E-2,4.2E-2,3.45E-2));
#2176=DIRECTION('',(9.079593845005E-1,0.E0,4.190581774617E-1));
#2177=DIRECTION('',(0.E0,-1.E0,0.E0));
#2178=AXIS2_PLACEMENT_3D('',#2175,#2176,#2177);
#2179=PLANE('1618',#2178);
#2180=ORIENTED_EDGE('1928',*,*,#1733,.F.);
#2182=ORIENTED_EDGE('1942',*,*,#2181,.T.);
#2184=ORIENTED_EDGE('1936',*,*,#2183,.T.);
#2185=ORIENTED_EDGE('1945',*,*,#2161,.T.);
#2186=EDGE_LOOP('1618',(#2180,#2182,#2184,#2185));
#2187=FACE_OUTER_BOUND('1618',#2186,.F.);
#2188=ADVANCED_FACE('1618',(#2187),#2179,.T.);
#2189=FILL_AREA_STYLE_COLOUR('',#63);
#2190=FILL_AREA_STYLE('',(#2189));
#2191=SURFACE_STYLE_FILL_AREA(#2190);
#2192=SURFACE_SIDE_STYLE('',(#2191));
#2193=SURFACE_STYLE_USAGE(.BOTH.,#2192);
#2194=PRESENTATION_STYLE_ASSIGNMENT((#2193));
#2195=STYLED_ITEM('',(#2194),#2188);
#2196=CARTESIAN_POINT('',(0.E0,4.2E-2,4.75E-2));
#2197=DIRECTION('',(0.E0,0.E0,1.E0));
#2198=DIRECTION('',(1.E0,0.E0,0.E0));
#2199=AXIS2_PLACEMENT_3D('',#2196,#2197,#2198);
#2200=PLANE('1614',#2199);
#2201=ORIENTED_EDGE('1942',*,*,#2181,.F.);
#2202=ORIENTED_EDGE('1929',*,*,#1731,.T.);
#2204=ORIENTED_EDGE('1943',*,*,#2203,.F.);
#2206=ORIENTED_EDGE('1937',*,*,#2205,.T.);
#2207=EDGE_LOOP('1614',(#2201,#2202,#2204,#2206));
#2208=FACE_OUTER_BOUND('1614',#2207,.F.);
#2209=ADVANCED_FACE('1614',(#2208),#2200,.T.);
#2210=FILL_AREA_STYLE_COLOUR('',#63);
#2211=FILL_AREA_STYLE('',(#2210));
#2212=SURFACE_STYLE_FILL_AREA(#2211);
#2213=SURFACE_SIDE_STYLE('',(#2212));
#2214=SURFACE_STYLE_USAGE(.BOTH.,#2213);
#2215=PRESENTATION_STYLE_ASSIGNMENT((#2214));
#2216=STYLED_ITEM('',(#2215),#2209);
#2217=CARTESIAN_POINT('',(-4.4E-2,4.2E-2,3.45E-2));
#2218=DIRECTION('',(9.079593845005E-1,0.E0,-4.190581774617E-1));
#2219=DIRECTION('',(0.E0,-1.E0,0.E0));
#2220=AXIS2_PLACEMENT_3D('',#2217,#2218,#2219);
#2221=PLANE('1619',#2220);
#2222=ORIENTED_EDGE('1930',*,*,#1729,.F.);
#2224=ORIENTED_EDGE('1948',*,*,#2223,.F.);
#2226=ORIENTED_EDGE('1938',*,*,#2225,.T.);
#2227=ORIENTED_EDGE('1943',*,*,#2203,.T.);
#2228=EDGE_LOOP('1619',(#2222,#2224,#2226,#2227));
#2229=FACE_OUTER_BOUND('1619',#2228,.F.);
#2230=ADVANCED_FACE('1619',(#2229),#2221,.F.);
#2231=FILL_AREA_STYLE_COLOUR('',#63);
#2232=FILL_AREA_STYLE('',(#2231));
#2233=SURFACE_STYLE_FILL_AREA(#2232);
#2234=SURFACE_SIDE_STYLE('',(#2233));
#2235=SURFACE_STYLE_USAGE(.BOTH.,#2234);
#2236=PRESENTATION_STYLE_ASSIGNMENT((#2235));
#2237=STYLED_ITEM('',(#2236),#2230);
#2238=CARTESIAN_POINT('',(-5.6E-2,4.2E-2,3.45E-2));
#2239=DIRECTION('',(9.079593845005E-1,0.E0,4.190581774617E-1));
#2240=DIRECTION('',(0.E0,-1.E0,0.E0));
#2241=AXIS2_PLACEMENT_3D('',#2238,#2239,#2240);
#2242=PLANE('1638',#2241);
#2243=ORIENTED_EDGE('1967',*,*,#1727,.F.);
#2245=ORIENTED_EDGE('1980',*,*,#2244,.T.);
#2247=ORIENTED_EDGE('1974',*,*,#2246,.T.);
#2248=ORIENTED_EDGE('1948',*,*,#2223,.T.);
#2249=EDGE_LOOP('1638',(#2243,#2245,#2247,#2248));
#2250=FACE_OUTER_BOUND('1638',#2249,.F.);
#2251=ADVANCED_FACE('1638',(#2250),#2242,.T.);
#2252=FILL_AREA_STYLE_COLOUR('',#63);
#2253=FILL_AREA_STYLE('',(#2252));
#2254=SURFACE_STYLE_FILL_AREA(#2253);
#2255=SURFACE_SIDE_STYLE('',(#2254));
#2256=SURFACE_STYLE_USAGE(.BOTH.,#2255);
#2257=PRESENTATION_STYLE_ASSIGNMENT((#2256));
#2258=STYLED_ITEM('',(#2257),#2251);
#2259=CARTESIAN_POINT('',(-1.E-1,4.2E-2,4.75E-2));
#2260=DIRECTION('',(0.E0,0.E0,1.E0));
#2261=DIRECTION('',(1.E0,0.E0,0.E0));
#2262=AXIS2_PLACEMENT_3D('',#2259,#2260,#2261);
#2263=PLANE('1635',#2262);
#2264=ORIENTED_EDGE('1980',*,*,#2244,.F.);
#2265=ORIENTED_EDGE('1968',*,*,#1725,.T.);
#2267=ORIENTED_EDGE('1981',*,*,#2266,.F.);
#2269=ORIENTED_EDGE('1975',*,*,#2268,.T.);
#2270=EDGE_LOOP('1635',(#2264,#2265,#2267,#2269));
#2271=FACE_OUTER_BOUND('1635',#2270,.F.);
#2272=ADVANCED_FACE('1635',(#2271),#2263,.T.);
#2273=FILL_AREA_STYLE_COLOUR('',#63);
#2274=FILL_AREA_STYLE('',(#2273));
#2275=SURFACE_STYLE_FILL_AREA(#2274);
#2276=SURFACE_SIDE_STYLE('',(#2275));
#2277=SURFACE_STYLE_USAGE(.BOTH.,#2276);
#2278=PRESENTATION_STYLE_ASSIGNMENT((#2277));
#2279=STYLED_ITEM('',(#2278),#2272);
#2280=CARTESIAN_POINT('',(-1.44E-1,4.2E-2,3.45E-2));
#2281=DIRECTION('',(9.079593845005E-1,0.E0,-4.190581774617E-1));
#2282=DIRECTION('',(0.E0,-1.E0,0.E0));
#2283=AXIS2_PLACEMENT_3D('',#2280,#2281,#2282);
#2284=PLANE('1639',#2283);
#2285=ORIENTED_EDGE('1969',*,*,#1723,.F.);
#2287=ORIENTED_EDGE('1984',*,*,#2286,.F.);
#2289=ORIENTED_EDGE('1976',*,*,#2288,.T.);
#2290=ORIENTED_EDGE('1981',*,*,#2266,.T.);
#2291=EDGE_LOOP('1639',(#2285,#2287,#2289,#2290));
#2292=FACE_OUTER_BOUND('1639',#2291,.F.);
#2293=ADVANCED_FACE('1639',(#2292),#2284,.F.);
#2294=FILL_AREA_STYLE_COLOUR('',#63);
#2295=FILL_AREA_STYLE('',(#2294));
#2296=SURFACE_STYLE_FILL_AREA(#2295);
#2297=SURFACE_SIDE_STYLE('',(#2296));
#2298=SURFACE_STYLE_USAGE(.BOTH.,#2297);
#2299=PRESENTATION_STYLE_ASSIGNMENT((#2298));
#2300=STYLED_ITEM('',(#2299),#2293);
#2301=CARTESIAN_POINT('',(-1.56E-1,4.2E-2,3.45E-2));
#2302=DIRECTION('',(9.079593845005E-1,0.E0,4.190581774617E-1));
#2303=DIRECTION('',(0.E0,-1.E0,0.E0));
#2304=AXIS2_PLACEMENT_3D('',#2301,#2302,#2303);
#2305=PLANE('1658',#2304);
#2306=ORIENTED_EDGE('2003',*,*,#1721,.F.);
#2308=ORIENTED_EDGE('2016',*,*,#2307,.T.);
#2310=ORIENTED_EDGE('2010',*,*,#2309,.T.);
#2311=ORIENTED_EDGE('1984',*,*,#2286,.T.);
#2312=EDGE_LOOP('1658',(#2306,#2308,#2310,#2311));
#2313=FACE_OUTER_BOUND('1658',#2312,.F.);
#2314=ADVANCED_FACE('1658',(#2313),#2305,.T.);
#2315=FILL_AREA_STYLE_COLOUR('',#63);
#2316=FILL_AREA_STYLE('',(#2315));
#2317=SURFACE_STYLE_FILL_AREA(#2316);
#2318=SURFACE_SIDE_STYLE('',(#2317));
#2319=SURFACE_STYLE_USAGE(.BOTH.,#2318);
#2320=PRESENTATION_STYLE_ASSIGNMENT((#2319));
#2321=STYLED_ITEM('',(#2320),#2314);
#2322=CARTESIAN_POINT('',(-2.E-1,4.2E-2,4.75E-2));
#2323=DIRECTION('',(0.E0,0.E0,1.E0));
#2324=DIRECTION('',(1.E0,0.E0,0.E0));
#2325=AXIS2_PLACEMENT_3D('',#2322,#2323,#2324);
#2326=PLANE('1655',#2325);
#2327=ORIENTED_EDGE('2016',*,*,#2307,.F.);
#2328=ORIENTED_EDGE('2004',*,*,#1719,.T.);
#2330=ORIENTED_EDGE('2017',*,*,#2329,.F.);
#2332=ORIENTED_EDGE('2011',*,*,#2331,.T.);
#2333=EDGE_LOOP('1655',(#2327,#2328,#2330,#2332));
#2334=FACE_OUTER_BOUND('1655',#2333,.F.);
#2335=ADVANCED_FACE('1655',(#2334),#2326,.T.);
#2336=FILL_AREA_STYLE_COLOUR('',#63);
#2337=FILL_AREA_STYLE('',(#2336));
#2338=SURFACE_STYLE_FILL_AREA(#2337);
#2339=SURFACE_SIDE_STYLE('',(#2338));
#2340=SURFACE_STYLE_USAGE(.BOTH.,#2339);
#2341=PRESENTATION_STYLE_ASSIGNMENT((#2340));
#2342=STYLED_ITEM('',(#2341),#2335);
#2343=CARTESIAN_POINT('',(-2.44E-1,4.2E-2,3.45E-2));
#2344=DIRECTION('',(9.079593845005E-1,0.E0,-4.190581774617E-1));
#2345=DIRECTION('',(0.E0,-1.E0,0.E0));
#2346=AXIS2_PLACEMENT_3D('',#2343,#2344,#2345);
#2347=PLANE('1659',#2346);
#2348=ORIENTED_EDGE('2005',*,*,#1717,.F.);
#2349=ORIENTED_EDGE('2020',*,*,#1827,.F.);
#2351=ORIENTED_EDGE('2012',*,*,#2350,.T.);
#2352=ORIENTED_EDGE('2017',*,*,#2329,.T.);
#2353=EDGE_LOOP('1659',(#2348,#2349,#2351,#2352));
#2354=FACE_OUTER_BOUND('1659',#2353,.F.);
#2355=ADVANCED_FACE('1659',(#2354),#2347,.F.);
#2356=FILL_AREA_STYLE_COLOUR('',#63);
#2357=FILL_AREA_STYLE('',(#2356));
#2358=SURFACE_STYLE_FILL_AREA(#2357);
#2359=SURFACE_SIDE_STYLE('',(#2358));
#2360=SURFACE_STYLE_USAGE(.BOTH.,#2359);
#2361=PRESENTATION_STYLE_ASSIGNMENT((#2360));
#2362=STYLED_ITEM('',(#2361),#2355);
#2363=CARTESIAN_POINT('',(0.E0,8.4E-2,0.E0));
#2364=DIRECTION('',(0.E0,1.E0,0.E0));
#2365=DIRECTION('',(1.E0,0.E0,0.E0));
#2366=AXIS2_PLACEMENT_3D('',#2363,#2364,#2365);
#2367=PLANE('1613',#2366);
#2368=ORIENTED_EDGE('1976',*,*,#2288,.F.);
#2369=ORIENTED_EDGE('2010',*,*,#2309,.F.);
#2370=ORIENTED_EDGE('2011',*,*,#2331,.F.);
#2371=ORIENTED_EDGE('2012',*,*,#2350,.F.);
#2372=ORIENTED_EDGE('2046',*,*,#1825,.F.);
#2373=ORIENTED_EDGE('2047',*,*,#1848,.F.);
#2374=ORIENTED_EDGE('2048',*,*,#1868,.F.);
#2375=ORIENTED_EDGE('2049',*,*,#1890,.F.);
#2376=ORIENTED_EDGE('2050',*,*,#1910,.F.);
#2377=ORIENTED_EDGE('2051',*,*,#1930,.F.);
#2378=ORIENTED_EDGE('2045',*,*,#1952,.F.);
#2379=ORIENTED_EDGE('2014',*,*,#1973,.F.);
#2380=ORIENTED_EDGE('2015',*,*,#1993,.F.);
#2381=ORIENTED_EDGE('2009',*,*,#2015,.F.);
#2382=ORIENTED_EDGE('1978',*,*,#2036,.F.);
#2383=ORIENTED_EDGE('1979',*,*,#2056,.F.);
#2384=ORIENTED_EDGE('1973',*,*,#2078,.F.);
#2385=ORIENTED_EDGE('1940',*,*,#2099,.F.);
#2386=ORIENTED_EDGE('1941',*,*,#2119,.F.);
#2387=ORIENTED_EDGE('1934',*,*,#2141,.F.);
#2388=ORIENTED_EDGE('1935',*,*,#2163,.F.);
#2389=ORIENTED_EDGE('1936',*,*,#2183,.F.);
#2390=ORIENTED_EDGE('1937',*,*,#2205,.F.);
#2391=ORIENTED_EDGE('1938',*,*,#2225,.F.);
#2392=ORIENTED_EDGE('1974',*,*,#2246,.F.);
#2393=ORIENTED_EDGE('1975',*,*,#2268,.F.);
#2394=EDGE_LOOP('1613',(#2368,#2369,#2370,#2371,#2372,#2373,#2374,#2375,#2376,
#2377,#2378,#2379,#2380,#2381,#2382,#2383,#2384,#2385,#2386,#2387,#2388,#2389,
#2390,#2391,#2392,#2393));
#2395=FACE_OUTER_BOUND('1613',#2394,.F.);
#2397=ORIENTED_EDGE('2078',*,*,#2396,.F.);
#2399=ORIENTED_EDGE('2079',*,*,#2398,.T.);
#2401=ORIENTED_EDGE('2081',*,*,#2400,.T.);
#2403=ORIENTED_EDGE('2080',*,*,#2402,.T.);
#2404=EDGE_LOOP('1613',(#2397,#2399,#2401,#2403));
#2405=FACE_BOUND('1613',#2404,.F.);
#2407=ORIENTED_EDGE('2094',*,*,#2406,.F.);
#2409=ORIENTED_EDGE('2095',*,*,#2408,.T.);
#2411=ORIENTED_EDGE('2097',*,*,#2410,.T.);
#2413=ORIENTED_EDGE('2096',*,*,#2412,.T.);
#2414=EDGE_LOOP('1613',(#2407,#2409,#2411,#2413));
#2415=FACE_BOUND('1613',#2414,.F.);
#2417=ORIENTED_EDGE('2110',*,*,#2416,.F.);
#2419=ORIENTED_EDGE('2111',*,*,#2418,.T.);
#2421=ORIENTED_EDGE('2113',*,*,#2420,.T.);
#2423=ORIENTED_EDGE('2112',*,*,#2422,.T.);
#2424=EDGE_LOOP('1613',(#2417,#2419,#2421,#2423));
#2425=FACE_BOUND('1613',#2424,.F.);
#2427=ORIENTED_EDGE('2126',*,*,#2426,.F.);
#2429=ORIENTED_EDGE('2127',*,*,#2428,.T.);
#2431=ORIENTED_EDGE('2129',*,*,#2430,.T.);
#2433=ORIENTED_EDGE('2128',*,*,#2432,.T.);
#2434=EDGE_LOOP('1613',(#2427,#2429,#2431,#2433));
#2435=FACE_BOUND('1613',#2434,.F.);
#2436=ADVANCED_FACE('1613',(#2395,#2405,#2415,#2425,#2435),#2367,.T.);
#2437=FILL_AREA_STYLE_COLOUR('',#63);
#2438=FILL_AREA_STYLE('',(#2437));
#2439=SURFACE_STYLE_FILL_AREA(#2438);
#2440=SURFACE_SIDE_STYLE('',(#2439));
#2441=SURFACE_STYLE_USAGE(.BOTH.,#2440);
#2442=PRESENTATION_STYLE_ASSIGNMENT((#2441));
#2443=STYLED_ITEM('',(#2442),#2436);
#2444=CARTESIAN_POINT('',(-1.25E-2,-2.713382903189E-2,6.663382903190E-2));
#2445=DIRECTION('',(1.E0,0.E0,0.E0));
#2446=DIRECTION('',(0.E0,1.E0,0.E0));
#2447=AXIS2_PLACEMENT_3D('',#2444,#2445,#2446);
#2448=PLANE('1694',#2447);
#2449=ORIENTED_EDGE('2074',*,*,#1769,.F.);
#2451=ORIENTED_EDGE('2083',*,*,#2450,.T.);
#2453=ORIENTED_EDGE('1766',*,*,#2452,.F.);
#2455=ORIENTED_EDGE('2084',*,*,#2454,.T.);
#2456=EDGE_LOOP('1694',(#2449,#2451,#2453,#2455));
#2457=FACE_OUTER_BOUND('1694',#2456,.F.);
#2458=ADVANCED_FACE('1694',(#2457),#2448,.F.);
#2459=FILL_AREA_STYLE_COLOUR('',#183);
#2460=FILL_AREA_STYLE('',(#2459));
#2461=SURFACE_STYLE_FILL_AREA(#2460);
#2462=SURFACE_SIDE_STYLE('',(#2461));
#2463=SURFACE_STYLE_USAGE(.BOTH.,#2462);
#2464=PRESENTATION_STYLE_ASSIGNMENT((#2463));
#2465=STYLED_ITEM('',(#2464),#2458);
#2466=CARTESIAN_POINT('',(-1.25E-2,-2.713382903189E-2,6.663382903190E-2));
#2467=DIRECTION('',(1.E0,0.E0,0.E0));
#2468=DIRECTION('',(0.E0,1.E0,0.E0));
#2469=AXIS2_PLACEMENT_3D('',#2466,#2467,#2468);
#2470=PLANE('1694',#2469);
#2471=ORIENTED_EDGE('2078',*,*,#2396,.T.);
#2473=ORIENTED_EDGE('2085',*,*,#2472,.T.);
#2475=ORIENTED_EDGE('1772',*,*,#2474,.T.);
#2477=ORIENTED_EDGE('1771',*,*,#2476,.T.);
#2479=ORIENTED_EDGE('1770',*,*,#2478,.F.);
#2481=ORIENTED_EDGE('1769',*,*,#2480,.T.);
#2483=ORIENTED_EDGE('1768',*,*,#2482,.T.);
#2485=ORIENTED_EDGE('2082',*,*,#2484,.T.);
#2486=EDGE_LOOP('1694',(#2471,#2473,#2475,#2477,#2479,#2481,#2483,#2485));
#2487=FACE_OUTER_BOUND('1694',#2486,.F.);
#2488=ADVANCED_FACE('1694',(#2487),#2470,.F.);
#2489=FILL_AREA_STYLE_COLOUR('',#183);
#2490=FILL_AREA_STYLE('',(#2489));
#2491=SURFACE_STYLE_FILL_AREA(#2490);
#2492=SURFACE_SIDE_STYLE('',(#2491));
#2493=SURFACE_STYLE_USAGE(.POSITIVE.,#2492);
#2494=PRESENTATION_STYLE_ASSIGNMENT((#2493));
#2495=STYLED_ITEM('',(#2494),#2488);
#2496=CARTESIAN_POINT('',(0.E0,-5.213382903189E-2,1.25E-2));
#2497=DIRECTION('',(0.E0,0.E0,1.E0));
#2498=DIRECTION('',(0.E0,-1.E0,0.E0));
#2499=AXIS2_PLACEMENT_3D('',#2496,#2497,#2498);
#2500=PLANE('1697',#2499);
#2501=ORIENTED_EDGE('2075',*,*,#1775,.T.);
#2503=ORIENTED_EDGE('2087',*,*,#2502,.T.);
#2505=ORIENTED_EDGE('1777',*,*,#2504,.T.);
#2506=ORIENTED_EDGE('2083',*,*,#2450,.F.);
#2507=EDGE_LOOP('1697',(#2501,#2503,#2505,#2506));
#2508=FACE_OUTER_BOUND('1697',#2507,.F.);
#2509=ADVANCED_FACE('1697',(#2508),#2500,.T.);
#2510=FILL_AREA_STYLE_COLOUR('',#183);
#2511=FILL_AREA_STYLE('',(#2510));
#2512=SURFACE_STYLE_FILL_AREA(#2511);
#2513=SURFACE_SIDE_STYLE('',(#2512));
#2514=SURFACE_STYLE_USAGE(.BOTH.,#2513);
#2515=PRESENTATION_STYLE_ASSIGNMENT((#2514));
#2516=STYLED_ITEM('',(#2515),#2509);
#2517=CARTESIAN_POINT('',(0.E0,-5.213382903189E-2,1.25E-2));
#2518=DIRECTION('',(0.E0,0.E0,1.E0));
#2519=DIRECTION('',(0.E0,-1.E0,0.E0));
#2520=AXIS2_PLACEMENT_3D('',#2517,#2518,#2519);
#2521=PLANE('1697',#2520);
#2522=ORIENTED_EDGE('2079',*,*,#2398,.F.);
#2523=ORIENTED_EDGE('2082',*,*,#2484,.F.);
#2525=ORIENTED_EDGE('1780',*,*,#2524,.T.);
#2527=ORIENTED_EDGE('2086',*,*,#2526,.T.);
#2528=EDGE_LOOP('1697',(#2522,#2523,#2525,#2527));
#2529=FACE_OUTER_BOUND('1697',#2528,.F.);
#2530=ADVANCED_FACE('1697',(#2529),#2521,.T.);
#2531=FILL_AREA_STYLE_COLOUR('',#183);
#2532=FILL_AREA_STYLE('',(#2531));
#2533=SURFACE_STYLE_FILL_AREA(#2532);
#2534=SURFACE_SIDE_STYLE('',(#2533));
#2535=SURFACE_STYLE_USAGE(.POSITIVE.,#2534);
#2536=PRESENTATION_STYLE_ASSIGNMENT((#2535));
#2537=STYLED_ITEM('',(#2536),#2530);
#2538=CARTESIAN_POINT('',(1.25E-2,-2.713382903189E-2,6.663382903190E-2));
#2539=DIRECTION('',(1.E0,0.E0,0.E0));
#2540=DIRECTION('',(0.E0,1.E0,0.E0));
#2541=AXIS2_PLACEMENT_3D('',#2538,#2539,#2540);
#2542=PLANE('1709',#2541);
#2543=ORIENTED_EDGE('2077',*,*,#1773,.T.);
#2545=ORIENTED_EDGE('2088',*,*,#2544,.F.);
#2547=ORIENTED_EDGE('1803',*,*,#2546,.T.);
#2548=ORIENTED_EDGE('2087',*,*,#2502,.F.);
#2549=EDGE_LOOP('1709',(#2543,#2545,#2547,#2548));
#2550=FACE_OUTER_BOUND('1709',#2549,.F.);
#2551=ADVANCED_FACE('1709',(#2550),#2542,.T.);
#2552=FILL_AREA_STYLE_COLOUR('',#183);
#2553=FILL_AREA_STYLE('',(#2552));
#2554=SURFACE_STYLE_FILL_AREA(#2553);
#2555=SURFACE_SIDE_STYLE('',(#2554));
#2556=SURFACE_STYLE_USAGE(.BOTH.,#2555);
#2557=PRESENTATION_STYLE_ASSIGNMENT((#2556));
#2558=STYLED_ITEM('',(#2557),#2551);
#2559=CARTESIAN_POINT('',(1.25E-2,-2.713382903189E-2,6.663382903190E-2));
#2560=DIRECTION('',(1.E0,0.E0,0.E0));
#2561=DIRECTION('',(0.E0,1.E0,0.E0));
#2562=AXIS2_PLACEMENT_3D('',#2559,#2560,#2561);
#2563=PLANE('1709',#2562);
#2564=ORIENTED_EDGE('2081',*,*,#2400,.F.);
#2565=ORIENTED_EDGE('2086',*,*,#2526,.F.);
#2567=ORIENTED_EDGE('1782',*,*,#2566,.F.);
#2569=ORIENTED_EDGE('1785',*,*,#2568,.F.);
#2571=ORIENTED_EDGE('1804',*,*,#2570,.F.);
#2573=ORIENTED_EDGE('1795',*,*,#2572,.F.);
#2575=ORIENTED_EDGE('1797',*,*,#2574,.F.);
#2577=ORIENTED_EDGE('2089',*,*,#2576,.F.);
#2578=EDGE_LOOP('1709',(#2564,#2565,#2567,#2569,#2571,#2573,#2575,#2577));
#2579=FACE_OUTER_BOUND('1709',#2578,.F.);
#2580=ADVANCED_FACE('1709',(#2579),#2563,.T.);
#2581=FILL_AREA_STYLE_COLOUR('',#183);
#2582=FILL_AREA_STYLE('',(#2581));
#2583=SURFACE_STYLE_FILL_AREA(#2582);
#2584=SURFACE_SIDE_STYLE('',(#2583));
#2585=SURFACE_STYLE_USAGE(.POSITIVE.,#2584);
#2586=PRESENTATION_STYLE_ASSIGNMENT((#2585));
#2587=STYLED_ITEM('',(#2586),#2580);
#2588=CARTESIAN_POINT('',(0.E0,-5.213382903192E-2,-1.25E-2));
#2589=DIRECTION('',(0.E0,0.E0,1.E0));
#2590=DIRECTION('',(0.E0,1.E0,0.E0));
#2591=AXIS2_PLACEMENT_3D('',#2588,#2589,#2590);
#2592=PLANE('1705',#2591);
#2593=ORIENTED_EDGE('2076',*,*,#1771,.T.);
#2594=ORIENTED_EDGE('2084',*,*,#2454,.F.);
#2596=ORIENTED_EDGE('1798',*,*,#2595,.F.);
#2597=ORIENTED_EDGE('2088',*,*,#2544,.T.);
#2598=EDGE_LOOP('1705',(#2593,#2594,#2596,#2597));
#2599=FACE_OUTER_BOUND('1705',#2598,.F.);
#2600=ADVANCED_FACE('1705',(#2599),#2592,.F.);
#2601=FILL_AREA_STYLE_COLOUR('',#183);
#2602=FILL_AREA_STYLE('',(#2601));
#2603=SURFACE_STYLE_FILL_AREA(#2602);
#2604=SURFACE_SIDE_STYLE('',(#2603));
#2605=SURFACE_STYLE_USAGE(.BOTH.,#2604);
#2606=PRESENTATION_STYLE_ASSIGNMENT((#2605));
#2607=STYLED_ITEM('',(#2606),#2600);
#2608=CARTESIAN_POINT('',(0.E0,-5.213382903192E-2,-1.25E-2));
#2609=DIRECTION('',(0.E0,0.E0,1.E0));
#2610=DIRECTION('',(0.E0,1.E0,0.E0));
#2611=AXIS2_PLACEMENT_3D('',#2608,#2609,#2610);
#2612=PLANE('1705',#2611);
#2613=ORIENTED_EDGE('2080',*,*,#2402,.F.);
#2614=ORIENTED_EDGE('2089',*,*,#2576,.T.);
#2616=ORIENTED_EDGE('1796',*,*,#2615,.F.);
#2617=ORIENTED_EDGE('2085',*,*,#2472,.F.);
#2618=EDGE_LOOP('1705',(#2613,#2614,#2616,#2617));
#2619=FACE_OUTER_BOUND('1705',#2618,.F.);
#2620=ADVANCED_FACE('1705',(#2619),#2612,.F.);
#2621=FILL_AREA_STYLE_COLOUR('',#183);
#2622=FILL_AREA_STYLE('',(#2621));
#2623=SURFACE_STYLE_FILL_AREA(#2622);
#2624=SURFACE_SIDE_STYLE('',(#2623));
#2625=SURFACE_STYLE_USAGE(.POSITIVE.,#2624);
#2626=PRESENTATION_STYLE_ASSIGNMENT((#2625));
#2627=STYLED_ITEM('',(#2626),#2620);
#2628=CARTESIAN_POINT('',(0.E0,-2.283838290319E-1,-8.999999999998E-3));
#2629=DIRECTION('',(0.E0,3.420201433266E-1,9.396926207856E-1));
#2630=DIRECTION('',(-1.E0,0.E0,0.E0));
#2631=AXIS2_PLACEMENT_3D('',#2628,#2629,#2630);
#2632=PLANE('1706',#2631);
#2633=ORIENTED_EDGE('1798',*,*,#2595,.T.);
#2635=ORIENTED_EDGE('1776',*,*,#2634,.T.);
#2637=ORIENTED_EDGE('1800',*,*,#2636,.F.);
#2639=ORIENTED_EDGE('1801',*,*,#2638,.F.);
#2640=EDGE_LOOP('1706',(#2633,#2635,#2637,#2639));
#2641=FACE_OUTER_BOUND('1706',#2640,.F.);
#2642=ADVANCED_FACE('1706',(#2641),#2632,.F.);
#2643=FILL_AREA_STYLE_COLOUR('',#183);
#2644=FILL_AREA_STYLE('',(#2643));
#2645=SURFACE_STYLE_FILL_AREA(#2644);
#2646=SURFACE_SIDE_STYLE('',(#2645));
#2647=SURFACE_STYLE_USAGE(.BOTH.,#2646);
#2648=PRESENTATION_STYLE_ASSIGNMENT((#2647));
#2649=STYLED_ITEM('',(#2648),#2642);
#2650=CARTESIAN_POINT('',(-8.999999999998E-3,-2.283838290319E-1,0.E0));
#2651=DIRECTION('',(9.396926207856E-1,3.420201433266E-1,0.E0));
#2652=DIRECTION('',(0.E0,0.E0,1.E0));
#2653=AXIS2_PLACEMENT_3D('',#2650,#2651,#2652);
#2654=PLANE('1695',#2653);
#2655=ORIENTED_EDGE('1766',*,*,#2452,.T.);
#2657=ORIENTED_EDGE('1774',*,*,#2656,.F.);
#2659=ORIENTED_EDGE('1775',*,*,#2658,.F.);
#2660=ORIENTED_EDGE('1776',*,*,#2634,.F.);
#2661=EDGE_LOOP('1695',(#2655,#2657,#2659,#2660));
#2662=FACE_OUTER_BOUND('1695',#2661,.F.);
#2663=ADVANCED_FACE('1695',(#2662),#2654,.F.);
#2664=FILL_AREA_STYLE_COLOUR('',#183);
#2665=FILL_AREA_STYLE('',(#2664));
#2666=SURFACE_STYLE_FILL_AREA(#2665);
#2667=SURFACE_SIDE_STYLE('',(#2666));
#2668=SURFACE_STYLE_USAGE(.BOTH.,#2667);
#2669=PRESENTATION_STYLE_ASSIGNMENT((#2668));
#2670=STYLED_ITEM('',(#2669),#2663);
#2671=CARTESIAN_POINT('',(0.E0,-2.283838290319E-1,8.999999999998E-3));
#2672=DIRECTION('',(0.E0,-3.420201433266E-1,9.396926207856E-1));
#2673=DIRECTION('',(-1.E0,0.E0,0.E0));
#2674=AXIS2_PLACEMENT_3D('',#2671,#2672,#2673);
#2675=PLANE('1696',#2674);
#2676=ORIENTED_EDGE('1777',*,*,#2504,.F.);
#2678=ORIENTED_EDGE('1778',*,*,#2677,.F.);
#2680=ORIENTED_EDGE('1779',*,*,#2679,.F.);
#2681=ORIENTED_EDGE('1774',*,*,#2656,.T.);
#2682=EDGE_LOOP('1696',(#2676,#2678,#2680,#2681));
#2683=FACE_OUTER_BOUND('1696',#2682,.F.);
#2684=ADVANCED_FACE('1696',(#2683),#2675,.T.);
#2685=FILL_AREA_STYLE_COLOUR('',#183);
#2686=FILL_AREA_STYLE('',(#2685));
#2687=SURFACE_STYLE_FILL_AREA(#2686);
#2688=SURFACE_SIDE_STYLE('',(#2687));
#2689=SURFACE_STYLE_USAGE(.BOTH.,#2688);
#2690=PRESENTATION_STYLE_ASSIGNMENT((#2689));
#2691=STYLED_ITEM('',(#2690),#2684);
#2692=CARTESIAN_POINT('',(8.999999999998E-3,-2.283838290319E-1,0.E0));
#2693=DIRECTION('',(9.396926207856E-1,-3.420201433266E-1,0.E0));
#2694=DIRECTION('',(0.E0,0.E0,1.E0));
#2695=AXIS2_PLACEMENT_3D('',#2692,#2693,#2694);
#2696=PLANE('1708',#2695);
#2698=ORIENTED_EDGE('1802',*,*,#2697,.T.);
#2699=ORIENTED_EDGE('1778',*,*,#2677,.T.);
#2700=ORIENTED_EDGE('1803',*,*,#2546,.F.);
#2701=ORIENTED_EDGE('1801',*,*,#2638,.T.);
#2702=EDGE_LOOP('1708',(#2698,#2699,#2700,#2701));
#2703=FACE_OUTER_BOUND('1708',#2702,.F.);
#2704=ADVANCED_FACE('1708',(#2703),#2696,.T.);
#2705=FILL_AREA_STYLE_COLOUR('',#183);
#2706=FILL_AREA_STYLE('',(#2705));
#2707=SURFACE_STYLE_FILL_AREA(#2706);
#2708=SURFACE_SIDE_STYLE('',(#2707));
#2709=SURFACE_STYLE_USAGE(.BOTH.,#2708);
#2710=PRESENTATION_STYLE_ASSIGNMENT((#2709));
#2711=STYLED_ITEM('',(#2710),#2704);
#2712=CARTESIAN_POINT('',(0.E0,-2.38E-1,0.E0));
#2713=DIRECTION('',(0.E0,1.E0,0.E0));
#2714=DIRECTION('',(0.E0,0.E0,-1.E0));
#2715=AXIS2_PLACEMENT_3D('',#2712,#2713,#2714);
#2716=PLANE('1707',#2715);
#2717=ORIENTED_EDGE('1775',*,*,#2658,.T.);
#2718=ORIENTED_EDGE('1779',*,*,#2679,.T.);
#2719=ORIENTED_EDGE('1802',*,*,#2697,.F.);
#2720=ORIENTED_EDGE('1800',*,*,#2636,.T.);
#2721=EDGE_LOOP('1707',(#2717,#2718,#2719,#2720));
#2722=FACE_OUTER_BOUND('1707',#2721,.F.);
#2723=ADVANCED_FACE('1707',(#2722),#2716,.F.);
#2724=FILL_AREA_STYLE_COLOUR('',#183);
#2725=FILL_AREA_STYLE('',(#2724));
#2726=SURFACE_STYLE_FILL_AREA(#2725);
#2727=SURFACE_SIDE_STYLE('',(#2726));
#2728=SURFACE_STYLE_USAGE(.BOTH.,#2727);
#2729=PRESENTATION_STYLE_ASSIGNMENT((#2728));
#2730=STYLED_ITEM('',(#2729),#2723);
#2731=CARTESIAN_POINT('',(1.3E-2,1.145E-1,3.75E-2));
#2732=DIRECTION('',(-1.E0,0.E0,0.E0));
#2733=DIRECTION('',(0.E0,1.E0,0.E0));
#2734=AXIS2_PLACEMENT_3D('',#2731,#2732,#2733);
#2735=CYLINDRICAL_SURFACE('1704',#2734,5.E-2);
#2736=ORIENTED_EDGE('1772',*,*,#2474,.F.);
#2737=ORIENTED_EDGE('1796',*,*,#2615,.T.);
#2738=ORIENTED_EDGE('1797',*,*,#2574,.T.);
#2740=ORIENTED_EDGE('1794',*,*,#2739,.T.);
#2741=EDGE_LOOP('1704',(#2736,#2737,#2738,#2740));
#2742=FACE_OUTER_BOUND('1704',#2741,.F.);
#2743=ADVANCED_FACE('1704',(#2742),#2735,.T.);
#2744=FILL_AREA_STYLE_COLOUR('',#183);
#2745=FILL_AREA_STYLE('',(#2744));
#2746=SURFACE_STYLE_FILL_AREA(#2745);
#2747=SURFACE_SIDE_STYLE('',(#2746));
#2748=SURFACE_STYLE_USAGE(.BOTH.,#2747);
#2749=PRESENTATION_STYLE_ASSIGNMENT((#2748));
#2750=STYLED_ITEM('',(#2749),#2743);
#2751=CARTESIAN_POINT('',(0.E0,1.645E-1,9.163382903190E-2));
#2752=DIRECTION('',(0.E0,1.E0,0.E0));
#2753=DIRECTION('',(0.E0,0.E0,1.E0));
#2754=AXIS2_PLACEMENT_3D('',#2751,#2752,#2753);
#2755=PLANE('1703',#2754);
#2757=ORIENTED_EDGE('1791',*,*,#2756,.T.);
#2758=ORIENTED_EDGE('1771',*,*,#2476,.F.);
#2759=ORIENTED_EDGE('1794',*,*,#2739,.F.);
#2760=ORIENTED_EDGE('1795',*,*,#2572,.T.);
#2761=EDGE_LOOP('1703',(#2757,#2758,#2759,#2760));
#2762=FACE_OUTER_BOUND('1703',#2761,.F.);
#2763=ADVANCED_FACE('1703',(#2762),#2755,.T.);
#2764=FILL_AREA_STYLE_COLOUR('',#183);
#2765=FILL_AREA_STYLE('',(#2764));
#2766=SURFACE_STYLE_FILL_AREA(#2765);
#2767=SURFACE_SIDE_STYLE('',(#2766));
#2768=SURFACE_STYLE_USAGE(.BOTH.,#2767);
#2769=PRESENTATION_STYLE_ASSIGNMENT((#2768));
#2770=STYLED_ITEM('',(#2769),#2763);
#2771=CARTESIAN_POINT('',(0.E0,1.61E-1,1.553838290319E-1));
#2772=DIRECTION('',(0.E0,9.396926207859E-1,3.420201433257E-1));
#2773=DIRECTION('',(-1.E0,0.E0,0.E0));
#2774=AXIS2_PLACEMENT_3D('',#2771,#2772,#2773);
#2775=PLANE('1702',#2774);
#2776=ORIENTED_EDGE('1791',*,*,#2756,.F.);
#2778=ORIENTED_EDGE('1792',*,*,#2777,.F.);
#2780=ORIENTED_EDGE('1793',*,*,#2779,.F.);
#2782=ORIENTED_EDGE('1789',*,*,#2781,.T.);
#2783=EDGE_LOOP('1702',(#2776,#2778,#2780,#2782));
#2784=FACE_OUTER_BOUND('1702',#2783,.F.);
#2785=ADVANCED_FACE('1702',(#2784),#2775,.T.);
#2786=FILL_AREA_STYLE_COLOUR('',#183);
#2787=FILL_AREA_STYLE('',(#2786));
#2788=SURFACE_STYLE_FILL_AREA(#2787);
#2789=SURFACE_SIDE_STYLE('',(#2788));
#2790=SURFACE_STYLE_USAGE(.BOTH.,#2789);
#2791=PRESENTATION_STYLE_ASSIGNMENT((#2790));
#2792=STYLED_ITEM('',(#2791),#2785);
#2793=CARTESIAN_POINT('',(8.999999999998E-3,1.52E-1,1.553838290319E-1));
#2794=DIRECTION('',(9.396926207856E-1,0.E0,3.420201433266E-1));
#2795=DIRECTION('',(0.E0,1.E0,0.E0));
#2796=AXIS2_PLACEMENT_3D('',#2793,#2794,#2795);
#2797=PLANE('1710',#2796);
#2799=ORIENTED_EDGE('1805',*,*,#2798,.F.);
#2800=ORIENTED_EDGE('1792',*,*,#2777,.T.);
#2801=ORIENTED_EDGE('1804',*,*,#2570,.T.);
#2803=ORIENTED_EDGE('1788',*,*,#2802,.T.);
#2804=EDGE_LOOP('1710',(#2799,#2800,#2801,#2803));
#2805=FACE_OUTER_BOUND('1710',#2804,.F.);
#2806=ADVANCED_FACE('1710',(#2805),#2797,.T.);
#2807=FILL_AREA_STYLE_COLOUR('',#183);
#2808=FILL_AREA_STYLE('',(#2807));
#2809=SURFACE_STYLE_FILL_AREA(#2808);
#2810=SURFACE_SIDE_STYLE('',(#2809));
#2811=SURFACE_STYLE_USAGE(.BOTH.,#2810);
#2812=PRESENTATION_STYLE_ASSIGNMENT((#2811));
#2813=STYLED_ITEM('',(#2812),#2806);
#2814=CARTESIAN_POINT('',(0.E0,1.52E-1,1.65E-1));
#2815=DIRECTION('',(0.E0,0.E0,1.E0));
#2816=DIRECTION('',(0.E0,-1.E0,0.E0));
#2817=AXIS2_PLACEMENT_3D('',#2814,#2815,#2816);
#2818=PLANE('1711',#2817);
#2820=ORIENTED_EDGE('1787',*,*,#2819,.T.);
#2822=ORIENTED_EDGE('1790',*,*,#2821,.T.);
#2823=ORIENTED_EDGE('1793',*,*,#2779,.T.);
#2824=ORIENTED_EDGE('1805',*,*,#2798,.T.);
#2825=EDGE_LOOP('1711',(#2820,#2822,#2823,#2824));
#2826=FACE_OUTER_BOUND('1711',#2825,.F.);
#2827=ADVANCED_FACE('1711',(#2826),#2818,.T.);
#2828=FILL_AREA_STYLE_COLOUR('',#183);
#2829=FILL_AREA_STYLE('',(#2828));
#2830=SURFACE_STYLE_FILL_AREA(#2829);
#2831=SURFACE_SIDE_STYLE('',(#2830));
#2832=SURFACE_STYLE_USAGE(.BOTH.,#2831);
#2833=PRESENTATION_STYLE_ASSIGNMENT((#2832));
#2834=STYLED_ITEM('',(#2833),#2827);
#2835=CARTESIAN_POINT('',(0.E0,1.43E-1,1.553838290319E-1));
#2836=DIRECTION('',(0.E0,9.396926207859E-1,-3.420201433257E-1));
#2837=DIRECTION('',(-1.E0,0.E0,0.E0));
#2838=AXIS2_PLACEMENT_3D('',#2835,#2836,#2837);
#2839=PLANE('1700',#2838);
#2841=ORIENTED_EDGE('1784',*,*,#2840,.T.);
#2843=ORIENTED_EDGE('1786',*,*,#2842,.F.);
#2844=ORIENTED_EDGE('1787',*,*,#2819,.F.);
#2845=ORIENTED_EDGE('1788',*,*,#2802,.F.);
#2846=EDGE_LOOP('1700',(#2841,#2843,#2844,#2845));
#2847=FACE_OUTER_BOUND('1700',#2846,.F.);
#2848=ADVANCED_FACE('1700',(#2847),#2839,.F.);
#2849=FILL_AREA_STYLE_COLOUR('',#183);
#2850=FILL_AREA_STYLE('',(#2849));
#2851=SURFACE_STYLE_FILL_AREA(#2850);
#2852=SURFACE_SIDE_STYLE('',(#2851));
#2853=SURFACE_STYLE_USAGE(.BOTH.,#2852);
#2854=PRESENTATION_STYLE_ASSIGNMENT((#2853));
#2855=STYLED_ITEM('',(#2854),#2848);
#2856=CARTESIAN_POINT('',(0.E0,1.395E-1,9.163382903192E-2));
#2857=DIRECTION('',(0.E0,1.E0,0.E0));
#2858=DIRECTION('',(0.E0,0.E0,-1.E0));
#2859=AXIS2_PLACEMENT_3D('',#2856,#2857,#2858);
#2860=PLANE('1699',#2859);
#2861=ORIENTED_EDGE('1784',*,*,#2840,.F.);
#2862=ORIENTED_EDGE('1785',*,*,#2568,.T.);
#2864=ORIENTED_EDGE('1783',*,*,#2863,.T.);
#2865=ORIENTED_EDGE('1769',*,*,#2480,.F.);
#2866=EDGE_LOOP('1699',(#2861,#2862,#2864,#2865));
#2867=FACE_OUTER_BOUND('1699',#2866,.F.);
#2868=ADVANCED_FACE('1699',(#2867),#2860,.F.);
#2869=FILL_AREA_STYLE_COLOUR('',#183);
#2870=FILL_AREA_STYLE('',(#2869));
#2871=SURFACE_STYLE_FILL_AREA(#2870);
#2872=SURFACE_SIDE_STYLE('',(#2871));
#2873=SURFACE_STYLE_USAGE(.BOTH.,#2872);
#2874=PRESENTATION_STYLE_ASSIGNMENT((#2873));
#2875=STYLED_ITEM('',(#2874),#2868);
#2876=CARTESIAN_POINT('',(-1.3E-2,1.145E-1,3.75E-2));
#2877=DIRECTION('',(1.E0,0.E0,0.E0));
#2878=DIRECTION('',(0.E0,0.E0,-1.E0));
#2879=AXIS2_PLACEMENT_3D('',#2876,#2877,#2878);
#2880=CYLINDRICAL_SURFACE('1698',#2879,2.5E-2);
#2881=ORIENTED_EDGE('1780',*,*,#2524,.F.);
#2882=ORIENTED_EDGE('1768',*,*,#2482,.F.);
#2883=ORIENTED_EDGE('1783',*,*,#2863,.F.);
#2884=ORIENTED_EDGE('1782',*,*,#2566,.T.);
#2885=EDGE_LOOP('1698',(#2881,#2882,#2883,#2884));
#2886=FACE_OUTER_BOUND('1698',#2885,.F.);
#2887=ADVANCED_FACE('1698',(#2886),#2880,.F.);
#2888=FILL_AREA_STYLE_COLOUR('',#183);
#2889=FILL_AREA_STYLE('',(#2888));
#2890=SURFACE_STYLE_FILL_AREA(#2889);
#2891=SURFACE_SIDE_STYLE('',(#2890));
#2892=SURFACE_STYLE_USAGE(.BOTH.,#2891);
#2893=PRESENTATION_STYLE_ASSIGNMENT((#2892));
#2894=STYLED_ITEM('',(#2893),#2887);
#2895=CARTESIAN_POINT('',(-8.999999999998E-3,1.52E-1,1.553838290319E-1));
#2896=DIRECTION('',(9.396926207856E-1,0.E0,-3.420201433266E-1));
#2897=DIRECTION('',(0.E0,1.E0,0.E0));
#2898=AXIS2_PLACEMENT_3D('',#2895,#2896,#2897);
#2899=PLANE('1701',#2898);
#2900=ORIENTED_EDGE('1770',*,*,#2478,.T.);
#2901=ORIENTED_EDGE('1789',*,*,#2781,.F.);
#2902=ORIENTED_EDGE('1790',*,*,#2821,.F.);
#2903=ORIENTED_EDGE('1786',*,*,#2842,.T.);
#2904=EDGE_LOOP('1701',(#2900,#2901,#2902,#2903));
#2905=FACE_OUTER_BOUND('1701',#2904,.F.);
#2906=ADVANCED_FACE('1701',(#2905),#2899,.F.);
#2907=FILL_AREA_STYLE_COLOUR('',#183);
#2908=FILL_AREA_STYLE('',(#2907));
#2909=SURFACE_STYLE_FILL_AREA(#2908);
#2910=SURFACE_SIDE_STYLE('',(#2909));
#2911=SURFACE_STYLE_USAGE(.BOTH.,#2910);
#2912=PRESENTATION_STYLE_ASSIGNMENT((#2911));
#2913=STYLED_ITEM('',(#2912),#2906);
#2914=CARTESIAN_POINT('',(-1.125E-1,-2.713382903189E-2,6.663382903190E-2));
#2915=DIRECTION('',(1.E0,0.E0,0.E0));
#2916=DIRECTION('',(0.E0,1.E0,0.E0));
#2917=AXIS2_PLACEMENT_3D('',#2914,#2915,#2916);
#2918=PLANE('1712',#2917);
#2919=ORIENTED_EDGE('2090',*,*,#1779,.F.);
#2921=ORIENTED_EDGE('2099',*,*,#2920,.T.);
#2923=ORIENTED_EDGE('1806',*,*,#2922,.F.);
#2925=ORIENTED_EDGE('2100',*,*,#2924,.T.);
#2926=EDGE_LOOP('1712',(#2919,#2921,#2923,#2925));
#2927=FACE_OUTER_BOUND('1712',#2926,.F.);
#2928=ADVANCED_FACE('1712',(#2927),#2918,.F.);
#2929=FILL_AREA_STYLE_COLOUR('',#183);
#2930=FILL_AREA_STYLE('',(#2929));
#2931=SURFACE_STYLE_FILL_AREA(#2930);
#2932=SURFACE_SIDE_STYLE('',(#2931));
#2933=SURFACE_STYLE_USAGE(.BOTH.,#2932);
#2934=PRESENTATION_STYLE_ASSIGNMENT((#2933));
#2935=STYLED_ITEM('',(#2934),#2928);
#2936=CARTESIAN_POINT('',(-1.125E-1,-2.713382903189E-2,6.663382903190E-2));
#2937=DIRECTION('',(1.E0,0.E0,0.E0));
#2938=DIRECTION('',(0.E0,1.E0,0.E0));
#2939=AXIS2_PLACEMENT_3D('',#2936,#2937,#2938);
#2940=PLANE('1712',#2939);
#2941=ORIENTED_EDGE('2094',*,*,#2406,.T.);
#2943=ORIENTED_EDGE('2101',*,*,#2942,.T.);
#2945=ORIENTED_EDGE('1812',*,*,#2944,.T.);
#2947=ORIENTED_EDGE('1811',*,*,#2946,.T.);
#2949=ORIENTED_EDGE('1810',*,*,#2948,.F.);
#2951=ORIENTED_EDGE('1809',*,*,#2950,.T.);
#2953=ORIENTED_EDGE('1808',*,*,#2952,.T.);
#2955=ORIENTED_EDGE('2098',*,*,#2954,.T.);
#2956=EDGE_LOOP('1712',(#2941,#2943,#2945,#2947,#2949,#2951,#2953,#2955));
#2957=FACE_OUTER_BOUND('1712',#2956,.F.);
#2958=ADVANCED_FACE('1712',(#2957),#2940,.F.);
#2959=FILL_AREA_STYLE_COLOUR('',#183);
#2960=FILL_AREA_STYLE('',(#2959));
#2961=SURFACE_STYLE_FILL_AREA(#2960);
#2962=SURFACE_SIDE_STYLE('',(#2961));
#2963=SURFACE_STYLE_USAGE(.POSITIVE.,#2962);
#2964=PRESENTATION_STYLE_ASSIGNMENT((#2963));
#2965=STYLED_ITEM('',(#2964),#2958);
#2966=CARTESIAN_POINT('',(-1.E-1,-5.213382903189E-2,1.25E-2));
#2967=DIRECTION('',(0.E0,0.E0,1.E0));
#2968=DIRECTION('',(0.E0,-1.E0,0.E0));
#2969=AXIS2_PLACEMENT_3D('',#2966,#2967,#2968);
#2970=PLANE('1715',#2969);
#2971=ORIENTED_EDGE('2091',*,*,#1785,.T.);
#2973=ORIENTED_EDGE('2103',*,*,#2972,.T.);
#2975=ORIENTED_EDGE('1817',*,*,#2974,.T.);
#2976=ORIENTED_EDGE('2099',*,*,#2920,.F.);
#2977=EDGE_LOOP('1715',(#2971,#2973,#2975,#2976));
#2978=FACE_OUTER_BOUND('1715',#2977,.F.);
#2979=ADVANCED_FACE('1715',(#2978),#2970,.T.);
#2980=FILL_AREA_STYLE_COLOUR('',#183);
#2981=FILL_AREA_STYLE('',(#2980));
#2982=SURFACE_STYLE_FILL_AREA(#2981);
#2983=SURFACE_SIDE_STYLE('',(#2982));
#2984=SURFACE_STYLE_USAGE(.BOTH.,#2983);
#2985=PRESENTATION_STYLE_ASSIGNMENT((#2984));
#2986=STYLED_ITEM('',(#2985),#2979);
#2987=CARTESIAN_POINT('',(-1.E-1,-5.213382903189E-2,1.25E-2));
#2988=DIRECTION('',(0.E0,0.E0,1.E0));
#2989=DIRECTION('',(0.E0,-1.E0,0.E0));
#2990=AXIS2_PLACEMENT_3D('',#2987,#2988,#2989);
#2991=PLANE('1715',#2990);
#2992=ORIENTED_EDGE('2095',*,*,#2408,.F.);
#2993=ORIENTED_EDGE('2098',*,*,#2954,.F.);
#2995=ORIENTED_EDGE('1820',*,*,#2994,.T.);
#2997=ORIENTED_EDGE('2102',*,*,#2996,.T.);
#2998=EDGE_LOOP('1715',(#2992,#2993,#2995,#2997));
#2999=FACE_OUTER_BOUND('1715',#2998,.F.);
#3000=ADVANCED_FACE('1715',(#2999),#2991,.T.);
#3001=FILL_AREA_STYLE_COLOUR('',#183);
#3002=FILL_AREA_STYLE('',(#3001));
#3003=SURFACE_STYLE_FILL_AREA(#3002);
#3004=SURFACE_SIDE_STYLE('',(#3003));
#3005=SURFACE_STYLE_USAGE(.POSITIVE.,#3004);
#3006=PRESENTATION_STYLE_ASSIGNMENT((#3005));
#3007=STYLED_ITEM('',(#3006),#3000);
#3008=CARTESIAN_POINT('',(-8.75E-2,-2.713382903189E-2,6.663382903190E-2));
#3009=DIRECTION('',(1.E0,0.E0,0.E0));
#3010=DIRECTION('',(0.E0,1.E0,0.E0));
#3011=AXIS2_PLACEMENT_3D('',#3008,#3009,#3010);
#3012=PLANE('1727',#3011);
#3013=ORIENTED_EDGE('2093',*,*,#1783,.T.);
#3015=ORIENTED_EDGE('2104',*,*,#3014,.F.);
#3017=ORIENTED_EDGE('1843',*,*,#3016,.T.);
#3018=ORIENTED_EDGE('2103',*,*,#2972,.F.);
#3019=EDGE_LOOP('1727',(#3013,#3015,#3017,#3018));
#3020=FACE_OUTER_BOUND('1727',#3019,.F.);
#3021=ADVANCED_FACE('1727',(#3020),#3012,.T.);
#3022=FILL_AREA_STYLE_COLOUR('',#183);
#3023=FILL_AREA_STYLE('',(#3022));
#3024=SURFACE_STYLE_FILL_AREA(#3023);
#3025=SURFACE_SIDE_STYLE('',(#3024));
#3026=SURFACE_STYLE_USAGE(.BOTH.,#3025);
#3027=PRESENTATION_STYLE_ASSIGNMENT((#3026));
#3028=STYLED_ITEM('',(#3027),#3021);
#3029=CARTESIAN_POINT('',(-8.75E-2,-2.713382903189E-2,6.663382903190E-2));
#3030=DIRECTION('',(1.E0,0.E0,0.E0));
#3031=DIRECTION('',(0.E0,1.E0,0.E0));
#3032=AXIS2_PLACEMENT_3D('',#3029,#3030,#3031);
#3033=PLANE('1727',#3032);
#3034=ORIENTED_EDGE('2097',*,*,#2410,.F.);
#3035=ORIENTED_EDGE('2102',*,*,#2996,.F.);
#3037=ORIENTED_EDGE('1822',*,*,#3036,.F.);
#3039=ORIENTED_EDGE('1825',*,*,#3038,.F.);
#3041=ORIENTED_EDGE('1844',*,*,#3040,.F.);
#3043=ORIENTED_EDGE('1835',*,*,#3042,.F.);
#3045=ORIENTED_EDGE('1837',*,*,#3044,.F.);
#3047=ORIENTED_EDGE('2105',*,*,#3046,.F.);
#3048=EDGE_LOOP('1727',(#3034,#3035,#3037,#3039,#3041,#3043,#3045,#3047));
#3049=FACE_OUTER_BOUND('1727',#3048,.F.);
#3050=ADVANCED_FACE('1727',(#3049),#3033,.T.);
#3051=FILL_AREA_STYLE_COLOUR('',#183);
#3052=FILL_AREA_STYLE('',(#3051));
#3053=SURFACE_STYLE_FILL_AREA(#3052);
#3054=SURFACE_SIDE_STYLE('',(#3053));
#3055=SURFACE_STYLE_USAGE(.POSITIVE.,#3054);
#3056=PRESENTATION_STYLE_ASSIGNMENT((#3055));
#3057=STYLED_ITEM('',(#3056),#3050);
#3058=CARTESIAN_POINT('',(-1.E-1,-5.213382903192E-2,-1.25E-2));
#3059=DIRECTION('',(0.E0,0.E0,1.E0));
#3060=DIRECTION('',(0.E0,1.E0,0.E0));
#3061=AXIS2_PLACEMENT_3D('',#3058,#3059,#3060);
#3062=PLANE('1723',#3061);
#3063=ORIENTED_EDGE('2092',*,*,#1781,.T.);
#3064=ORIENTED_EDGE('2100',*,*,#2924,.F.);
#3066=ORIENTED_EDGE('1838',*,*,#3065,.F.);
#3067=ORIENTED_EDGE('2104',*,*,#3014,.T.);
#3068=EDGE_LOOP('1723',(#3063,#3064,#3066,#3067));
#3069=FACE_OUTER_BOUND('1723',#3068,.F.);
#3070=ADVANCED_FACE('1723',(#3069),#3062,.F.);
#3071=FILL_AREA_STYLE_COLOUR('',#183);
#3072=FILL_AREA_STYLE('',(#3071));
#3073=SURFACE_STYLE_FILL_AREA(#3072);
#3074=SURFACE_SIDE_STYLE('',(#3073));
#3075=SURFACE_STYLE_USAGE(.BOTH.,#3074);
#3076=PRESENTATION_STYLE_ASSIGNMENT((#3075));
#3077=STYLED_ITEM('',(#3076),#3070);
#3078=CARTESIAN_POINT('',(-1.E-1,-5.213382903192E-2,-1.25E-2));
#3079=DIRECTION('',(0.E0,0.E0,1.E0));
#3080=DIRECTION('',(0.E0,1.E0,0.E0));
#3081=AXIS2_PLACEMENT_3D('',#3078,#3079,#3080);
#3082=PLANE('1723',#3081);
#3083=ORIENTED_EDGE('2096',*,*,#2412,.F.);
#3084=ORIENTED_EDGE('2105',*,*,#3046,.T.);
#3086=ORIENTED_EDGE('1836',*,*,#3085,.F.);
#3087=ORIENTED_EDGE('2101',*,*,#2942,.F.);
#3088=EDGE_LOOP('1723',(#3083,#3084,#3086,#3087));
#3089=FACE_OUTER_BOUND('1723',#3088,.F.);
#3090=ADVANCED_FACE('1723',(#3089),#3082,.F.);
#3091=FILL_AREA_STYLE_COLOUR('',#183);
#3092=FILL_AREA_STYLE('',(#3091));
#3093=SURFACE_STYLE_FILL_AREA(#3092);
#3094=SURFACE_SIDE_STYLE('',(#3093));
#3095=SURFACE_STYLE_USAGE(.POSITIVE.,#3094);
#3096=PRESENTATION_STYLE_ASSIGNMENT((#3095));
#3097=STYLED_ITEM('',(#3096),#3090);
#3098=CARTESIAN_POINT('',(-1.E-1,-2.283838290319E-1,-8.999999999998E-3));
#3099=DIRECTION('',(0.E0,3.420201433266E-1,9.396926207856E-1));
#3100=DIRECTION('',(-1.E0,0.E0,0.E0));
#3101=AXIS2_PLACEMENT_3D('',#3098,#3099,#3100);
#3102=PLANE('1724',#3101);
#3103=ORIENTED_EDGE('1838',*,*,#3065,.T.);
#3105=ORIENTED_EDGE('1816',*,*,#3104,.T.);
#3107=ORIENTED_EDGE('1840',*,*,#3106,.F.);
#3109=ORIENTED_EDGE('1841',*,*,#3108,.F.);
#3110=EDGE_LOOP('1724',(#3103,#3105,#3107,#3109));
#3111=FACE_OUTER_BOUND('1724',#3110,.F.);
#3112=ADVANCED_FACE('1724',(#3111),#3102,.F.);
#3113=FILL_AREA_STYLE_COLOUR('',#183);
#3114=FILL_AREA_STYLE('',(#3113));
#3115=SURFACE_STYLE_FILL_AREA(#3114);
#3116=SURFACE_SIDE_STYLE('',(#3115));
#3117=SURFACE_STYLE_USAGE(.BOTH.,#3116);
#3118=PRESENTATION_STYLE_ASSIGNMENT((#3117));
#3119=STYLED_ITEM('',(#3118),#3112);
#3120=CARTESIAN_POINT('',(-1.09E-1,-2.283838290319E-1,0.E0));
#3121=DIRECTION('',(9.396926207859E-1,3.420201433257E-1,0.E0));
#3122=DIRECTION('',(0.E0,0.E0,1.E0));
#3123=AXIS2_PLACEMENT_3D('',#3120,#3121,#3122);
#3124=PLANE('1713',#3123);
#3125=ORIENTED_EDGE('1806',*,*,#2922,.T.);
#3127=ORIENTED_EDGE('1814',*,*,#3126,.F.);
#3129=ORIENTED_EDGE('1815',*,*,#3128,.F.);
#3130=ORIENTED_EDGE('1816',*,*,#3104,.F.);
#3131=EDGE_LOOP('1713',(#3125,#3127,#3129,#3130));
#3132=FACE_OUTER_BOUND('1713',#3131,.F.);
#3133=ADVANCED_FACE('1713',(#3132),#3124,.F.);
#3134=FILL_AREA_STYLE_COLOUR('',#183);
#3135=FILL_AREA_STYLE('',(#3134));
#3136=SURFACE_STYLE_FILL_AREA(#3135);
#3137=SURFACE_SIDE_STYLE('',(#3136));
#3138=SURFACE_STYLE_USAGE(.BOTH.,#3137);
#3139=PRESENTATION_STYLE_ASSIGNMENT((#3138));
#3140=STYLED_ITEM('',(#3139),#3133);
#3141=CARTESIAN_POINT('',(-1.E-1,-2.283838290319E-1,8.999999999998E-3));
#3142=DIRECTION('',(0.E0,-3.420201433266E-1,9.396926207856E-1));
#3143=DIRECTION('',(-1.E0,0.E0,0.E0));
#3144=AXIS2_PLACEMENT_3D('',#3141,#3142,#3143);
#3145=PLANE('1714',#3144);
#3146=ORIENTED_EDGE('1817',*,*,#2974,.F.);
#3148=ORIENTED_EDGE('1818',*,*,#3147,.F.);
#3150=ORIENTED_EDGE('1819',*,*,#3149,.F.);
#3151=ORIENTED_EDGE('1814',*,*,#3126,.T.);
#3152=EDGE_LOOP('1714',(#3146,#3148,#3150,#3151));
#3153=FACE_OUTER_BOUND('1714',#3152,.F.);
#3154=ADVANCED_FACE('1714',(#3153),#3145,.T.);
#3155=FILL_AREA_STYLE_COLOUR('',#183);
#3156=FILL_AREA_STYLE('',(#3155));
#3157=SURFACE_STYLE_FILL_AREA(#3156);
#3158=SURFACE_SIDE_STYLE('',(#3157));
#3159=SURFACE_STYLE_USAGE(.BOTH.,#3158);
#3160=PRESENTATION_STYLE_ASSIGNMENT((#3159));
#3161=STYLED_ITEM('',(#3160),#3154);
#3162=CARTESIAN_POINT('',(-9.1E-2,-2.283838290319E-1,0.E0));
#3163=DIRECTION('',(9.396926207856E-1,-3.420201433265E-1,0.E0));
#3164=DIRECTION('',(0.E0,0.E0,1.E0));
#3165=AXIS2_PLACEMENT_3D('',#3162,#3163,#3164);
#3166=PLANE('1726',#3165);
#3168=ORIENTED_EDGE('1842',*,*,#3167,.T.);
#3169=ORIENTED_EDGE('1818',*,*,#3147,.T.);
#3170=ORIENTED_EDGE('1843',*,*,#3016,.F.);
#3171=ORIENTED_EDGE('1841',*,*,#3108,.T.);
#3172=EDGE_LOOP('1726',(#3168,#3169,#3170,#3171));
#3173=FACE_OUTER_BOUND('1726',#3172,.F.);
#3174=ADVANCED_FACE('1726',(#3173),#3166,.T.);
#3175=FILL_AREA_STYLE_COLOUR('',#183);
#3176=FILL_AREA_STYLE('',(#3175));
#3177=SURFACE_STYLE_FILL_AREA(#3176);
#3178=SURFACE_SIDE_STYLE('',(#3177));
#3179=SURFACE_STYLE_USAGE(.BOTH.,#3178);
#3180=PRESENTATION_STYLE_ASSIGNMENT((#3179));
#3181=STYLED_ITEM('',(#3180),#3174);
#3182=CARTESIAN_POINT('',(-1.E-1,-2.38E-1,0.E0));
#3183=DIRECTION('',(0.E0,1.E0,0.E0));
#3184=DIRECTION('',(0.E0,0.E0,-1.E0));
#3185=AXIS2_PLACEMENT_3D('',#3182,#3183,#3184);
#3186=PLANE('1725',#3185);
#3187=ORIENTED_EDGE('1815',*,*,#3128,.T.);
#3188=ORIENTED_EDGE('1819',*,*,#3149,.T.);
#3189=ORIENTED_EDGE('1842',*,*,#3167,.F.);
#3190=ORIENTED_EDGE('1840',*,*,#3106,.T.);
#3191=EDGE_LOOP('1725',(#3187,#3188,#3189,#3190));
#3192=FACE_OUTER_BOUND('1725',#3191,.F.);
#3193=ADVANCED_FACE('1725',(#3192),#3186,.F.);
#3194=FILL_AREA_STYLE_COLOUR('',#183);
#3195=FILL_AREA_STYLE('',(#3194));
#3196=SURFACE_STYLE_FILL_AREA(#3195);
#3197=SURFACE_SIDE_STYLE('',(#3196));
#3198=SURFACE_STYLE_USAGE(.BOTH.,#3197);
#3199=PRESENTATION_STYLE_ASSIGNMENT((#3198));
#3200=STYLED_ITEM('',(#3199),#3193);
#3201=CARTESIAN_POINT('',(-8.7E-2,1.145E-1,3.75E-2));
#3202=DIRECTION('',(-1.E0,0.E0,0.E0));
#3203=DIRECTION('',(0.E0,1.E0,0.E0));
#3204=AXIS2_PLACEMENT_3D('',#3201,#3202,#3203);
#3205=CYLINDRICAL_SURFACE('1722',#3204,5.E-2);
#3206=ORIENTED_EDGE('1812',*,*,#2944,.F.);
#3207=ORIENTED_EDGE('1836',*,*,#3085,.T.);
#3208=ORIENTED_EDGE('1837',*,*,#3044,.T.);
#3210=ORIENTED_EDGE('1834',*,*,#3209,.T.);
#3211=EDGE_LOOP('1722',(#3206,#3207,#3208,#3210));
#3212=FACE_OUTER_BOUND('1722',#3211,.F.);
#3213=ADVANCED_FACE('1722',(#3212),#3205,.T.);
#3214=FILL_AREA_STYLE_COLOUR('',#183);
#3215=FILL_AREA_STYLE('',(#3214));
#3216=SURFACE_STYLE_FILL_AREA(#3215);
#3217=SURFACE_SIDE_STYLE('',(#3216));
#3218=SURFACE_STYLE_USAGE(.BOTH.,#3217);
#3219=PRESENTATION_STYLE_ASSIGNMENT((#3218));
#3220=STYLED_ITEM('',(#3219),#3213);
#3221=CARTESIAN_POINT('',(-1.E-1,1.645E-1,9.163382903190E-2));
#3222=DIRECTION('',(0.E0,1.E0,0.E0));
#3223=DIRECTION('',(0.E0,0.E0,1.E0));
#3224=AXIS2_PLACEMENT_3D('',#3221,#3222,#3223);
#3225=PLANE('1721',#3224);
#3227=ORIENTED_EDGE('1831',*,*,#3226,.T.);
#3228=ORIENTED_EDGE('1811',*,*,#2946,.F.);
#3229=ORIENTED_EDGE('1834',*,*,#3209,.F.);
#3230=ORIENTED_EDGE('1835',*,*,#3042,.T.);
#3231=EDGE_LOOP('1721',(#3227,#3228,#3229,#3230));
#3232=FACE_OUTER_BOUND('1721',#3231,.F.);
#3233=ADVANCED_FACE('1721',(#3232),#3225,.T.);
#3234=FILL_AREA_STYLE_COLOUR('',#183);
#3235=FILL_AREA_STYLE('',(#3234));
#3236=SURFACE_STYLE_FILL_AREA(#3235);
#3237=SURFACE_SIDE_STYLE('',(#3236));
#3238=SURFACE_STYLE_USAGE(.BOTH.,#3237);
#3239=PRESENTATION_STYLE_ASSIGNMENT((#3238));
#3240=STYLED_ITEM('',(#3239),#3233);
#3241=CARTESIAN_POINT('',(-1.E-1,1.61E-1,1.553838290319E-1));
#3242=DIRECTION('',(0.E0,9.396926207859E-1,3.420201433257E-1));
#3243=DIRECTION('',(-1.E0,0.E0,0.E0));
#3244=AXIS2_PLACEMENT_3D('',#3241,#3242,#3243);
#3245=PLANE('1720',#3244);
#3246=ORIENTED_EDGE('1831',*,*,#3226,.F.);
#3248=ORIENTED_EDGE('1832',*,*,#3247,.F.);
#3250=ORIENTED_EDGE('1833',*,*,#3249,.F.);
#3252=ORIENTED_EDGE('1829',*,*,#3251,.T.);
#3253=EDGE_LOOP('1720',(#3246,#3248,#3250,#3252));
#3254=FACE_OUTER_BOUND('1720',#3253,.F.);
#3255=ADVANCED_FACE('1720',(#3254),#3245,.T.);
#3256=FILL_AREA_STYLE_COLOUR('',#183);
#3257=FILL_AREA_STYLE('',(#3256));
#3258=SURFACE_STYLE_FILL_AREA(#3257);
#3259=SURFACE_SIDE_STYLE('',(#3258));
#3260=SURFACE_STYLE_USAGE(.BOTH.,#3259);
#3261=PRESENTATION_STYLE_ASSIGNMENT((#3260));
#3262=STYLED_ITEM('',(#3261),#3255);
#3263=CARTESIAN_POINT('',(-9.1E-2,1.52E-1,1.553838290319E-1));
#3264=DIRECTION('',(9.396926207856E-1,0.E0,3.420201433265E-1));
#3265=DIRECTION('',(0.E0,1.E0,0.E0));
#3266=AXIS2_PLACEMENT_3D('',#3263,#3264,#3265);
#3267=PLANE('1728',#3266);
#3269=ORIENTED_EDGE('1845',*,*,#3268,.F.);
#3270=ORIENTED_EDGE('1832',*,*,#3247,.T.);
#3271=ORIENTED_EDGE('1844',*,*,#3040,.T.);
#3273=ORIENTED_EDGE('1828',*,*,#3272,.T.);
#3274=EDGE_LOOP('1728',(#3269,#3270,#3271,#3273));
#3275=FACE_OUTER_BOUND('1728',#3274,.F.);
#3276=ADVANCED_FACE('1728',(#3275),#3267,.T.);
#3277=FILL_AREA_STYLE_COLOUR('',#183);
#3278=FILL_AREA_STYLE('',(#3277));
#3279=SURFACE_STYLE_FILL_AREA(#3278);
#3280=SURFACE_SIDE_STYLE('',(#3279));
#3281=SURFACE_STYLE_USAGE(.BOTH.,#3280);
#3282=PRESENTATION_STYLE_ASSIGNMENT((#3281));
#3283=STYLED_ITEM('',(#3282),#3276);
#3284=CARTESIAN_POINT('',(-1.E-1,1.52E-1,1.65E-1));
#3285=DIRECTION('',(0.E0,0.E0,1.E0));
#3286=DIRECTION('',(0.E0,-1.E0,0.E0));
#3287=AXIS2_PLACEMENT_3D('',#3284,#3285,#3286);
#3288=PLANE('1729',#3287);
#3290=ORIENTED_EDGE('1827',*,*,#3289,.T.);
#3292=ORIENTED_EDGE('1830',*,*,#3291,.T.);
#3293=ORIENTED_EDGE('1833',*,*,#3249,.T.);
#3294=ORIENTED_EDGE('1845',*,*,#3268,.T.);
#3295=EDGE_LOOP('1729',(#3290,#3292,#3293,#3294));
#3296=FACE_OUTER_BOUND('1729',#3295,.F.);
#3297=ADVANCED_FACE('1729',(#3296),#3288,.T.);
#3298=FILL_AREA_STYLE_COLOUR('',#183);
#3299=FILL_AREA_STYLE('',(#3298));
#3300=SURFACE_STYLE_FILL_AREA(#3299);
#3301=SURFACE_SIDE_STYLE('',(#3300));
#3302=SURFACE_STYLE_USAGE(.BOTH.,#3301);
#3303=PRESENTATION_STYLE_ASSIGNMENT((#3302));
#3304=STYLED_ITEM('',(#3303),#3297);
#3305=CARTESIAN_POINT('',(-1.E-1,1.43E-1,1.553838290319E-1));
#3306=DIRECTION('',(0.E0,9.396926207859E-1,-3.420201433257E-1));
#3307=DIRECTION('',(-1.E0,0.E0,0.E0));
#3308=AXIS2_PLACEMENT_3D('',#3305,#3306,#3307);
#3309=PLANE('1718',#3308);
#3311=ORIENTED_EDGE('1824',*,*,#3310,.T.);
#3313=ORIENTED_EDGE('1826',*,*,#3312,.F.);
#3314=ORIENTED_EDGE('1827',*,*,#3289,.F.);
#3315=ORIENTED_EDGE('1828',*,*,#3272,.F.);
#3316=EDGE_LOOP('1718',(#3311,#3313,#3314,#3315));
#3317=FACE_OUTER_BOUND('1718',#3316,.F.);
#3318=ADVANCED_FACE('1718',(#3317),#3309,.F.);
#3319=FILL_AREA_STYLE_COLOUR('',#183);
#3320=FILL_AREA_STYLE('',(#3319));
#3321=SURFACE_STYLE_FILL_AREA(#3320);
#3322=SURFACE_SIDE_STYLE('',(#3321));
#3323=SURFACE_STYLE_USAGE(.BOTH.,#3322);
#3324=PRESENTATION_STYLE_ASSIGNMENT((#3323));
#3325=STYLED_ITEM('',(#3324),#3318);
#3326=CARTESIAN_POINT('',(-1.E-1,1.395E-1,9.163382903192E-2));
#3327=DIRECTION('',(0.E0,1.E0,0.E0));
#3328=DIRECTION('',(0.E0,0.E0,-1.E0));
#3329=AXIS2_PLACEMENT_3D('',#3326,#3327,#3328);
#3330=PLANE('1717',#3329);
#3331=ORIENTED_EDGE('1824',*,*,#3310,.F.);
#3332=ORIENTED_EDGE('1825',*,*,#3038,.T.);
#3334=ORIENTED_EDGE('1823',*,*,#3333,.T.);
#3335=ORIENTED_EDGE('1809',*,*,#2950,.F.);
#3336=EDGE_LOOP('1717',(#3331,#3332,#3334,#3335));
#3337=FACE_OUTER_BOUND('1717',#3336,.F.);
#3338=ADVANCED_FACE('1717',(#3337),#3330,.F.);
#3339=FILL_AREA_STYLE_COLOUR('',#183);
#3340=FILL_AREA_STYLE('',(#3339));
#3341=SURFACE_STYLE_FILL_AREA(#3340);
#3342=SURFACE_SIDE_STYLE('',(#3341));
#3343=SURFACE_STYLE_USAGE(.BOTH.,#3342);
#3344=PRESENTATION_STYLE_ASSIGNMENT((#3343));
#3345=STYLED_ITEM('',(#3344),#3338);
#3346=CARTESIAN_POINT('',(-1.13E-1,1.145E-1,3.75E-2));
#3347=DIRECTION('',(1.E0,0.E0,0.E0));
#3348=DIRECTION('',(0.E0,0.E0,-1.E0));
#3349=AXIS2_PLACEMENT_3D('',#3346,#3347,#3348);
#3350=CYLINDRICAL_SURFACE('1716',#3349,2.5E-2);
#3351=ORIENTED_EDGE('1820',*,*,#2994,.F.);
#3352=ORIENTED_EDGE('1808',*,*,#2952,.F.);
#3353=ORIENTED_EDGE('1823',*,*,#3333,.F.);
#3354=ORIENTED_EDGE('1822',*,*,#3036,.T.);
#3355=EDGE_LOOP('1716',(#3351,#3352,#3353,#3354));
#3356=FACE_OUTER_BOUND('1716',#3355,.F.);
#3357=ADVANCED_FACE('1716',(#3356),#3350,.F.);
#3358=FILL_AREA_STYLE_COLOUR('',#183);
#3359=FILL_AREA_STYLE('',(#3358));
#3360=SURFACE_STYLE_FILL_AREA(#3359);
#3361=SURFACE_SIDE_STYLE('',(#3360));
#3362=SURFACE_STYLE_USAGE(.BOTH.,#3361);
#3363=PRESENTATION_STYLE_ASSIGNMENT((#3362));
#3364=STYLED_ITEM('',(#3363),#3357);
#3365=CARTESIAN_POINT('',(-1.09E-1,1.52E-1,1.553838290319E-1));
#3366=DIRECTION('',(9.396926207859E-1,0.E0,-3.420201433257E-1));
#3367=DIRECTION('',(0.E0,1.E0,0.E0));
#3368=AXIS2_PLACEMENT_3D('',#3365,#3366,#3367);
#3369=PLANE('1719',#3368);
#3370=ORIENTED_EDGE('1810',*,*,#2948,.T.);
#3371=ORIENTED_EDGE('1829',*,*,#3251,.F.);
#3372=ORIENTED_EDGE('1830',*,*,#3291,.F.);
#3373=ORIENTED_EDGE('1826',*,*,#3312,.T.);
#3374=EDGE_LOOP('1719',(#3370,#3371,#3372,#3373));
#3375=FACE_OUTER_BOUND('1719',#3374,.F.);
#3376=ADVANCED_FACE('1719',(#3375),#3369,.F.);
#3377=FILL_AREA_STYLE_COLOUR('',#183);
#3378=FILL_AREA_STYLE('',(#3377));
#3379=SURFACE_STYLE_FILL_AREA(#3378);
#3380=SURFACE_SIDE_STYLE('',(#3379));
#3381=SURFACE_STYLE_USAGE(.BOTH.,#3380);
#3382=PRESENTATION_STYLE_ASSIGNMENT((#3381));
#3383=STYLED_ITEM('',(#3382),#3376);
#3384=CARTESIAN_POINT('',(-2.125E-1,-2.713382903189E-2,6.663382903190E-2));
#3385=DIRECTION('',(1.E0,0.E0,0.E0));
#3386=DIRECTION('',(0.E0,1.E0,0.E0));
#3387=AXIS2_PLACEMENT_3D('',#3384,#3385,#3386);
#3388=PLANE('1730',#3387);
#3389=ORIENTED_EDGE('2106',*,*,#1789,.F.);
#3391=ORIENTED_EDGE('2115',*,*,#3390,.T.);
#3393=ORIENTED_EDGE('1846',*,*,#3392,.F.);
#3395=ORIENTED_EDGE('2116',*,*,#3394,.T.);
#3396=EDGE_LOOP('1730',(#3389,#3391,#3393,#3395));
#3397=FACE_OUTER_BOUND('1730',#3396,.F.);
#3398=ADVANCED_FACE('1730',(#3397),#3388,.F.);
#3399=FILL_AREA_STYLE_COLOUR('',#183);
#3400=FILL_AREA_STYLE('',(#3399));
#3401=SURFACE_STYLE_FILL_AREA(#3400);
#3402=SURFACE_SIDE_STYLE('',(#3401));
#3403=SURFACE_STYLE_USAGE(.BOTH.,#3402);
#3404=PRESENTATION_STYLE_ASSIGNMENT((#3403));
#3405=STYLED_ITEM('',(#3404),#3398);
#3406=CARTESIAN_POINT('',(-2.125E-1,-2.713382903189E-2,6.663382903190E-2));
#3407=DIRECTION('',(1.E0,0.E0,0.E0));
#3408=DIRECTION('',(0.E0,1.E0,0.E0));
#3409=AXIS2_PLACEMENT_3D('',#3406,#3407,#3408);
#3410=PLANE('1730',#3409);
#3411=ORIENTED_EDGE('2110',*,*,#2416,.T.);
#3413=ORIENTED_EDGE('2117',*,*,#3412,.T.);
#3415=ORIENTED_EDGE('1852',*,*,#3414,.T.);
#3417=ORIENTED_EDGE('1851',*,*,#3416,.T.);
#3419=ORIENTED_EDGE('1850',*,*,#3418,.F.);
#3421=ORIENTED_EDGE('1849',*,*,#3420,.T.);
#3423=ORIENTED_EDGE('1848',*,*,#3422,.T.);
#3425=ORIENTED_EDGE('2114',*,*,#3424,.T.);
#3426=EDGE_LOOP('1730',(#3411,#3413,#3415,#3417,#3419,#3421,#3423,#3425));
#3427=FACE_OUTER_BOUND('1730',#3426,.F.);
#3428=ADVANCED_FACE('1730',(#3427),#3410,.F.);
#3429=FILL_AREA_STYLE_COLOUR('',#183);
#3430=FILL_AREA_STYLE('',(#3429));
#3431=SURFACE_STYLE_FILL_AREA(#3430);
#3432=SURFACE_SIDE_STYLE('',(#3431));
#3433=SURFACE_STYLE_USAGE(.POSITIVE.,#3432);
#3434=PRESENTATION_STYLE_ASSIGNMENT((#3433));
#3435=STYLED_ITEM('',(#3434),#3428);
#3436=CARTESIAN_POINT('',(-2.E-1,-5.213382903189E-2,1.25E-2));
#3437=DIRECTION('',(0.E0,0.E0,1.E0));
#3438=DIRECTION('',(0.E0,-1.E0,0.E0));
#3439=AXIS2_PLACEMENT_3D('',#3436,#3437,#3438);
#3440=PLANE('1733',#3439);
#3441=ORIENTED_EDGE('2107',*,*,#1795,.T.);
#3443=ORIENTED_EDGE('2119',*,*,#3442,.T.);
#3445=ORIENTED_EDGE('1857',*,*,#3444,.T.);
#3446=ORIENTED_EDGE('2115',*,*,#3390,.F.);
#3447=EDGE_LOOP('1733',(#3441,#3443,#3445,#3446));
#3448=FACE_OUTER_BOUND('1733',#3447,.F.);
#3449=ADVANCED_FACE('1733',(#3448),#3440,.T.);
#3450=FILL_AREA_STYLE_COLOUR('',#183);
#3451=FILL_AREA_STYLE('',(#3450));
#3452=SURFACE_STYLE_FILL_AREA(#3451);
#3453=SURFACE_SIDE_STYLE('',(#3452));
#3454=SURFACE_STYLE_USAGE(.BOTH.,#3453);
#3455=PRESENTATION_STYLE_ASSIGNMENT((#3454));
#3456=STYLED_ITEM('',(#3455),#3449);
#3457=CARTESIAN_POINT('',(-2.E-1,-5.213382903189E-2,1.25E-2));
#3458=DIRECTION('',(0.E0,0.E0,1.E0));
#3459=DIRECTION('',(0.E0,-1.E0,0.E0));
#3460=AXIS2_PLACEMENT_3D('',#3457,#3458,#3459);
#3461=PLANE('1733',#3460);
#3462=ORIENTED_EDGE('2111',*,*,#2418,.F.);
#3463=ORIENTED_EDGE('2114',*,*,#3424,.F.);
#3465=ORIENTED_EDGE('1860',*,*,#3464,.T.);
#3467=ORIENTED_EDGE('2118',*,*,#3466,.T.);
#3468=EDGE_LOOP('1733',(#3462,#3463,#3465,#3467));
#3469=FACE_OUTER_BOUND('1733',#3468,.F.);
#3470=ADVANCED_FACE('1733',(#3469),#3461,.T.);
#3471=FILL_AREA_STYLE_COLOUR('',#183);
#3472=FILL_AREA_STYLE('',(#3471));
#3473=SURFACE_STYLE_FILL_AREA(#3472);
#3474=SURFACE_SIDE_STYLE('',(#3473));
#3475=SURFACE_STYLE_USAGE(.POSITIVE.,#3474);
#3476=PRESENTATION_STYLE_ASSIGNMENT((#3475));
#3477=STYLED_ITEM('',(#3476),#3470);
#3478=CARTESIAN_POINT('',(-1.875E-1,-2.713382903189E-2,6.663382903190E-2));
#3479=DIRECTION('',(1.E0,0.E0,0.E0));
#3480=DIRECTION('',(0.E0,1.E0,0.E0));
#3481=AXIS2_PLACEMENT_3D('',#3478,#3479,#3480);
#3482=PLANE('1745',#3481);
#3483=ORIENTED_EDGE('2109',*,*,#1793,.T.);
#3485=ORIENTED_EDGE('2120',*,*,#3484,.F.);
#3487=ORIENTED_EDGE('1883',*,*,#3486,.T.);
#3488=ORIENTED_EDGE('2119',*,*,#3442,.F.);
#3489=EDGE_LOOP('1745',(#3483,#3485,#3487,#3488));
#3490=FACE_OUTER_BOUND('1745',#3489,.F.);
#3491=ADVANCED_FACE('1745',(#3490),#3482,.T.);
#3492=FILL_AREA_STYLE_COLOUR('',#183);
#3493=FILL_AREA_STYLE('',(#3492));
#3494=SURFACE_STYLE_FILL_AREA(#3493);
#3495=SURFACE_SIDE_STYLE('',(#3494));
#3496=SURFACE_STYLE_USAGE(.BOTH.,#3495);
#3497=PRESENTATION_STYLE_ASSIGNMENT((#3496));
#3498=STYLED_ITEM('',(#3497),#3491);
#3499=CARTESIAN_POINT('',(-1.875E-1,-2.713382903189E-2,6.663382903190E-2));
#3500=DIRECTION('',(1.E0,0.E0,0.E0));
#3501=DIRECTION('',(0.E0,1.E0,0.E0));
#3502=AXIS2_PLACEMENT_3D('',#3499,#3500,#3501);
#3503=PLANE('1745',#3502);
#3504=ORIENTED_EDGE('2113',*,*,#2420,.F.);
#3505=ORIENTED_EDGE('2118',*,*,#3466,.F.);
#3507=ORIENTED_EDGE('1862',*,*,#3506,.F.);
#3509=ORIENTED_EDGE('1865',*,*,#3508,.F.);
#3511=ORIENTED_EDGE('1884',*,*,#3510,.F.);
#3513=ORIENTED_EDGE('1875',*,*,#3512,.F.);
#3515=ORIENTED_EDGE('1877',*,*,#3514,.F.);
#3517=ORIENTED_EDGE('2121',*,*,#3516,.F.);
#3518=EDGE_LOOP('1745',(#3504,#3505,#3507,#3509,#3511,#3513,#3515,#3517));
#3519=FACE_OUTER_BOUND('1745',#3518,.F.);
#3520=ADVANCED_FACE('1745',(#3519),#3503,.T.);
#3521=FILL_AREA_STYLE_COLOUR('',#183);
#3522=FILL_AREA_STYLE('',(#3521));
#3523=SURFACE_STYLE_FILL_AREA(#3522);
#3524=SURFACE_SIDE_STYLE('',(#3523));
#3525=SURFACE_STYLE_USAGE(.POSITIVE.,#3524);
#3526=PRESENTATION_STYLE_ASSIGNMENT((#3525));
#3527=STYLED_ITEM('',(#3526),#3520);
#3528=CARTESIAN_POINT('',(-2.E-1,-5.213382903192E-2,-1.25E-2));
#3529=DIRECTION('',(0.E0,0.E0,1.E0));
#3530=DIRECTION('',(0.E0,1.E0,0.E0));
#3531=AXIS2_PLACEMENT_3D('',#3528,#3529,#3530);
#3532=PLANE('1741',#3531);
#3533=ORIENTED_EDGE('2108',*,*,#1791,.T.);
#3534=ORIENTED_EDGE('2116',*,*,#3394,.F.);
#3536=ORIENTED_EDGE('1878',*,*,#3535,.F.);
#3537=ORIENTED_EDGE('2120',*,*,#3484,.T.);
#3538=EDGE_LOOP('1741',(#3533,#3534,#3536,#3537));
#3539=FACE_OUTER_BOUND('1741',#3538,.F.);
#3540=ADVANCED_FACE('1741',(#3539),#3532,.F.);
#3541=FILL_AREA_STYLE_COLOUR('',#183);
#3542=FILL_AREA_STYLE('',(#3541));
#3543=SURFACE_STYLE_FILL_AREA(#3542);
#3544=SURFACE_SIDE_STYLE('',(#3543));
#3545=SURFACE_STYLE_USAGE(.BOTH.,#3544);
#3546=PRESENTATION_STYLE_ASSIGNMENT((#3545));
#3547=STYLED_ITEM('',(#3546),#3540);
#3548=CARTESIAN_POINT('',(-2.E-1,-5.213382903192E-2,-1.25E-2));
#3549=DIRECTION('',(0.E0,0.E0,1.E0));
#3550=DIRECTION('',(0.E0,1.E0,0.E0));
#3551=AXIS2_PLACEMENT_3D('',#3548,#3549,#3550);
#3552=PLANE('1741',#3551);
#3553=ORIENTED_EDGE('2112',*,*,#2422,.F.);
#3554=ORIENTED_EDGE('2121',*,*,#3516,.T.);
#3556=ORIENTED_EDGE('1876',*,*,#3555,.F.);
#3557=ORIENTED_EDGE('2117',*,*,#3412,.F.);
#3558=EDGE_LOOP('1741',(#3553,#3554,#3556,#3557));
#3559=FACE_OUTER_BOUND('1741',#3558,.F.);
#3560=ADVANCED_FACE('1741',(#3559),#3552,.F.);
#3561=FILL_AREA_STYLE_COLOUR('',#183);
#3562=FILL_AREA_STYLE('',(#3561));
#3563=SURFACE_STYLE_FILL_AREA(#3562);
#3564=SURFACE_SIDE_STYLE('',(#3563));
#3565=SURFACE_STYLE_USAGE(.POSITIVE.,#3564);
#3566=PRESENTATION_STYLE_ASSIGNMENT((#3565));
#3567=STYLED_ITEM('',(#3566),#3560);
#3568=CARTESIAN_POINT('',(-2.E-1,-2.283838290319E-1,-8.999999999998E-3));
#3569=DIRECTION('',(0.E0,3.420201433266E-1,9.396926207856E-1));
#3570=DIRECTION('',(-1.E0,0.E0,0.E0));
#3571=AXIS2_PLACEMENT_3D('',#3568,#3569,#3570);
#3572=PLANE('1742',#3571);
#3573=ORIENTED_EDGE('1878',*,*,#3535,.T.);
#3575=ORIENTED_EDGE('1856',*,*,#3574,.T.);
#3577=ORIENTED_EDGE('1880',*,*,#3576,.F.);
#3579=ORIENTED_EDGE('1881',*,*,#3578,.F.);
#3580=EDGE_LOOP('1742',(#3573,#3575,#3577,#3579));
#3581=FACE_OUTER_BOUND('1742',#3580,.F.);
#3582=ADVANCED_FACE('1742',(#3581),#3572,.F.);
#3583=FILL_AREA_STYLE_COLOUR('',#183);
#3584=FILL_AREA_STYLE('',(#3583));
#3585=SURFACE_STYLE_FILL_AREA(#3584);
#3586=SURFACE_SIDE_STYLE('',(#3585));
#3587=SURFACE_STYLE_USAGE(.BOTH.,#3586);
#3588=PRESENTATION_STYLE_ASSIGNMENT((#3587));
#3589=STYLED_ITEM('',(#3588),#3582);
#3590=CARTESIAN_POINT('',(-2.09E-1,-2.283838290319E-1,0.E0));
#3591=DIRECTION('',(9.396926207859E-1,3.420201433257E-1,0.E0));
#3592=DIRECTION('',(0.E0,0.E0,1.E0));
#3593=AXIS2_PLACEMENT_3D('',#3590,#3591,#3592);
#3594=PLANE('1731',#3593);
#3595=ORIENTED_EDGE('1846',*,*,#3392,.T.);
#3597=ORIENTED_EDGE('1854',*,*,#3596,.F.);
#3599=ORIENTED_EDGE('1855',*,*,#3598,.F.);
#3600=ORIENTED_EDGE('1856',*,*,#3574,.F.);
#3601=EDGE_LOOP('1731',(#3595,#3597,#3599,#3600));
#3602=FACE_OUTER_BOUND('1731',#3601,.F.);
#3603=ADVANCED_FACE('1731',(#3602),#3594,.F.);
#3604=FILL_AREA_STYLE_COLOUR('',#183);
#3605=FILL_AREA_STYLE('',(#3604));
#3606=SURFACE_STYLE_FILL_AREA(#3605);
#3607=SURFACE_SIDE_STYLE('',(#3606));
#3608=SURFACE_STYLE_USAGE(.BOTH.,#3607);
#3609=PRESENTATION_STYLE_ASSIGNMENT((#3608));
#3610=STYLED_ITEM('',(#3609),#3603);
#3611=CARTESIAN_POINT('',(-2.E-1,-2.283838290319E-1,8.999999999998E-3));
#3612=DIRECTION('',(0.E0,-3.420201433266E-1,9.396926207856E-1));
#3613=DIRECTION('',(-1.E0,0.E0,0.E0));
#3614=AXIS2_PLACEMENT_3D('',#3611,#3612,#3613);
#3615=PLANE('1732',#3614);
#3616=ORIENTED_EDGE('1857',*,*,#3444,.F.);
#3618=ORIENTED_EDGE('1858',*,*,#3617,.F.);
#3620=ORIENTED_EDGE('1859',*,*,#3619,.F.);
#3621=ORIENTED_EDGE('1854',*,*,#3596,.T.);
#3622=EDGE_LOOP('1732',(#3616,#3618,#3620,#3621));
#3623=FACE_OUTER_BOUND('1732',#3622,.F.);
#3624=ADVANCED_FACE('1732',(#3623),#3615,.T.);
#3625=FILL_AREA_STYLE_COLOUR('',#183);
#3626=FILL_AREA_STYLE('',(#3625));
#3627=SURFACE_STYLE_FILL_AREA(#3626);
#3628=SURFACE_SIDE_STYLE('',(#3627));
#3629=SURFACE_STYLE_USAGE(.BOTH.,#3628);
#3630=PRESENTATION_STYLE_ASSIGNMENT((#3629));
#3631=STYLED_ITEM('',(#3630),#3624);
#3632=CARTESIAN_POINT('',(-1.91E-1,-2.283838290319E-1,0.E0));
#3633=DIRECTION('',(9.396926207859E-1,-3.420201433257E-1,0.E0));
#3634=DIRECTION('',(0.E0,0.E0,1.E0));
#3635=AXIS2_PLACEMENT_3D('',#3632,#3633,#3634);
#3636=PLANE('1744',#3635);
#3638=ORIENTED_EDGE('1882',*,*,#3637,.T.);
#3639=ORIENTED_EDGE('1858',*,*,#3617,.T.);
#3640=ORIENTED_EDGE('1883',*,*,#3486,.F.);
#3641=ORIENTED_EDGE('1881',*,*,#3578,.T.);
#3642=EDGE_LOOP('1744',(#3638,#3639,#3640,#3641));
#3643=FACE_OUTER_BOUND('1744',#3642,.F.);
#3644=ADVANCED_FACE('1744',(#3643),#3636,.T.);
#3645=FILL_AREA_STYLE_COLOUR('',#183);
#3646=FILL_AREA_STYLE('',(#3645));
#3647=SURFACE_STYLE_FILL_AREA(#3646);
#3648=SURFACE_SIDE_STYLE('',(#3647));
#3649=SURFACE_STYLE_USAGE(.BOTH.,#3648);
#3650=PRESENTATION_STYLE_ASSIGNMENT((#3649));
#3651=STYLED_ITEM('',(#3650),#3644);
#3652=CARTESIAN_POINT('',(-2.E-1,-2.38E-1,0.E0));
#3653=DIRECTION('',(0.E0,1.E0,0.E0));
#3654=DIRECTION('',(0.E0,0.E0,-1.E0));
#3655=AXIS2_PLACEMENT_3D('',#3652,#3653,#3654);
#3656=PLANE('1743',#3655);
#3657=ORIENTED_EDGE('1855',*,*,#3598,.T.);
#3658=ORIENTED_EDGE('1859',*,*,#3619,.T.);
#3659=ORIENTED_EDGE('1882',*,*,#3637,.F.);
#3660=ORIENTED_EDGE('1880',*,*,#3576,.T.);
#3661=EDGE_LOOP('1743',(#3657,#3658,#3659,#3660));
#3662=FACE_OUTER_BOUND('1743',#3661,.F.);
#3663=ADVANCED_FACE('1743',(#3662),#3656,.F.);
#3664=FILL_AREA_STYLE_COLOUR('',#183);
#3665=FILL_AREA_STYLE('',(#3664));
#3666=SURFACE_STYLE_FILL_AREA(#3665);
#3667=SURFACE_SIDE_STYLE('',(#3666));
#3668=SURFACE_STYLE_USAGE(.BOTH.,#3667);
#3669=PRESENTATION_STYLE_ASSIGNMENT((#3668));
#3670=STYLED_ITEM('',(#3669),#3663);
#3671=CARTESIAN_POINT('',(-1.87E-1,1.145E-1,3.75E-2));
#3672=DIRECTION('',(-1.E0,0.E0,0.E0));
#3673=DIRECTION('',(0.E0,1.E0,0.E0));
#3674=AXIS2_PLACEMENT_3D('',#3671,#3672,#3673);
#3675=CYLINDRICAL_SURFACE('1740',#3674,5.E-2);
#3676=ORIENTED_EDGE('1852',*,*,#3414,.F.);
#3677=ORIENTED_EDGE('1876',*,*,#3555,.T.);
#3678=ORIENTED_EDGE('1877',*,*,#3514,.T.);
#3680=ORIENTED_EDGE('1874',*,*,#3679,.T.);
#3681=EDGE_LOOP('1740',(#3676,#3677,#3678,#3680));
#3682=FACE_OUTER_BOUND('1740',#3681,.F.);
#3683=ADVANCED_FACE('1740',(#3682),#3675,.T.);
#3684=FILL_AREA_STYLE_COLOUR('',#183);
#3685=FILL_AREA_STYLE('',(#3684));
#3686=SURFACE_STYLE_FILL_AREA(#3685);
#3687=SURFACE_SIDE_STYLE('',(#3686));
#3688=SURFACE_STYLE_USAGE(.BOTH.,#3687);
#3689=PRESENTATION_STYLE_ASSIGNMENT((#3688));
#3690=STYLED_ITEM('',(#3689),#3683);
#3691=CARTESIAN_POINT('',(-2.E-1,1.645E-1,9.163382903190E-2));
#3692=DIRECTION('',(0.E0,1.E0,0.E0));
#3693=DIRECTION('',(0.E0,0.E0,1.E0));
#3694=AXIS2_PLACEMENT_3D('',#3691,#3692,#3693);
#3695=PLANE('1739',#3694);
#3697=ORIENTED_EDGE('1871',*,*,#3696,.T.);
#3698=ORIENTED_EDGE('1851',*,*,#3416,.F.);
#3699=ORIENTED_EDGE('1874',*,*,#3679,.F.);
#3700=ORIENTED_EDGE('1875',*,*,#3512,.T.);
#3701=EDGE_LOOP('1739',(#3697,#3698,#3699,#3700));
#3702=FACE_OUTER_BOUND('1739',#3701,.F.);
#3703=ADVANCED_FACE('1739',(#3702),#3695,.T.);
#3704=FILL_AREA_STYLE_COLOUR('',#183);
#3705=FILL_AREA_STYLE('',(#3704));
#3706=SURFACE_STYLE_FILL_AREA(#3705);
#3707=SURFACE_SIDE_STYLE('',(#3706));
#3708=SURFACE_STYLE_USAGE(.BOTH.,#3707);
#3709=PRESENTATION_STYLE_ASSIGNMENT((#3708));
#3710=STYLED_ITEM('',(#3709),#3703);
#3711=CARTESIAN_POINT('',(-2.E-1,1.61E-1,1.553838290319E-1));
#3712=DIRECTION('',(0.E0,9.396926207859E-1,3.420201433257E-1));
#3713=DIRECTION('',(-1.E0,0.E0,0.E0));
#3714=AXIS2_PLACEMENT_3D('',#3711,#3712,#3713);
#3715=PLANE('1738',#3714);
#3716=ORIENTED_EDGE('1871',*,*,#3696,.F.);
#3718=ORIENTED_EDGE('1872',*,*,#3717,.F.);
#3720=ORIENTED_EDGE('1873',*,*,#3719,.F.);
#3722=ORIENTED_EDGE('1869',*,*,#3721,.T.);
#3723=EDGE_LOOP('1738',(#3716,#3718,#3720,#3722));
#3724=FACE_OUTER_BOUND('1738',#3723,.F.);
#3725=ADVANCED_FACE('1738',(#3724),#3715,.T.);
#3726=FILL_AREA_STYLE_COLOUR('',#183);
#3727=FILL_AREA_STYLE('',(#3726));
#3728=SURFACE_STYLE_FILL_AREA(#3727);
#3729=SURFACE_SIDE_STYLE('',(#3728));
#3730=SURFACE_STYLE_USAGE(.BOTH.,#3729);
#3731=PRESENTATION_STYLE_ASSIGNMENT((#3730));
#3732=STYLED_ITEM('',(#3731),#3725);
#3733=CARTESIAN_POINT('',(-1.91E-1,1.52E-1,1.553838290319E-1));
#3734=DIRECTION('',(9.396926207859E-1,0.E0,3.420201433257E-1));
#3735=DIRECTION('',(0.E0,1.E0,0.E0));
#3736=AXIS2_PLACEMENT_3D('',#3733,#3734,#3735);
#3737=PLANE('1746',#3736);
#3739=ORIENTED_EDGE('1885',*,*,#3738,.F.);
#3740=ORIENTED_EDGE('1872',*,*,#3717,.T.);
#3741=ORIENTED_EDGE('1884',*,*,#3510,.T.);
#3743=ORIENTED_EDGE('1868',*,*,#3742,.T.);
#3744=EDGE_LOOP('1746',(#3739,#3740,#3741,#3743));
#3745=FACE_OUTER_BOUND('1746',#3744,.F.);
#3746=ADVANCED_FACE('1746',(#3745),#3737,.T.);
#3747=FILL_AREA_STYLE_COLOUR('',#183);
#3748=FILL_AREA_STYLE('',(#3747));
#3749=SURFACE_STYLE_FILL_AREA(#3748);
#3750=SURFACE_SIDE_STYLE('',(#3749));
#3751=SURFACE_STYLE_USAGE(.BOTH.,#3750);
#3752=PRESENTATION_STYLE_ASSIGNMENT((#3751));
#3753=STYLED_ITEM('',(#3752),#3746);
#3754=CARTESIAN_POINT('',(-2.E-1,1.52E-1,1.65E-1));
#3755=DIRECTION('',(0.E0,0.E0,1.E0));
#3756=DIRECTION('',(0.E0,-1.E0,0.E0));
#3757=AXIS2_PLACEMENT_3D('',#3754,#3755,#3756);
#3758=PLANE('1747',#3757);
#3760=ORIENTED_EDGE('1867',*,*,#3759,.T.);
#3762=ORIENTED_EDGE('1870',*,*,#3761,.T.);
#3763=ORIENTED_EDGE('1873',*,*,#3719,.T.);
#3764=ORIENTED_EDGE('1885',*,*,#3738,.T.);
#3765=EDGE_LOOP('1747',(#3760,#3762,#3763,#3764));
#3766=FACE_OUTER_BOUND('1747',#3765,.F.);
#3767=ADVANCED_FACE('1747',(#3766),#3758,.T.);
#3768=FILL_AREA_STYLE_COLOUR('',#183);
#3769=FILL_AREA_STYLE('',(#3768));
#3770=SURFACE_STYLE_FILL_AREA(#3769);
#3771=SURFACE_SIDE_STYLE('',(#3770));
#3772=SURFACE_STYLE_USAGE(.BOTH.,#3771);
#3773=PRESENTATION_STYLE_ASSIGNMENT((#3772));
#3774=STYLED_ITEM('',(#3773),#3767);
#3775=CARTESIAN_POINT('',(-2.E-1,1.43E-1,1.553838290319E-1));
#3776=DIRECTION('',(0.E0,9.396926207859E-1,-3.420201433257E-1));
#3777=DIRECTION('',(-1.E0,0.E0,0.E0));
#3778=AXIS2_PLACEMENT_3D('',#3775,#3776,#3777);
#3779=PLANE('1736',#3778);
#3781=ORIENTED_EDGE('1864',*,*,#3780,.T.);
#3783=ORIENTED_EDGE('1866',*,*,#3782,.F.);
#3784=ORIENTED_EDGE('1867',*,*,#3759,.F.);
#3785=ORIENTED_EDGE('1868',*,*,#3742,.F.);
#3786=EDGE_LOOP('1736',(#3781,#3783,#3784,#3785));
#3787=FACE_OUTER_BOUND('1736',#3786,.F.);
#3788=ADVANCED_FACE('1736',(#3787),#3779,.F.);
#3789=FILL_AREA_STYLE_COLOUR('',#183);
#3790=FILL_AREA_STYLE('',(#3789));
#3791=SURFACE_STYLE_FILL_AREA(#3790);
#3792=SURFACE_SIDE_STYLE('',(#3791));
#3793=SURFACE_STYLE_USAGE(.BOTH.,#3792);
#3794=PRESENTATION_STYLE_ASSIGNMENT((#3793));
#3795=STYLED_ITEM('',(#3794),#3788);
#3796=CARTESIAN_POINT('',(-2.E-1,1.395E-1,9.163382903192E-2));
#3797=DIRECTION('',(0.E0,1.E0,0.E0));
#3798=DIRECTION('',(0.E0,0.E0,-1.E0));
#3799=AXIS2_PLACEMENT_3D('',#3796,#3797,#3798);
#3800=PLANE('1735',#3799);
#3801=ORIENTED_EDGE('1864',*,*,#3780,.F.);
#3802=ORIENTED_EDGE('1865',*,*,#3508,.T.);
#3804=ORIENTED_EDGE('1863',*,*,#3803,.T.);
#3805=ORIENTED_EDGE('1849',*,*,#3420,.F.);
#3806=EDGE_LOOP('1735',(#3801,#3802,#3804,#3805));
#3807=FACE_OUTER_BOUND('1735',#3806,.F.);
#3808=ADVANCED_FACE('1735',(#3807),#3800,.F.);
#3809=FILL_AREA_STYLE_COLOUR('',#183);
#3810=FILL_AREA_STYLE('',(#3809));
#3811=SURFACE_STYLE_FILL_AREA(#3810);
#3812=SURFACE_SIDE_STYLE('',(#3811));
#3813=SURFACE_STYLE_USAGE(.BOTH.,#3812);
#3814=PRESENTATION_STYLE_ASSIGNMENT((#3813));
#3815=STYLED_ITEM('',(#3814),#3808);
#3816=CARTESIAN_POINT('',(-2.13E-1,1.145E-1,3.75E-2));
#3817=DIRECTION('',(1.E0,0.E0,0.E0));
#3818=DIRECTION('',(0.E0,0.E0,-1.E0));
#3819=AXIS2_PLACEMENT_3D('',#3816,#3817,#3818);
#3820=CYLINDRICAL_SURFACE('1734',#3819,2.5E-2);
#3821=ORIENTED_EDGE('1860',*,*,#3464,.F.);
#3822=ORIENTED_EDGE('1848',*,*,#3422,.F.);
#3823=ORIENTED_EDGE('1863',*,*,#3803,.F.);
#3824=ORIENTED_EDGE('1862',*,*,#3506,.T.);
#3825=EDGE_LOOP('1734',(#3821,#3822,#3823,#3824));
#3826=FACE_OUTER_BOUND('1734',#3825,.F.);
#3827=ADVANCED_FACE('1734',(#3826),#3820,.F.);
#3828=FILL_AREA_STYLE_COLOUR('',#183);
#3829=FILL_AREA_STYLE('',(#3828));
#3830=SURFACE_STYLE_FILL_AREA(#3829);
#3831=SURFACE_SIDE_STYLE('',(#3830));
#3832=SURFACE_STYLE_USAGE(.BOTH.,#3831);
#3833=PRESENTATION_STYLE_ASSIGNMENT((#3832));
#3834=STYLED_ITEM('',(#3833),#3827);
#3835=CARTESIAN_POINT('',(-2.09E-1,1.52E-1,1.553838290319E-1));
#3836=DIRECTION('',(9.396926207859E-1,0.E0,-3.420201433257E-1));
#3837=DIRECTION('',(0.E0,1.E0,0.E0));
#3838=AXIS2_PLACEMENT_3D('',#3835,#3836,#3837);
#3839=PLANE('1737',#3838);
#3840=ORIENTED_EDGE('1850',*,*,#3418,.T.);
#3841=ORIENTED_EDGE('1869',*,*,#3721,.F.);
#3842=ORIENTED_EDGE('1870',*,*,#3761,.F.);
#3843=ORIENTED_EDGE('1866',*,*,#3782,.T.);
#3844=EDGE_LOOP('1737',(#3840,#3841,#3842,#3843));
#3845=FACE_OUTER_BOUND('1737',#3844,.F.);
#3846=ADVANCED_FACE('1737',(#3845),#3839,.F.);
#3847=FILL_AREA_STYLE_COLOUR('',#183);
#3848=FILL_AREA_STYLE('',(#3847));
#3849=SURFACE_STYLE_FILL_AREA(#3848);
#3850=SURFACE_SIDE_STYLE('',(#3849));
#3851=SURFACE_STYLE_USAGE(.BOTH.,#3850);
#3852=PRESENTATION_STYLE_ASSIGNMENT((#3851));
#3853=STYLED_ITEM('',(#3852),#3846);
#3854=CARTESIAN_POINT('',(-3.125E-1,-2.713382903189E-2,6.663382903190E-2));
#3855=DIRECTION('',(1.E0,0.E0,0.E0));
#3856=DIRECTION('',(0.E0,1.E0,0.E0));
#3857=AXIS2_PLACEMENT_3D('',#3854,#3855,#3856);
#3858=PLANE('1748',#3857);
#3859=ORIENTED_EDGE('2122',*,*,#1799,.F.);
#3861=ORIENTED_EDGE('2131',*,*,#3860,.T.);
#3863=ORIENTED_EDGE('1886',*,*,#3862,.F.);
#3865=ORIENTED_EDGE('2132',*,*,#3864,.T.);
#3866=EDGE_LOOP('1748',(#3859,#3861,#3863,#3865));
#3867=FACE_OUTER_BOUND('1748',#3866,.F.);
#3868=ADVANCED_FACE('1748',(#3867),#3858,.F.);
#3869=FILL_AREA_STYLE_COLOUR('',#183);
#3870=FILL_AREA_STYLE('',(#3869));
#3871=SURFACE_STYLE_FILL_AREA(#3870);
#3872=SURFACE_SIDE_STYLE('',(#3871));
#3873=SURFACE_STYLE_USAGE(.BOTH.,#3872);
#3874=PRESENTATION_STYLE_ASSIGNMENT((#3873));
#3875=STYLED_ITEM('',(#3874),#3868);
#3876=CARTESIAN_POINT('',(-3.125E-1,-2.713382903189E-2,6.663382903190E-2));
#3877=DIRECTION('',(1.E0,0.E0,0.E0));
#3878=DIRECTION('',(0.E0,1.E0,0.E0));
#3879=AXIS2_PLACEMENT_3D('',#3876,#3877,#3878);
#3880=PLANE('1748',#3879);
#3881=ORIENTED_EDGE('2126',*,*,#2426,.T.);
#3883=ORIENTED_EDGE('2133',*,*,#3882,.T.);
#3885=ORIENTED_EDGE('1892',*,*,#3884,.T.);
#3887=ORIENTED_EDGE('1891',*,*,#3886,.T.);
#3889=ORIENTED_EDGE('1890',*,*,#3888,.F.);
#3891=ORIENTED_EDGE('1889',*,*,#3890,.T.);
#3893=ORIENTED_EDGE('1888',*,*,#3892,.T.);
#3895=ORIENTED_EDGE('2130',*,*,#3894,.T.);
#3896=EDGE_LOOP('1748',(#3881,#3883,#3885,#3887,#3889,#3891,#3893,#3895));
#3897=FACE_OUTER_BOUND('1748',#3896,.F.);
#3898=ADVANCED_FACE('1748',(#3897),#3880,.F.);
#3899=FILL_AREA_STYLE_COLOUR('',#183);
#3900=FILL_AREA_STYLE('',(#3899));
#3901=SURFACE_STYLE_FILL_AREA(#3900);
#3902=SURFACE_SIDE_STYLE('',(#3901));
#3903=SURFACE_STYLE_USAGE(.POSITIVE.,#3902);
#3904=PRESENTATION_STYLE_ASSIGNMENT((#3903));
#3905=STYLED_ITEM('',(#3904),#3898);
#3906=CARTESIAN_POINT('',(-3.E-1,-5.213382903189E-2,1.25E-2));
#3907=DIRECTION('',(0.E0,0.E0,1.E0));
#3908=DIRECTION('',(0.E0,-1.E0,0.E0));
#3909=AXIS2_PLACEMENT_3D('',#3906,#3907,#3908);
#3910=PLANE('1751',#3909);
#3911=ORIENTED_EDGE('2123',*,*,#1805,.T.);
#3913=ORIENTED_EDGE('2135',*,*,#3912,.T.);
#3915=ORIENTED_EDGE('1897',*,*,#3914,.T.);
#3916=ORIENTED_EDGE('2131',*,*,#3860,.F.);
#3917=EDGE_LOOP('1751',(#3911,#3913,#3915,#3916));
#3918=FACE_OUTER_BOUND('1751',#3917,.F.);
#3919=ADVANCED_FACE('1751',(#3918),#3910,.T.);
#3920=FILL_AREA_STYLE_COLOUR('',#183);
#3921=FILL_AREA_STYLE('',(#3920));
#3922=SURFACE_STYLE_FILL_AREA(#3921);
#3923=SURFACE_SIDE_STYLE('',(#3922));
#3924=SURFACE_STYLE_USAGE(.BOTH.,#3923);
#3925=PRESENTATION_STYLE_ASSIGNMENT((#3924));
#3926=STYLED_ITEM('',(#3925),#3919);
#3927=CARTESIAN_POINT('',(-3.E-1,-5.213382903189E-2,1.25E-2));
#3928=DIRECTION('',(0.E0,0.E0,1.E0));
#3929=DIRECTION('',(0.E0,-1.E0,0.E0));
#3930=AXIS2_PLACEMENT_3D('',#3927,#3928,#3929);
#3931=PLANE('1751',#3930);
#3932=ORIENTED_EDGE('2127',*,*,#2428,.F.);
#3933=ORIENTED_EDGE('2130',*,*,#3894,.F.);
#3935=ORIENTED_EDGE('1900',*,*,#3934,.T.);
#3937=ORIENTED_EDGE('2134',*,*,#3936,.T.);
#3938=EDGE_LOOP('1751',(#3932,#3933,#3935,#3937));
#3939=FACE_OUTER_BOUND('1751',#3938,.F.);
#3940=ADVANCED_FACE('1751',(#3939),#3931,.T.);
#3941=FILL_AREA_STYLE_COLOUR('',#183);
#3942=FILL_AREA_STYLE('',(#3941));
#3943=SURFACE_STYLE_FILL_AREA(#3942);
#3944=SURFACE_SIDE_STYLE('',(#3943));
#3945=SURFACE_STYLE_USAGE(.POSITIVE.,#3944);
#3946=PRESENTATION_STYLE_ASSIGNMENT((#3945));
#3947=STYLED_ITEM('',(#3946),#3940);
#3948=CARTESIAN_POINT('',(-2.875E-1,-2.713382903189E-2,6.663382903190E-2));
#3949=DIRECTION('',(1.E0,0.E0,0.E0));
#3950=DIRECTION('',(0.E0,1.E0,0.E0));
#3951=AXIS2_PLACEMENT_3D('',#3948,#3949,#3950);
#3952=PLANE('1763',#3951);
#3953=ORIENTED_EDGE('2125',*,*,#1803,.T.);
#3955=ORIENTED_EDGE('2136',*,*,#3954,.F.);
#3957=ORIENTED_EDGE('1923',*,*,#3956,.T.);
#3958=ORIENTED_EDGE('2135',*,*,#3912,.F.);
#3959=EDGE_LOOP('1763',(#3953,#3955,#3957,#3958));
#3960=FACE_OUTER_BOUND('1763',#3959,.F.);
#3961=ADVANCED_FACE('1763',(#3960),#3952,.T.);
#3962=FILL_AREA_STYLE_COLOUR('',#183);
#3963=FILL_AREA_STYLE('',(#3962));
#3964=SURFACE_STYLE_FILL_AREA(#3963);
#3965=SURFACE_SIDE_STYLE('',(#3964));
#3966=SURFACE_STYLE_USAGE(.BOTH.,#3965);
#3967=PRESENTATION_STYLE_ASSIGNMENT((#3966));
#3968=STYLED_ITEM('',(#3967),#3961);
#3969=CARTESIAN_POINT('',(-2.875E-1,-2.713382903189E-2,6.663382903190E-2));
#3970=DIRECTION('',(1.E0,0.E0,0.E0));
#3971=DIRECTION('',(0.E0,1.E0,0.E0));
#3972=AXIS2_PLACEMENT_3D('',#3969,#3970,#3971);
#3973=PLANE('1763',#3972);
#3974=ORIENTED_EDGE('2129',*,*,#2430,.F.);
#3975=ORIENTED_EDGE('2134',*,*,#3936,.F.);
#3977=ORIENTED_EDGE('1902',*,*,#3976,.F.);
#3979=ORIENTED_EDGE('1905',*,*,#3978,.F.);
#3981=ORIENTED_EDGE('1924',*,*,#3980,.F.);
#3983=ORIENTED_EDGE('1915',*,*,#3982,.F.);
#3985=ORIENTED_EDGE('1917',*,*,#3984,.F.);
#3987=ORIENTED_EDGE('2137',*,*,#3986,.F.);
#3988=EDGE_LOOP('1763',(#3974,#3975,#3977,#3979,#3981,#3983,#3985,#3987));
#3989=FACE_OUTER_BOUND('1763',#3988,.F.);
#3990=ADVANCED_FACE('1763',(#3989),#3973,.T.);
#3991=FILL_AREA_STYLE_COLOUR('',#183);
#3992=FILL_AREA_STYLE('',(#3991));
#3993=SURFACE_STYLE_FILL_AREA(#3992);
#3994=SURFACE_SIDE_STYLE('',(#3993));
#3995=SURFACE_STYLE_USAGE(.POSITIVE.,#3994);
#3996=PRESENTATION_STYLE_ASSIGNMENT((#3995));
#3997=STYLED_ITEM('',(#3996),#3990);
#3998=CARTESIAN_POINT('',(-3.E-1,-5.213382903192E-2,-1.25E-2));
#3999=DIRECTION('',(0.E0,0.E0,1.E0));
#4000=DIRECTION('',(0.E0,1.E0,0.E0));
#4001=AXIS2_PLACEMENT_3D('',#3998,#3999,#4000);
#4002=PLANE('1759',#4001);
#4003=ORIENTED_EDGE('2124',*,*,#1801,.T.);
#4004=ORIENTED_EDGE('2132',*,*,#3864,.F.);
#4006=ORIENTED_EDGE('1918',*,*,#4005,.F.);
#4007=ORIENTED_EDGE('2136',*,*,#3954,.T.);
#4008=EDGE_LOOP('1759',(#4003,#4004,#4006,#4007));
#4009=FACE_OUTER_BOUND('1759',#4008,.F.);
#4010=ADVANCED_FACE('1759',(#4009),#4002,.F.);
#4011=FILL_AREA_STYLE_COLOUR('',#183);
#4012=FILL_AREA_STYLE('',(#4011));
#4013=SURFACE_STYLE_FILL_AREA(#4012);
#4014=SURFACE_SIDE_STYLE('',(#4013));
#4015=SURFACE_STYLE_USAGE(.BOTH.,#4014);
#4016=PRESENTATION_STYLE_ASSIGNMENT((#4015));
#4017=STYLED_ITEM('',(#4016),#4010);
#4018=CARTESIAN_POINT('',(-3.E-1,-5.213382903192E-2,-1.25E-2));
#4019=DIRECTION('',(0.E0,0.E0,1.E0));
#4020=DIRECTION('',(0.E0,1.E0,0.E0));
#4021=AXIS2_PLACEMENT_3D('',#4018,#4019,#4020);
#4022=PLANE('1759',#4021);
#4023=ORIENTED_EDGE('2128',*,*,#2432,.F.);
#4024=ORIENTED_EDGE('2137',*,*,#3986,.T.);
#4026=ORIENTED_EDGE('1916',*,*,#4025,.F.);
#4027=ORIENTED_EDGE('2133',*,*,#3882,.F.);
#4028=EDGE_LOOP('1759',(#4023,#4024,#4026,#4027));
#4029=FACE_OUTER_BOUND('1759',#4028,.F.);
#4030=ADVANCED_FACE('1759',(#4029),#4022,.F.);
#4031=FILL_AREA_STYLE_COLOUR('',#183);
#4032=FILL_AREA_STYLE('',(#4031));
#4033=SURFACE_STYLE_FILL_AREA(#4032);
#4034=SURFACE_SIDE_STYLE('',(#4033));
#4035=SURFACE_STYLE_USAGE(.POSITIVE.,#4034);
#4036=PRESENTATION_STYLE_ASSIGNMENT((#4035));
#4037=STYLED_ITEM('',(#4036),#4030);
#4038=CARTESIAN_POINT('',(-3.E-1,-2.283838290319E-1,-8.999999999998E-3));
#4039=DIRECTION('',(0.E0,3.420201433266E-1,9.396926207856E-1));
#4040=DIRECTION('',(-1.E0,0.E0,0.E0));
#4041=AXIS2_PLACEMENT_3D('',#4038,#4039,#4040);
#4042=PLANE('1760',#4041);
#4043=ORIENTED_EDGE('1918',*,*,#4005,.T.);
#4045=ORIENTED_EDGE('1896',*,*,#4044,.T.);
#4047=ORIENTED_EDGE('1920',*,*,#4046,.F.);
#4049=ORIENTED_EDGE('1921',*,*,#4048,.F.);
#4050=EDGE_LOOP('1760',(#4043,#4045,#4047,#4049));
#4051=FACE_OUTER_BOUND('1760',#4050,.F.);
#4052=ADVANCED_FACE('1760',(#4051),#4042,.F.);
#4053=FILL_AREA_STYLE_COLOUR('',#183);
#4054=FILL_AREA_STYLE('',(#4053));
#4055=SURFACE_STYLE_FILL_AREA(#4054);
#4056=SURFACE_SIDE_STYLE('',(#4055));
#4057=SURFACE_STYLE_USAGE(.BOTH.,#4056);
#4058=PRESENTATION_STYLE_ASSIGNMENT((#4057));
#4059=STYLED_ITEM('',(#4058),#4052);
#4060=CARTESIAN_POINT('',(-3.09E-1,-2.283838290319E-1,0.E0));
#4061=DIRECTION('',(9.396926207859E-1,3.420201433257E-1,0.E0));
#4062=DIRECTION('',(0.E0,0.E0,1.E0));
#4063=AXIS2_PLACEMENT_3D('',#4060,#4061,#4062);
#4064=PLANE('1749',#4063);
#4065=ORIENTED_EDGE('1886',*,*,#3862,.T.);
#4067=ORIENTED_EDGE('1894',*,*,#4066,.F.);
#4069=ORIENTED_EDGE('1895',*,*,#4068,.F.);
#4070=ORIENTED_EDGE('1896',*,*,#4044,.F.);
#4071=EDGE_LOOP('1749',(#4065,#4067,#4069,#4070));
#4072=FACE_OUTER_BOUND('1749',#4071,.F.);
#4073=ADVANCED_FACE('1749',(#4072),#4064,.F.);
#4074=FILL_AREA_STYLE_COLOUR('',#183);
#4075=FILL_AREA_STYLE('',(#4074));
#4076=SURFACE_STYLE_FILL_AREA(#4075);
#4077=SURFACE_SIDE_STYLE('',(#4076));
#4078=SURFACE_STYLE_USAGE(.BOTH.,#4077);
#4079=PRESENTATION_STYLE_ASSIGNMENT((#4078));
#4080=STYLED_ITEM('',(#4079),#4073);
#4081=CARTESIAN_POINT('',(-3.E-1,-2.283838290319E-1,8.999999999998E-3));
#4082=DIRECTION('',(0.E0,-3.420201433266E-1,9.396926207856E-1));
#4083=DIRECTION('',(-1.E0,0.E0,0.E0));
#4084=AXIS2_PLACEMENT_3D('',#4081,#4082,#4083);
#4085=PLANE('1750',#4084);
#4086=ORIENTED_EDGE('1897',*,*,#3914,.F.);
#4088=ORIENTED_EDGE('1898',*,*,#4087,.F.);
#4090=ORIENTED_EDGE('1899',*,*,#4089,.F.);
#4091=ORIENTED_EDGE('1894',*,*,#4066,.T.);
#4092=EDGE_LOOP('1750',(#4086,#4088,#4090,#4091));
#4093=FACE_OUTER_BOUND('1750',#4092,.F.);
#4094=ADVANCED_FACE('1750',(#4093),#4085,.T.);
#4095=FILL_AREA_STYLE_COLOUR('',#183);
#4096=FILL_AREA_STYLE('',(#4095));
#4097=SURFACE_STYLE_FILL_AREA(#4096);
#4098=SURFACE_SIDE_STYLE('',(#4097));
#4099=SURFACE_STYLE_USAGE(.BOTH.,#4098);
#4100=PRESENTATION_STYLE_ASSIGNMENT((#4099));
#4101=STYLED_ITEM('',(#4100),#4094);
#4102=CARTESIAN_POINT('',(-2.91E-1,-2.283838290319E-1,0.E0));
#4103=DIRECTION('',(9.396926207859E-1,-3.420201433257E-1,0.E0));
#4104=DIRECTION('',(0.E0,0.E0,1.E0));
#4105=AXIS2_PLACEMENT_3D('',#4102,#4103,#4104);
#4106=PLANE('1762',#4105);
#4108=ORIENTED_EDGE('1922',*,*,#4107,.T.);
#4109=ORIENTED_EDGE('1898',*,*,#4087,.T.);
#4110=ORIENTED_EDGE('1923',*,*,#3956,.F.);
#4111=ORIENTED_EDGE('1921',*,*,#4048,.T.);
#4112=EDGE_LOOP('1762',(#4108,#4109,#4110,#4111));
#4113=FACE_OUTER_BOUND('1762',#4112,.F.);
#4114=ADVANCED_FACE('1762',(#4113),#4106,.T.);
#4115=FILL_AREA_STYLE_COLOUR('',#183);
#4116=FILL_AREA_STYLE('',(#4115));
#4117=SURFACE_STYLE_FILL_AREA(#4116);
#4118=SURFACE_SIDE_STYLE('',(#4117));
#4119=SURFACE_STYLE_USAGE(.BOTH.,#4118);
#4120=PRESENTATION_STYLE_ASSIGNMENT((#4119));
#4121=STYLED_ITEM('',(#4120),#4114);
#4122=CARTESIAN_POINT('',(-3.E-1,-2.38E-1,0.E0));
#4123=DIRECTION('',(0.E0,1.E0,0.E0));
#4124=DIRECTION('',(0.E0,0.E0,-1.E0));
#4125=AXIS2_PLACEMENT_3D('',#4122,#4123,#4124);
#4126=PLANE('1761',#4125);
#4127=ORIENTED_EDGE('1895',*,*,#4068,.T.);
#4128=ORIENTED_EDGE('1899',*,*,#4089,.T.);
#4129=ORIENTED_EDGE('1922',*,*,#4107,.F.);
#4130=ORIENTED_EDGE('1920',*,*,#4046,.T.);
#4131=EDGE_LOOP('1761',(#4127,#4128,#4129,#4130));
#4132=FACE_OUTER_BOUND('1761',#4131,.F.);
#4133=ADVANCED_FACE('1761',(#4132),#4126,.F.);
#4134=FILL_AREA_STYLE_COLOUR('',#183);
#4135=FILL_AREA_STYLE('',(#4134));
#4136=SURFACE_STYLE_FILL_AREA(#4135);
#4137=SURFACE_SIDE_STYLE('',(#4136));
#4138=SURFACE_STYLE_USAGE(.BOTH.,#4137);
#4139=PRESENTATION_STYLE_ASSIGNMENT((#4138));
#4140=STYLED_ITEM('',(#4139),#4133);
#4141=CARTESIAN_POINT('',(-2.87E-1,1.145E-1,3.75E-2));
#4142=DIRECTION('',(-1.E0,0.E0,0.E0));
#4143=DIRECTION('',(0.E0,1.E0,0.E0));
#4144=AXIS2_PLACEMENT_3D('',#4141,#4142,#4143);
#4145=CYLINDRICAL_SURFACE('1758',#4144,5.E-2);
#4146=ORIENTED_EDGE('1892',*,*,#3884,.F.);
#4147=ORIENTED_EDGE('1916',*,*,#4025,.T.);
#4148=ORIENTED_EDGE('1917',*,*,#3984,.T.);
#4150=ORIENTED_EDGE('1914',*,*,#4149,.T.);
#4151=EDGE_LOOP('1758',(#4146,#4147,#4148,#4150));
#4152=FACE_OUTER_BOUND('1758',#4151,.F.);
#4153=ADVANCED_FACE('1758',(#4152),#4145,.T.);
#4154=FILL_AREA_STYLE_COLOUR('',#183);
#4155=FILL_AREA_STYLE('',(#4154));
#4156=SURFACE_STYLE_FILL_AREA(#4155);
#4157=SURFACE_SIDE_STYLE('',(#4156));
#4158=SURFACE_STYLE_USAGE(.BOTH.,#4157);
#4159=PRESENTATION_STYLE_ASSIGNMENT((#4158));
#4160=STYLED_ITEM('',(#4159),#4153);
#4161=CARTESIAN_POINT('',(-3.E-1,1.645E-1,9.163382903190E-2));
#4162=DIRECTION('',(0.E0,1.E0,0.E0));
#4163=DIRECTION('',(0.E0,0.E0,1.E0));
#4164=AXIS2_PLACEMENT_3D('',#4161,#4162,#4163);
#4165=PLANE('1757',#4164);
#4167=ORIENTED_EDGE('1911',*,*,#4166,.T.);
#4168=ORIENTED_EDGE('1891',*,*,#3886,.F.);
#4169=ORIENTED_EDGE('1914',*,*,#4149,.F.);
#4170=ORIENTED_EDGE('1915',*,*,#3982,.T.);
#4171=EDGE_LOOP('1757',(#4167,#4168,#4169,#4170));
#4172=FACE_OUTER_BOUND('1757',#4171,.F.);
#4173=ADVANCED_FACE('1757',(#4172),#4165,.T.);
#4174=FILL_AREA_STYLE_COLOUR('',#183);
#4175=FILL_AREA_STYLE('',(#4174));
#4176=SURFACE_STYLE_FILL_AREA(#4175);
#4177=SURFACE_SIDE_STYLE('',(#4176));
#4178=SURFACE_STYLE_USAGE(.BOTH.,#4177);
#4179=PRESENTATION_STYLE_ASSIGNMENT((#4178));
#4180=STYLED_ITEM('',(#4179),#4173);
#4181=CARTESIAN_POINT('',(-3.E-1,1.61E-1,1.553838290319E-1));
#4182=DIRECTION('',(0.E0,9.396926207859E-1,3.420201433257E-1));
#4183=DIRECTION('',(-1.E0,0.E0,0.E0));
#4184=AXIS2_PLACEMENT_3D('',#4181,#4182,#4183);
#4185=PLANE('1756',#4184);
#4186=ORIENTED_EDGE('1911',*,*,#4166,.F.);
#4188=ORIENTED_EDGE('1912',*,*,#4187,.F.);
#4190=ORIENTED_EDGE('1913',*,*,#4189,.F.);
#4192=ORIENTED_EDGE('1909',*,*,#4191,.T.);
#4193=EDGE_LOOP('1756',(#4186,#4188,#4190,#4192));
#4194=FACE_OUTER_BOUND('1756',#4193,.F.);
#4195=ADVANCED_FACE('1756',(#4194),#4185,.T.);
#4196=FILL_AREA_STYLE_COLOUR('',#183);
#4197=FILL_AREA_STYLE('',(#4196));
#4198=SURFACE_STYLE_FILL_AREA(#4197);
#4199=SURFACE_SIDE_STYLE('',(#4198));
#4200=SURFACE_STYLE_USAGE(.BOTH.,#4199);
#4201=PRESENTATION_STYLE_ASSIGNMENT((#4200));
#4202=STYLED_ITEM('',(#4201),#4195);
#4203=CARTESIAN_POINT('',(-2.91E-1,1.52E-1,1.553838290319E-1));
#4204=DIRECTION('',(9.396926207859E-1,0.E0,3.420201433257E-1));
#4205=DIRECTION('',(0.E0,1.E0,0.E0));
#4206=AXIS2_PLACEMENT_3D('',#4203,#4204,#4205);
#4207=PLANE('1764',#4206);
#4209=ORIENTED_EDGE('1925',*,*,#4208,.F.);
#4210=ORIENTED_EDGE('1912',*,*,#4187,.T.);
#4211=ORIENTED_EDGE('1924',*,*,#3980,.T.);
#4213=ORIENTED_EDGE('1908',*,*,#4212,.T.);
#4214=EDGE_LOOP('1764',(#4209,#4210,#4211,#4213));
#4215=FACE_OUTER_BOUND('1764',#4214,.F.);
#4216=ADVANCED_FACE('1764',(#4215),#4207,.T.);
#4217=FILL_AREA_STYLE_COLOUR('',#183);
#4218=FILL_AREA_STYLE('',(#4217));
#4219=SURFACE_STYLE_FILL_AREA(#4218);
#4220=SURFACE_SIDE_STYLE('',(#4219));
#4221=SURFACE_STYLE_USAGE(.BOTH.,#4220);
#4222=PRESENTATION_STYLE_ASSIGNMENT((#4221));
#4223=STYLED_ITEM('',(#4222),#4216);
#4224=CARTESIAN_POINT('',(-3.E-1,1.52E-1,1.65E-1));
#4225=DIRECTION('',(0.E0,0.E0,1.E0));
#4226=DIRECTION('',(0.E0,-1.E0,0.E0));
#4227=AXIS2_PLACEMENT_3D('',#4224,#4225,#4226);
#4228=PLANE('1765',#4227);
#4230=ORIENTED_EDGE('1907',*,*,#4229,.T.);
#4232=ORIENTED_EDGE('1910',*,*,#4231,.T.);
#4233=ORIENTED_EDGE('1913',*,*,#4189,.T.);
#4234=ORIENTED_EDGE('1925',*,*,#4208,.T.);
#4235=EDGE_LOOP('1765',(#4230,#4232,#4233,#4234));
#4236=FACE_OUTER_BOUND('1765',#4235,.F.);
#4237=ADVANCED_FACE('1765',(#4236),#4228,.T.);
#4238=FILL_AREA_STYLE_COLOUR('',#183);
#4239=FILL_AREA_STYLE('',(#4238));
#4240=SURFACE_STYLE_FILL_AREA(#4239);
#4241=SURFACE_SIDE_STYLE('',(#4240));
#4242=SURFACE_STYLE_USAGE(.BOTH.,#4241);
#4243=PRESENTATION_STYLE_ASSIGNMENT((#4242));
#4244=STYLED_ITEM('',(#4243),#4237);
#4245=CARTESIAN_POINT('',(-3.E-1,1.43E-1,1.553838290319E-1));
#4246=DIRECTION('',(0.E0,9.396926207859E-1,-3.420201433257E-1));
#4247=DIRECTION('',(-1.E0,0.E0,0.E0));
#4248=AXIS2_PLACEMENT_3D('',#4245,#4246,#4247);
#4249=PLANE('1754',#4248);
#4251=ORIENTED_EDGE('1904',*,*,#4250,.T.);
#4253=ORIENTED_EDGE('1906',*,*,#4252,.F.);
#4254=ORIENTED_EDGE('1907',*,*,#4229,.F.);
#4255=ORIENTED_EDGE('1908',*,*,#4212,.F.);
#4256=EDGE_LOOP('1754',(#4251,#4253,#4254,#4255));
#4257=FACE_OUTER_BOUND('1754',#4256,.F.);
#4258=ADVANCED_FACE('1754',(#4257),#4249,.F.);
#4259=FILL_AREA_STYLE_COLOUR('',#183);
#4260=FILL_AREA_STYLE('',(#4259));
#4261=SURFACE_STYLE_FILL_AREA(#4260);
#4262=SURFACE_SIDE_STYLE('',(#4261));
#4263=SURFACE_STYLE_USAGE(.BOTH.,#4262);
#4264=PRESENTATION_STYLE_ASSIGNMENT((#4263));
#4265=STYLED_ITEM('',(#4264),#4258);
#4266=CARTESIAN_POINT('',(-3.E-1,1.395E-1,9.163382903192E-2));
#4267=DIRECTION('',(0.E0,1.E0,0.E0));
#4268=DIRECTION('',(0.E0,0.E0,-1.E0));
#4269=AXIS2_PLACEMENT_3D('',#4266,#4267,#4268);
#4270=PLANE('1753',#4269);
#4271=ORIENTED_EDGE('1904',*,*,#4250,.F.);
#4272=ORIENTED_EDGE('1905',*,*,#3978,.T.);
#4274=ORIENTED_EDGE('1903',*,*,#4273,.T.);
#4275=ORIENTED_EDGE('1889',*,*,#3890,.F.);
#4276=EDGE_LOOP('1753',(#4271,#4272,#4274,#4275));
#4277=FACE_OUTER_BOUND('1753',#4276,.F.);
#4278=ADVANCED_FACE('1753',(#4277),#4270,.F.);
#4279=FILL_AREA_STYLE_COLOUR('',#183);
#4280=FILL_AREA_STYLE('',(#4279));
#4281=SURFACE_STYLE_FILL_AREA(#4280);
#4282=SURFACE_SIDE_STYLE('',(#4281));
#4283=SURFACE_STYLE_USAGE(.BOTH.,#4282);
#4284=PRESENTATION_STYLE_ASSIGNMENT((#4283));
#4285=STYLED_ITEM('',(#4284),#4278);
#4286=CARTESIAN_POINT('',(-3.13E-1,1.145E-1,3.75E-2));
#4287=DIRECTION('',(1.E0,0.E0,0.E0));
#4288=DIRECTION('',(0.E0,0.E0,-1.E0));
#4289=AXIS2_PLACEMENT_3D('',#4286,#4287,#4288);
#4290=CYLINDRICAL_SURFACE('1752',#4289,2.5E-2);
#4291=ORIENTED_EDGE('1900',*,*,#3934,.F.);
#4292=ORIENTED_EDGE('1888',*,*,#3892,.F.);
#4293=ORIENTED_EDGE('1903',*,*,#4273,.F.);
#4294=ORIENTED_EDGE('1902',*,*,#3976,.T.);
#4295=EDGE_LOOP('1752',(#4291,#4292,#4293,#4294));
#4296=FACE_OUTER_BOUND('1752',#4295,.F.);
#4297=ADVANCED_FACE('1752',(#4296),#4290,.F.);
#4298=FILL_AREA_STYLE_COLOUR('',#183);
#4299=FILL_AREA_STYLE('',(#4298));
#4300=SURFACE_STYLE_FILL_AREA(#4299);
#4301=SURFACE_SIDE_STYLE('',(#4300));
#4302=SURFACE_STYLE_USAGE(.BOTH.,#4301);
#4303=PRESENTATION_STYLE_ASSIGNMENT((#4302));
#4304=STYLED_ITEM('',(#4303),#4297);
#4305=CARTESIAN_POINT('',(-3.09E-1,1.52E-1,1.553838290319E-1));
#4306=DIRECTION('',(9.396926207859E-1,0.E0,-3.420201433257E-1));
#4307=DIRECTION('',(0.E0,1.E0,0.E0));
#4308=AXIS2_PLACEMENT_3D('',#4305,#4306,#4307);
#4309=PLANE('1755',#4308);
#4310=ORIENTED_EDGE('1890',*,*,#3888,.T.);
#4311=ORIENTED_EDGE('1909',*,*,#4191,.F.);
#4312=ORIENTED_EDGE('1910',*,*,#4231,.F.);
#4313=ORIENTED_EDGE('1906',*,*,#4252,.T.);
#4314=EDGE_LOOP('1755',(#4310,#4311,#4312,#4313));
#4315=FACE_OUTER_BOUND('1755',#4314,.F.);
#4316=ADVANCED_FACE('1755',(#4315),#4309,.F.);
#4317=FILL_AREA_STYLE_COLOUR('',#183);
#4318=FILL_AREA_STYLE('',(#4317));
#4319=SURFACE_STYLE_FILL_AREA(#4318);
#4320=SURFACE_SIDE_STYLE('',(#4319));
#4321=SURFACE_STYLE_USAGE(.BOTH.,#4320);
#4322=PRESENTATION_STYLE_ASSIGNMENT((#4321));
#4323=STYLED_ITEM('',(#4322),#4316);
#4326=CARTESIAN_POINT('',(-2.6E-2,9.2E-2,-2.2E-2));
#4327=DIRECTION('',(0.E0,1.E0,0.E0));
#4328=DIRECTION('',(1.E0,0.E0,0.E0));
#4329=AXIS2_PLACEMENT_3D('',#4326,#4327,#4328);
#4331=DRAUGHTING_PRE_DEFINED_CURVE_FONT('continuous');
#4332=CURVE_STYLE('',#4331,POSITIVE_LENGTH_MEASURE(2.E-2),#63);
#4333=PRESENTATION_STYLE_ASSIGNMENT((#4332));
#4334=STYLED_ITEM('',(#4333),#4330);
#4335=CARTESIAN_POINT('',(-2.6E-2,9.2E-2,-2.2E-2));
#4336=DIRECTION('',(0.E0,1.E0,0.E0));
#4337=DIRECTION('',(-1.E0,0.E0,0.E0));
#4338=AXIS2_PLACEMENT_3D('',#4335,#4336,#4337);
#4340=CURVE_STYLE('',#4331,POSITIVE_LENGTH_MEASURE(2.E-2),#63);
#4341=PRESENTATION_STYLE_ASSIGNMENT((#4340));
#4342=STYLED_ITEM('',(#4341),#4339);
#4343=CARTESIAN_POINT('',(-2.6E-2,8.4E-2,-2.2E-2));
#4344=DIRECTION('',(0.E0,-1.E0,0.E0));
#4345=DIRECTION('',(-1.E0,0.E0,2.068657745102E-13));
#4346=AXIS2_PLACEMENT_3D('',#4343,#4344,#4345);
#4348=CURVE_STYLE('',#4331,POSITIVE_LENGTH_MEASURE(2.E-2),#63);
#4349=PRESENTATION_STYLE_ASSIGNMENT((#4348));
#4350=STYLED_ITEM('',(#4349),#4347);
#4351=CARTESIAN_POINT('',(-2.6E-2,8.4E-2,-2.2E-2));
#4352=DIRECTION('',(0.E0,-1.E0,0.E0));
#4353=DIRECTION('',(1.E0,0.E0,0.E0));
#4354=AXIS2_PLACEMENT_3D('',#4351,#4352,#4353);
#4356=CURVE_STYLE('',#4331,POSITIVE_LENGTH_MEASURE(2.E-2),#63);
#4357=PRESENTATION_STYLE_ASSIGNMENT((#4356));
#4358=STYLED_ITEM('',(#4357),#4355);
#4359=DIRECTION('',(0.E0,1.E0,-6.895525817002E-14));
#4360=VECTOR('',#4359,8.000000000007E-3);
#4361=CARTESIAN_POINT('',(-3.4E-2,8.4E-2,-2.2E-2));
#4362=LINE('1955',#4361,#4360);
#4363=CURVE_STYLE('',#4331,POSITIVE_LENGTH_MEASURE(2.E-2),#63);
#4364=PRESENTATION_STYLE_ASSIGNMENT((#4363));
#4365=STYLED_ITEM('',(#4364),#4362);
#4366=DIRECTION('',(0.E0,-1.E0,0.E0));
#4367=VECTOR('',#4366,8.000000000007E-3);
#4368=CARTESIAN_POINT('',(-1.8E-2,9.2E-2,-2.2E-2));
#4369=LINE('1954',#4368,#4367);
#4370=CURVE_STYLE('',#4331,POSITIVE_LENGTH_MEASURE(2.E-2),#63);
#4371=PRESENTATION_STYLE_ASSIGNMENT((#4370));
#4372=STYLED_ITEM('',(#4371),#4369);
#4373=CARTESIAN_POINT('',(-3.4E-2,8.4E-2,-2.2E-2));
#4374=CARTESIAN_POINT('',(-1.8E-2,8.4E-2,-2.2E-2));
#4375=VERTEX_POINT('',#4373);
#4376=VERTEX_POINT('',#4374);
#4377=CARTESIAN_POINT('',(-1.8E-2,9.2E-2,-2.2E-2));
#4378=CARTESIAN_POINT('',(-3.4E-2,9.2E-2,-2.2E-2));
#4379=VERTEX_POINT('',#4377);
#4380=VERTEX_POINT('',#4378);
#4381=CARTESIAN_POINT('',(-2.6E-2,9.2E-2,-2.2E-2));
#4382=DIRECTION('',(0.E0,1.E0,0.E0));
#4383=DIRECTION('',(1.E0,0.E0,0.E0));
#4384=AXIS2_PLACEMENT_3D('',#4381,#4382,#4383);
#4385=PLANE('1621',#4384);
#4387=ORIENTED_EDGE('1950',*,*,#4386,.F.);
#4389=ORIENTED_EDGE('1951',*,*,#4388,.F.);
#4390=EDGE_LOOP('1621',(#4387,#4389));
#4391=FACE_OUTER_BOUND('1621',#4390,.F.);
#4392=ADVANCED_FACE('1621',(#4391),#4385,.T.);
#4393=CARTESIAN_POINT('',(-2.6E-2,8.352754015672E-2,-2.2E-2));
#4394=DIRECTION('',(0.E0,1.E0,0.E0));
#4395=DIRECTION('',(1.E0,0.E0,0.E0));
#4396=AXIS2_PLACEMENT_3D('',#4393,#4394,#4395);
#4397=CYLINDRICAL_SURFACE('1623',#4396,8.E-3);
#4399=ORIENTED_EDGE('1012',*,*,#4398,.T.);
#4401=ORIENTED_EDGE('1954',*,*,#4400,.F.);
#4402=ORIENTED_EDGE('1950',*,*,#4386,.T.);
#4404=ORIENTED_EDGE('1955',*,*,#4403,.F.);
#4405=EDGE_LOOP('1623',(#4399,#4401,#4402,#4404));
#4406=FACE_OUTER_BOUND('1623',#4405,.F.);
#4407=ADVANCED_FACE('1623',(#4406),#4397,.T.);
#4408=CARTESIAN_POINT('',(-2.6E-2,8.352754015672E-2,-2.2E-2));
#4409=DIRECTION('',(0.E0,1.E0,0.E0));
#4410=DIRECTION('',(1.E0,0.E0,0.E0));
#4411=AXIS2_PLACEMENT_3D('',#4408,#4409,#4410);
#4412=CYLINDRICAL_SURFACE('1624',#4411,8.E-3);
#4414=ORIENTED_EDGE('1016',*,*,#4413,.T.);
#4415=ORIENTED_EDGE('1955',*,*,#4403,.T.);
#4416=ORIENTED_EDGE('1951',*,*,#4388,.T.);
#4417=ORIENTED_EDGE('1954',*,*,#4400,.T.);
#4418=EDGE_LOOP('1624',(#4414,#4415,#4416,#4417));
#4419=FACE_OUTER_BOUND('1624',#4418,.F.);
#4420=ADVANCED_FACE('1624',(#4419),#4412,.T.);
#4422=FILL_AREA_STYLE_COLOUR('',#63);
#4423=FILL_AREA_STYLE('',(#4422));
#4424=SURFACE_STYLE_FILL_AREA(#4423);
#4425=SURFACE_SIDE_STYLE('',(#4424));
#4426=SURFACE_STYLE_USAGE(.BOTH.,#4425);
#4427=PRESENTATION_STYLE_ASSIGNMENT((#4426));
#4325=STYLED_ITEM('',(#4427),#4421);
#4429=CARTESIAN_POINT('',(2.6E-2,9.2E-2,2.2E-2));
#4430=DIRECTION('',(0.E0,1.E0,0.E0));
#4431=DIRECTION('',(1.E0,0.E0,0.E0));
#4432=AXIS2_PLACEMENT_3D('',#4429,#4430,#4431);
#4434=CURVE_STYLE('',#4331,POSITIVE_LENGTH_MEASURE(2.E-2),#63);
#4435=PRESENTATION_STYLE_ASSIGNMENT((#4434));
#4436=STYLED_ITEM('',(#4435),#4433);
#4437=CARTESIAN_POINT('',(2.6E-2,9.2E-2,2.2E-2));
#4438=DIRECTION('',(0.E0,1.E0,0.E0));
#4439=DIRECTION('',(-1.E0,0.E0,0.E0));
#4440=AXIS2_PLACEMENT_3D('',#4437,#4438,#4439);
#4442=CURVE_STYLE('',#4331,POSITIVE_LENGTH_MEASURE(2.E-2),#63);
#4443=PRESENTATION_STYLE_ASSIGNMENT((#4442));
#4444=STYLED_ITEM('',(#4443),#4441);
#4445=CARTESIAN_POINT('',(2.6E-2,8.4E-2,2.2E-2));
#4446=DIRECTION('',(0.E0,-1.E0,0.E0));
#4447=DIRECTION('',(-1.E0,0.E0,2.068657745102E-13));
#4448=AXIS2_PLACEMENT_3D('',#4445,#4446,#4447);
#4450=CURVE_STYLE('',#4331,POSITIVE_LENGTH_MEASURE(2.E-2),#63);
#4451=PRESENTATION_STYLE_ASSIGNMENT((#4450));
#4452=STYLED_ITEM('',(#4451),#4449);
#4453=CARTESIAN_POINT('',(2.6E-2,8.4E-2,2.2E-2));
#4454=DIRECTION('',(0.E0,-1.E0,0.E0));
#4455=DIRECTION('',(1.E0,0.E0,0.E0));
#4456=AXIS2_PLACEMENT_3D('',#4453,#4454,#4455);
#4458=CURVE_STYLE('',#4331,POSITIVE_LENGTH_MEASURE(2.E-2),#63);
#4459=PRESENTATION_STYLE_ASSIGNMENT((#4458));
#4460=STYLED_ITEM('',(#4459),#4457);
#4461=DIRECTION('',(0.E0,1.E0,-6.895525817002E-14));
#4462=VECTOR('',#4461,8.000000000007E-3);
#4463=CARTESIAN_POINT('',(1.8E-2,8.4E-2,2.2E-2));
#4464=LINE('1957',#4463,#4462);
#4465=CURVE_STYLE('',#4331,POSITIVE_LENGTH_MEASURE(2.E-2),#63);
#4466=PRESENTATION_STYLE_ASSIGNMENT((#4465));
#4467=STYLED_ITEM('',(#4466),#4464);
#4468=DIRECTION('',(0.E0,-1.E0,0.E0));
#4469=VECTOR('',#4468,8.000000000007E-3);
#4470=CARTESIAN_POINT('',(3.4E-2,9.2E-2,2.2E-2));
#4471=LINE('1956',#4470,#4469);
#4472=CURVE_STYLE('',#4331,POSITIVE_LENGTH_MEASURE(2.E-2),#63);
#4473=PRESENTATION_STYLE_ASSIGNMENT((#4472));
#4474=STYLED_ITEM('',(#4473),#4471);
#4475=CARTESIAN_POINT('',(1.8E-2,8.4E-2,2.2E-2));
#4476=CARTESIAN_POINT('',(3.4E-2,8.4E-2,2.2E-2));
#4477=VERTEX_POINT('',#4475);
#4478=VERTEX_POINT('',#4476);
#4479=CARTESIAN_POINT('',(3.4E-2,9.2E-2,2.2E-2));
#4480=CARTESIAN_POINT('',(1.8E-2,9.2E-2,2.2E-2));
#4481=VERTEX_POINT('',#4479);
#4482=VERTEX_POINT('',#4480);
#4483=CARTESIAN_POINT('',(2.6E-2,9.2E-2,2.2E-2));
#4484=DIRECTION('',(0.E0,1.E0,0.E0));
#4485=DIRECTION('',(1.E0,0.E0,0.E0));
#4486=AXIS2_PLACEMENT_3D('',#4483,#4484,#4485);
#4487=PLANE('1622',#4486);
#4489=ORIENTED_EDGE('1952',*,*,#4488,.F.);
#4491=ORIENTED_EDGE('1953',*,*,#4490,.F.);
#4492=EDGE_LOOP('1622',(#4489,#4491));
#4493=FACE_OUTER_BOUND('1622',#4492,.F.);
#4494=ADVANCED_FACE('1622',(#4493),#4487,.T.);
#4495=CARTESIAN_POINT('',(2.6E-2,8.352754015672E-2,2.2E-2));
#4496=DIRECTION('',(0.E0,1.E0,0.E0));
#4497=DIRECTION('',(1.E0,0.E0,0.E0));
#4498=AXIS2_PLACEMENT_3D('',#4495,#4496,#4497);
#4499=CYLINDRICAL_SURFACE('1625',#4498,8.E-3);
#4501=ORIENTED_EDGE('1020',*,*,#4500,.T.);
#4503=ORIENTED_EDGE('1956',*,*,#4502,.F.);
#4504=ORIENTED_EDGE('1952',*,*,#4488,.T.);
#4506=ORIENTED_EDGE('1957',*,*,#4505,.F.);
#4507=EDGE_LOOP('1625',(#4501,#4503,#4504,#4506));
#4508=FACE_OUTER_BOUND('1625',#4507,.F.);
#4509=ADVANCED_FACE('1625',(#4508),#4499,.T.);
#4510=CARTESIAN_POINT('',(2.6E-2,8.352754015672E-2,2.2E-2));
#4511=DIRECTION('',(0.E0,1.E0,0.E0));
#4512=DIRECTION('',(1.E0,0.E0,0.E0));
#4513=AXIS2_PLACEMENT_3D('',#4510,#4511,#4512);
#4514=CYLINDRICAL_SURFACE('1626',#4513,8.E-3);
#4516=ORIENTED_EDGE('1024',*,*,#4515,.T.);
#4517=ORIENTED_EDGE('1957',*,*,#4505,.T.);
#4518=ORIENTED_EDGE('1953',*,*,#4490,.T.);
#4519=ORIENTED_EDGE('1956',*,*,#4502,.T.);
#4520=EDGE_LOOP('1626',(#4516,#4517,#4518,#4519));
#4521=FACE_OUTER_BOUND('1626',#4520,.F.);
#4522=ADVANCED_FACE('1626',(#4521),#4514,.T.);
#4524=FILL_AREA_STYLE_COLOUR('',#63);
#4525=FILL_AREA_STYLE('',(#4524));
#4526=SURFACE_STYLE_FILL_AREA(#4525);
#4527=SURFACE_SIDE_STYLE('',(#4526));
#4528=SURFACE_STYLE_USAGE(.BOTH.,#4527);
#4529=PRESENTATION_STYLE_ASSIGNMENT((#4528));
#4428=STYLED_ITEM('',(#4529),#4523);
#4531=CARTESIAN_POINT('',(2.6E-2,-8.E-3,2.2E-2));
#4532=DIRECTION('',(0.E0,-1.E0,0.E0));
#4533=DIRECTION('',(1.E0,0.E0,0.E0));
#4534=AXIS2_PLACEMENT_3D('',#4531,#4532,#4533);
#4536=CURVE_STYLE('',#4331,POSITIVE_LENGTH_MEASURE(2.E-2),#63);
#4537=PRESENTATION_STYLE_ASSIGNMENT((#4536));
#4538=STYLED_ITEM('',(#4537),#4535);
#4539=CARTESIAN_POINT('',(2.6E-2,-8.E-3,2.2E-2));
#4540=DIRECTION('',(0.E0,-1.E0,0.E0));
#4541=DIRECTION('',(-1.E0,0.E0,0.E0));
#4542=AXIS2_PLACEMENT_3D('',#4539,#4540,#4541);
#4544=CURVE_STYLE('',#4331,POSITIVE_LENGTH_MEASURE(2.E-2),#63);
#4545=PRESENTATION_STYLE_ASSIGNMENT((#4544));
#4546=STYLED_ITEM('',(#4545),#4543);
#4547=CARTESIAN_POINT('',(2.6E-2,0.E0,2.2E-2));
#4548=DIRECTION('',(0.E0,1.E0,0.E0));
#4549=DIRECTION('',(-1.E0,0.E0,-2.068657745102E-13));
#4550=AXIS2_PLACEMENT_3D('',#4547,#4548,#4549);
#4552=CURVE_STYLE('',#4331,POSITIVE_LENGTH_MEASURE(2.E-2),#63);
#4553=PRESENTATION_STYLE_ASSIGNMENT((#4552));
#4554=STYLED_ITEM('',(#4553),#4551);
#4555=CARTESIAN_POINT('',(2.6E-2,0.E0,2.2E-2));
#4556=DIRECTION('',(0.E0,1.E0,0.E0));
#4557=DIRECTION('',(1.E0,0.E0,0.E0));
#4558=AXIS2_PLACEMENT_3D('',#4555,#4556,#4557);
#4560=CURVE_STYLE('',#4331,POSITIVE_LENGTH_MEASURE(2.E-2),#63);
#4561=PRESENTATION_STYLE_ASSIGNMENT((#4560));
#4562=STYLED_ITEM('',(#4561),#4559);
#4563=DIRECTION('',(0.E0,-1.E0,6.895525817008E-14));
#4564=VECTOR('',#4563,8.E-3);
#4565=CARTESIAN_POINT('',(1.8E-2,0.E0,2.2E-2));
#4566=LINE('1963',#4565,#4564);
#4567=CURVE_STYLE('',#4331,POSITIVE_LENGTH_MEASURE(2.E-2),#63);
#4568=PRESENTATION_STYLE_ASSIGNMENT((#4567));
#4569=STYLED_ITEM('',(#4568),#4566);
#4570=DIRECTION('',(0.E0,1.E0,0.E0));
#4571=VECTOR('',#4570,8.E-3);
#4572=CARTESIAN_POINT('',(3.4E-2,-8.E-3,2.2E-2));
#4573=LINE('1962',#4572,#4571);
#4574=CURVE_STYLE('',#4331,POSITIVE_LENGTH_MEASURE(2.E-2),#63);
#4575=PRESENTATION_STYLE_ASSIGNMENT((#4574));
#4576=STYLED_ITEM('',(#4575),#4573);
#4577=CARTESIAN_POINT('',(1.8E-2,0.E0,2.2E-2));
#4578=CARTESIAN_POINT('',(3.4E-2,0.E0,2.2E-2));
#4579=VERTEX_POINT('',#4577);
#4580=VERTEX_POINT('',#4578);
#4581=CARTESIAN_POINT('',(3.4E-2,-8.E-3,2.2E-2));
#4582=CARTESIAN_POINT('',(1.8E-2,-8.E-3,2.2E-2));
#4583=VERTEX_POINT('',#4581);
#4584=VERTEX_POINT('',#4582);
#4585=CARTESIAN_POINT('',(2.6E-2,-8.E-3,2.2E-2));
#4586=DIRECTION('',(0.E0,1.E0,0.E0));
#4587=DIRECTION('',(1.E0,0.E0,0.E0));
#4588=AXIS2_PLACEMENT_3D('',#4585,#4586,#4587);
#4589=PLANE('1627',#4588);
#4591=ORIENTED_EDGE('1958',*,*,#4590,.F.);
#4593=ORIENTED_EDGE('1959',*,*,#4592,.F.);
#4594=EDGE_LOOP('1627',(#4591,#4593));
#4595=FACE_OUTER_BOUND('1627',#4594,.F.);
#4596=ADVANCED_FACE('1627',(#4595),#4589,.F.);
#4597=CARTESIAN_POINT('',(2.6E-2,4.724598432756E-4,2.2E-2));
#4598=DIRECTION('',(0.E0,-1.E0,0.E0));
#4599=DIRECTION('',(1.E0,0.E0,0.E0));
#4600=AXIS2_PLACEMENT_3D('',#4597,#4598,#4599);
#4601=CYLINDRICAL_SURFACE('1629',#4600,8.E-3);
#4603=ORIENTED_EDGE('1032',*,*,#4602,.T.);
#4605=ORIENTED_EDGE('1962',*,*,#4604,.F.);
#4606=ORIENTED_EDGE('1958',*,*,#4590,.T.);
#4608=ORIENTED_EDGE('1963',*,*,#4607,.F.);
#4609=EDGE_LOOP('1629',(#4603,#4605,#4606,#4608));
#4610=FACE_OUTER_BOUND('1629',#4609,.F.);
#4611=ADVANCED_FACE('1629',(#4610),#4601,.T.);
#4612=CARTESIAN_POINT('',(2.6E-2,4.724598432756E-4,2.2E-2));
#4613=DIRECTION('',(0.E0,-1.E0,0.E0));
#4614=DIRECTION('',(1.E0,0.E0,0.E0));
#4615=AXIS2_PLACEMENT_3D('',#4612,#4613,#4614);
#4616=CYLINDRICAL_SURFACE('1630',#4615,8.E-3);
#4618=ORIENTED_EDGE('1036',*,*,#4617,.T.);
#4619=ORIENTED_EDGE('1963',*,*,#4607,.T.);
#4620=ORIENTED_EDGE('1959',*,*,#4592,.T.);
#4621=ORIENTED_EDGE('1962',*,*,#4604,.T.);
#4622=EDGE_LOOP('1630',(#4618,#4619,#4620,#4621));
#4623=FACE_OUTER_BOUND('1630',#4622,.F.);
#4624=ADVANCED_FACE('1630',(#4623),#4616,.T.);
#4626=FILL_AREA_STYLE_COLOUR('',#63);
#4627=FILL_AREA_STYLE('',(#4626));
#4628=SURFACE_STYLE_FILL_AREA(#4627);
#4629=SURFACE_SIDE_STYLE('',(#4628));
#4630=SURFACE_STYLE_USAGE(.BOTH.,#4629);
#4631=PRESENTATION_STYLE_ASSIGNMENT((#4630));
#4530=STYLED_ITEM('',(#4631),#4625);
#4633=CARTESIAN_POINT('',(-2.6E-2,-8.E-3,-2.2E-2));
#4634=DIRECTION('',(0.E0,-1.E0,0.E0));
#4635=DIRECTION('',(1.E0,0.E0,0.E0));
#4636=AXIS2_PLACEMENT_3D('',#4633,#4634,#4635);
#4638=CURVE_STYLE('',#4331,POSITIVE_LENGTH_MEASURE(2.E-2),#63);
#4639=PRESENTATION_STYLE_ASSIGNMENT((#4638));
#4640=STYLED_ITEM('',(#4639),#4637);
#4641=CARTESIAN_POINT('',(-2.6E-2,-8.E-3,-2.2E-2));
#4642=DIRECTION('',(0.E0,-1.E0,0.E0));
#4643=DIRECTION('',(-1.E0,0.E0,0.E0));
#4644=AXIS2_PLACEMENT_3D('',#4641,#4642,#4643);
#4646=CURVE_STYLE('',#4331,POSITIVE_LENGTH_MEASURE(2.E-2),#63);
#4647=PRESENTATION_STYLE_ASSIGNMENT((#4646));
#4648=STYLED_ITEM('',(#4647),#4645);
#4649=CARTESIAN_POINT('',(-2.6E-2,0.E0,-2.2E-2));
#4650=DIRECTION('',(0.E0,1.E0,0.E0));
#4651=DIRECTION('',(-1.E0,0.E0,-2.068657745102E-13));
#4652=AXIS2_PLACEMENT_3D('',#4649,#4650,#4651);
#4654=CURVE_STYLE('',#4331,POSITIVE_LENGTH_MEASURE(2.E-2),#63);
#4655=PRESENTATION_STYLE_ASSIGNMENT((#4654));
#4656=STYLED_ITEM('',(#4655),#4653);
#4657=CARTESIAN_POINT('',(-2.6E-2,0.E0,-2.2E-2));
#4658=DIRECTION('',(0.E0,1.E0,0.E0));
#4659=DIRECTION('',(1.E0,0.E0,0.E0));
#4660=AXIS2_PLACEMENT_3D('',#4657,#4658,#4659);
#4662=CURVE_STYLE('',#4331,POSITIVE_LENGTH_MEASURE(2.E-2),#63);
#4663=PRESENTATION_STYLE_ASSIGNMENT((#4662));
#4664=STYLED_ITEM('',(#4663),#4661);
#4665=DIRECTION('',(0.E0,-1.E0,6.895525817008E-14));
#4666=VECTOR('',#4665,8.E-3);
#4667=CARTESIAN_POINT('',(-3.4E-2,0.E0,-2.2E-2));
#4668=LINE('1965',#4667,#4666);
#4669=CURVE_STYLE('',#4331,POSITIVE_LENGTH_MEASURE(2.E-2),#63);
#4670=PRESENTATION_STYLE_ASSIGNMENT((#4669));
#4671=STYLED_ITEM('',(#4670),#4668);
#4672=DIRECTION('',(0.E0,1.E0,0.E0));
#4673=VECTOR('',#4672,8.E-3);
#4674=CARTESIAN_POINT('',(-1.8E-2,-8.E-3,-2.2E-2));
#4675=LINE('1964',#4674,#4673);
#4676=CURVE_STYLE('',#4331,POSITIVE_LENGTH_MEASURE(2.E-2),#63);
#4677=PRESENTATION_STYLE_ASSIGNMENT((#4676));
#4678=STYLED_ITEM('',(#4677),#4675);
#4679=CARTESIAN_POINT('',(-3.4E-2,0.E0,-2.2E-2));
#4680=CARTESIAN_POINT('',(-1.8E-2,0.E0,-2.2E-2));
#4681=VERTEX_POINT('',#4679);
#4682=VERTEX_POINT('',#4680);
#4683=CARTESIAN_POINT('',(-1.8E-2,-8.E-3,-2.2E-2));
#4684=CARTESIAN_POINT('',(-3.4E-2,-8.E-3,-2.2E-2));
#4685=VERTEX_POINT('',#4683);
#4686=VERTEX_POINT('',#4684);
#4687=CARTESIAN_POINT('',(-2.6E-2,-8.E-3,-2.2E-2));
#4688=DIRECTION('',(0.E0,1.E0,0.E0));
#4689=DIRECTION('',(1.E0,0.E0,0.E0));
#4690=AXIS2_PLACEMENT_3D('',#4687,#4688,#4689);
#4691=PLANE('1628',#4690);
#4693=ORIENTED_EDGE('1960',*,*,#4692,.F.);
#4695=ORIENTED_EDGE('1961',*,*,#4694,.F.);
#4696=EDGE_LOOP('1628',(#4693,#4695));
#4697=FACE_OUTER_BOUND('1628',#4696,.F.);
#4698=ADVANCED_FACE('1628',(#4697),#4691,.F.);
#4699=CARTESIAN_POINT('',(-2.6E-2,4.724598432756E-4,-2.2E-2));
#4700=DIRECTION('',(0.E0,-1.E0,0.E0));
#4701=DIRECTION('',(1.E0,0.E0,0.E0));
#4702=AXIS2_PLACEMENT_3D('',#4699,#4700,#4701);
#4703=CYLINDRICAL_SURFACE('1631',#4702,8.E-3);
#4705=ORIENTED_EDGE('1040',*,*,#4704,.T.);
#4707=ORIENTED_EDGE('1964',*,*,#4706,.F.);
#4708=ORIENTED_EDGE('1960',*,*,#4692,.T.);
#4710=ORIENTED_EDGE('1965',*,*,#4709,.F.);
#4711=EDGE_LOOP('1631',(#4705,#4707,#4708,#4710));
#4712=FACE_OUTER_BOUND('1631',#4711,.F.);
#4713=ADVANCED_FACE('1631',(#4712),#4703,.T.);
#4714=CARTESIAN_POINT('',(-2.6E-2,4.724598432756E-4,-2.2E-2));
#4715=DIRECTION('',(0.E0,-1.E0,0.E0));
#4716=DIRECTION('',(1.E0,0.E0,0.E0));
#4717=AXIS2_PLACEMENT_3D('',#4714,#4715,#4716);
#4718=CYLINDRICAL_SURFACE('1632',#4717,8.E-3);
#4720=ORIENTED_EDGE('1044',*,*,#4719,.T.);
#4721=ORIENTED_EDGE('1965',*,*,#4709,.T.);
#4722=ORIENTED_EDGE('1961',*,*,#4694,.T.);
#4723=ORIENTED_EDGE('1964',*,*,#4706,.T.);
#4724=EDGE_LOOP('1632',(#4720,#4721,#4722,#4723));
#4725=FACE_OUTER_BOUND('1632',#4724,.F.);
#4726=ADVANCED_FACE('1632',(#4725),#4718,.T.);
#4728=FILL_AREA_STYLE_COLOUR('',#63);
#4729=FILL_AREA_STYLE('',(#4728));
#4730=SURFACE_STYLE_FILL_AREA(#4729);
#4731=SURFACE_SIDE_STYLE('',(#4730));
#4732=SURFACE_STYLE_USAGE(.BOTH.,#4731);
#4733=PRESENTATION_STYLE_ASSIGNMENT((#4732));
#4632=STYLED_ITEM('',(#4733),#4727);
#4735=CARTESIAN_POINT('',(-1.26E-1,9.2E-2,-2.2E-2));
#4736=DIRECTION('',(0.E0,1.E0,0.E0));
#4737=DIRECTION('',(1.E0,0.E0,0.E0));
#4738=AXIS2_PLACEMENT_3D('',#4735,#4736,#4737);
#4740=CURVE_STYLE('',#4331,POSITIVE_LENGTH_MEASURE(2.E-2),#63);
#4741=PRESENTATION_STYLE_ASSIGNMENT((#4740));
#4742=STYLED_ITEM('',(#4741),#4739);
#4743=CARTESIAN_POINT('',(-1.26E-1,9.2E-2,-2.2E-2));
#4744=DIRECTION('',(0.E0,1.E0,0.E0));
#4745=DIRECTION('',(-1.E0,0.E0,0.E0));
#4746=AXIS2_PLACEMENT_3D('',#4743,#4744,#4745);
#4748=CURVE_STYLE('',#4331,POSITIVE_LENGTH_MEASURE(2.E-2),#63);
#4749=PRESENTATION_STYLE_ASSIGNMENT((#4748));
#4750=STYLED_ITEM('',(#4749),#4747);
#4751=CARTESIAN_POINT('',(-1.26E-1,8.4E-2,-2.2E-2));
#4752=DIRECTION('',(0.E0,-1.E0,0.E0));
#4753=DIRECTION('',(-1.E0,0.E0,2.068657745102E-13));
#4754=AXIS2_PLACEMENT_3D('',#4751,#4752,#4753);
#4756=CURVE_STYLE('',#4331,POSITIVE_LENGTH_MEASURE(2.E-2),#63);
#4757=PRESENTATION_STYLE_ASSIGNMENT((#4756));
#4758=STYLED_ITEM('',(#4757),#4755);
#4759=CARTESIAN_POINT('',(-1.26E-1,8.4E-2,-2.2E-2));
#4760=DIRECTION('',(0.E0,-1.E0,0.E0));
#4761=DIRECTION('',(1.E0,0.E0,0.E0));
#4762=AXIS2_PLACEMENT_3D('',#4759,#4760,#4761);
#4764=CURVE_STYLE('',#4331,POSITIVE_LENGTH_MEASURE(2.E-2),#63);
#4765=PRESENTATION_STYLE_ASSIGNMENT((#4764));
#4766=STYLED_ITEM('',(#4765),#4763);
#4767=DIRECTION('',(0.E0,1.E0,-6.895525817002E-14));
#4768=VECTOR('',#4767,8.000000000007E-3);
#4769=CARTESIAN_POINT('',(-1.34E-1,8.4E-2,-2.2E-2));
#4770=LINE('1991',#4769,#4768);
#4771=CURVE_STYLE('',#4331,POSITIVE_LENGTH_MEASURE(2.E-2),#63);
#4772=PRESENTATION_STYLE_ASSIGNMENT((#4771));
#4773=STYLED_ITEM('',(#4772),#4770);
#4774=DIRECTION('',(0.E0,-1.E0,0.E0));
#4775=VECTOR('',#4774,8.000000000007E-3);
#4776=CARTESIAN_POINT('',(-1.18E-1,9.2E-2,-2.2E-2));
#4777=LINE('1990',#4776,#4775);
#4778=CURVE_STYLE('',#4331,POSITIVE_LENGTH_MEASURE(2.E-2),#63);
#4779=PRESENTATION_STYLE_ASSIGNMENT((#4778));
#4780=STYLED_ITEM('',(#4779),#4777);
#4781=CARTESIAN_POINT('',(-1.34E-1,8.4E-2,-2.2E-2));
#4782=CARTESIAN_POINT('',(-1.18E-1,8.4E-2,-2.2E-2));
#4783=VERTEX_POINT('',#4781);
#4784=VERTEX_POINT('',#4782);
#4785=CARTESIAN_POINT('',(-1.18E-1,9.2E-2,-2.2E-2));
#4786=CARTESIAN_POINT('',(-1.34E-1,9.2E-2,-2.2E-2));
#4787=VERTEX_POINT('',#4785);
#4788=VERTEX_POINT('',#4786);
#4789=CARTESIAN_POINT('',(-1.26E-1,9.2E-2,-2.2E-2));
#4790=DIRECTION('',(0.E0,1.E0,0.E0));
#4791=DIRECTION('',(1.E0,0.E0,0.E0));
#4792=AXIS2_PLACEMENT_3D('',#4789,#4790,#4791);
#4793=PLANE('1641',#4792);
#4795=ORIENTED_EDGE('1986',*,*,#4794,.F.);
#4797=ORIENTED_EDGE('1987',*,*,#4796,.F.);
#4798=EDGE_LOOP('1641',(#4795,#4797));
#4799=FACE_OUTER_BOUND('1641',#4798,.F.);
#4800=ADVANCED_FACE('1641',(#4799),#4793,.T.);
#4801=CARTESIAN_POINT('',(-1.26E-1,8.352754015672E-2,-2.2E-2));
#4802=DIRECTION('',(0.E0,1.E0,0.E0));
#4803=DIRECTION('',(1.E0,0.E0,0.E0));
#4804=AXIS2_PLACEMENT_3D('',#4801,#4802,#4803);
#4805=CYLINDRICAL_SURFACE('1643',#4804,8.E-3);
#4807=ORIENTED_EDGE('1092',*,*,#4806,.T.);
#4809=ORIENTED_EDGE('1990',*,*,#4808,.F.);
#4810=ORIENTED_EDGE('1986',*,*,#4794,.T.);
#4812=ORIENTED_EDGE('1991',*,*,#4811,.F.);
#4813=EDGE_LOOP('1643',(#4807,#4809,#4810,#4812));
#4814=FACE_OUTER_BOUND('1643',#4813,.F.);
#4815=ADVANCED_FACE('1643',(#4814),#4805,.T.);
#4816=CARTESIAN_POINT('',(-1.26E-1,8.352754015672E-2,-2.2E-2));
#4817=DIRECTION('',(0.E0,1.E0,0.E0));
#4818=DIRECTION('',(1.E0,0.E0,0.E0));
#4819=AXIS2_PLACEMENT_3D('',#4816,#4817,#4818);
#4820=CYLINDRICAL_SURFACE('1644',#4819,8.E-3);
#4822=ORIENTED_EDGE('1096',*,*,#4821,.T.);
#4823=ORIENTED_EDGE('1991',*,*,#4811,.T.);
#4824=ORIENTED_EDGE('1987',*,*,#4796,.T.);
#4825=ORIENTED_EDGE('1990',*,*,#4808,.T.);
#4826=EDGE_LOOP('1644',(#4822,#4823,#4824,#4825));
#4827=FACE_OUTER_BOUND('1644',#4826,.F.);
#4828=ADVANCED_FACE('1644',(#4827),#4820,.T.);
#4830=FILL_AREA_STYLE_COLOUR('',#63);
#4831=FILL_AREA_STYLE('',(#4830));
#4832=SURFACE_STYLE_FILL_AREA(#4831);
#4833=SURFACE_SIDE_STYLE('',(#4832));
#4834=SURFACE_STYLE_USAGE(.BOTH.,#4833);
#4835=PRESENTATION_STYLE_ASSIGNMENT((#4834));
#4734=STYLED_ITEM('',(#4835),#4829);
#4837=CARTESIAN_POINT('',(-7.4E-2,9.2E-2,2.2E-2));
#4838=DIRECTION('',(0.E0,1.E0,0.E0));
#4839=DIRECTION('',(1.E0,0.E0,0.E0));
#4840=AXIS2_PLACEMENT_3D('',#4837,#4838,#4839);
#4842=CURVE_STYLE('',#4331,POSITIVE_LENGTH_MEASURE(2.E-2),#63);
#4843=PRESENTATION_STYLE_ASSIGNMENT((#4842));
#4844=STYLED_ITEM('',(#4843),#4841);
#4845=CARTESIAN_POINT('',(-7.4E-2,9.2E-2,2.2E-2));
#4846=DIRECTION('',(0.E0,1.E0,0.E0));
#4847=DIRECTION('',(-1.E0,0.E0,0.E0));
#4848=AXIS2_PLACEMENT_3D('',#4845,#4846,#4847);
#4850=CURVE_STYLE('',#4331,POSITIVE_LENGTH_MEASURE(2.E-2),#63);
#4851=PRESENTATION_STYLE_ASSIGNMENT((#4850));
#4852=STYLED_ITEM('',(#4851),#4849);
#4853=CARTESIAN_POINT('',(-7.4E-2,8.4E-2,2.2E-2));
#4854=DIRECTION('',(0.E0,-1.E0,0.E0));
#4855=DIRECTION('',(-1.E0,0.E0,2.068657745102E-13));
#4856=AXIS2_PLACEMENT_3D('',#4853,#4854,#4855);
#4858=CURVE_STYLE('',#4331,POSITIVE_LENGTH_MEASURE(2.E-2),#63);
#4859=PRESENTATION_STYLE_ASSIGNMENT((#4858));
#4860=STYLED_ITEM('',(#4859),#4857);
#4861=CARTESIAN_POINT('',(-7.4E-2,8.4E-2,2.2E-2));
#4862=DIRECTION('',(0.E0,-1.E0,0.E0));
#4863=DIRECTION('',(1.E0,0.E0,0.E0));
#4864=AXIS2_PLACEMENT_3D('',#4861,#4862,#4863);
#4866=CURVE_STYLE('',#4331,POSITIVE_LENGTH_MEASURE(2.E-2),#63);
#4867=PRESENTATION_STYLE_ASSIGNMENT((#4866));
#4868=STYLED_ITEM('',(#4867),#4865);
#4869=DIRECTION('',(0.E0,1.E0,-6.895525817002E-14));
#4870=VECTOR('',#4869,8.000000000007E-3);
#4871=CARTESIAN_POINT('',(-8.2E-2,8.4E-2,2.2E-2));
#4872=LINE('1993',#4871,#4870);
#4873=CURVE_STYLE('',#4331,POSITIVE_LENGTH_MEASURE(2.E-2),#63);
#4874=PRESENTATION_STYLE_ASSIGNMENT((#4873));
#4875=STYLED_ITEM('',(#4874),#4872);
#4876=DIRECTION('',(0.E0,-1.E0,0.E0));
#4877=VECTOR('',#4876,8.000000000007E-3);
#4878=CARTESIAN_POINT('',(-6.6E-2,9.2E-2,2.2E-2));
#4879=LINE('1992',#4878,#4877);
#4880=CURVE_STYLE('',#4331,POSITIVE_LENGTH_MEASURE(2.E-2),#63);
#4881=PRESENTATION_STYLE_ASSIGNMENT((#4880));
#4882=STYLED_ITEM('',(#4881),#4879);
#4883=CARTESIAN_POINT('',(-8.2E-2,8.4E-2,2.2E-2));
#4884=CARTESIAN_POINT('',(-6.6E-2,8.4E-2,2.2E-2));
#4885=VERTEX_POINT('',#4883);
#4886=VERTEX_POINT('',#4884);
#4887=CARTESIAN_POINT('',(-6.6E-2,9.2E-2,2.2E-2));
#4888=CARTESIAN_POINT('',(-8.2E-2,9.2E-2,2.2E-2));
#4889=VERTEX_POINT('',#4887);
#4890=VERTEX_POINT('',#4888);
#4891=CARTESIAN_POINT('',(-7.4E-2,9.2E-2,2.2E-2));
#4892=DIRECTION('',(0.E0,1.E0,0.E0));
#4893=DIRECTION('',(1.E0,0.E0,0.E0));
#4894=AXIS2_PLACEMENT_3D('',#4891,#4892,#4893);
#4895=PLANE('1642',#4894);
#4897=ORIENTED_EDGE('1988',*,*,#4896,.F.);
#4899=ORIENTED_EDGE('1989',*,*,#4898,.F.);
#4900=EDGE_LOOP('1642',(#4897,#4899));
#4901=FACE_OUTER_BOUND('1642',#4900,.F.);
#4902=ADVANCED_FACE('1642',(#4901),#4895,.T.);
#4903=CARTESIAN_POINT('',(-7.4E-2,8.352754015672E-2,2.2E-2));
#4904=DIRECTION('',(0.E0,1.E0,0.E0));
#4905=DIRECTION('',(1.E0,0.E0,0.E0));
#4906=AXIS2_PLACEMENT_3D('',#4903,#4904,#4905);
#4907=CYLINDRICAL_SURFACE('1645',#4906,8.E-3);
#4909=ORIENTED_EDGE('1100',*,*,#4908,.T.);
#4911=ORIENTED_EDGE('1992',*,*,#4910,.F.);
#4912=ORIENTED_EDGE('1988',*,*,#4896,.T.);
#4914=ORIENTED_EDGE('1993',*,*,#4913,.F.);
#4915=EDGE_LOOP('1645',(#4909,#4911,#4912,#4914));
#4916=FACE_OUTER_BOUND('1645',#4915,.F.);
#4917=ADVANCED_FACE('1645',(#4916),#4907,.T.);
#4918=CARTESIAN_POINT('',(-7.4E-2,8.352754015672E-2,2.2E-2));
#4919=DIRECTION('',(0.E0,1.E0,0.E0));
#4920=DIRECTION('',(1.E0,0.E0,0.E0));
#4921=AXIS2_PLACEMENT_3D('',#4918,#4919,#4920);
#4922=CYLINDRICAL_SURFACE('1646',#4921,8.E-3);
#4924=ORIENTED_EDGE('1104',*,*,#4923,.T.);
#4925=ORIENTED_EDGE('1993',*,*,#4913,.T.);
#4926=ORIENTED_EDGE('1989',*,*,#4898,.T.);
#4927=ORIENTED_EDGE('1992',*,*,#4910,.T.);
#4928=EDGE_LOOP('1646',(#4924,#4925,#4926,#4927));
#4929=FACE_OUTER_BOUND('1646',#4928,.F.);
#4930=ADVANCED_FACE('1646',(#4929),#4922,.T.);
#4932=FILL_AREA_STYLE_COLOUR('',#63);
#4933=FILL_AREA_STYLE('',(#4932));
#4934=SURFACE_STYLE_FILL_AREA(#4933);
#4935=SURFACE_SIDE_STYLE('',(#4934));
#4936=SURFACE_STYLE_USAGE(.BOTH.,#4935);
#4937=PRESENTATION_STYLE_ASSIGNMENT((#4936));
#4836=STYLED_ITEM('',(#4937),#4931);
#4939=CARTESIAN_POINT('',(-7.4E-2,-8.E-3,2.2E-2));
#4940=DIRECTION('',(0.E0,-1.E0,0.E0));
#4941=DIRECTION('',(1.E0,0.E0,0.E0));
#4942=AXIS2_PLACEMENT_3D('',#4939,#4940,#4941);
#4944=CURVE_STYLE('',#4331,POSITIVE_LENGTH_MEASURE(2.E-2),#63);
#4945=PRESENTATION_STYLE_ASSIGNMENT((#4944));
#4946=STYLED_ITEM('',(#4945),#4943);
#4947=CARTESIAN_POINT('',(-7.4E-2,-8.E-3,2.2E-2));
#4948=DIRECTION('',(0.E0,-1.E0,0.E0));
#4949=DIRECTION('',(-1.E0,0.E0,0.E0));
#4950=AXIS2_PLACEMENT_3D('',#4947,#4948,#4949);
#4952=CURVE_STYLE('',#4331,POSITIVE_LENGTH_MEASURE(2.E-2),#63);
#4953=PRESENTATION_STYLE_ASSIGNMENT((#4952));
#4954=STYLED_ITEM('',(#4953),#4951);
#4955=CARTESIAN_POINT('',(-7.4E-2,0.E0,2.2E-2));
#4956=DIRECTION('',(0.E0,1.E0,0.E0));
#4957=DIRECTION('',(-1.E0,0.E0,-2.068657745102E-13));
#4958=AXIS2_PLACEMENT_3D('',#4955,#4956,#4957);
#4960=CURVE_STYLE('',#4331,POSITIVE_LENGTH_MEASURE(2.E-2),#63);
#4961=PRESENTATION_STYLE_ASSIGNMENT((#4960));
#4962=STYLED_ITEM('',(#4961),#4959);
#4963=CARTESIAN_POINT('',(-7.4E-2,0.E0,2.2E-2));
#4964=DIRECTION('',(0.E0,1.E0,0.E0));
#4965=DIRECTION('',(1.E0,0.E0,0.E0));
#4966=AXIS2_PLACEMENT_3D('',#4963,#4964,#4965);
#4968=CURVE_STYLE('',#4331,POSITIVE_LENGTH_MEASURE(2.E-2),#63);
#4969=PRESENTATION_STYLE_ASSIGNMENT((#4968));
#4970=STYLED_ITEM('',(#4969),#4967);
#4971=DIRECTION('',(0.E0,-1.E0,6.895525817008E-14));
#4972=VECTOR('',#4971,8.E-3);
#4973=CARTESIAN_POINT('',(-8.2E-2,0.E0,2.2E-2));
#4974=LINE('1999',#4973,#4972);
#4975=CURVE_STYLE('',#4331,POSITIVE_LENGTH_MEASURE(2.E-2),#63);
#4976=PRESENTATION_STYLE_ASSIGNMENT((#4975));
#4977=STYLED_ITEM('',(#4976),#4974);
#4978=DIRECTION('',(0.E0,1.E0,0.E0));
#4979=VECTOR('',#4978,8.E-3);
#4980=CARTESIAN_POINT('',(-6.6E-2,-8.E-3,2.2E-2));
#4981=LINE('1998',#4980,#4979);
#4982=CURVE_STYLE('',#4331,POSITIVE_LENGTH_MEASURE(2.E-2),#63);
#4983=PRESENTATION_STYLE_ASSIGNMENT((#4982));
#4984=STYLED_ITEM('',(#4983),#4981);
#4985=CARTESIAN_POINT('',(-8.2E-2,0.E0,2.2E-2));
#4986=CARTESIAN_POINT('',(-6.6E-2,0.E0,2.2E-2));
#4987=VERTEX_POINT('',#4985);
#4988=VERTEX_POINT('',#4986);
#4989=CARTESIAN_POINT('',(-6.6E-2,-8.E-3,2.2E-2));
#4990=CARTESIAN_POINT('',(-8.2E-2,-8.E-3,2.2E-2));
#4991=VERTEX_POINT('',#4989);
#4992=VERTEX_POINT('',#4990);
#4993=CARTESIAN_POINT('',(-7.4E-2,-8.E-3,2.2E-2));
#4994=DIRECTION('',(0.E0,1.E0,0.E0));
#4995=DIRECTION('',(1.E0,0.E0,0.E0));
#4996=AXIS2_PLACEMENT_3D('',#4993,#4994,#4995);
#4997=PLANE('1647',#4996);
#4999=ORIENTED_EDGE('1994',*,*,#4998,.F.);
#5001=ORIENTED_EDGE('1995',*,*,#5000,.F.);
#5002=EDGE_LOOP('1647',(#4999,#5001));
#5003=FACE_OUTER_BOUND('1647',#5002,.F.);
#5004=ADVANCED_FACE('1647',(#5003),#4997,.F.);
#5005=CARTESIAN_POINT('',(-7.4E-2,4.724598432756E-4,2.2E-2));
#5006=DIRECTION('',(0.E0,-1.E0,0.E0));
#5007=DIRECTION('',(1.E0,0.E0,0.E0));
#5008=AXIS2_PLACEMENT_3D('',#5005,#5006,#5007);
#5009=CYLINDRICAL_SURFACE('1649',#5008,8.E-3);
#5011=ORIENTED_EDGE('1112',*,*,#5010,.T.);
#5013=ORIENTED_EDGE('1998',*,*,#5012,.F.);
#5014=ORIENTED_EDGE('1994',*,*,#4998,.T.);
#5016=ORIENTED_EDGE('1999',*,*,#5015,.F.);
#5017=EDGE_LOOP('1649',(#5011,#5013,#5014,#5016));
#5018=FACE_OUTER_BOUND('1649',#5017,.F.);
#5019=ADVANCED_FACE('1649',(#5018),#5009,.T.);
#5020=CARTESIAN_POINT('',(-7.4E-2,4.724598432756E-4,2.2E-2));
#5021=DIRECTION('',(0.E0,-1.E0,0.E0));
#5022=DIRECTION('',(1.E0,0.E0,0.E0));
#5023=AXIS2_PLACEMENT_3D('',#5020,#5021,#5022);
#5024=CYLINDRICAL_SURFACE('1650',#5023,8.E-3);
#5026=ORIENTED_EDGE('1116',*,*,#5025,.T.);
#5027=ORIENTED_EDGE('1999',*,*,#5015,.T.);
#5028=ORIENTED_EDGE('1995',*,*,#5000,.T.);
#5029=ORIENTED_EDGE('1998',*,*,#5012,.T.);
#5030=EDGE_LOOP('1650',(#5026,#5027,#5028,#5029));
#5031=FACE_OUTER_BOUND('1650',#5030,.F.);
#5032=ADVANCED_FACE('1650',(#5031),#5024,.T.);
#5034=FILL_AREA_STYLE_COLOUR('',#63);
#5035=FILL_AREA_STYLE('',(#5034));
#5036=SURFACE_STYLE_FILL_AREA(#5035);
#5037=SURFACE_SIDE_STYLE('',(#5036));
#5038=SURFACE_STYLE_USAGE(.BOTH.,#5037);
#5039=PRESENTATION_STYLE_ASSIGNMENT((#5038));
#4938=STYLED_ITEM('',(#5039),#5033);
#5041=CARTESIAN_POINT('',(-1.26E-1,-8.E-3,-2.2E-2));
#5042=DIRECTION('',(0.E0,-1.E0,0.E0));
#5043=DIRECTION('',(1.E0,0.E0,0.E0));
#5044=AXIS2_PLACEMENT_3D('',#5041,#5042,#5043);
#5046=CURVE_STYLE('',#4331,POSITIVE_LENGTH_MEASURE(2.E-2),#63);
#5047=PRESENTATION_STYLE_ASSIGNMENT((#5046));
#5048=STYLED_ITEM('',(#5047),#5045);
#5049=CARTESIAN_POINT('',(-1.26E-1,-8.E-3,-2.2E-2));
#5050=DIRECTION('',(0.E0,-1.E0,0.E0));
#5051=DIRECTION('',(-1.E0,0.E0,0.E0));
#5052=AXIS2_PLACEMENT_3D('',#5049,#5050,#5051);
#5054=CURVE_STYLE('',#4331,POSITIVE_LENGTH_MEASURE(2.E-2),#63);
#5055=PRESENTATION_STYLE_ASSIGNMENT((#5054));
#5056=STYLED_ITEM('',(#5055),#5053);
#5057=CARTESIAN_POINT('',(-1.26E-1,0.E0,-2.2E-2));
#5058=DIRECTION('',(0.E0,1.E0,0.E0));
#5059=DIRECTION('',(-1.E0,0.E0,-2.068657745102E-13));
#5060=AXIS2_PLACEMENT_3D('',#5057,#5058,#5059);
#5062=CURVE_STYLE('',#4331,POSITIVE_LENGTH_MEASURE(2.E-2),#63);
#5063=PRESENTATION_STYLE_ASSIGNMENT((#5062));
#5064=STYLED_ITEM('',(#5063),#5061);
#5065=CARTESIAN_POINT('',(-1.26E-1,0.E0,-2.2E-2));
#5066=DIRECTION('',(0.E0,1.E0,0.E0));
#5067=DIRECTION('',(1.E0,0.E0,0.E0));
#5068=AXIS2_PLACEMENT_3D('',#5065,#5066,#5067);
#5070=CURVE_STYLE('',#4331,POSITIVE_LENGTH_MEASURE(2.E-2),#63);
#5071=PRESENTATION_STYLE_ASSIGNMENT((#5070));
#5072=STYLED_ITEM('',(#5071),#5069);
#5073=DIRECTION('',(0.E0,-1.E0,6.895525817008E-14));
#5074=VECTOR('',#5073,8.E-3);
#5075=CARTESIAN_POINT('',(-1.34E-1,0.E0,-2.2E-2));
#5076=LINE('2001',#5075,#5074);
#5077=CURVE_STYLE('',#4331,POSITIVE_LENGTH_MEASURE(2.E-2),#63);
#5078=PRESENTATION_STYLE_ASSIGNMENT((#5077));
#5079=STYLED_ITEM('',(#5078),#5076);
#5080=DIRECTION('',(0.E0,1.E0,0.E0));
#5081=VECTOR('',#5080,8.E-3);
#5082=CARTESIAN_POINT('',(-1.18E-1,-8.E-3,-2.2E-2));
#5083=LINE('2000',#5082,#5081);
#5084=CURVE_STYLE('',#4331,POSITIVE_LENGTH_MEASURE(2.E-2),#63);
#5085=PRESENTATION_STYLE_ASSIGNMENT((#5084));
#5086=STYLED_ITEM('',(#5085),#5083);
#5087=CARTESIAN_POINT('',(-1.34E-1,0.E0,-2.2E-2));
#5088=CARTESIAN_POINT('',(-1.18E-1,0.E0,-2.2E-2));
#5089=VERTEX_POINT('',#5087);
#5090=VERTEX_POINT('',#5088);
#5091=CARTESIAN_POINT('',(-1.18E-1,-8.E-3,-2.2E-2));
#5092=CARTESIAN_POINT('',(-1.34E-1,-8.E-3,-2.2E-2));
#5093=VERTEX_POINT('',#5091);
#5094=VERTEX_POINT('',#5092);
#5095=CARTESIAN_POINT('',(-1.26E-1,-8.E-3,-2.2E-2));
#5096=DIRECTION('',(0.E0,1.E0,0.E0));
#5097=DIRECTION('',(1.E0,0.E0,0.E0));
#5098=AXIS2_PLACEMENT_3D('',#5095,#5096,#5097);
#5099=PLANE('1648',#5098);
#5101=ORIENTED_EDGE('1996',*,*,#5100,.F.);
#5103=ORIENTED_EDGE('1997',*,*,#5102,.F.);
#5104=EDGE_LOOP('1648',(#5101,#5103));
#5105=FACE_OUTER_BOUND('1648',#5104,.F.);
#5106=ADVANCED_FACE('1648',(#5105),#5099,.F.);
#5107=CARTESIAN_POINT('',(-1.26E-1,4.724598432756E-4,-2.2E-2));
#5108=DIRECTION('',(0.E0,-1.E0,0.E0));
#5109=DIRECTION('',(1.E0,0.E0,0.E0));
#5110=AXIS2_PLACEMENT_3D('',#5107,#5108,#5109);
#5111=CYLINDRICAL_SURFACE('1651',#5110,8.E-3);
#5113=ORIENTED_EDGE('1120',*,*,#5112,.T.);
#5115=ORIENTED_EDGE('2000',*,*,#5114,.F.);
#5116=ORIENTED_EDGE('1996',*,*,#5100,.T.);
#5118=ORIENTED_EDGE('2001',*,*,#5117,.F.);
#5119=EDGE_LOOP('1651',(#5113,#5115,#5116,#5118));
#5120=FACE_OUTER_BOUND('1651',#5119,.F.);
#5121=ADVANCED_FACE('1651',(#5120),#5111,.T.);
#5122=CARTESIAN_POINT('',(-1.26E-1,4.724598432756E-4,-2.2E-2));
#5123=DIRECTION('',(0.E0,-1.E0,0.E0));
#5124=DIRECTION('',(1.E0,0.E0,0.E0));
#5125=AXIS2_PLACEMENT_3D('',#5122,#5123,#5124);
#5126=CYLINDRICAL_SURFACE('1652',#5125,8.E-3);
#5128=ORIENTED_EDGE('1124',*,*,#5127,.T.);
#5129=ORIENTED_EDGE('2001',*,*,#5117,.T.);
#5130=ORIENTED_EDGE('1997',*,*,#5102,.T.);
#5131=ORIENTED_EDGE('2000',*,*,#5114,.T.);
#5132=EDGE_LOOP('1652',(#5128,#5129,#5130,#5131));
#5133=FACE_OUTER_BOUND('1652',#5132,.F.);
#5134=ADVANCED_FACE('1652',(#5133),#5126,.T.);
#5136=FILL_AREA_STYLE_COLOUR('',#63);
#5137=FILL_AREA_STYLE('',(#5136));
#5138=SURFACE_STYLE_FILL_AREA(#5137);
#5139=SURFACE_SIDE_STYLE('',(#5138));
#5140=SURFACE_STYLE_USAGE(.BOTH.,#5139);
#5141=PRESENTATION_STYLE_ASSIGNMENT((#5140));
#5040=STYLED_ITEM('',(#5141),#5135);
#5143=CARTESIAN_POINT('',(-2.26E-1,9.2E-2,-2.2E-2));
#5144=DIRECTION('',(0.E0,1.E0,0.E0));
#5145=DIRECTION('',(1.E0,0.E0,0.E0));
#5146=AXIS2_PLACEMENT_3D('',#5143,#5144,#5145);
#5148=CURVE_STYLE('',#4331,POSITIVE_LENGTH_MEASURE(2.E-2),#63);
#5149=PRESENTATION_STYLE_ASSIGNMENT((#5148));
#5150=STYLED_ITEM('',(#5149),#5147);
#5151=CARTESIAN_POINT('',(-2.26E-1,9.2E-2,-2.2E-2));
#5152=DIRECTION('',(0.E0,1.E0,0.E0));
#5153=DIRECTION('',(-1.E0,0.E0,0.E0));
#5154=AXIS2_PLACEMENT_3D('',#5151,#5152,#5153);
#5156=CURVE_STYLE('',#4331,POSITIVE_LENGTH_MEASURE(2.E-2),#63);
#5157=PRESENTATION_STYLE_ASSIGNMENT((#5156));
#5158=STYLED_ITEM('',(#5157),#5155);
#5159=CARTESIAN_POINT('',(-2.26E-1,8.4E-2,-2.2E-2));
#5160=DIRECTION('',(0.E0,-1.E0,0.E0));
#5161=DIRECTION('',(-1.E0,0.E0,2.068657745102E-13));
#5162=AXIS2_PLACEMENT_3D('',#5159,#5160,#5161);
#5164=CURVE_STYLE('',#4331,POSITIVE_LENGTH_MEASURE(2.E-2),#63);
#5165=PRESENTATION_STYLE_ASSIGNMENT((#5164));
#5166=STYLED_ITEM('',(#5165),#5163);
#5167=CARTESIAN_POINT('',(-2.26E-1,8.4E-2,-2.2E-2));
#5168=DIRECTION('',(0.E0,-1.E0,0.E0));
#5169=DIRECTION('',(1.E0,0.E0,0.E0));
#5170=AXIS2_PLACEMENT_3D('',#5167,#5168,#5169);
#5172=CURVE_STYLE('',#4331,POSITIVE_LENGTH_MEASURE(2.E-2),#63);
#5173=PRESENTATION_STYLE_ASSIGNMENT((#5172));
#5174=STYLED_ITEM('',(#5173),#5171);
#5175=DIRECTION('',(0.E0,1.E0,-6.895525817002E-14));
#5176=VECTOR('',#5175,8.000000000007E-3);
#5177=CARTESIAN_POINT('',(-2.34E-1,8.4E-2,-2.2E-2));
#5178=LINE('2027',#5177,#5176);
#5179=CURVE_STYLE('',#4331,POSITIVE_LENGTH_MEASURE(2.E-2),#63);
#5180=PRESENTATION_STYLE_ASSIGNMENT((#5179));
#5181=STYLED_ITEM('',(#5180),#5178);
#5182=DIRECTION('',(0.E0,-1.E0,0.E0));
#5183=VECTOR('',#5182,8.000000000007E-3);
#5184=CARTESIAN_POINT('',(-2.18E-1,9.2E-2,-2.2E-2));
#5185=LINE('2026',#5184,#5183);
#5186=CURVE_STYLE('',#4331,POSITIVE_LENGTH_MEASURE(2.E-2),#63);
#5187=PRESENTATION_STYLE_ASSIGNMENT((#5186));
#5188=STYLED_ITEM('',(#5187),#5185);
#5189=CARTESIAN_POINT('',(-2.34E-1,8.4E-2,-2.2E-2));
#5190=CARTESIAN_POINT('',(-2.18E-1,8.4E-2,-2.2E-2));
#5191=VERTEX_POINT('',#5189);
#5192=VERTEX_POINT('',#5190);
#5193=CARTESIAN_POINT('',(-2.18E-1,9.2E-2,-2.2E-2));
#5194=CARTESIAN_POINT('',(-2.34E-1,9.2E-2,-2.2E-2));
#5195=VERTEX_POINT('',#5193);
#5196=VERTEX_POINT('',#5194);
#5197=CARTESIAN_POINT('',(-2.26E-1,9.2E-2,-2.2E-2));
#5198=DIRECTION('',(0.E0,1.E0,0.E0));
#5199=DIRECTION('',(1.E0,0.E0,0.E0));
#5200=AXIS2_PLACEMENT_3D('',#5197,#5198,#5199);
#5201=PLANE('1661',#5200);
#5203=ORIENTED_EDGE('2022',*,*,#5202,.F.);
#5205=ORIENTED_EDGE('2023',*,*,#5204,.F.);
#5206=EDGE_LOOP('1661',(#5203,#5205));
#5207=FACE_OUTER_BOUND('1661',#5206,.F.);
#5208=ADVANCED_FACE('1661',(#5207),#5201,.T.);
#5209=CARTESIAN_POINT('',(-2.26E-1,8.352754015672E-2,-2.2E-2));
#5210=DIRECTION('',(0.E0,1.E0,0.E0));
#5211=DIRECTION('',(1.E0,0.E0,0.E0));
#5212=AXIS2_PLACEMENT_3D('',#5209,#5210,#5211);
#5213=CYLINDRICAL_SURFACE('1663',#5212,8.E-3);
#5215=ORIENTED_EDGE('1172',*,*,#5214,.T.);
#5217=ORIENTED_EDGE('2026',*,*,#5216,.F.);
#5218=ORIENTED_EDGE('2022',*,*,#5202,.T.);
#5220=ORIENTED_EDGE('2027',*,*,#5219,.F.);
#5221=EDGE_LOOP('1663',(#5215,#5217,#5218,#5220));
#5222=FACE_OUTER_BOUND('1663',#5221,.F.);
#5223=ADVANCED_FACE('1663',(#5222),#5213,.T.);
#5224=CARTESIAN_POINT('',(-2.26E-1,8.352754015672E-2,-2.2E-2));
#5225=DIRECTION('',(0.E0,1.E0,0.E0));
#5226=DIRECTION('',(1.E0,0.E0,0.E0));
#5227=AXIS2_PLACEMENT_3D('',#5224,#5225,#5226);
#5228=CYLINDRICAL_SURFACE('1664',#5227,8.E-3);
#5230=ORIENTED_EDGE('1176',*,*,#5229,.T.);
#5231=ORIENTED_EDGE('2027',*,*,#5219,.T.);
#5232=ORIENTED_EDGE('2023',*,*,#5204,.T.);
#5233=ORIENTED_EDGE('2026',*,*,#5216,.T.);
#5234=EDGE_LOOP('1664',(#5230,#5231,#5232,#5233));
#5235=FACE_OUTER_BOUND('1664',#5234,.F.);
#5236=ADVANCED_FACE('1664',(#5235),#5228,.T.);
#5238=FILL_AREA_STYLE_COLOUR('',#63);
#5239=FILL_AREA_STYLE('',(#5238));
#5240=SURFACE_STYLE_FILL_AREA(#5239);
#5241=SURFACE_SIDE_STYLE('',(#5240));
#5242=SURFACE_STYLE_USAGE(.BOTH.,#5241);
#5243=PRESENTATION_STYLE_ASSIGNMENT((#5242));
#5142=STYLED_ITEM('',(#5243),#5237);
#5245=CARTESIAN_POINT('',(-1.74E-1,9.2E-2,2.2E-2));
#5246=DIRECTION('',(0.E0,1.E0,0.E0));
#5247=DIRECTION('',(1.E0,0.E0,0.E0));
#5248=AXIS2_PLACEMENT_3D('',#5245,#5246,#5247);
#5250=CURVE_STYLE('',#4331,POSITIVE_LENGTH_MEASURE(2.E-2),#63);
#5251=PRESENTATION_STYLE_ASSIGNMENT((#5250));
#5252=STYLED_ITEM('',(#5251),#5249);
#5253=CARTESIAN_POINT('',(-1.74E-1,9.2E-2,2.2E-2));
#5254=DIRECTION('',(0.E0,1.E0,0.E0));
#5255=DIRECTION('',(-1.E0,0.E0,0.E0));
#5256=AXIS2_PLACEMENT_3D('',#5253,#5254,#5255);
#5258=CURVE_STYLE('',#4331,POSITIVE_LENGTH_MEASURE(2.E-2),#63);
#5259=PRESENTATION_STYLE_ASSIGNMENT((#5258));
#5260=STYLED_ITEM('',(#5259),#5257);
#5261=CARTESIAN_POINT('',(-1.74E-1,8.4E-2,2.2E-2));
#5262=DIRECTION('',(0.E0,-1.E0,0.E0));
#5263=DIRECTION('',(-1.E0,0.E0,2.068657745102E-13));
#5264=AXIS2_PLACEMENT_3D('',#5261,#5262,#5263);
#5266=CURVE_STYLE('',#4331,POSITIVE_LENGTH_MEASURE(2.E-2),#63);
#5267=PRESENTATION_STYLE_ASSIGNMENT((#5266));
#5268=STYLED_ITEM('',(#5267),#5265);
#5269=CARTESIAN_POINT('',(-1.74E-1,8.4E-2,2.2E-2));
#5270=DIRECTION('',(0.E0,-1.E0,0.E0));
#5271=DIRECTION('',(1.E0,0.E0,0.E0));
#5272=AXIS2_PLACEMENT_3D('',#5269,#5270,#5271);
#5274=CURVE_STYLE('',#4331,POSITIVE_LENGTH_MEASURE(2.E-2),#63);
#5275=PRESENTATION_STYLE_ASSIGNMENT((#5274));
#5276=STYLED_ITEM('',(#5275),#5273);
#5277=DIRECTION('',(0.E0,1.E0,-6.895525817002E-14));
#5278=VECTOR('',#5277,8.000000000007E-3);
#5279=CARTESIAN_POINT('',(-1.82E-1,8.4E-2,2.2E-2));
#5280=LINE('2029',#5279,#5278);
#5281=CURVE_STYLE('',#4331,POSITIVE_LENGTH_MEASURE(2.E-2),#63);
#5282=PRESENTATION_STYLE_ASSIGNMENT((#5281));
#5283=STYLED_ITEM('',(#5282),#5280);
#5284=DIRECTION('',(0.E0,-1.E0,0.E0));
#5285=VECTOR('',#5284,8.000000000007E-3);
#5286=CARTESIAN_POINT('',(-1.66E-1,9.2E-2,2.2E-2));
#5287=LINE('2028',#5286,#5285);
#5288=CURVE_STYLE('',#4331,POSITIVE_LENGTH_MEASURE(2.E-2),#63);
#5289=PRESENTATION_STYLE_ASSIGNMENT((#5288));
#5290=STYLED_ITEM('',(#5289),#5287);
#5291=CARTESIAN_POINT('',(-1.82E-1,8.4E-2,2.2E-2));
#5292=CARTESIAN_POINT('',(-1.66E-1,8.4E-2,2.2E-2));
#5293=VERTEX_POINT('',#5291);
#5294=VERTEX_POINT('',#5292);
#5295=CARTESIAN_POINT('',(-1.66E-1,9.2E-2,2.2E-2));
#5296=CARTESIAN_POINT('',(-1.82E-1,9.2E-2,2.2E-2));
#5297=VERTEX_POINT('',#5295);
#5298=VERTEX_POINT('',#5296);
#5299=CARTESIAN_POINT('',(-1.74E-1,9.2E-2,2.2E-2));
#5300=DIRECTION('',(0.E0,1.E0,0.E0));
#5301=DIRECTION('',(1.E0,0.E0,0.E0));
#5302=AXIS2_PLACEMENT_3D('',#5299,#5300,#5301);
#5303=PLANE('1662',#5302);
#5305=ORIENTED_EDGE('2024',*,*,#5304,.F.);
#5307=ORIENTED_EDGE('2025',*,*,#5306,.F.);
#5308=EDGE_LOOP('1662',(#5305,#5307));
#5309=FACE_OUTER_BOUND('1662',#5308,.F.);
#5310=ADVANCED_FACE('1662',(#5309),#5303,.T.);
#5311=CARTESIAN_POINT('',(-1.74E-1,8.352754015672E-2,2.2E-2));
#5312=DIRECTION('',(0.E0,1.E0,0.E0));
#5313=DIRECTION('',(1.E0,0.E0,0.E0));
#5314=AXIS2_PLACEMENT_3D('',#5311,#5312,#5313);
#5315=CYLINDRICAL_SURFACE('1665',#5314,8.E-3);
#5317=ORIENTED_EDGE('1180',*,*,#5316,.T.);
#5319=ORIENTED_EDGE('2028',*,*,#5318,.F.);
#5320=ORIENTED_EDGE('2024',*,*,#5304,.T.);
#5322=ORIENTED_EDGE('2029',*,*,#5321,.F.);
#5323=EDGE_LOOP('1665',(#5317,#5319,#5320,#5322));
#5324=FACE_OUTER_BOUND('1665',#5323,.F.);
#5325=ADVANCED_FACE('1665',(#5324),#5315,.T.);
#5326=CARTESIAN_POINT('',(-1.74E-1,8.352754015672E-2,2.2E-2));
#5327=DIRECTION('',(0.E0,1.E0,0.E0));
#5328=DIRECTION('',(1.E0,0.E0,0.E0));
#5329=AXIS2_PLACEMENT_3D('',#5326,#5327,#5328);
#5330=CYLINDRICAL_SURFACE('1666',#5329,8.E-3);
#5332=ORIENTED_EDGE('1184',*,*,#5331,.T.);
#5333=ORIENTED_EDGE('2029',*,*,#5321,.T.);
#5334=ORIENTED_EDGE('2025',*,*,#5306,.T.);
#5335=ORIENTED_EDGE('2028',*,*,#5318,.T.);
#5336=EDGE_LOOP('1666',(#5332,#5333,#5334,#5335));
#5337=FACE_OUTER_BOUND('1666',#5336,.F.);
#5338=ADVANCED_FACE('1666',(#5337),#5330,.T.);
#5340=FILL_AREA_STYLE_COLOUR('',#63);
#5341=FILL_AREA_STYLE('',(#5340));
#5342=SURFACE_STYLE_FILL_AREA(#5341);
#5343=SURFACE_SIDE_STYLE('',(#5342));
#5344=SURFACE_STYLE_USAGE(.BOTH.,#5343);
#5345=PRESENTATION_STYLE_ASSIGNMENT((#5344));
#5244=STYLED_ITEM('',(#5345),#5339);
#5347=CARTESIAN_POINT('',(-1.74E-1,-8.E-3,2.2E-2));
#5348=DIRECTION('',(0.E0,-1.E0,0.E0));
#5349=DIRECTION('',(1.E0,0.E0,0.E0));
#5350=AXIS2_PLACEMENT_3D('',#5347,#5348,#5349);
#5352=CURVE_STYLE('',#4331,POSITIVE_LENGTH_MEASURE(2.E-2),#63);
#5353=PRESENTATION_STYLE_ASSIGNMENT((#5352));
#5354=STYLED_ITEM('',(#5353),#5351);
#5355=CARTESIAN_POINT('',(-1.74E-1,-8.E-3,2.2E-2));
#5356=DIRECTION('',(0.E0,-1.E0,0.E0));
#5357=DIRECTION('',(-1.E0,0.E0,0.E0));
#5358=AXIS2_PLACEMENT_3D('',#5355,#5356,#5357);
#5360=CURVE_STYLE('',#4331,POSITIVE_LENGTH_MEASURE(2.E-2),#63);
#5361=PRESENTATION_STYLE_ASSIGNMENT((#5360));
#5362=STYLED_ITEM('',(#5361),#5359);
#5363=CARTESIAN_POINT('',(-1.74E-1,0.E0,2.2E-2));
#5364=DIRECTION('',(0.E0,1.E0,0.E0));
#5365=DIRECTION('',(-1.E0,0.E0,-2.068657745102E-13));
#5366=AXIS2_PLACEMENT_3D('',#5363,#5364,#5365);
#5368=CURVE_STYLE('',#4331,POSITIVE_LENGTH_MEASURE(2.E-2),#63);
#5369=PRESENTATION_STYLE_ASSIGNMENT((#5368));
#5370=STYLED_ITEM('',(#5369),#5367);
#5371=CARTESIAN_POINT('',(-1.74E-1,0.E0,2.2E-2));
#5372=DIRECTION('',(0.E0,1.E0,0.E0));
#5373=DIRECTION('',(1.E0,0.E0,0.E0));
#5374=AXIS2_PLACEMENT_3D('',#5371,#5372,#5373);
#5376=CURVE_STYLE('',#4331,POSITIVE_LENGTH_MEASURE(2.E-2),#63);
#5377=PRESENTATION_STYLE_ASSIGNMENT((#5376));
#5378=STYLED_ITEM('',(#5377),#5375);
#5379=DIRECTION('',(0.E0,-1.E0,6.895525817008E-14));
#5380=VECTOR('',#5379,8.E-3);
#5381=CARTESIAN_POINT('',(-1.82E-1,0.E0,2.2E-2));
#5382=LINE('2035',#5381,#5380);
#5383=CURVE_STYLE('',#4331,POSITIVE_LENGTH_MEASURE(2.E-2),#63);
#5384=PRESENTATION_STYLE_ASSIGNMENT((#5383));
#5385=STYLED_ITEM('',(#5384),#5382);
#5386=DIRECTION('',(0.E0,1.E0,0.E0));
#5387=VECTOR('',#5386,8.E-3);
#5388=CARTESIAN_POINT('',(-1.66E-1,-8.E-3,2.2E-2));
#5389=LINE('2034',#5388,#5387);
#5390=CURVE_STYLE('',#4331,POSITIVE_LENGTH_MEASURE(2.E-2),#63);
#5391=PRESENTATION_STYLE_ASSIGNMENT((#5390));
#5392=STYLED_ITEM('',(#5391),#5389);
#5393=CARTESIAN_POINT('',(-1.82E-1,0.E0,2.2E-2));
#5394=CARTESIAN_POINT('',(-1.66E-1,0.E0,2.2E-2));
#5395=VERTEX_POINT('',#5393);
#5396=VERTEX_POINT('',#5394);
#5397=CARTESIAN_POINT('',(-1.66E-1,-8.E-3,2.2E-2));
#5398=CARTESIAN_POINT('',(-1.82E-1,-8.E-3,2.2E-2));
#5399=VERTEX_POINT('',#5397);
#5400=VERTEX_POINT('',#5398);
#5401=CARTESIAN_POINT('',(-1.74E-1,-8.E-3,2.2E-2));
#5402=DIRECTION('',(0.E0,1.E0,0.E0));
#5403=DIRECTION('',(1.E0,0.E0,0.E0));
#5404=AXIS2_PLACEMENT_3D('',#5401,#5402,#5403);
#5405=PLANE('1667',#5404);
#5407=ORIENTED_EDGE('2030',*,*,#5406,.F.);
#5409=ORIENTED_EDGE('2031',*,*,#5408,.F.);
#5410=EDGE_LOOP('1667',(#5407,#5409));
#5411=FACE_OUTER_BOUND('1667',#5410,.F.);
#5412=ADVANCED_FACE('1667',(#5411),#5405,.F.);
#5413=CARTESIAN_POINT('',(-1.74E-1,4.724598432756E-4,2.2E-2));
#5414=DIRECTION('',(0.E0,-1.E0,0.E0));
#5415=DIRECTION('',(1.E0,0.E0,0.E0));
#5416=AXIS2_PLACEMENT_3D('',#5413,#5414,#5415);
#5417=CYLINDRICAL_SURFACE('1669',#5416,8.E-3);
#5419=ORIENTED_EDGE('1192',*,*,#5418,.T.);
#5421=ORIENTED_EDGE('2034',*,*,#5420,.F.);
#5422=ORIENTED_EDGE('2030',*,*,#5406,.T.);
#5424=ORIENTED_EDGE('2035',*,*,#5423,.F.);
#5425=EDGE_LOOP('1669',(#5419,#5421,#5422,#5424));
#5426=FACE_OUTER_BOUND('1669',#5425,.F.);
#5427=ADVANCED_FACE('1669',(#5426),#5417,.T.);
#5428=CARTESIAN_POINT('',(-1.74E-1,4.724598432756E-4,2.2E-2));
#5429=DIRECTION('',(0.E0,-1.E0,0.E0));
#5430=DIRECTION('',(1.E0,0.E0,0.E0));
#5431=AXIS2_PLACEMENT_3D('',#5428,#5429,#5430);
#5432=CYLINDRICAL_SURFACE('1670',#5431,8.E-3);
#5434=ORIENTED_EDGE('1196',*,*,#5433,.T.);
#5435=ORIENTED_EDGE('2035',*,*,#5423,.T.);
#5436=ORIENTED_EDGE('2031',*,*,#5408,.T.);
#5437=ORIENTED_EDGE('2034',*,*,#5420,.T.);
#5438=EDGE_LOOP('1670',(#5434,#5435,#5436,#5437));
#5439=FACE_OUTER_BOUND('1670',#5438,.F.);
#5440=ADVANCED_FACE('1670',(#5439),#5432,.T.);
#5442=FILL_AREA_STYLE_COLOUR('',#63);
#5443=FILL_AREA_STYLE('',(#5442));
#5444=SURFACE_STYLE_FILL_AREA(#5443);
#5445=SURFACE_SIDE_STYLE('',(#5444));
#5446=SURFACE_STYLE_USAGE(.BOTH.,#5445);
#5447=PRESENTATION_STYLE_ASSIGNMENT((#5446));
#5346=STYLED_ITEM('',(#5447),#5441);
#5449=CARTESIAN_POINT('',(-2.26E-1,-8.E-3,-2.2E-2));
#5450=DIRECTION('',(0.E0,-1.E0,0.E0));
#5451=DIRECTION('',(1.E0,0.E0,0.E0));
#5452=AXIS2_PLACEMENT_3D('',#5449,#5450,#5451);
#5454=CURVE_STYLE('',#4331,POSITIVE_LENGTH_MEASURE(2.E-2),#63);
#5455=PRESENTATION_STYLE_ASSIGNMENT((#5454));
#5456=STYLED_ITEM('',(#5455),#5453);
#5457=CARTESIAN_POINT('',(-2.26E-1,-8.E-3,-2.2E-2));
#5458=DIRECTION('',(0.E0,-1.E0,0.E0));
#5459=DIRECTION('',(-1.E0,0.E0,0.E0));
#5460=AXIS2_PLACEMENT_3D('',#5457,#5458,#5459);
#5462=CURVE_STYLE('',#4331,POSITIVE_LENGTH_MEASURE(2.E-2),#63);
#5463=PRESENTATION_STYLE_ASSIGNMENT((#5462));
#5464=STYLED_ITEM('',(#5463),#5461);
#5465=CARTESIAN_POINT('',(-2.26E-1,0.E0,-2.2E-2));
#5466=DIRECTION('',(0.E0,1.E0,0.E0));
#5467=DIRECTION('',(-1.E0,0.E0,-2.068657745102E-13));
#5468=AXIS2_PLACEMENT_3D('',#5465,#5466,#5467);
#5470=CURVE_STYLE('',#4331,POSITIVE_LENGTH_MEASURE(2.E-2),#63);
#5471=PRESENTATION_STYLE_ASSIGNMENT((#5470));
#5472=STYLED_ITEM('',(#5471),#5469);
#5473=CARTESIAN_POINT('',(-2.26E-1,0.E0,-2.2E-2));
#5474=DIRECTION('',(0.E0,1.E0,0.E0));
#5475=DIRECTION('',(1.E0,0.E0,0.E0));
#5476=AXIS2_PLACEMENT_3D('',#5473,#5474,#5475);
#5478=CURVE_STYLE('',#4331,POSITIVE_LENGTH_MEASURE(2.E-2),#63);
#5479=PRESENTATION_STYLE_ASSIGNMENT((#5478));
#5480=STYLED_ITEM('',(#5479),#5477);
#5481=DIRECTION('',(0.E0,-1.E0,6.895525817008E-14));
#5482=VECTOR('',#5481,8.E-3);
#5483=CARTESIAN_POINT('',(-2.34E-1,0.E0,-2.2E-2));
#5484=LINE('2037',#5483,#5482);
#5485=CURVE_STYLE('',#4331,POSITIVE_LENGTH_MEASURE(2.E-2),#63);
#5486=PRESENTATION_STYLE_ASSIGNMENT((#5485));
#5487=STYLED_ITEM('',(#5486),#5484);
#5488=DIRECTION('',(0.E0,1.E0,0.E0));
#5489=VECTOR('',#5488,8.E-3);
#5490=CARTESIAN_POINT('',(-2.18E-1,-8.E-3,-2.2E-2));
#5491=LINE('2036',#5490,#5489);
#5492=CURVE_STYLE('',#4331,POSITIVE_LENGTH_MEASURE(2.E-2),#63);
#5493=PRESENTATION_STYLE_ASSIGNMENT((#5492));
#5494=STYLED_ITEM('',(#5493),#5491);
#5495=CARTESIAN_POINT('',(-2.34E-1,0.E0,-2.2E-2));
#5496=CARTESIAN_POINT('',(-2.18E-1,0.E0,-2.2E-2));
#5497=VERTEX_POINT('',#5495);
#5498=VERTEX_POINT('',#5496);
#5499=CARTESIAN_POINT('',(-2.18E-1,-8.E-3,-2.2E-2));
#5500=CARTESIAN_POINT('',(-2.34E-1,-8.E-3,-2.2E-2));
#5501=VERTEX_POINT('',#5499);
#5502=VERTEX_POINT('',#5500);
#5503=CARTESIAN_POINT('',(-2.26E-1,-8.E-3,-2.2E-2));
#5504=DIRECTION('',(0.E0,1.E0,0.E0));
#5505=DIRECTION('',(1.E0,0.E0,0.E0));
#5506=AXIS2_PLACEMENT_3D('',#5503,#5504,#5505);
#5507=PLANE('1668',#5506);
#5509=ORIENTED_EDGE('2032',*,*,#5508,.F.);
#5511=ORIENTED_EDGE('2033',*,*,#5510,.F.);
#5512=EDGE_LOOP('1668',(#5509,#5511));
#5513=FACE_OUTER_BOUND('1668',#5512,.F.);
#5514=ADVANCED_FACE('1668',(#5513),#5507,.F.);
#5515=CARTESIAN_POINT('',(-2.26E-1,4.724598432756E-4,-2.2E-2));
#5516=DIRECTION('',(0.E0,-1.E0,0.E0));
#5517=DIRECTION('',(1.E0,0.E0,0.E0));
#5518=AXIS2_PLACEMENT_3D('',#5515,#5516,#5517);
#5519=CYLINDRICAL_SURFACE('1671',#5518,8.E-3);
#5521=ORIENTED_EDGE('1200',*,*,#5520,.T.);
#5523=ORIENTED_EDGE('2036',*,*,#5522,.F.);
#5524=ORIENTED_EDGE('2032',*,*,#5508,.T.);
#5526=ORIENTED_EDGE('2037',*,*,#5525,.F.);
#5527=EDGE_LOOP('1671',(#5521,#5523,#5524,#5526));
#5528=FACE_OUTER_BOUND('1671',#5527,.F.);
#5529=ADVANCED_FACE('1671',(#5528),#5519,.T.);
#5530=CARTESIAN_POINT('',(-2.26E-1,4.724598432756E-4,-2.2E-2));
#5531=DIRECTION('',(0.E0,-1.E0,0.E0));
#5532=DIRECTION('',(1.E0,0.E0,0.E0));
#5533=AXIS2_PLACEMENT_3D('',#5530,#5531,#5532);
#5534=CYLINDRICAL_SURFACE('1672',#5533,8.E-3);
#5536=ORIENTED_EDGE('1204',*,*,#5535,.T.);
#5537=ORIENTED_EDGE('2037',*,*,#5525,.T.);
#5538=ORIENTED_EDGE('2033',*,*,#5510,.T.);
#5539=ORIENTED_EDGE('2036',*,*,#5522,.T.);
#5540=EDGE_LOOP('1672',(#5536,#5537,#5538,#5539));
#5541=FACE_OUTER_BOUND('1672',#5540,.F.);
#5542=ADVANCED_FACE('1672',(#5541),#5534,.T.);
#5544=FILL_AREA_STYLE_COLOUR('',#63);
#5545=FILL_AREA_STYLE('',(#5544));
#5546=SURFACE_STYLE_FILL_AREA(#5545);
#5547=SURFACE_SIDE_STYLE('',(#5546));
#5548=SURFACE_STYLE_USAGE(.BOTH.,#5547);
#5549=PRESENTATION_STYLE_ASSIGNMENT((#5548));
#5448=STYLED_ITEM('',(#5549),#5543);
#5551=CARTESIAN_POINT('',(-3.26E-1,9.2E-2,-2.2E-2));
#5552=DIRECTION('',(0.E0,1.E0,0.E0));
#5553=DIRECTION('',(1.E0,0.E0,0.E0));
#5554=AXIS2_PLACEMENT_3D('',#5551,#5552,#5553);
#5556=CURVE_STYLE('',#4331,POSITIVE_LENGTH_MEASURE(2.E-2),#63);
#5557=PRESENTATION_STYLE_ASSIGNMENT((#5556));
#5558=STYLED_ITEM('',(#5557),#5555);
#5559=CARTESIAN_POINT('',(-3.26E-1,9.2E-2,-2.2E-2));
#5560=DIRECTION('',(0.E0,1.E0,0.E0));
#5561=DIRECTION('',(-1.E0,0.E0,0.E0));
#5562=AXIS2_PLACEMENT_3D('',#5559,#5560,#5561);
#5564=CURVE_STYLE('',#4331,POSITIVE_LENGTH_MEASURE(2.E-2),#63);
#5565=PRESENTATION_STYLE_ASSIGNMENT((#5564));
#5566=STYLED_ITEM('',(#5565),#5563);
#5567=CARTESIAN_POINT('',(-3.26E-1,8.4E-2,-2.2E-2));
#5568=DIRECTION('',(0.E0,-1.E0,0.E0));
#5569=DIRECTION('',(-1.E0,0.E0,2.068657745102E-13));
#5570=AXIS2_PLACEMENT_3D('',#5567,#5568,#5569);
#5572=CURVE_STYLE('',#4331,POSITIVE_LENGTH_MEASURE(2.E-2),#63);
#5573=PRESENTATION_STYLE_ASSIGNMENT((#5572));
#5574=STYLED_ITEM('',(#5573),#5571);
#5575=CARTESIAN_POINT('',(-3.26E-1,8.4E-2,-2.2E-2));
#5576=DIRECTION('',(0.E0,-1.E0,0.E0));
#5577=DIRECTION('',(1.E0,0.E0,0.E0));
#5578=AXIS2_PLACEMENT_3D('',#5575,#5576,#5577);
#5580=CURVE_STYLE('',#4331,POSITIVE_LENGTH_MEASURE(2.E-2),#63);
#5581=PRESENTATION_STYLE_ASSIGNMENT((#5580));
#5582=STYLED_ITEM('',(#5581),#5579);
#5583=DIRECTION('',(0.E0,1.E0,-6.895525817002E-14));
#5584=VECTOR('',#5583,8.000000000007E-3);
#5585=CARTESIAN_POINT('',(-3.34E-1,8.4E-2,-2.2E-2));
#5586=LINE('2063',#5585,#5584);
#5587=CURVE_STYLE('',#4331,POSITIVE_LENGTH_MEASURE(2.E-2),#63);
#5588=PRESENTATION_STYLE_ASSIGNMENT((#5587));
#5589=STYLED_ITEM('',(#5588),#5586);
#5590=DIRECTION('',(0.E0,-1.E0,0.E0));
#5591=VECTOR('',#5590,8.000000000007E-3);
#5592=CARTESIAN_POINT('',(-3.18E-1,9.2E-2,-2.2E-2));
#5593=LINE('2062',#5592,#5591);
#5594=CURVE_STYLE('',#4331,POSITIVE_LENGTH_MEASURE(2.E-2),#63);
#5595=PRESENTATION_STYLE_ASSIGNMENT((#5594));
#5596=STYLED_ITEM('',(#5595),#5593);
#5597=CARTESIAN_POINT('',(-3.34E-1,8.4E-2,-2.2E-2));
#5598=CARTESIAN_POINT('',(-3.18E-1,8.4E-2,-2.2E-2));
#5599=VERTEX_POINT('',#5597);
#5600=VERTEX_POINT('',#5598);
#5601=CARTESIAN_POINT('',(-3.18E-1,9.2E-2,-2.2E-2));
#5602=CARTESIAN_POINT('',(-3.34E-1,9.2E-2,-2.2E-2));
#5603=VERTEX_POINT('',#5601);
#5604=VERTEX_POINT('',#5602);
#5605=CARTESIAN_POINT('',(-3.26E-1,9.2E-2,-2.2E-2));
#5606=DIRECTION('',(0.E0,1.E0,0.E0));
#5607=DIRECTION('',(1.E0,0.E0,0.E0));
#5608=AXIS2_PLACEMENT_3D('',#5605,#5606,#5607);
#5609=PLANE('1682',#5608);
#5611=ORIENTED_EDGE('2058',*,*,#5610,.F.);
#5613=ORIENTED_EDGE('2059',*,*,#5612,.F.);
#5614=EDGE_LOOP('1682',(#5611,#5613));
#5615=FACE_OUTER_BOUND('1682',#5614,.F.);
#5616=ADVANCED_FACE('1682',(#5615),#5609,.T.);
#5617=CARTESIAN_POINT('',(-3.26E-1,8.352754015672E-2,-2.2E-2));
#5618=DIRECTION('',(0.E0,1.E0,0.E0));
#5619=DIRECTION('',(1.E0,0.E0,0.E0));
#5620=AXIS2_PLACEMENT_3D('',#5617,#5618,#5619);
#5621=CYLINDRICAL_SURFACE('1684',#5620,8.E-3);
#5623=ORIENTED_EDGE('1256',*,*,#5622,.T.);
#5625=ORIENTED_EDGE('2062',*,*,#5624,.F.);
#5626=ORIENTED_EDGE('2058',*,*,#5610,.T.);
#5628=ORIENTED_EDGE('2063',*,*,#5627,.F.);
#5629=EDGE_LOOP('1684',(#5623,#5625,#5626,#5628));
#5630=FACE_OUTER_BOUND('1684',#5629,.F.);
#5631=ADVANCED_FACE('1684',(#5630),#5621,.T.);
#5632=CARTESIAN_POINT('',(-3.26E-1,8.352754015672E-2,-2.2E-2));
#5633=DIRECTION('',(0.E0,1.E0,0.E0));
#5634=DIRECTION('',(1.E0,0.E0,0.E0));
#5635=AXIS2_PLACEMENT_3D('',#5632,#5633,#5634);
#5636=CYLINDRICAL_SURFACE('1685',#5635,8.E-3);
#5638=ORIENTED_EDGE('1260',*,*,#5637,.T.);
#5639=ORIENTED_EDGE('2063',*,*,#5627,.T.);
#5640=ORIENTED_EDGE('2059',*,*,#5612,.T.);
#5641=ORIENTED_EDGE('2062',*,*,#5624,.T.);
#5642=EDGE_LOOP('1685',(#5638,#5639,#5640,#5641));
#5643=FACE_OUTER_BOUND('1685',#5642,.F.);
#5644=ADVANCED_FACE('1685',(#5643),#5636,.T.);
#5646=FILL_AREA_STYLE_COLOUR('',#63);
#5647=FILL_AREA_STYLE('',(#5646));
#5648=SURFACE_STYLE_FILL_AREA(#5647);
#5649=SURFACE_SIDE_STYLE('',(#5648));
#5650=SURFACE_STYLE_USAGE(.BOTH.,#5649);
#5651=PRESENTATION_STYLE_ASSIGNMENT((#5650));
#5550=STYLED_ITEM('',(#5651),#5645);
#5653=CARTESIAN_POINT('',(-2.74E-1,9.2E-2,2.2E-2));
#5654=DIRECTION('',(0.E0,1.E0,0.E0));
#5655=DIRECTION('',(1.E0,0.E0,0.E0));
#5656=AXIS2_PLACEMENT_3D('',#5653,#5654,#5655);
#5658=CURVE_STYLE('',#4331,POSITIVE_LENGTH_MEASURE(2.E-2),#63);
#5659=PRESENTATION_STYLE_ASSIGNMENT((#5658));
#5660=STYLED_ITEM('',(#5659),#5657);
#5661=CARTESIAN_POINT('',(-2.74E-1,9.2E-2,2.2E-2));
#5662=DIRECTION('',(0.E0,1.E0,0.E0));
#5663=DIRECTION('',(-1.E0,0.E0,0.E0));
#5664=AXIS2_PLACEMENT_3D('',#5661,#5662,#5663);
#5666=CURVE_STYLE('',#4331,POSITIVE_LENGTH_MEASURE(2.E-2),#63);
#5667=PRESENTATION_STYLE_ASSIGNMENT((#5666));
#5668=STYLED_ITEM('',(#5667),#5665);
#5669=CARTESIAN_POINT('',(-2.74E-1,8.4E-2,2.2E-2));
#5670=DIRECTION('',(0.E0,-1.E0,0.E0));
#5671=DIRECTION('',(-1.E0,0.E0,2.068657745102E-13));
#5672=AXIS2_PLACEMENT_3D('',#5669,#5670,#5671);
#5674=CURVE_STYLE('',#4331,POSITIVE_LENGTH_MEASURE(2.E-2),#63);
#5675=PRESENTATION_STYLE_ASSIGNMENT((#5674));
#5676=STYLED_ITEM('',(#5675),#5673);
#5677=CARTESIAN_POINT('',(-2.74E-1,8.4E-2,2.2E-2));
#5678=DIRECTION('',(0.E0,-1.E0,0.E0));
#5679=DIRECTION('',(1.E0,0.E0,0.E0));
#5680=AXIS2_PLACEMENT_3D('',#5677,#5678,#5679);
#5682=CURVE_STYLE('',#4331,POSITIVE_LENGTH_MEASURE(2.E-2),#63);
#5683=PRESENTATION_STYLE_ASSIGNMENT((#5682));
#5684=STYLED_ITEM('',(#5683),#5681);
#5685=DIRECTION('',(0.E0,1.E0,-6.895525817002E-14));
#5686=VECTOR('',#5685,8.000000000007E-3);
#5687=CARTESIAN_POINT('',(-2.82E-1,8.4E-2,2.2E-2));
#5688=LINE('2065',#5687,#5686);
#5689=CURVE_STYLE('',#4331,POSITIVE_LENGTH_MEASURE(2.E-2),#63);
#5690=PRESENTATION_STYLE_ASSIGNMENT((#5689));
#5691=STYLED_ITEM('',(#5690),#5688);
#5692=DIRECTION('',(0.E0,-1.E0,0.E0));
#5693=VECTOR('',#5692,8.000000000007E-3);
#5694=CARTESIAN_POINT('',(-2.66E-1,9.2E-2,2.2E-2));
#5695=LINE('2064',#5694,#5693);
#5696=CURVE_STYLE('',#4331,POSITIVE_LENGTH_MEASURE(2.E-2),#63);
#5697=PRESENTATION_STYLE_ASSIGNMENT((#5696));
#5698=STYLED_ITEM('',(#5697),#5695);
#5699=CARTESIAN_POINT('',(-2.82E-1,8.4E-2,2.2E-2));
#5700=CARTESIAN_POINT('',(-2.66E-1,8.4E-2,2.2E-2));
#5701=VERTEX_POINT('',#5699);
#5702=VERTEX_POINT('',#5700);
#5703=CARTESIAN_POINT('',(-2.66E-1,9.2E-2,2.2E-2));
#5704=CARTESIAN_POINT('',(-2.82E-1,9.2E-2,2.2E-2));
#5705=VERTEX_POINT('',#5703);
#5706=VERTEX_POINT('',#5704);
#5707=CARTESIAN_POINT('',(-2.74E-1,9.2E-2,2.2E-2));
#5708=DIRECTION('',(0.E0,1.E0,0.E0));
#5709=DIRECTION('',(1.E0,0.E0,0.E0));
#5710=AXIS2_PLACEMENT_3D('',#5707,#5708,#5709);
#5711=PLANE('1683',#5710);
#5713=ORIENTED_EDGE('2060',*,*,#5712,.F.);
#5715=ORIENTED_EDGE('2061',*,*,#5714,.F.);
#5716=EDGE_LOOP('1683',(#5713,#5715));
#5717=FACE_OUTER_BOUND('1683',#5716,.F.);
#5718=ADVANCED_FACE('1683',(#5717),#5711,.T.);
#5719=CARTESIAN_POINT('',(-2.74E-1,8.352754015672E-2,2.2E-2));
#5720=DIRECTION('',(0.E0,1.E0,0.E0));
#5721=DIRECTION('',(1.E0,0.E0,0.E0));
#5722=AXIS2_PLACEMENT_3D('',#5719,#5720,#5721);
#5723=CYLINDRICAL_SURFACE('1686',#5722,8.E-3);
#5725=ORIENTED_EDGE('1264',*,*,#5724,.T.);
#5727=ORIENTED_EDGE('2064',*,*,#5726,.F.);
#5728=ORIENTED_EDGE('2060',*,*,#5712,.T.);
#5730=ORIENTED_EDGE('2065',*,*,#5729,.F.);
#5731=EDGE_LOOP('1686',(#5725,#5727,#5728,#5730));
#5732=FACE_OUTER_BOUND('1686',#5731,.F.);
#5733=ADVANCED_FACE('1686',(#5732),#5723,.T.);
#5734=CARTESIAN_POINT('',(-2.74E-1,8.352754015672E-2,2.2E-2));
#5735=DIRECTION('',(0.E0,1.E0,0.E0));
#5736=DIRECTION('',(1.E0,0.E0,0.E0));
#5737=AXIS2_PLACEMENT_3D('',#5734,#5735,#5736);
#5738=CYLINDRICAL_SURFACE('1687',#5737,8.E-3);
#5740=ORIENTED_EDGE('1268',*,*,#5739,.T.);
#5741=ORIENTED_EDGE('2065',*,*,#5729,.T.);
#5742=ORIENTED_EDGE('2061',*,*,#5714,.T.);
#5743=ORIENTED_EDGE('2064',*,*,#5726,.T.);
#5744=EDGE_LOOP('1687',(#5740,#5741,#5742,#5743));
#5745=FACE_OUTER_BOUND('1687',#5744,.F.);
#5746=ADVANCED_FACE('1687',(#5745),#5738,.T.);
#5748=FILL_AREA_STYLE_COLOUR('',#63);
#5749=FILL_AREA_STYLE('',(#5748));
#5750=SURFACE_STYLE_FILL_AREA(#5749);
#5751=SURFACE_SIDE_STYLE('',(#5750));
#5752=SURFACE_STYLE_USAGE(.BOTH.,#5751);
#5753=PRESENTATION_STYLE_ASSIGNMENT((#5752));
#5652=STYLED_ITEM('',(#5753),#5747);
#5755=CARTESIAN_POINT('',(-2.74E-1,-8.E-3,2.2E-2));
#5756=DIRECTION('',(0.E0,-1.E0,0.E0));
#5757=DIRECTION('',(1.E0,0.E0,0.E0));
#5758=AXIS2_PLACEMENT_3D('',#5755,#5756,#5757);
#5760=CURVE_STYLE('',#4331,POSITIVE_LENGTH_MEASURE(2.E-2),#63);
#5761=PRESENTATION_STYLE_ASSIGNMENT((#5760));
#5762=STYLED_ITEM('',(#5761),#5759);
#5763=CARTESIAN_POINT('',(-2.74E-1,-8.E-3,2.2E-2));
#5764=DIRECTION('',(0.E0,-1.E0,0.E0));
#5765=DIRECTION('',(-1.E0,0.E0,0.E0));
#5766=AXIS2_PLACEMENT_3D('',#5763,#5764,#5765);
#5768=CURVE_STYLE('',#4331,POSITIVE_LENGTH_MEASURE(2.E-2),#63);
#5769=PRESENTATION_STYLE_ASSIGNMENT((#5768));
#5770=STYLED_ITEM('',(#5769),#5767);
#5771=CARTESIAN_POINT('',(-2.74E-1,0.E0,2.2E-2));
#5772=DIRECTION('',(0.E0,1.E0,0.E0));
#5773=DIRECTION('',(-1.E0,0.E0,-2.068657745102E-13));
#5774=AXIS2_PLACEMENT_3D('',#5771,#5772,#5773);
#5776=CURVE_STYLE('',#4331,POSITIVE_LENGTH_MEASURE(2.E-2),#63);
#5777=PRESENTATION_STYLE_ASSIGNMENT((#5776));
#5778=STYLED_ITEM('',(#5777),#5775);
#5779=CARTESIAN_POINT('',(-2.74E-1,0.E0,2.2E-2));
#5780=DIRECTION('',(0.E0,1.E0,0.E0));
#5781=DIRECTION('',(1.E0,0.E0,0.E0));
#5782=AXIS2_PLACEMENT_3D('',#5779,#5780,#5781);
#5784=CURVE_STYLE('',#4331,POSITIVE_LENGTH_MEASURE(2.E-2),#63);
#5785=PRESENTATION_STYLE_ASSIGNMENT((#5784));
#5786=STYLED_ITEM('',(#5785),#5783);
#5787=DIRECTION('',(0.E0,-1.E0,6.895525817008E-14));
#5788=VECTOR('',#5787,8.E-3);
#5789=CARTESIAN_POINT('',(-2.82E-1,0.E0,2.2E-2));
#5790=LINE('2071',#5789,#5788);
#5791=CURVE_STYLE('',#4331,POSITIVE_LENGTH_MEASURE(2.E-2),#63);
#5792=PRESENTATION_STYLE_ASSIGNMENT((#5791));
#5793=STYLED_ITEM('',(#5792),#5790);
#5794=DIRECTION('',(0.E0,1.E0,0.E0));
#5795=VECTOR('',#5794,8.E-3);
#5796=CARTESIAN_POINT('',(-2.66E-1,-8.E-3,2.2E-2));
#5797=LINE('2070',#5796,#5795);
#5798=CURVE_STYLE('',#4331,POSITIVE_LENGTH_MEASURE(2.E-2),#63);
#5799=PRESENTATION_STYLE_ASSIGNMENT((#5798));
#5800=STYLED_ITEM('',(#5799),#5797);
#5801=CARTESIAN_POINT('',(-2.82E-1,0.E0,2.2E-2));
#5802=CARTESIAN_POINT('',(-2.66E-1,0.E0,2.2E-2));
#5803=VERTEX_POINT('',#5801);
#5804=VERTEX_POINT('',#5802);
#5805=CARTESIAN_POINT('',(-2.66E-1,-8.E-3,2.2E-2));
#5806=CARTESIAN_POINT('',(-2.82E-1,-8.E-3,2.2E-2));
#5807=VERTEX_POINT('',#5805);
#5808=VERTEX_POINT('',#5806);
#5809=CARTESIAN_POINT('',(-2.74E-1,-8.E-3,2.2E-2));
#5810=DIRECTION('',(0.E0,1.E0,0.E0));
#5811=DIRECTION('',(1.E0,0.E0,0.E0));
#5812=AXIS2_PLACEMENT_3D('',#5809,#5810,#5811);
#5813=PLANE('1688',#5812);
#5815=ORIENTED_EDGE('2066',*,*,#5814,.F.);
#5817=ORIENTED_EDGE('2067',*,*,#5816,.F.);
#5818=EDGE_LOOP('1688',(#5815,#5817));
#5819=FACE_OUTER_BOUND('1688',#5818,.F.);
#5820=ADVANCED_FACE('1688',(#5819),#5813,.F.);
#5821=CARTESIAN_POINT('',(-2.74E-1,4.724598432756E-4,2.2E-2));
#5822=DIRECTION('',(0.E0,-1.E0,0.E0));
#5823=DIRECTION('',(1.E0,0.E0,0.E0));
#5824=AXIS2_PLACEMENT_3D('',#5821,#5822,#5823);
#5825=CYLINDRICAL_SURFACE('1690',#5824,8.E-3);
#5827=ORIENTED_EDGE('1276',*,*,#5826,.T.);
#5829=ORIENTED_EDGE('2070',*,*,#5828,.F.);
#5830=ORIENTED_EDGE('2066',*,*,#5814,.T.);
#5832=ORIENTED_EDGE('2071',*,*,#5831,.F.);
#5833=EDGE_LOOP('1690',(#5827,#5829,#5830,#5832));
#5834=FACE_OUTER_BOUND('1690',#5833,.F.);
#5835=ADVANCED_FACE('1690',(#5834),#5825,.T.);
#5836=CARTESIAN_POINT('',(-2.74E-1,4.724598432756E-4,2.2E-2));
#5837=DIRECTION('',(0.E0,-1.E0,0.E0));
#5838=DIRECTION('',(1.E0,0.E0,0.E0));
#5839=AXIS2_PLACEMENT_3D('',#5836,#5837,#5838);
#5840=CYLINDRICAL_SURFACE('1691',#5839,8.E-3);
#5842=ORIENTED_EDGE('1280',*,*,#5841,.T.);
#5843=ORIENTED_EDGE('2071',*,*,#5831,.T.);
#5844=ORIENTED_EDGE('2067',*,*,#5816,.T.);
#5845=ORIENTED_EDGE('2070',*,*,#5828,.T.);
#5846=EDGE_LOOP('1691',(#5842,#5843,#5844,#5845));
#5847=FACE_OUTER_BOUND('1691',#5846,.F.);
#5848=ADVANCED_FACE('1691',(#5847),#5840,.T.);
#5850=FILL_AREA_STYLE_COLOUR('',#63);
#5851=FILL_AREA_STYLE('',(#5850));
#5852=SURFACE_STYLE_FILL_AREA(#5851);
#5853=SURFACE_SIDE_STYLE('',(#5852));
#5854=SURFACE_STYLE_USAGE(.BOTH.,#5853);
#5855=PRESENTATION_STYLE_ASSIGNMENT((#5854));
#5754=STYLED_ITEM('',(#5855),#5849);
#5857=CARTESIAN_POINT('',(-3.26E-1,-8.E-3,-2.2E-2));
#5858=DIRECTION('',(0.E0,-1.E0,0.E0));
#5859=DIRECTION('',(1.E0,0.E0,0.E0));
#5860=AXIS2_PLACEMENT_3D('',#5857,#5858,#5859);
#5862=CURVE_STYLE('',#4331,POSITIVE_LENGTH_MEASURE(2.E-2),#63);
#5863=PRESENTATION_STYLE_ASSIGNMENT((#5862));
#5864=STYLED_ITEM('',(#5863),#5861);
#5865=CARTESIAN_POINT('',(-3.26E-1,-8.E-3,-2.2E-2));
#5866=DIRECTION('',(0.E0,-1.E0,0.E0));
#5867=DIRECTION('',(-1.E0,0.E0,0.E0));
#5868=AXIS2_PLACEMENT_3D('',#5865,#5866,#5867);
#5870=CURVE_STYLE('',#4331,POSITIVE_LENGTH_MEASURE(2.E-2),#63);
#5871=PRESENTATION_STYLE_ASSIGNMENT((#5870));
#5872=STYLED_ITEM('',(#5871),#5869);
#5873=CARTESIAN_POINT('',(-3.26E-1,0.E0,-2.2E-2));
#5874=DIRECTION('',(0.E0,1.E0,0.E0));
#5875=DIRECTION('',(-1.E0,0.E0,-2.068657745102E-13));
#5876=AXIS2_PLACEMENT_3D('',#5873,#5874,#5875);
#5878=CURVE_STYLE('',#4331,POSITIVE_LENGTH_MEASURE(2.E-2),#63);
#5879=PRESENTATION_STYLE_ASSIGNMENT((#5878));
#5880=STYLED_ITEM('',(#5879),#5877);
#5881=CARTESIAN_POINT('',(-3.26E-1,0.E0,-2.2E-2));
#5882=DIRECTION('',(0.E0,1.E0,0.E0));
#5883=DIRECTION('',(1.E0,0.E0,0.E0));
#5884=AXIS2_PLACEMENT_3D('',#5881,#5882,#5883);
#5886=CURVE_STYLE('',#4331,POSITIVE_LENGTH_MEASURE(2.E-2),#63);
#5887=PRESENTATION_STYLE_ASSIGNMENT((#5886));
#5888=STYLED_ITEM('',(#5887),#5885);
#5889=DIRECTION('',(0.E0,-1.E0,6.895525817008E-14));
#5890=VECTOR('',#5889,8.E-3);
#5891=CARTESIAN_POINT('',(-3.34E-1,0.E0,-2.2E-2));
#5892=LINE('2073',#5891,#5890);
#5893=CURVE_STYLE('',#4331,POSITIVE_LENGTH_MEASURE(2.E-2),#63);
#5894=PRESENTATION_STYLE_ASSIGNMENT((#5893));
#5895=STYLED_ITEM('',(#5894),#5892);
#5896=DIRECTION('',(0.E0,1.E0,0.E0));
#5897=VECTOR('',#5896,8.E-3);
#5898=CARTESIAN_POINT('',(-3.18E-1,-8.E-3,-2.2E-2));
#5899=LINE('2072',#5898,#5897);
#5900=CURVE_STYLE('',#4331,POSITIVE_LENGTH_MEASURE(2.E-2),#63);
#5901=PRESENTATION_STYLE_ASSIGNMENT((#5900));
#5902=STYLED_ITEM('',(#5901),#5899);
#5903=CARTESIAN_POINT('',(-3.34E-1,0.E0,-2.2E-2));
#5904=CARTESIAN_POINT('',(-3.18E-1,0.E0,-2.2E-2));
#5905=VERTEX_POINT('',#5903);
#5906=VERTEX_POINT('',#5904);
#5907=CARTESIAN_POINT('',(-3.18E-1,-8.E-3,-2.2E-2));
#5908=CARTESIAN_POINT('',(-3.34E-1,-8.E-3,-2.2E-2));
#5909=VERTEX_POINT('',#5907);
#5910=VERTEX_POINT('',#5908);
#5911=CARTESIAN_POINT('',(-3.26E-1,-8.E-3,-2.2E-2));
#5912=DIRECTION('',(0.E0,1.E0,0.E0));
#5913=DIRECTION('',(1.E0,0.E0,0.E0));
#5914=AXIS2_PLACEMENT_3D('',#5911,#5912,#5913);
#5915=PLANE('1689',#5914);
#5917=ORIENTED_EDGE('2068',*,*,#5916,.F.);
#5919=ORIENTED_EDGE('2069',*,*,#5918,.F.);
#5920=EDGE_LOOP('1689',(#5917,#5919));
#5921=FACE_OUTER_BOUND('1689',#5920,.F.);
#5922=ADVANCED_FACE('1689',(#5921),#5915,.F.);
#5923=CARTESIAN_POINT('',(-3.26E-1,4.724598432756E-4,-2.2E-2));
#5924=DIRECTION('',(0.E0,-1.E0,0.E0));
#5925=DIRECTION('',(1.E0,0.E0,0.E0));
#5926=AXIS2_PLACEMENT_3D('',#5923,#5924,#5925);
#5927=CYLINDRICAL_SURFACE('1692',#5926,8.E-3);
#5929=ORIENTED_EDGE('1284',*,*,#5928,.T.);
#5931=ORIENTED_EDGE('2072',*,*,#5930,.F.);
#5932=ORIENTED_EDGE('2068',*,*,#5916,.T.);
#5934=ORIENTED_EDGE('2073',*,*,#5933,.F.);
#5935=EDGE_LOOP('1692',(#5929,#5931,#5932,#5934));
#5936=FACE_OUTER_BOUND('1692',#5935,.F.);
#5937=ADVANCED_FACE('1692',(#5936),#5927,.T.);
#5938=CARTESIAN_POINT('',(-3.26E-1,4.724598432756E-4,-2.2E-2));
#5939=DIRECTION('',(0.E0,-1.E0,0.E0));
#5940=DIRECTION('',(1.E0,0.E0,0.E0));
#5941=AXIS2_PLACEMENT_3D('',#5938,#5939,#5940);
#5942=CYLINDRICAL_SURFACE('1693',#5941,8.E-3);
#5944=ORIENTED_EDGE('1288',*,*,#5943,.T.);
#5945=ORIENTED_EDGE('2073',*,*,#5933,.T.);
#5946=ORIENTED_EDGE('2069',*,*,#5918,.T.);
#5947=ORIENTED_EDGE('2072',*,*,#5930,.T.);
#5948=EDGE_LOOP('1693',(#5944,#5945,#5946,#5947));
#5949=FACE_OUTER_BOUND('1693',#5948,.F.);
#5950=ADVANCED_FACE('1693',(#5949),#5942,.T.);
#5952=FILL_AREA_STYLE_COLOUR('',#63);
#5953=FILL_AREA_STYLE('',(#5952));
#5954=SURFACE_STYLE_FILL_AREA(#5953);
#5955=SURFACE_SIDE_STYLE('',(#5954));
#5956=SURFACE_STYLE_USAGE(.BOTH.,#5955);
#5957=PRESENTATION_STYLE_ASSIGNMENT((#5956));
#5856=STYLED_ITEM('',(#5957),#5951);
#5960=PRESENTATION_LAYER_ASSIGNMENT('COLOR3','',(#4325,#4428,#4530,#4632,#4734,
#4836,#4938,#5040,#5142,#5244,#5346,#5448,#5550,#5652,#5754,#5856,#5958));
#5961=PRESENTATION_LAYER_ASSIGNMENT('COLOR11','',(#5958));
#5962=PRESENTATION_LAYER_ASSIGNMENT('SURFACE_QUILTS','',(#4325,#4428,#4530,
#4632,#4734,#4836,#4938,#5040,#5142,#5244,#5346,#5448,#5550,#5652,#5754,#5856));
#5963=DIMENSIONAL_EXPONENTS(1.E0,0.E0,0.E0,0.E0,0.E0,0.E0,0.E0);
#5965=LENGTH_MEASURE_WITH_UNIT(LENGTH_MEASURE(2.54E1),#5964);
#5966=(CONVERSION_BASED_UNIT('INCH',#5965)LENGTH_UNIT()NAMED_UNIT(#5963));
#5967=DIMENSIONAL_EXPONENTS(0.E0,0.E0,0.E0,0.E0,0.E0,0.E0,0.E0);
#5969=PLANE_ANGLE_MEASURE_WITH_UNIT(PLANE_ANGLE_MEASURE(1.745329251994E-2),
#5968);
#5970=(CONVERSION_BASED_UNIT('DEGREE',#5969)NAMED_UNIT(*)PLANE_ANGLE_UNIT());
#5972=UNCERTAINTY_MEASURE_WITH_UNIT(LENGTH_MEASURE(6.059151158269E-5),#5966,
'closure',
'Maximum model space distance between geometric entities at asserted connectivities');
#5973=(GEOMETRIC_REPRESENTATION_CONTEXT(3)GLOBAL_UNCERTAINTY_ASSIGNED_CONTEXT((
#5972))GLOBAL_UNIT_ASSIGNED_CONTEXT((#5966,#5970,#5971))REPRESENTATION_CONTEXT(
'ID1','3'));
#5976=CARTESIAN_POINT('',(0.E0,0.E0,0.E0));
#5977=DIRECTION('',(0.E0,0.E0,1.E0));
#5978=DIRECTION('',(1.E0,0.E0,0.E0));
#5981=SHAPE_REPRESENTATION_RELATIONSHIP('','',#5980,#5974);
#5982=SHAPE_REPRESENTATION_RELATIONSHIP('','',#5980,#5975);
#5983=MECHANICAL_DESIGN_GEOMETRIC_PRESENTATION_REPRESENTATION('',(#1816,#1838,
#1859,#1880,#1901,#1922,#1943,#1964,#1985,#2006,#2027,#2048,#2069,#2090,#2111,
#2132,#2153,#2174,#2195,#2216,#2237,#2258,#2279,#2300,#2321,#2342,#2362,#2443,
#2465,#2495,#2516,#2537,#2558,#2587,#2607,#2627,#2649,#2670,#2691,#2711,#2730,
#2750,#2770,#2792,#2813,#2834,#2855,#2875,#2894,#2913,#2935,#2965,#2986,#3007,
#3028,#3057,#3077,#3097,#3119,#3140,#3161,#3181,#3200,#3220,#3240,#3262,#3283,
#3304,#3325,#3345,#3364,#3383,#3405,#3435,#3456,#3477,#3498,#3527,#3547,#3567,
#3589,#3610,#3631,#3651,#3670,#3690,#3710,#3732,#3753,#3774,#3795,#3815,#3834,
#3853,#3875,#3905,#3926,#3947,#3968,#3997,#4017,#4037,#4059,#4080,#4101,#4121,
#4140,#4160,#4180,#4202,#4223,#4244,#4265,#4285,#4304,#4323,#4334,#4342,#4350,
#4358,#4365,#4372,#4325,#4436,#4444,#4452,#4460,#4467,#4474,#4428,#4538,#4546,
#4554,#4562,#4569,#4576,#4530,#4640,#4648,#4656,#4664,#4671,#4678,#4632,#4742,
#4750,#4758,#4766,#4773,#4780,#4734,#4844,#4852,#4860,#4868,#4875,#4882,#4836,
#4946,#4954,#4962,#4970,#4977,#4984,#4938,#5048,#5056,#5064,#5072,#5079,#5086,
#5040,#5150,#5158,#5166,#5174,#5181,#5188,#5142,#5252,#5260,#5268,#5276,#5283,
#5290,#5244,#5354,#5362,#5370,#5378,#5385,#5392,#5346,#5456,#5464,#5472,#5480,
#5487,#5494,#5448,#5558,#5566,#5574,#5582,#5589,#5596,#5550,#5660,#5668,#5676,
#5684,#5691,#5698,#5652,#5762,#5770,#5778,#5786,#5793,#5800,#5754,#5864,#5872,
#5880,#5888,#5895,#5902,#5856),#5973);
#5984=APPLICATION_CONTEXT(
'CONFIGURATION CONTROLLED 3D DESIGNS OF MECHANICAL PARTS AND ASSEMBLIES');
#5985=APPLICATION_PROTOCOL_DEFINITION('international standard',
'config_control_design',1994,#5984);
#5986=DESIGN_CONTEXT('',#5984,'design');
#5987=MECHANICAL_CONTEXT('',#5984,'mechanical');
#5988=PRODUCT('68016-X04','68016-X04','NOT SPECIFIED',(#5987));
#5989=PRODUCT_DEFINITION_FORMATION_WITH_SPECIFIED_SOURCE('1','LAST_VERSION',
#5988,.MADE.);
#5993=PRODUCT_CATEGORY('part','');
#5994=PRODUCT_RELATED_PRODUCT_CATEGORY('detail','',(#5988));
#5995=PRODUCT_CATEGORY_RELATIONSHIP('','',#5993,#5994);
#5996=SECURITY_CLASSIFICATION_LEVEL('unclassified');
#5997=SECURITY_CLASSIFICATION('','',#5996);
#5998=CC_DESIGN_SECURITY_CLASSIFICATION(#5997,(#5989));
#5999=APPROVAL_STATUS('approved');
#6000=APPROVAL(#5999,'');
#6001=CC_DESIGN_APPROVAL(#6000,(#5997,#5989,#5990));
#6002=CALENDAR_DATE(124,23,1);
#6003=COORDINATED_UNIVERSAL_TIME_OFFSET(5,30,.AHEAD.);
#6004=LOCAL_TIME(11,19,4.E0,#6003);
#6005=DATE_AND_TIME(#6002,#6004);
#6006=APPROVAL_DATE_TIME(#6005,#6000);
#6007=DATE_TIME_ROLE('creation_date');
#6008=CC_DESIGN_DATE_AND_TIME_ASSIGNMENT(#6005,#6007,(#5990));
#6009=DATE_TIME_ROLE('classification_date');
#6010=CC_DESIGN_DATE_AND_TIME_ASSIGNMENT(#6005,#6009,(#5997));
#6011=PERSON('UNSPECIFIED','UNSPECIFIED',$,$,$,$);
#6012=ORGANIZATION('UNSPECIFIED','UNSPECIFIED','UNSPECIFIED');
#6013=PERSON_AND_ORGANIZATION(#6011,#6012);
#6014=APPROVAL_ROLE('approver');
#6015=APPROVAL_PERSON_ORGANIZATION(#6013,#6000,#6014);
#6016=PERSON_AND_ORGANIZATION_ROLE('creator');
#6017=CC_DESIGN_PERSON_AND_ORGANIZATION_ASSIGNMENT(#6013,#6016,(#5989,#5990));
#6018=PERSON_AND_ORGANIZATION_ROLE('design_supplier');
#6019=CC_DESIGN_PERSON_AND_ORGANIZATION_ASSIGNMENT(#6013,#6018,(#5989));
#6020=PERSON_AND_ORGANIZATION_ROLE('classification_officer');
#6021=CC_DESIGN_PERSON_AND_ORGANIZATION_ASSIGNMENT(#6013,#6020,(#5997));
#6022=PERSON_AND_ORGANIZATION_ROLE('design_owner');
#6023=CC_DESIGN_PERSON_AND_ORGANIZATION_ASSIGNMENT(#6013,#6022,(#5988));
#1=DRAUGHTING_PRE_DEFINED_COLOUR('black');
#2=COLOUR_RGB('',0.E0,0.E0,2.E-1);
#3=COLOUR_RGB('',0.E0,0.E0,4.E-1);
#4=COLOUR_RGB('',0.E0,0.E0,6.E-1);
#5=COLOUR_RGB('',0.E0,0.E0,8.E-1);
#6=COLOUR_RGB('',0.E0,2.E-1,0.E0);
#7=COLOUR_RGB('',0.E0,2.E-1,2.E-1);
#8=COLOUR_RGB('',0.E0,2.E-1,4.E-1);
#9=COLOUR_RGB('',0.E0,2.E-1,6.E-1);
#10=COLOUR_RGB('',0.E0,2.E-1,8.E-1);
#11=COLOUR_RGB('',0.E0,4.E-1,0.E0);
#12=COLOUR_RGB('',0.E0,4.E-1,2.E-1);
#13=COLOUR_RGB('',0.E0,4.E-1,4.E-1);
#14=COLOUR_RGB('',0.E0,4.E-1,6.E-1);
#15=COLOUR_RGB('',0.E0,4.E-1,8.E-1);
#16=COLOUR_RGB('',0.E0,6.E-1,0.E0);
#17=COLOUR_RGB('',0.E0,6.E-1,2.E-1);
#18=COLOUR_RGB('',0.E0,6.E-1,4.E-1);
#19=COLOUR_RGB('',0.E0,6.E-1,6.E-1);
#20=COLOUR_RGB('',0.E0,6.E-1,8.E-1);
#21=COLOUR_RGB('',0.E0,8.E-1,0.E0);
#22=COLOUR_RGB('',0.E0,8.E-1,2.E-1);
#23=COLOUR_RGB('',0.E0,8.E-1,4.E-1);
#24=COLOUR_RGB('',0.E0,8.E-1,6.E-1);
#25=COLOUR_RGB('',0.E0,8.E-1,8.E-1);
#26=DRAUGHTING_PRE_DEFINED_COLOUR('green');
#27=COLOUR_RGB('',0.E0,1.E0,2.E-1);
#28=COLOUR_RGB('',0.E0,1.E0,4.E-1);
#29=COLOUR_RGB('',0.E0,1.E0,6.E-1);
#30=COLOUR_RGB('',0.E0,1.E0,8.E-1);
#31=COLOUR_RGB('',1.176470588235E-2,1.176470588235E-2,1.E0);
#32=COLOUR_RGB('',1.098039215686E-1,1.098039215686E-1,1.098039215686E-1);
#33=COLOUR_RGB('',2.E-1,0.E0,0.E0);
#34=COLOUR_RGB('',2.E-1,0.E0,2.E-1);
#35=COLOUR_RGB('',2.E-1,0.E0,4.E-1);
#36=COLOUR_RGB('',2.E-1,0.E0,6.E-1);
#37=COLOUR_RGB('',2.E-1,0.E0,8.E-1);
#38=COLOUR_RGB('',2.E-1,2.E-1,0.E0);
#39=COLOUR_RGB('',2.E-1,2.E-1,2.E-1);
#40=COLOUR_RGB('',2.E-1,2.E-1,4.E-1);
#41=COLOUR_RGB('',2.E-1,2.E-1,6.E-1);
#42=COLOUR_RGB('',2.E-1,2.E-1,8.E-1);
#43=COLOUR_RGB('',2.E-1,4.E-1,0.E0);
#44=COLOUR_RGB('',2.E-1,4.E-1,2.E-1);
#45=COLOUR_RGB('',2.E-1,4.E-1,4.E-1);
#46=COLOUR_RGB('',2.E-1,4.E-1,6.E-1);
#47=COLOUR_RGB('',2.E-1,4.E-1,8.E-1);
#48=COLOUR_RGB('',2.E-1,6.E-1,0.E0);
#49=COLOUR_RGB('',2.E-1,6.E-1,2.E-1);
#50=COLOUR_RGB('',2.E-1,6.E-1,4.E-1);
#51=COLOUR_RGB('',2.E-1,6.E-1,6.E-1);
#52=COLOUR_RGB('',2.E-1,6.E-1,8.E-1);
#53=COLOUR_RGB('',2.E-1,8.E-1,0.E0);
#54=COLOUR_RGB('',2.E-1,8.E-1,2.E-1);
#55=COLOUR_RGB('',2.E-1,8.E-1,4.E-1);
#56=COLOUR_RGB('',2.E-1,8.E-1,6.E-1);
#57=COLOUR_RGB('',2.E-1,8.E-1,8.E-1);
#58=COLOUR_RGB('',2.E-1,1.E0,0.E0);
#59=COLOUR_RGB('',2.E-1,1.E0,2.E-1);
#60=COLOUR_RGB('',2.E-1,1.E0,4.E-1);
#61=COLOUR_RGB('',2.E-1,1.E0,6.E-1);
#62=COLOUR_RGB('',2.E-1,1.E0,8.E-1);
#63=COLOUR_RGB('',2.5E-1,2.5E-1,2.5E-1);
#64=COLOUR_RGB('',4.E-1,0.E0,0.E0);
#65=COLOUR_RGB('',4.E-1,0.E0,2.E-1);
#66=COLOUR_RGB('',4.E-1,0.E0,4.E-1);
#67=COLOUR_RGB('',4.E-1,0.E0,6.E-1);
#68=COLOUR_RGB('',4.E-1,0.E0,8.E-1);
#69=COLOUR_RGB('',4.E-1,2.E-1,0.E0);
#70=COLOUR_RGB('',4.E-1,2.E-1,2.E-1);
#71=COLOUR_RGB('',4.E-1,2.E-1,4.E-1);
#72=COLOUR_RGB('',4.E-1,2.E-1,6.E-1);
#73=COLOUR_RGB('',4.E-1,2.E-1,8.E-1);
#74=COLOUR_RGB('',4.E-1,4.E-1,0.E0);
#75=COLOUR_RGB('',4.E-1,4.E-1,2.E-1);
#76=COLOUR_RGB('',4.E-1,4.E-1,4.E-1);
#77=COLOUR_RGB('',4.E-1,4.E-1,6.E-1);
#78=COLOUR_RGB('',4.E-1,4.E-1,8.E-1);
#79=COLOUR_RGB('',4.E-1,6.E-1,0.E0);
#80=COLOUR_RGB('',4.E-1,6.E-1,2.E-1);
#81=COLOUR_RGB('',4.E-1,6.E-1,4.E-1);
#82=COLOUR_RGB('',4.E-1,6.E-1,6.E-1);
#83=COLOUR_RGB('',4.E-1,6.E-1,8.E-1);
#84=COLOUR_RGB('',4.E-1,8.E-1,0.E0);
#85=COLOUR_RGB('',4.E-1,8.E-1,2.E-1);
#86=COLOUR_RGB('',4.E-1,8.E-1,4.E-1);
#87=COLOUR_RGB('',4.E-1,8.E-1,6.E-1);
#88=COLOUR_RGB('',4.E-1,8.E-1,8.E-1);
#89=COLOUR_RGB('',4.E-1,1.E0,0.E0);
#90=COLOUR_RGB('',4.E-1,1.E0,2.E-1);
#91=COLOUR_RGB('',4.E-1,1.E0,4.E-1);
#92=COLOUR_RGB('',4.E-1,1.E0,6.E-1);
#93=COLOUR_RGB('',4.E-1,1.E0,8.E-1);
#94=COLOUR_RGB('',5.019607843137E-1,5.019607843137E-1,5.019607843137E-1);
#95=COLOUR_RGB('',6.E-1,0.E0,0.E0);
#96=COLOUR_RGB('',6.E-1,0.E0,2.E-1);
#97=COLOUR_RGB('',6.E-1,0.E0,4.E-1);
#98=COLOUR_RGB('',6.E-1,0.E0,6.E-1);
#99=COLOUR_RGB('',6.E-1,0.E0,8.E-1);
#100=COLOUR_RGB('',6.E-1,2.E-1,0.E0);
#101=COLOUR_RGB('',6.E-1,2.E-1,2.E-1);
#102=COLOUR_RGB('',6.E-1,2.E-1,4.E-1);
#103=COLOUR_RGB('',6.E-1,2.E-1,6.E-1);
#104=COLOUR_RGB('',6.E-1,2.E-1,8.E-1);
#105=COLOUR_RGB('',6.E-1,4.E-1,0.E0);
#106=COLOUR_RGB('',6.E-1,4.E-1,2.E-1);
#107=COLOUR_RGB('',6.E-1,4.E-1,4.E-1);
#108=COLOUR_RGB('',6.E-1,4.E-1,6.E-1);
#109=COLOUR_RGB('',6.E-1,4.E-1,8.E-1);
#110=COLOUR_RGB('',6.E-1,6.E-1,0.E0);
#111=COLOUR_RGB('',6.E-1,6.E-1,2.E-1);
#112=COLOUR_RGB('',6.E-1,6.E-1,4.E-1);
#113=COLOUR_RGB('',6.E-1,6.E-1,6.E-1);
#114=COLOUR_RGB('',6.E-1,6.E-1,8.E-1);
#115=COLOUR_RGB('',6.E-1,8.E-1,0.E0);
#116=COLOUR_RGB('',6.E-1,8.E-1,2.E-1);
#117=COLOUR_RGB('',6.E-1,8.E-1,4.E-1);
#118=COLOUR_RGB('',6.E-1,8.E-1,6.E-1);
#119=COLOUR_RGB('',6.E-1,8.E-1,8.E-1);
#120=COLOUR_RGB('',6.E-1,1.E0,0.E0);
#121=COLOUR_RGB('',6.E-1,1.E0,2.E-1);
#122=COLOUR_RGB('',6.E-1,1.E0,4.E-1);
#123=COLOUR_RGB('',6.E-1,1.E0,6.E-1);
#124=COLOUR_RGB('',6.E-1,1.E0,8.E-1);
#125=COLOUR_RGB('',6.35294E-1,6.86275E-1,7.4902E-1);
#126=COLOUR_RGB('',8.E-1,0.E0,0.E0);
#127=COLOUR_RGB('',8.E-1,0.E0,2.E-1);
#128=COLOUR_RGB('',8.E-1,0.E0,4.E-1);
#129=COLOUR_RGB('',8.E-1,0.E0,6.E-1);
#130=COLOUR_RGB('',8.E-1,0.E0,8.E-1);
#131=COLOUR_RGB('',8.E-1,2.E-1,0.E0);
#132=COLOUR_RGB('',8.E-1,2.E-1,2.E-1);
#133=COLOUR_RGB('',8.E-1,2.E-1,4.E-1);
#134=COLOUR_RGB('',8.E-1,2.E-1,6.E-1);
#135=COLOUR_RGB('',8.E-1,2.E-1,8.E-1);
#136=COLOUR_RGB('',8.E-1,4.E-1,0.E0);
#137=COLOUR_RGB('',8.E-1,4.E-1,2.E-1);
#138=COLOUR_RGB('',8.E-1,4.E-1,4.E-1);
#139=COLOUR_RGB('',8.E-1,4.E-1,6.E-1);
#140=COLOUR_RGB('',8.E-1,4.E-1,8.E-1);
#141=COLOUR_RGB('',8.E-1,6.E-1,0.E0);
#142=COLOUR_RGB('',8.E-1,6.E-1,2.E-1);
#143=COLOUR_RGB('',8.E-1,6.E-1,4.E-1);
#144=COLOUR_RGB('',8.E-1,6.E-1,6.E-1);
#145=COLOUR_RGB('',8.E-1,6.E-1,8.E-1);
#146=COLOUR_RGB('',8.E-1,8.E-1,0.E0);
#147=COLOUR_RGB('',8.E-1,8.E-1,2.E-1);
#148=COLOUR_RGB('',8.E-1,8.E-1,4.E-1);
#149=COLOUR_RGB('',8.E-1,8.E-1,6.E-1);
#150=COLOUR_RGB('',8.E-1,8.E-1,8.E-1);
#151=COLOUR_RGB('',8.E-1,1.E0,0.E0);
#152=COLOUR_RGB('',8.E-1,1.E0,2.E-1);
#153=COLOUR_RGB('',8.E-1,1.E0,4.E-1);
#154=COLOUR_RGB('',8.E-1,1.E0,6.E-1);
#155=COLOUR_RGB('',8.E-1,1.E0,8.E-1);
#156=COLOUR_RGB('',8.784313725490E-1,9.490196078431E-1,1.E0);
#157=COLOUR_RGB('',9.098039215686E-1,7.254901960784E-1,1.803921568627E-1);
#158=DRAUGHTING_PRE_DEFINED_COLOUR('red');
#159=COLOUR_RGB('',1.E0,0.E0,2.E-1);
#160=COLOUR_RGB('',1.E0,0.E0,4.E-1);
#161=COLOUR_RGB('',1.E0,0.E0,6.E-1);
#162=COLOUR_RGB('',1.E0,0.E0,8.E-1);
#163=COLOUR_RGB('',1.E0,2.E-1,0.E0);
#164=COLOUR_RGB('',1.E0,2.E-1,2.E-1);
#165=COLOUR_RGB('',1.E0,2.E-1,4.E-1);
#166=COLOUR_RGB('',1.E0,2.E-1,6.E-1);
#167=COLOUR_RGB('',1.E0,2.E-1,8.E-1);
#168=COLOUR_RGB('',1.E0,4.E-1,0.E0);
#169=COLOUR_RGB('',1.E0,4.E-1,2.E-1);
#170=COLOUR_RGB('',1.E0,4.E-1,4.E-1);
#171=COLOUR_RGB('',1.E0,4.E-1,6.E-1);
#172=COLOUR_RGB('',1.E0,4.E-1,8.E-1);
#173=COLOUR_RGB('',1.E0,6.E-1,0.E0);
#174=COLOUR_RGB('',1.E0,6.E-1,2.E-1);
#175=COLOUR_RGB('',1.E0,6.E-1,4.E-1);
#176=COLOUR_RGB('',1.E0,6.E-1,6.E-1);
#177=COLOUR_RGB('',1.E0,6.E-1,8.E-1);
#178=COLOUR_RGB('',1.E0,8.E-1,0.E0);
#179=COLOUR_RGB('',1.E0,8.E-1,2.E-1);
#180=COLOUR_RGB('',1.E0,8.E-1,4.E-1);
#181=COLOUR_RGB('',1.E0,8.E-1,6.E-1);
#182=COLOUR_RGB('',1.E0,8.E-1,8.E-1);
#183=COLOUR_RGB('',1.E0,9.628650281244E-1,4.396897677431E-1);
#184=DRAUGHTING_PRE_DEFINED_COLOUR('yellow');
#185=COLOUR_RGB('',1.E0,1.E0,2.E-1);
#186=COLOUR_RGB('',1.E0,1.E0,4.E-1);
#187=COLOUR_RGB('',1.E0,1.E0,6.E-1);
#188=COLOUR_RGB('',1.E0,1.E0,8.E-1);
#189=COLOUR_RGB('',1.E0,1.E0,9.490196078431E-1);
#634=CIRCLE('1772',#633,5.E-2);
#639=CIRCLE('1768',#638,2.5E-2);
#672=CIRCLE('1782',#671,2.5E-2);
#685=CIRCLE('1797',#684,5.E-2);
#814=CIRCLE('1812',#813,5.E-2);
#819=CIRCLE('1808',#818,2.5E-2);
#852=CIRCLE('1822',#851,2.5E-2);
#865=CIRCLE('1837',#864,5.E-2);
#994=CIRCLE('1852',#993,5.E-2);
#999=CIRCLE('1848',#998,2.5E-2);
#1032=CIRCLE('1862',#1031,2.5E-2);
#1045=CIRCLE('1877',#1044,5.E-2);
#1174=CIRCLE('1892',#1173,5.E-2);
#1179=CIRCLE('1888',#1178,2.5E-2);
#1212=CIRCLE('1902',#1211,2.5E-2);
#1225=CIRCLE('1917',#1224,5.E-2);
#1715=EDGE_CURVE('2039',#1625,#1605,#193,.T.);
#1717=EDGE_CURVE('2005',#1605,#1603,#197,.T.);
#1719=EDGE_CURVE('2004',#1601,#1603,#493,.T.);
#1721=EDGE_CURVE('2003',#1601,#1581,#201,.T.);
#1723=EDGE_CURVE('1969',#1581,#1579,#205,.T.);
#1725=EDGE_CURVE('1968',#1577,#1579,#473,.T.);
#1727=EDGE_CURVE('1967',#1577,#1553,#209,.T.);
#1729=EDGE_CURVE('1930',#1553,#1551,#213,.T.);
#1731=EDGE_CURVE('1929',#1549,#1551,#453,.T.);
#1733=EDGE_CURVE('1928',#1549,#1547,#217,.T.);
#1735=EDGE_CURVE('1927',#1544,#1547,#437,.T.);
#1737=EDGE_CURVE('1926',#1544,#1545,#221,.T.);
#1739=EDGE_CURVE('1933',#1556,#1545,#425,.T.);
#1741=EDGE_CURVE('1932',#1556,#1557,#225,.T.);
#1743=EDGE_CURVE('1966',#1557,#1575,#229,.T.);
#1745=EDGE_CURVE('1972',#1584,#1575,#405,.T.);
#1747=EDGE_CURVE('1971',#1584,#1585,#233,.T.);
#1749=EDGE_CURVE('2002',#1585,#1599,#237,.T.);
#1751=EDGE_CURVE('2008',#1608,#1599,#385,.T.);
#1753=EDGE_CURVE('2007',#1608,#1609,#241,.T.);
#1755=EDGE_CURVE('2038',#1609,#1623,#245,.T.);
#1757=EDGE_CURVE('2044',#1633,#1623,#365,.T.);
#1759=EDGE_CURVE('2043',#1633,#1631,#249,.T.);
#1761=EDGE_CURVE('2042',#1629,#1631,#345,.T.);
#1763=EDGE_CURVE('2041',#1629,#1627,#253,.T.);
#1765=EDGE_CURVE('2040',#1625,#1627,#329,.T.);
#1769=EDGE_CURVE('2074',#1648,#1649,#257,.T.);
#1771=EDGE_CURVE('2076',#1653,#1649,#261,.T.);
#1773=EDGE_CURVE('2077',#1651,#1653,#265,.T.);
#1775=EDGE_CURVE('2075',#1648,#1651,#269,.T.);
#1779=EDGE_CURVE('2090',#1664,#1665,#273,.T.);
#1781=EDGE_CURVE('2092',#1669,#1665,#277,.T.);
#1783=EDGE_CURVE('2093',#1667,#1669,#281,.T.);
#1785=EDGE_CURVE('2091',#1664,#1667,#285,.T.);
#1789=EDGE_CURVE('2106',#1680,#1681,#289,.T.);
#1791=EDGE_CURVE('2108',#1685,#1681,#293,.T.);
#1793=EDGE_CURVE('2109',#1683,#1685,#297,.T.);
#1795=EDGE_CURVE('2107',#1680,#1683,#301,.T.);
#1799=EDGE_CURVE('2122',#1696,#1697,#305,.T.);
#1801=EDGE_CURVE('2124',#1701,#1697,#309,.T.);
#1803=EDGE_CURVE('2125',#1699,#1701,#313,.T.);
#1805=EDGE_CURVE('2123',#1696,#1699,#317,.T.);
#1823=EDGE_CURVE('2054',#1625,#1637,#321,.T.);
#1825=EDGE_CURVE('2046',#1637,#1617,#517,.T.);
#1827=EDGE_CURVE('2020',#1617,#1605,#325,.T.);
#1846=EDGE_CURVE('2055',#1639,#1627,#341,.T.);
#1848=EDGE_CURVE('2047',#1639,#1637,#333,.T.);
#1866=EDGE_CURVE('2052',#1629,#1641,#337,.T.);
#1868=EDGE_CURVE('2048',#1641,#1639,#521,.T.);
#1888=EDGE_CURVE('2053',#1643,#1631,#357,.T.);
#1890=EDGE_CURVE('2049',#1643,#1641,#349,.T.);
#1908=EDGE_CURVE('2057',#1633,#1645,#353,.T.);
#1910=EDGE_CURVE('2050',#1645,#1643,#525,.T.);
#1928=EDGE_CURVE('2056',#1635,#1623,#373,.T.);
#1930=EDGE_CURVE('2051',#1635,#1645,#361,.T.);
#1950=EDGE_CURVE('2021',#1609,#1621,#369,.T.);
#1952=EDGE_CURVE('2045',#1621,#1635,#529,.T.);
#1971=EDGE_CURVE('2019',#1608,#1620,#377,.T.);
#1973=EDGE_CURVE('2014',#1620,#1621,#533,.T.);
#1991=EDGE_CURVE('2018',#1611,#1599,#393,.T.);
#1993=EDGE_CURVE('2015',#1611,#1620,#381,.T.);
#2013=EDGE_CURVE('1985',#1585,#1597,#389,.T.);
#2015=EDGE_CURVE('2009',#1597,#1611,#537,.T.);
#2034=EDGE_CURVE('1983',#1584,#1596,#397,.T.);
#2036=EDGE_CURVE('1978',#1596,#1597,#541,.T.);
#2054=EDGE_CURVE('1982',#1587,#1575,#413,.T.);
#2056=EDGE_CURVE('1979',#1587,#1596,#401,.T.);
#2076=EDGE_CURVE('1949',#1557,#1573,#409,.T.);
#2078=EDGE_CURVE('1973',#1573,#1587,#545,.T.);
#2097=EDGE_CURVE('1947',#1556,#1572,#417,.T.);
#2099=EDGE_CURVE('1940',#1572,#1573,#549,.T.);
#2117=EDGE_CURVE('1946',#1561,#1545,#433,.T.);
#2119=EDGE_CURVE('1941',#1561,#1572,#421,.T.);
#2139=EDGE_CURVE('1944',#1544,#1560,#429,.T.);
#2141=EDGE_CURVE('1934',#1560,#1561,#553,.T.);
#2161=EDGE_CURVE('1945',#1563,#1547,#449,.T.);
#2163=EDGE_CURVE('1935',#1563,#1560,#441,.T.);
#2181=EDGE_CURVE('1942',#1549,#1565,#445,.T.);
#2183=EDGE_CURVE('1936',#1565,#1563,#557,.T.);
#2203=EDGE_CURVE('1943',#1567,#1551,#461,.T.);
#2205=EDGE_CURVE('1937',#1567,#1565,#457,.T.);
#2223=EDGE_CURVE('1948',#1569,#1553,#469,.T.);
#2225=EDGE_CURVE('1938',#1569,#1567,#561,.T.);
#2244=EDGE_CURVE('1980',#1577,#1589,#465,.T.);
#2246=EDGE_CURVE('1974',#1589,#1569,#565,.T.);
#2266=EDGE_CURVE('1981',#1591,#1579,#481,.T.);
#2268=EDGE_CURVE('1975',#1591,#1589,#477,.T.);
#2286=EDGE_CURVE('1984',#1593,#1581,#489,.T.);
#2288=EDGE_CURVE('1976',#1593,#1591,#505,.T.);
#2307=EDGE_CURVE('2016',#1601,#1613,#485,.T.);
#2309=EDGE_CURVE('2010',#1613,#1593,#509,.T.);
#2329=EDGE_CURVE('2017',#1615,#1603,#501,.T.);
#2331=EDGE_CURVE('2011',#1615,#1613,#497,.T.);
#2350=EDGE_CURVE('2012',#1617,#1615,#513,.T.);
#2396=EDGE_CURVE('2078',#1656,#1657,#569,.T.);
#2398=EDGE_CURVE('2079',#1656,#1659,#573,.T.);
#2400=EDGE_CURVE('2081',#1659,#1661,#577,.T.);
#2402=EDGE_CURVE('2080',#1661,#1657,#581,.T.);
#2406=EDGE_CURVE('2094',#1672,#1673,#585,.T.);
#2408=EDGE_CURVE('2095',#1672,#1675,#589,.T.);
#2410=EDGE_CURVE('2097',#1675,#1677,#593,.T.);
#2412=EDGE_CURVE('2096',#1677,#1673,#597,.T.);
#2416=EDGE_CURVE('2110',#1688,#1689,#601,.T.);
#2418=EDGE_CURVE('2111',#1688,#1691,#605,.T.);
#2420=EDGE_CURVE('2113',#1691,#1693,#609,.T.);
#2422=EDGE_CURVE('2112',#1693,#1689,#613,.T.);
#2426=EDGE_CURVE('2126',#1704,#1705,#617,.T.);
#2428=EDGE_CURVE('2127',#1704,#1707,#621,.T.);
#2430=EDGE_CURVE('2129',#1707,#1709,#625,.T.);
#2432=EDGE_CURVE('2128',#1709,#1705,#629,.T.);
#2450=EDGE_CURVE('2083',#1648,#1353,#647,.T.);
#2452=EDGE_CURVE('1766',#1352,#1353,#709,.T.);
#2454=EDGE_CURVE('2084',#1352,#1649,#693,.T.);
#2472=EDGE_CURVE('2085',#1657,#1365,#697,.T.);
#2474=EDGE_CURVE('1772',#1365,#1363,#634,.T.);
#2476=EDGE_CURVE('1771',#1363,#1361,#753,.T.);
#2478=EDGE_CURVE('1770',#1359,#1361,#805,.T.);
#2480=EDGE_CURVE('1769',#1359,#1356,#793,.T.);
#2482=EDGE_CURVE('1768',#1356,#1357,#639,.T.);
#2484=EDGE_CURVE('2082',#1357,#1656,#651,.T.);
#2502=EDGE_CURVE('2087',#1651,#1371,#663,.T.);
#2504=EDGE_CURVE('1777',#1371,#1353,#643,.T.);
#2524=EDGE_CURVE('1780',#1357,#1375,#797,.T.);
#2526=EDGE_CURVE('2086',#1375,#1659,#667,.T.);
#2544=EDGE_CURVE('2088',#1395,#1653,#655,.T.);
#2546=EDGE_CURVE('1803',#1395,#1371,#659,.T.);
#2566=EDGE_CURVE('1782',#1377,#1375,#672,.T.);
#2568=EDGE_CURVE('1785',#1379,#1377,#676,.T.);
#2570=EDGE_CURVE('1804',#1387,#1379,#761,.T.);
#2572=EDGE_CURVE('1795',#1391,#1387,#680,.T.);
#2574=EDGE_CURVE('1797',#1393,#1391,#685,.T.);
#2576=EDGE_CURVE('2089',#1661,#1393,#689,.T.);
#2595=EDGE_CURVE('1798',#1395,#1352,#701,.T.);
#2615=EDGE_CURVE('1796',#1365,#1393,#741,.T.);
#2634=EDGE_CURVE('1776',#1352,#1369,#717,.T.);
#2636=EDGE_CURVE('1800',#1397,#1369,#737,.T.);
#2638=EDGE_CURVE('1801',#1395,#1397,#705,.T.);
#2656=EDGE_CURVE('1774',#1367,#1353,#713,.T.);
#2658=EDGE_CURVE('1775',#1369,#1367,#729,.T.);
#2677=EDGE_CURVE('1778',#1373,#1371,#721,.T.);
#2679=EDGE_CURVE('1779',#1367,#1373,#733,.T.);
#2697=EDGE_CURVE('1802',#1397,#1373,#725,.T.);
#2739=EDGE_CURVE('1794',#1391,#1363,#745,.T.);
#2756=EDGE_CURVE('1791',#1387,#1361,#749,.T.);
#2777=EDGE_CURVE('1792',#1389,#1387,#757,.T.);
#2779=EDGE_CURVE('1793',#1385,#1389,#773,.T.);
#2781=EDGE_CURVE('1789',#1385,#1361,#809,.T.);
#2798=EDGE_CURVE('1805',#1389,#1383,#777,.T.);
#2802=EDGE_CURVE('1788',#1379,#1383,#789,.T.);
#2819=EDGE_CURVE('1787',#1383,#1381,#765,.T.);
#2821=EDGE_CURVE('1790',#1381,#1385,#769,.T.);
#2840=EDGE_CURVE('1784',#1379,#1359,#781,.T.);
#2842=EDGE_CURVE('1786',#1381,#1359,#785,.T.);
#2863=EDGE_CURVE('1783',#1377,#1356,#801,.T.);
#2920=EDGE_CURVE('2099',#1664,#1401,#827,.T.);
#2922=EDGE_CURVE('1806',#1400,#1401,#889,.T.);
#2924=EDGE_CURVE('2100',#1400,#1665,#873,.T.);
#2942=EDGE_CURVE('2101',#1673,#1413,#877,.T.);
#2944=EDGE_CURVE('1812',#1413,#1411,#814,.T.);
#2946=EDGE_CURVE('1811',#1411,#1409,#933,.T.);
#2948=EDGE_CURVE('1810',#1407,#1409,#985,.T.);
#2950=EDGE_CURVE('1809',#1407,#1404,#973,.T.);
#2952=EDGE_CURVE('1808',#1404,#1405,#819,.T.);
#2954=EDGE_CURVE('2098',#1405,#1672,#831,.T.);
#2972=EDGE_CURVE('2103',#1667,#1419,#843,.T.);
#2974=EDGE_CURVE('1817',#1419,#1401,#823,.T.);
#2994=EDGE_CURVE('1820',#1405,#1423,#977,.T.);
#2996=EDGE_CURVE('2102',#1423,#1675,#847,.T.);
#3014=EDGE_CURVE('2104',#1443,#1669,#835,.T.);
#3016=EDGE_CURVE('1843',#1443,#1419,#839,.T.);
#3036=EDGE_CURVE('1822',#1425,#1423,#852,.T.);
#3038=EDGE_CURVE('1825',#1427,#1425,#856,.T.);
#3040=EDGE_CURVE('1844',#1435,#1427,#941,.T.);
#3042=EDGE_CURVE('1835',#1439,#1435,#860,.T.);
#3044=EDGE_CURVE('1837',#1441,#1439,#865,.T.);
#3046=EDGE_CURVE('2105',#1677,#1441,#869,.T.);
#3065=EDGE_CURVE('1838',#1443,#1400,#881,.T.);
#3085=EDGE_CURVE('1836',#1413,#1441,#921,.T.);
#3104=EDGE_CURVE('1816',#1400,#1417,#897,.T.);
#3106=EDGE_CURVE('1840',#1445,#1417,#917,.T.);
#3108=EDGE_CURVE('1841',#1443,#1445,#885,.T.);
#3126=EDGE_CURVE('1814',#1415,#1401,#893,.T.);
#3128=EDGE_CURVE('1815',#1417,#1415,#909,.T.);
#3147=EDGE_CURVE('1818',#1421,#1419,#901,.T.);
#3149=EDGE_CURVE('1819',#1415,#1421,#913,.T.);
#3167=EDGE_CURVE('1842',#1445,#1421,#905,.T.);
#3209=EDGE_CURVE('1834',#1439,#1411,#925,.T.);
#3226=EDGE_CURVE('1831',#1435,#1409,#929,.T.);
#3247=EDGE_CURVE('1832',#1437,#1435,#937,.T.);
#3249=EDGE_CURVE('1833',#1433,#1437,#953,.T.);
#3251=EDGE_CURVE('1829',#1433,#1409,#989,.T.);
#3268=EDGE_CURVE('1845',#1437,#1431,#957,.T.);
#3272=EDGE_CURVE('1828',#1427,#1431,#969,.T.);
#3289=EDGE_CURVE('1827',#1431,#1429,#945,.T.);
#3291=EDGE_CURVE('1830',#1429,#1433,#949,.T.);
#3310=EDGE_CURVE('1824',#1427,#1407,#961,.T.);
#3312=EDGE_CURVE('1826',#1429,#1407,#965,.T.);
#3333=EDGE_CURVE('1823',#1425,#1404,#981,.T.);
#3390=EDGE_CURVE('2115',#1680,#1449,#1007,.T.);
#3392=EDGE_CURVE('1846',#1448,#1449,#1069,.T.);
#3394=EDGE_CURVE('2116',#1448,#1681,#1053,.T.);
#3412=EDGE_CURVE('2117',#1689,#1461,#1057,.T.);
#3414=EDGE_CURVE('1852',#1461,#1459,#994,.T.);
#3416=EDGE_CURVE('1851',#1459,#1457,#1113,.T.);
#3418=EDGE_CURVE('1850',#1455,#1457,#1165,.T.);
#3420=EDGE_CURVE('1849',#1455,#1452,#1153,.T.);
#3422=EDGE_CURVE('1848',#1452,#1453,#999,.T.);
#3424=EDGE_CURVE('2114',#1453,#1688,#1011,.T.);
#3442=EDGE_CURVE('2119',#1683,#1467,#1023,.T.);
#3444=EDGE_CURVE('1857',#1467,#1449,#1003,.T.);
#3464=EDGE_CURVE('1860',#1453,#1471,#1157,.T.);
#3466=EDGE_CURVE('2118',#1471,#1691,#1027,.T.);
#3484=EDGE_CURVE('2120',#1491,#1685,#1015,.T.);
#3486=EDGE_CURVE('1883',#1491,#1467,#1019,.T.);
#3506=EDGE_CURVE('1862',#1473,#1471,#1032,.T.);
#3508=EDGE_CURVE('1865',#1475,#1473,#1036,.T.);
#3510=EDGE_CURVE('1884',#1483,#1475,#1121,.T.);
#3512=EDGE_CURVE('1875',#1487,#1483,#1040,.T.);
#3514=EDGE_CURVE('1877',#1489,#1487,#1045,.T.);
#3516=EDGE_CURVE('2121',#1693,#1489,#1049,.T.);
#3535=EDGE_CURVE('1878',#1491,#1448,#1061,.T.);
#3555=EDGE_CURVE('1876',#1461,#1489,#1101,.T.);
#3574=EDGE_CURVE('1856',#1448,#1465,#1077,.T.);
#3576=EDGE_CURVE('1880',#1493,#1465,#1097,.T.);
#3578=EDGE_CURVE('1881',#1491,#1493,#1065,.T.);
#3596=EDGE_CURVE('1854',#1463,#1449,#1073,.T.);
#3598=EDGE_CURVE('1855',#1465,#1463,#1089,.T.);
#3617=EDGE_CURVE('1858',#1469,#1467,#1081,.T.);
#3619=EDGE_CURVE('1859',#1463,#1469,#1093,.T.);
#3637=EDGE_CURVE('1882',#1493,#1469,#1085,.T.);
#3679=EDGE_CURVE('1874',#1487,#1459,#1105,.T.);
#3696=EDGE_CURVE('1871',#1483,#1457,#1109,.T.);
#3717=EDGE_CURVE('1872',#1485,#1483,#1117,.T.);
#3719=EDGE_CURVE('1873',#1481,#1485,#1133,.T.);
#3721=EDGE_CURVE('1869',#1481,#1457,#1169,.T.);
#3738=EDGE_CURVE('1885',#1485,#1479,#1137,.T.);
#3742=EDGE_CURVE('1868',#1475,#1479,#1149,.T.);
#3759=EDGE_CURVE('1867',#1479,#1477,#1125,.T.);
#3761=EDGE_CURVE('1870',#1477,#1481,#1129,.T.);
#3780=EDGE_CURVE('1864',#1475,#1455,#1141,.T.);
#3782=EDGE_CURVE('1866',#1477,#1455,#1145,.T.);
#3803=EDGE_CURVE('1863',#1473,#1452,#1161,.T.);
#3860=EDGE_CURVE('2131',#1696,#1497,#1187,.T.);
#3862=EDGE_CURVE('1886',#1496,#1497,#1249,.T.);
#3864=EDGE_CURVE('2132',#1496,#1697,#1233,.T.);
#3882=EDGE_CURVE('2133',#1705,#1509,#1237,.T.);
#3884=EDGE_CURVE('1892',#1509,#1507,#1174,.T.);
#3886=EDGE_CURVE('1891',#1507,#1505,#1293,.T.);
#3888=EDGE_CURVE('1890',#1503,#1505,#1345,.T.);
#3890=EDGE_CURVE('1889',#1503,#1500,#1333,.T.);
#3892=EDGE_CURVE('1888',#1500,#1501,#1179,.T.);
#3894=EDGE_CURVE('2130',#1501,#1704,#1191,.T.);
#3912=EDGE_CURVE('2135',#1699,#1515,#1203,.T.);
#3914=EDGE_CURVE('1897',#1515,#1497,#1183,.T.);
#3934=EDGE_CURVE('1900',#1501,#1519,#1337,.T.);
#3936=EDGE_CURVE('2134',#1519,#1707,#1207,.T.);
#3954=EDGE_CURVE('2136',#1539,#1701,#1195,.T.);
#3956=EDGE_CURVE('1923',#1539,#1515,#1199,.T.);
#3976=EDGE_CURVE('1902',#1521,#1519,#1212,.T.);
#3978=EDGE_CURVE('1905',#1523,#1521,#1216,.T.);
#3980=EDGE_CURVE('1924',#1531,#1523,#1301,.T.);
#3982=EDGE_CURVE('1915',#1535,#1531,#1220,.T.);
#3984=EDGE_CURVE('1917',#1537,#1535,#1225,.T.);
#3986=EDGE_CURVE('2137',#1709,#1537,#1229,.T.);
#4005=EDGE_CURVE('1918',#1539,#1496,#1241,.T.);
#4025=EDGE_CURVE('1916',#1509,#1537,#1281,.T.);
#4044=EDGE_CURVE('1896',#1496,#1513,#1257,.T.);
#4046=EDGE_CURVE('1920',#1541,#1513,#1277,.T.);
#4048=EDGE_CURVE('1921',#1539,#1541,#1245,.T.);
#4066=EDGE_CURVE('1894',#1511,#1497,#1253,.T.);
#4068=EDGE_CURVE('1895',#1513,#1511,#1269,.T.);
#4087=EDGE_CURVE('1898',#1517,#1515,#1261,.T.);
#4089=EDGE_CURVE('1899',#1511,#1517,#1273,.T.);
#4107=EDGE_CURVE('1922',#1541,#1517,#1265,.T.);
#4149=EDGE_CURVE('1914',#1535,#1507,#1285,.T.);
#4166=EDGE_CURVE('1911',#1531,#1505,#1289,.T.);
#4187=EDGE_CURVE('1912',#1533,#1531,#1297,.T.);
#4189=EDGE_CURVE('1913',#1529,#1533,#1313,.T.);
#4191=EDGE_CURVE('1909',#1529,#1505,#1349,.T.);
#4208=EDGE_CURVE('1925',#1533,#1527,#1317,.T.);
#4212=EDGE_CURVE('1908',#1523,#1527,#1329,.T.);
#4229=EDGE_CURVE('1907',#1527,#1525,#1305,.T.);
#4231=EDGE_CURVE('1910',#1525,#1529,#1309,.T.);
#4250=EDGE_CURVE('1904',#1523,#1503,#1321,.T.);
#4252=EDGE_CURVE('1906',#1525,#1503,#1325,.T.);
#4273=EDGE_CURVE('1903',#1521,#1500,#1341,.T.);
#4324=CLOSED_SHELL('',(#1809,#1831,#1852,#1873,#1894,#1915,#1936,#1957,#1978,
#1999,#2020,#2041,#2062,#2083,#2104,#2125,#2146,#2167,#2188,#2209,#2230,#2251,
#2272,#2293,#2314,#2335,#2355,#2436,#2458,#2488,#2509,#2530,#2551,#2580,#2600,
#2620,#2642,#2663,#2684,#2704,#2723,#2743,#2763,#2785,#2806,#2827,#2848,#2868,
#2887,#2906,#2928,#2958,#2979,#3000,#3021,#3050,#3070,#3090,#3112,#3133,#3154,
#3174,#3193,#3213,#3233,#3255,#3276,#3297,#3318,#3338,#3357,#3376,#3398,#3428,
#3449,#3470,#3491,#3520,#3540,#3560,#3582,#3603,#3624,#3644,#3663,#3683,#3703,
#3725,#3746,#3767,#3788,#3808,#3827,#3846,#3868,#3898,#3919,#3940,#3961,#3990,
#4010,#4030,#4052,#4073,#4094,#4114,#4133,#4153,#4173,#4195,#4216,#4237,#4258,
#4278,#4297,#4316));
#4330=CIRCLE('1950',#4329,8.E-3);
#4339=CIRCLE('1951',#4338,8.E-3);
#4347=CIRCLE('1012',#4346,8.E-3);
#4355=CIRCLE('1016',#4354,8.E-3);
#4386=EDGE_CURVE('1950',#4379,#4380,#4330,.T.);
#4388=EDGE_CURVE('1951',#4380,#4379,#4339,.T.);
#4398=EDGE_CURVE('1012',#4375,#4376,#4347,.T.);
#4400=EDGE_CURVE('1954',#4379,#4376,#4369,.T.);
#4403=EDGE_CURVE('1955',#4375,#4380,#4362,.T.);
#4413=EDGE_CURVE('1016',#4376,#4375,#4355,.T.);
#4421=OPEN_SHELL('674',(#4392,#4407,#4420));
#4433=CIRCLE('1952',#4432,8.E-3);
#4441=CIRCLE('1953',#4440,8.E-3);
#4449=CIRCLE('1020',#4448,8.E-3);
#4457=CIRCLE('1024',#4456,8.E-3);
#4488=EDGE_CURVE('1952',#4481,#4482,#4433,.T.);
#4490=EDGE_CURVE('1953',#4482,#4481,#4441,.T.);
#4500=EDGE_CURVE('1020',#4477,#4478,#4449,.T.);
#4502=EDGE_CURVE('1956',#4481,#4478,#4471,.T.);
#4505=EDGE_CURVE('1957',#4477,#4482,#4464,.T.);
#4515=EDGE_CURVE('1024',#4478,#4477,#4457,.T.);
#4523=OPEN_SHELL('676',(#4494,#4509,#4522));
#4535=CIRCLE('1958',#4534,8.E-3);
#4543=CIRCLE('1959',#4542,8.E-3);
#4551=CIRCLE('1032',#4550,8.E-3);
#4559=CIRCLE('1036',#4558,8.E-3);
#4590=EDGE_CURVE('1958',#4583,#4584,#4535,.T.);
#4592=EDGE_CURVE('1959',#4584,#4583,#4543,.T.);
#4602=EDGE_CURVE('1032',#4579,#4580,#4551,.T.);
#4604=EDGE_CURVE('1962',#4583,#4580,#4573,.T.);
#4607=EDGE_CURVE('1963',#4579,#4584,#4566,.T.);
#4617=EDGE_CURVE('1036',#4580,#4579,#4559,.T.);
#4625=OPEN_SHELL('686',(#4596,#4611,#4624));
#4637=CIRCLE('1960',#4636,8.E-3);
#4645=CIRCLE('1961',#4644,8.E-3);
#4653=CIRCLE('1040',#4652,8.E-3);
#4661=CIRCLE('1044',#4660,8.E-3);
#4692=EDGE_CURVE('1960',#4685,#4686,#4637,.T.);
#4694=EDGE_CURVE('1961',#4686,#4685,#4645,.T.);
#4704=EDGE_CURVE('1040',#4681,#4682,#4653,.T.);
#4706=EDGE_CURVE('1964',#4685,#4682,#4675,.T.);
#4709=EDGE_CURVE('1965',#4681,#4686,#4668,.T.);
#4719=EDGE_CURVE('1044',#4682,#4681,#4661,.T.);
#4727=OPEN_SHELL('688',(#4698,#4713,#4726));
#4739=CIRCLE('1986',#4738,8.E-3);
#4747=CIRCLE('1987',#4746,8.E-3);
#4755=CIRCLE('1092',#4754,8.E-3);
#4763=CIRCLE('1096',#4762,8.E-3);
#4794=EDGE_CURVE('1986',#4787,#4788,#4739,.T.);
#4796=EDGE_CURVE('1987',#4788,#4787,#4747,.T.);
#4806=EDGE_CURVE('1092',#4783,#4784,#4755,.T.);
#4808=EDGE_CURVE('1990',#4787,#4784,#4777,.T.);
#4811=EDGE_CURVE('1991',#4783,#4788,#4770,.T.);
#4821=EDGE_CURVE('1096',#4784,#4783,#4763,.T.);
#4829=OPEN_SHELL('714',(#4800,#4815,#4828));
#4841=CIRCLE('1988',#4840,8.E-3);
#4849=CIRCLE('1989',#4848,8.E-3);
#4857=CIRCLE('1100',#4856,8.E-3);
#4865=CIRCLE('1104',#4864,8.E-3);
#4896=EDGE_CURVE('1988',#4889,#4890,#4841,.T.);
#4898=EDGE_CURVE('1989',#4890,#4889,#4849,.T.);
#4908=EDGE_CURVE('1100',#4885,#4886,#4857,.T.);
#4910=EDGE_CURVE('1992',#4889,#4886,#4879,.T.);
#4913=EDGE_CURVE('1993',#4885,#4890,#4872,.T.);
#4923=EDGE_CURVE('1104',#4886,#4885,#4865,.T.);
#4931=OPEN_SHELL('716',(#4902,#4917,#4930));
#4943=CIRCLE('1994',#4942,8.E-3);
#4951=CIRCLE('1995',#4950,8.E-3);
#4959=CIRCLE('1112',#4958,8.E-3);
#4967=CIRCLE('1116',#4966,8.E-3);
#4998=EDGE_CURVE('1994',#4991,#4992,#4943,.T.);
#5000=EDGE_CURVE('1995',#4992,#4991,#4951,.T.);
#5010=EDGE_CURVE('1112',#4987,#4988,#4959,.T.);
#5012=EDGE_CURVE('1998',#4991,#4988,#4981,.T.);
#5015=EDGE_CURVE('1999',#4987,#4992,#4974,.T.);
#5025=EDGE_CURVE('1116',#4988,#4987,#4967,.T.);
#5033=OPEN_SHELL('726',(#5004,#5019,#5032));
#5045=CIRCLE('1996',#5044,8.E-3);
#5053=CIRCLE('1997',#5052,8.E-3);
#5061=CIRCLE('1120',#5060,8.E-3);
#5069=CIRCLE('1124',#5068,8.E-3);
#5100=EDGE_CURVE('1996',#5093,#5094,#5045,.T.);
#5102=EDGE_CURVE('1997',#5094,#5093,#5053,.T.);
#5112=EDGE_CURVE('1120',#5089,#5090,#5061,.T.);
#5114=EDGE_CURVE('2000',#5093,#5090,#5083,.T.);
#5117=EDGE_CURVE('2001',#5089,#5094,#5076,.T.);
#5127=EDGE_CURVE('1124',#5090,#5089,#5069,.T.);
#5135=OPEN_SHELL('728',(#5106,#5121,#5134));
#5147=CIRCLE('2022',#5146,8.E-3);
#5155=CIRCLE('2023',#5154,8.E-3);
#5163=CIRCLE('1172',#5162,8.E-3);
#5171=CIRCLE('1176',#5170,8.E-3);
#5202=EDGE_CURVE('2022',#5195,#5196,#5147,.T.);
#5204=EDGE_CURVE('2023',#5196,#5195,#5155,.T.);
#5214=EDGE_CURVE('1172',#5191,#5192,#5163,.T.);
#5216=EDGE_CURVE('2026',#5195,#5192,#5185,.T.);
#5219=EDGE_CURVE('2027',#5191,#5196,#5178,.T.);
#5229=EDGE_CURVE('1176',#5192,#5191,#5171,.T.);
#5237=OPEN_SHELL('754',(#5208,#5223,#5236));
#5249=CIRCLE('2024',#5248,8.E-3);
#5257=CIRCLE('2025',#5256,8.E-3);
#5265=CIRCLE('1180',#5264,8.E-3);
#5273=CIRCLE('1184',#5272,8.E-3);
#5304=EDGE_CURVE('2024',#5297,#5298,#5249,.T.);
#5306=EDGE_CURVE('2025',#5298,#5297,#5257,.T.);
#5316=EDGE_CURVE('1180',#5293,#5294,#5265,.T.);
#5318=EDGE_CURVE('2028',#5297,#5294,#5287,.T.);
#5321=EDGE_CURVE('2029',#5293,#5298,#5280,.T.);
#5331=EDGE_CURVE('1184',#5294,#5293,#5273,.T.);
#5339=OPEN_SHELL('756',(#5310,#5325,#5338));
#5351=CIRCLE('2030',#5350,8.E-3);
#5359=CIRCLE('2031',#5358,8.E-3);
#5367=CIRCLE('1192',#5366,8.E-3);
#5375=CIRCLE('1196',#5374,8.E-3);
#5406=EDGE_CURVE('2030',#5399,#5400,#5351,.T.);
#5408=EDGE_CURVE('2031',#5400,#5399,#5359,.T.);
#5418=EDGE_CURVE('1192',#5395,#5396,#5367,.T.);
#5420=EDGE_CURVE('2034',#5399,#5396,#5389,.T.);
#5423=EDGE_CURVE('2035',#5395,#5400,#5382,.T.);
#5433=EDGE_CURVE('1196',#5396,#5395,#5375,.T.);
#5441=OPEN_SHELL('766',(#5412,#5427,#5440));
#5453=CIRCLE('2032',#5452,8.E-3);
#5461=CIRCLE('2033',#5460,8.E-3);
#5469=CIRCLE('1200',#5468,8.E-3);
#5477=CIRCLE('1204',#5476,8.E-3);
#5508=EDGE_CURVE('2032',#5501,#5502,#5453,.T.);
#5510=EDGE_CURVE('2033',#5502,#5501,#5461,.T.);
#5520=EDGE_CURVE('1200',#5497,#5498,#5469,.T.);
#5522=EDGE_CURVE('2036',#5501,#5498,#5491,.T.);
#5525=EDGE_CURVE('2037',#5497,#5502,#5484,.T.);
#5535=EDGE_CURVE('1204',#5498,#5497,#5477,.T.);
#5543=OPEN_SHELL('768',(#5514,#5529,#5542));
#5555=CIRCLE('2058',#5554,8.E-3);
#5563=CIRCLE('2059',#5562,8.E-3);
#5571=CIRCLE('1256',#5570,8.E-3);
#5579=CIRCLE('1260',#5578,8.E-3);
#5610=EDGE_CURVE('2058',#5603,#5604,#5555,.T.);
#5612=EDGE_CURVE('2059',#5604,#5603,#5563,.T.);
#5622=EDGE_CURVE('1256',#5599,#5600,#5571,.T.);
#5624=EDGE_CURVE('2062',#5603,#5600,#5593,.T.);
#5627=EDGE_CURVE('2063',#5599,#5604,#5586,.T.);
#5637=EDGE_CURVE('1260',#5600,#5599,#5579,.T.);
#5645=OPEN_SHELL('796',(#5616,#5631,#5644));
#5657=CIRCLE('2060',#5656,8.E-3);
#5665=CIRCLE('2061',#5664,8.E-3);
#5673=CIRCLE('1264',#5672,8.E-3);
#5681=CIRCLE('1268',#5680,8.E-3);
#5712=EDGE_CURVE('2060',#5705,#5706,#5657,.T.);
#5714=EDGE_CURVE('2061',#5706,#5705,#5665,.T.);
#5724=EDGE_CURVE('1264',#5701,#5702,#5673,.T.);
#5726=EDGE_CURVE('2064',#5705,#5702,#5695,.T.);
#5729=EDGE_CURVE('2065',#5701,#5706,#5688,.T.);
#5739=EDGE_CURVE('1268',#5702,#5701,#5681,.T.);
#5747=OPEN_SHELL('798',(#5718,#5733,#5746));
#5759=CIRCLE('2066',#5758,8.E-3);
#5767=CIRCLE('2067',#5766,8.E-3);
#5775=CIRCLE('1276',#5774,8.E-3);
#5783=CIRCLE('1280',#5782,8.E-3);
#5814=EDGE_CURVE('2066',#5807,#5808,#5759,.T.);
#5816=EDGE_CURVE('2067',#5808,#5807,#5767,.T.);
#5826=EDGE_CURVE('1276',#5803,#5804,#5775,.T.);
#5828=EDGE_CURVE('2070',#5807,#5804,#5797,.T.);
#5831=EDGE_CURVE('2071',#5803,#5808,#5790,.T.);
#5841=EDGE_CURVE('1280',#5804,#5803,#5783,.T.);
#5849=OPEN_SHELL('808',(#5820,#5835,#5848));
#5861=CIRCLE('2068',#5860,8.E-3);
#5869=CIRCLE('2069',#5868,8.E-3);
#5877=CIRCLE('1284',#5876,8.E-3);
#5885=CIRCLE('1288',#5884,8.E-3);
#5916=EDGE_CURVE('2068',#5909,#5910,#5861,.T.);
#5918=EDGE_CURVE('2069',#5910,#5909,#5869,.T.);
#5928=EDGE_CURVE('1284',#5905,#5906,#5877,.T.);
#5930=EDGE_CURVE('2072',#5909,#5906,#5899,.T.);
#5933=EDGE_CURVE('2073',#5905,#5910,#5892,.T.);
#5943=EDGE_CURVE('1288',#5906,#5905,#5885,.T.);
#5951=OPEN_SHELL('810',(#5922,#5937,#5950));
#5958=MANIFOLD_SOLID_BREP('',#4324);
#5959=SHELL_BASED_SURFACE_MODEL('',(#4421,#4523,#4625,#4727,#4829,#4931,#5033,
#5135,#5237,#5339,#5441,#5543,#5645,#5747,#5849,#5951));
#5964=(LENGTH_UNIT()NAMED_UNIT(*)SI_UNIT(.MILLI.,.METRE.));
#5968=(NAMED_UNIT(*)PLANE_ANGLE_UNIT()SI_UNIT($,.RADIAN.));
#5971=(NAMED_UNIT(*)SI_UNIT($,.STERADIAN.)SOLID_ANGLE_UNIT());
#5974=ADVANCED_BREP_SHAPE_REPRESENTATION('',(#5958),#5973);
#5975=MANIFOLD_SURFACE_SHAPE_REPRESENTATION('',(#5959),#5973);
#5979=AXIS2_PLACEMENT_3D('',#5976,#5977,#5978);
#5980=SHAPE_REPRESENTATION('',(#5979),#5973);
#5990=PRODUCT_DEFINITION('design','',#5989,#5986);
#5991=PRODUCT_DEFINITION_SHAPE('','SHAPE FOR 68016-X04.',#5990);
#5992=SHAPE_DEFINITION_REPRESENTATION(#5991,#5980);
ENDSEC;
END-ISO-10303-21;
