ISO-10303-21;
HEADER;
FILE_DESCRIPTION(('STEP AP242'),
    '1');
FILE_NAME('10.00.00.03 - Radiomaster RX-ER4',
    '',
    ('UNSPECIFIED'),
    ('UNSPECIFIED'),
    'C3D Converter',
    'C3D Toolkit',
    '');
FILE_SCHEMA(('AP242_MANAGED_MODEL_BASED_3D_ENGINEERING_MIM_LF { 1 0 10303 442 1 1 4 }'));
ENDSEC;

DATA;
#1=PRODUCT_DEFINITION('','UNSPECIFIED',#318,#321);
#2=SHAPE_DEFINITION_REPRESENTATION(#316,#3);
#3=SHAPE_REPRESENTATION('NONE',(#4),#8);
#4=AXIS2_PLACEMENT_3D('',#5,#6,#7);
#5=CARTESIAN_POINT('',(0.,0.,0.));
#6=DIRECTION('',(0.,0.,1.));
#7=DIRECTION('',(1.,0.,0.));
#8=(GEOMETRIC_REPRESENTATION_CONTEXT(3)GLOBAL_UNCERTAINTY_ASSIGNED_CONTEXT((#10))
GLOBAL_UNIT_ASSIGNED_CONTEXT((#9,#11,#12))REPRESENTATION_CONTEXT('NONE','NONE'));
#9=(LENGTH_UNIT()NAMED_UNIT(*)SI_UNIT(.MILLI.,.METRE.));
#10=UNCERTAINTY_MEASURE_WITH_UNIT(LENGTH_MEASURE(1.E-5),#9,'NONE','NONE');
#11=(NAMED_UNIT(*)PLANE_ANGLE_UNIT()SI_UNIT($,.RADIAN.));
#12=(NAMED_UNIT(*)SI_UNIT($,.STERADIAN.)SOLID_ANGLE_UNIT());
#13=MANIFOLD_SOLID_BREP('',#14);
#14=CLOSED_SHELL('',(#343,#344,#345,#346,#347,#348,#349,#350,#351,#352,#353,#354,
#355,#356,#357,#358,#359,#360,#361,#362,#363,#364,#365,#366,#367,#368,#369,#370,
#371,#372,#373,#374,#375,#376,#377,#378,#379,#380,#381,#382,#383,#384,#385,#386,
#387,#388));
#15=COLOUR_RGB('',0.141176470588235,0.141176470588235,0.141176470588235);
#16=FILL_AREA_STYLE_COLOUR('',#15);
#17=FILL_AREA_STYLE($,(#16));
#18=SURFACE_STYLE_FILL_AREA(#17);
#19=SURFACE_SIDE_STYLE('',(#18));
#20=SURFACE_STYLE_USAGE(.BOTH.,#19);
#21=PRESENTATION_STYLE_ASSIGNMENT((#20));
#22=MECHANICAL_DESIGN_GEOMETRIC_PRESENTATION_REPRESENTATION('NONE',(#23,#33,#43,
#53,#63,#73,#83,#93,#103,#113,#123,#133,#143,#153,#163,#173,#183,#193,#203,#213,
#223,#233,#243,#253,#263,#273,#283,#293,#303,#313,#397,#406,#415,#424,#433,#442,
#451,#460,#469,#478,#487,#496,#505,#514,#523,#532,#541,#550,#559,#568,#577,#586,
#595,#604,#613,#622,#631,#640,#649,#658,#667,#676,#685,#694,#703,#712,#721,#730,
#739,#748,#757,#766,#775,#784,#793,#802,#811,#820,#829,#838,#847,#856,#865,#874,
#883,#892,#901,#910,#919,#928,#937,#946,#955,#964,#973,#982,#991,#1000,#1009,#1018,
#1027,#1036,#1045,#1054,#1063,#1072,#1081,#1090,#1099,#1108,#1117,#1126,#1135,#1144,
#1153,#1162,#1171,#1180,#1189,#1198,#1207,#1216,#1225,#1234,#1243,#1252,#1261,#1270,
#1279,#1288,#1297,#1306,#1315,#1324,#1333,#1342,#1351,#1360,#1369,#1378,#1387,#1396,
#1405,#1414,#1423,#1432,#1441,#1450,#1459,#1468),#8);
#23=STYLED_ITEM('',(#21),#13);
#24=MANIFOLD_SOLID_BREP('',#25);
#25=CLOSED_SHELL('',(#389,#398,#407,#416,#425,#434,#443,#452,#461,#470));
#26=COLOUR_RGB('',0.141176470588235,0.141176470588235,0.141176470588235);
#27=FILL_AREA_STYLE_COLOUR('',#26);
#28=FILL_AREA_STYLE($,(#27));
#29=SURFACE_STYLE_FILL_AREA(#28);
#30=SURFACE_SIDE_STYLE('',(#29));
#31=SURFACE_STYLE_USAGE(.BOTH.,#30);
#32=PRESENTATION_STYLE_ASSIGNMENT((#31));
#33=STYLED_ITEM('',(#32),#24);
#34=MANIFOLD_SOLID_BREP('',#35);
#35=CLOSED_SHELL('',(#479,#488,#497,#506,#515,#524,#533,#542,#551,#560));
#36=COLOUR_RGB('',0.141176470588235,0.141176470588235,0.141176470588235);
#37=FILL_AREA_STYLE_COLOUR('',#36);
#38=FILL_AREA_STYLE($,(#37));
#39=SURFACE_STYLE_FILL_AREA(#38);
#40=SURFACE_SIDE_STYLE('',(#39));
#41=SURFACE_STYLE_USAGE(.BOTH.,#40);
#42=PRESENTATION_STYLE_ASSIGNMENT((#41));
#43=STYLED_ITEM('',(#42),#34);
#44=MANIFOLD_SOLID_BREP('',#45);
#45=CLOSED_SHELL('',(#569,#578,#587,#596,#605,#614,#623,#632,#641,#650));
#46=COLOUR_RGB('',0.141176470588235,0.141176470588235,0.141176470588235);
#47=FILL_AREA_STYLE_COLOUR('',#46);
#48=FILL_AREA_STYLE($,(#47));
#49=SURFACE_STYLE_FILL_AREA(#48);
#50=SURFACE_SIDE_STYLE('',(#49));
#51=SURFACE_STYLE_USAGE(.BOTH.,#50);
#52=PRESENTATION_STYLE_ASSIGNMENT((#51));
#53=STYLED_ITEM('',(#52),#44);
#54=MANIFOLD_SOLID_BREP('',#55);
#55=CLOSED_SHELL('',(#659,#668,#677,#686,#695,#704,#713,#722,#731,#740));
#56=COLOUR_RGB('',0.141176470588235,0.141176470588235,0.141176470588235);
#57=FILL_AREA_STYLE_COLOUR('',#56);
#58=FILL_AREA_STYLE($,(#57));
#59=SURFACE_STYLE_FILL_AREA(#58);
#60=SURFACE_SIDE_STYLE('',(#59));
#61=SURFACE_STYLE_USAGE(.BOTH.,#60);
#62=PRESENTATION_STYLE_ASSIGNMENT((#61));
#63=STYLED_ITEM('',(#62),#54);
#64=MANIFOLD_SOLID_BREP('',#65);
#65=CLOSED_SHELL('',(#749,#758,#767,#776,#785,#794,#803,#812,#821,#830));
#66=COLOUR_RGB('',0.141176470588235,0.141176470588235,0.141176470588235);
#67=FILL_AREA_STYLE_COLOUR('',#66);
#68=FILL_AREA_STYLE($,(#67));
#69=SURFACE_STYLE_FILL_AREA(#68);
#70=SURFACE_SIDE_STYLE('',(#69));
#71=SURFACE_STYLE_USAGE(.BOTH.,#70);
#72=PRESENTATION_STYLE_ASSIGNMENT((#71));
#73=STYLED_ITEM('',(#72),#64);
#74=MANIFOLD_SOLID_BREP('',#75);
#75=CLOSED_SHELL('',(#839,#848,#857,#866,#875,#884,#893,#902,#911,#920));
#76=COLOUR_RGB('',0.141176470588235,0.141176470588235,0.141176470588235);
#77=FILL_AREA_STYLE_COLOUR('',#76);
#78=FILL_AREA_STYLE($,(#77));
#79=SURFACE_STYLE_FILL_AREA(#78);
#80=SURFACE_SIDE_STYLE('',(#79));
#81=SURFACE_STYLE_USAGE(.BOTH.,#80);
#82=PRESENTATION_STYLE_ASSIGNMENT((#81));
#83=STYLED_ITEM('',(#82),#74);
#84=MANIFOLD_SOLID_BREP('',#85);
#85=CLOSED_SHELL('',(#929,#938,#947,#956,#965,#974,#983,#992,#1001,#1010));
#86=COLOUR_RGB('',0.141176470588235,0.141176470588235,0.141176470588235);
#87=FILL_AREA_STYLE_COLOUR('',#86);
#88=FILL_AREA_STYLE($,(#87));
#89=SURFACE_STYLE_FILL_AREA(#88);
#90=SURFACE_SIDE_STYLE('',(#89));
#91=SURFACE_STYLE_USAGE(.BOTH.,#90);
#92=PRESENTATION_STYLE_ASSIGNMENT((#91));
#93=STYLED_ITEM('',(#92),#84);
#94=MANIFOLD_SOLID_BREP('',#95);
#95=CLOSED_SHELL('',(#1019,#1028,#1037,#1046,#1055,#1064,#1073,#1082,#1091,#1100));
#96=COLOUR_RGB('',0.141176470588235,0.141176470588235,0.141176470588235);
#97=FILL_AREA_STYLE_COLOUR('',#96);
#98=FILL_AREA_STYLE($,(#97));
#99=SURFACE_STYLE_FILL_AREA(#98);
#100=SURFACE_SIDE_STYLE('',(#99));
#101=SURFACE_STYLE_USAGE(.BOTH.,#100);
#102=PRESENTATION_STYLE_ASSIGNMENT((#101));
#103=STYLED_ITEM('',(#102),#94);
#104=MANIFOLD_SOLID_BREP('',#105);
#105=CLOSED_SHELL('',(#1109,#1118,#1127,#1136,#1145,#1154,#1163,#1172,#1181,#1190));
#106=COLOUR_RGB('',0.141176470588235,0.141176470588235,0.141176470588235);
#107=FILL_AREA_STYLE_COLOUR('',#106);
#108=FILL_AREA_STYLE($,(#107));
#109=SURFACE_STYLE_FILL_AREA(#108);
#110=SURFACE_SIDE_STYLE('',(#109));
#111=SURFACE_STYLE_USAGE(.BOTH.,#110);
#112=PRESENTATION_STYLE_ASSIGNMENT((#111));
#113=STYLED_ITEM('',(#112),#104);
#114=MANIFOLD_SOLID_BREP('',#115);
#115=CLOSED_SHELL('',(#1199,#1208,#1217,#1226,#1235,#1244,#1253,#1262,#1271,#1280));
#116=COLOUR_RGB('',0.141176470588235,0.141176470588235,0.141176470588235);
#117=FILL_AREA_STYLE_COLOUR('',#116);
#118=FILL_AREA_STYLE($,(#117));
#119=SURFACE_STYLE_FILL_AREA(#118);
#120=SURFACE_SIDE_STYLE('',(#119));
#121=SURFACE_STYLE_USAGE(.BOTH.,#120);
#122=PRESENTATION_STYLE_ASSIGNMENT((#121));
#123=STYLED_ITEM('',(#122),#114);
#124=MANIFOLD_SOLID_BREP('',#125);
#125=CLOSED_SHELL('',(#1289,#1298,#1307,#1316,#1325,#1334,#1343,#1352,#1361,#1370));
#126=COLOUR_RGB('',0.141176470588235,0.141176470588235,0.141176470588235);
#127=FILL_AREA_STYLE_COLOUR('',#126);
#128=FILL_AREA_STYLE($,(#127));
#129=SURFACE_STYLE_FILL_AREA(#128);
#130=SURFACE_SIDE_STYLE('',(#129));
#131=SURFACE_STYLE_USAGE(.BOTH.,#130);
#132=PRESENTATION_STYLE_ASSIGNMENT((#131));
#133=STYLED_ITEM('',(#132),#124);
#134=MANIFOLD_SOLID_BREP('',#135);
#135=CLOSED_SHELL('',(#1379,#1388,#1397,#1406,#1415,#1424,#1433,#1442,#1451,#1460));
#136=COLOUR_RGB('',0.141176470588235,0.141176470588235,0.141176470588235);
#137=FILL_AREA_STYLE_COLOUR('',#136);
#138=FILL_AREA_STYLE($,(#137));
#139=SURFACE_STYLE_FILL_AREA(#138);
#140=SURFACE_SIDE_STYLE('',(#139));
#141=SURFACE_STYLE_USAGE(.BOTH.,#140);
#142=PRESENTATION_STYLE_ASSIGNMENT((#141));
#143=STYLED_ITEM('',(#142),#134);
#144=MANIFOLD_SOLID_BREP('',#145);
#145=CLOSED_SHELL('',(#1469,#1470,#1471,#1472,#1473,#1474,#1475,#1476,#1477,#1478,
#1479,#1480,#1481,#1482,#1483,#1484,#1485,#1486,#1487));
#146=COLOUR_RGB('',0.8,0.4,0.);
#147=FILL_AREA_STYLE_COLOUR('',#146);
#148=FILL_AREA_STYLE($,(#147));
#149=SURFACE_STYLE_FILL_AREA(#148);
#150=SURFACE_SIDE_STYLE('',(#149));
#151=SURFACE_STYLE_USAGE(.BOTH.,#150);
#152=PRESENTATION_STYLE_ASSIGNMENT((#151));
#153=STYLED_ITEM('',(#152),#144);
#154=MANIFOLD_SOLID_BREP('',#155);
#155=CLOSED_SHELL('',(#1488,#1489,#1490));
#156=COLOUR_RGB('',0.141176470588235,0.141176470588235,0.141176470588235);
#157=FILL_AREA_STYLE_COLOUR('',#156);
#158=FILL_AREA_STYLE($,(#157));
#159=SURFACE_STYLE_FILL_AREA(#158);
#160=SURFACE_SIDE_STYLE('',(#159));
#161=SURFACE_STYLE_USAGE(.BOTH.,#160);
#162=PRESENTATION_STYLE_ASSIGNMENT((#161));
#163=STYLED_ITEM('',(#162),#154);
#164=MANIFOLD_SOLID_BREP('',#165);
#165=CLOSED_SHELL('',(#1491,#1492,#1493,#1494,#1495,#1496,#1497,#1498,#1499,#1500,
#1501,#1502,#1503,#1504,#1505,#1506,#1507,#1508,#1509,#1510,#1511,#1512,#1513,#1514,
#1515,#1516,#1517));
#166=COLOUR_RGB('',1.,1.,1.);
#167=FILL_AREA_STYLE_COLOUR('',#166);
#168=FILL_AREA_STYLE($,(#167));
#169=SURFACE_STYLE_FILL_AREA(#168);
#170=SURFACE_SIDE_STYLE('',(#169));
#171=SURFACE_STYLE_USAGE(.BOTH.,#170);
#172=PRESENTATION_STYLE_ASSIGNMENT((#171));
#173=STYLED_ITEM('',(#172),#164);
#174=MANIFOLD_SOLID_BREP('',#175);
#175=CLOSED_SHELL('',(#1518,#1519,#1520,#1521,#1522,#1523,#1524,#1525,#1526,#1527,
#1528,#1529,#1530,#1531));
#176=COLOUR_RGB('',1.,1.,1.);
#177=FILL_AREA_STYLE_COLOUR('',#176);
#178=FILL_AREA_STYLE($,(#177));
#179=SURFACE_STYLE_FILL_AREA(#178);
#180=SURFACE_SIDE_STYLE('',(#179));
#181=SURFACE_STYLE_USAGE(.BOTH.,#180);
#182=PRESENTATION_STYLE_ASSIGNMENT((#181));
#183=STYLED_ITEM('',(#182),#174);
#184=MANIFOLD_SOLID_BREP('',#185);
#185=CLOSED_SHELL('',(#1532,#1533,#1534,#1535,#1536,#1537,#1538,#1539,#1540,#1541,
#1542,#1543,#1544,#1545,#1546,#1547,#1548,#1549,#1550,#1551,#1552,#1553,#1554,#1555,
#1556,#1557,#1558,#1559));
#186=COLOUR_RGB('',1.,1.,1.);
#187=FILL_AREA_STYLE_COLOUR('',#186);
#188=FILL_AREA_STYLE($,(#187));
#189=SURFACE_STYLE_FILL_AREA(#188);
#190=SURFACE_SIDE_STYLE('',(#189));
#191=SURFACE_STYLE_USAGE(.BOTH.,#190);
#192=PRESENTATION_STYLE_ASSIGNMENT((#191));
#193=STYLED_ITEM('',(#192),#184);
#194=MANIFOLD_SOLID_BREP('',#195);
#195=CLOSED_SHELL('',(#1560,#1561,#1562,#1563,#1564,#1565,#1566,#1567,#1568,#1569,
#1570,#1571,#1572,#1573,#1574,#1575,#1576,#1577,#1578,#1579,#1580,#1581));
#196=COLOUR_RGB('',1.,1.,1.);
#197=FILL_AREA_STYLE_COLOUR('',#196);
#198=FILL_AREA_STYLE($,(#197));
#199=SURFACE_STYLE_FILL_AREA(#198);
#200=SURFACE_SIDE_STYLE('',(#199));
#201=SURFACE_STYLE_USAGE(.BOTH.,#200);
#202=PRESENTATION_STYLE_ASSIGNMENT((#201));
#203=STYLED_ITEM('',(#202),#194);
#204=MANIFOLD_SOLID_BREP('',#205);
#205=CLOSED_SHELL('',(#1582,#1583,#1584,#1585,#1586,#1587,#1588,#1589,#1590,#1591,
#1592,#1593,#1594,#1595,#1596,#1597,#1598,#1599,#1600,#1601,#1602,#1603));
#206=COLOUR_RGB('',1.,1.,1.);
#207=FILL_AREA_STYLE_COLOUR('',#206);
#208=FILL_AREA_STYLE($,(#207));
#209=SURFACE_STYLE_FILL_AREA(#208);
#210=SURFACE_SIDE_STYLE('',(#209));
#211=SURFACE_STYLE_USAGE(.BOTH.,#210);
#212=PRESENTATION_STYLE_ASSIGNMENT((#211));
#213=STYLED_ITEM('',(#212),#204);
#214=MANIFOLD_SOLID_BREP('',#215);
#215=CLOSED_SHELL('',(#1604,#1605,#1606,#1607,#1608,#1609,#1610,#1611,#1612,#1613,
#1614,#1615,#1616,#1617,#1618,#1619,#1620,#1621,#1622,#1623,#1624,#1625,#1626,#1627,
#1628,#1629));
#216=COLOUR_RGB('',1.,1.,1.);
#217=FILL_AREA_STYLE_COLOUR('',#216);
#218=FILL_AREA_STYLE($,(#217));
#219=SURFACE_STYLE_FILL_AREA(#218);
#220=SURFACE_SIDE_STYLE('',(#219));
#221=SURFACE_STYLE_USAGE(.BOTH.,#220);
#222=PRESENTATION_STYLE_ASSIGNMENT((#221));
#223=STYLED_ITEM('',(#222),#214);
#224=MANIFOLD_SOLID_BREP('',#225);
#225=CLOSED_SHELL('',(#1630,#1631,#1632,#1633,#1634,#1635,#1636,#1637,#1638,#1639,
#1640,#1641,#1642,#1643,#1644,#1645,#1646,#1647,#1648,#1649,#1650,#1651,#1652,#1653,
#1654,#1655));
#226=COLOUR_RGB('',1.,1.,1.);
#227=FILL_AREA_STYLE_COLOUR('',#226);
#228=FILL_AREA_STYLE($,(#227));
#229=SURFACE_STYLE_FILL_AREA(#228);
#230=SURFACE_SIDE_STYLE('',(#229));
#231=SURFACE_STYLE_USAGE(.BOTH.,#230);
#232=PRESENTATION_STYLE_ASSIGNMENT((#231));
#233=STYLED_ITEM('',(#232),#224);
#234=MANIFOLD_SOLID_BREP('',#235);
#235=CLOSED_SHELL('',(#1656,#1657,#1658,#1659,#1660,#1661,#1662,#1663,#1664,#1665,
#1666,#1667,#1668,#1669,#1670,#1671,#1672,#1673));
#236=COLOUR_RGB('',1.,1.,1.);
#237=FILL_AREA_STYLE_COLOUR('',#236);
#238=FILL_AREA_STYLE($,(#237));
#239=SURFACE_STYLE_FILL_AREA(#238);
#240=SURFACE_SIDE_STYLE('',(#239));
#241=SURFACE_STYLE_USAGE(.BOTH.,#240);
#242=PRESENTATION_STYLE_ASSIGNMENT((#241));
#243=STYLED_ITEM('',(#242),#234);
#244=MANIFOLD_SOLID_BREP('',#245);
#245=CLOSED_SHELL('',(#1674,#1675,#1676,#1677,#1678,#1679,#1680,#1681,#1682,#1683,
#1684,#1685,#1686,#1687,#1688,#1689,#1690,#1691,#1692,#1693,#1694,#1695,#1696,#1697,
#1698,#1699,#1700,#1701,#1702,#1703,#1704,#1705,#1706,#1707));
#246=COLOUR_RGB('',1.,1.,1.);
#247=FILL_AREA_STYLE_COLOUR('',#246);
#248=FILL_AREA_STYLE($,(#247));
#249=SURFACE_STYLE_FILL_AREA(#248);
#250=SURFACE_SIDE_STYLE('',(#249));
#251=SURFACE_STYLE_USAGE(.BOTH.,#250);
#252=PRESENTATION_STYLE_ASSIGNMENT((#251));
#253=STYLED_ITEM('',(#252),#244);
#254=MANIFOLD_SOLID_BREP('',#255);
#255=CLOSED_SHELL('',(#1708,#1709,#1710,#1711,#1712,#1713,#1714,#1715,#1716,#1717,
#1718,#1719,#1720,#1721,#1722,#1723,#1724,#1725,#1726,#1727,#1728,#1729,#1730,#1731,
#1732,#1733));
#256=COLOUR_RGB('',1.,1.,1.);
#257=FILL_AREA_STYLE_COLOUR('',#256);
#258=FILL_AREA_STYLE($,(#257));
#259=SURFACE_STYLE_FILL_AREA(#258);
#260=SURFACE_SIDE_STYLE('',(#259));
#261=SURFACE_STYLE_USAGE(.BOTH.,#260);
#262=PRESENTATION_STYLE_ASSIGNMENT((#261));
#263=STYLED_ITEM('',(#262),#254);
#264=MANIFOLD_SOLID_BREP('',#265);
#265=CLOSED_SHELL('',(#1734,#1735,#1736,#1737,#1738,#1739,#1740,#1741,#1742,#1743,
#1744,#1745,#1746,#1747,#1748,#1749,#1750,#1751,#1752,#1753,#1754,#1755,#1756,#1757,
#1758,#1759,#1760,#1761));
#266=COLOUR_RGB('',1.,1.,1.);
#267=FILL_AREA_STYLE_COLOUR('',#266);
#268=FILL_AREA_STYLE($,(#267));
#269=SURFACE_STYLE_FILL_AREA(#268);
#270=SURFACE_SIDE_STYLE('',(#269));
#271=SURFACE_STYLE_USAGE(.BOTH.,#270);
#272=PRESENTATION_STYLE_ASSIGNMENT((#271));
#273=STYLED_ITEM('',(#272),#264);
#274=MANIFOLD_SOLID_BREP('',#275);
#275=CLOSED_SHELL('',(#1762,#1763,#1764,#1765,#1766,#1767,#1768,#1769,#1770,#1771,
#1772,#1773,#1774,#1775,#1776));
#276=COLOUR_RGB('',1.,1.,1.);
#277=FILL_AREA_STYLE_COLOUR('',#276);
#278=FILL_AREA_STYLE($,(#277));
#279=SURFACE_STYLE_FILL_AREA(#278);
#280=SURFACE_SIDE_STYLE('',(#279));
#281=SURFACE_STYLE_USAGE(.BOTH.,#280);
#282=PRESENTATION_STYLE_ASSIGNMENT((#281));
#283=STYLED_ITEM('',(#282),#274);
#284=MANIFOLD_SOLID_BREP('',#285);
#285=CLOSED_SHELL('',(#1777,#1778,#1779,#1780,#1781,#1782,#1783,#1784));
#286=COLOUR_RGB('',1.,1.,1.);
#287=FILL_AREA_STYLE_COLOUR('',#286);
#288=FILL_AREA_STYLE($,(#287));
#289=SURFACE_STYLE_FILL_AREA(#288);
#290=SURFACE_SIDE_STYLE('',(#289));
#291=SURFACE_STYLE_USAGE(.BOTH.,#290);
#292=PRESENTATION_STYLE_ASSIGNMENT((#291));
#293=STYLED_ITEM('',(#292),#284);
#294=MANIFOLD_SOLID_BREP('',#295);
#295=CLOSED_SHELL('',(#1785,#1786,#1787,#1788,#1789,#1790));
#296=COLOUR_RGB('',1.,1.,1.);
#297=FILL_AREA_STYLE_COLOUR('',#296);
#298=FILL_AREA_STYLE($,(#297));
#299=SURFACE_STYLE_FILL_AREA(#298);
#300=SURFACE_SIDE_STYLE('',(#299));
#301=SURFACE_STYLE_USAGE(.BOTH.,#300);
#302=PRESENTATION_STYLE_ASSIGNMENT((#301));
#303=STYLED_ITEM('',(#302),#294);
#304=MANIFOLD_SOLID_BREP('',#305);
#305=CLOSED_SHELL('',(#1791,#1792,#1793,#1794,#1795,#1796,#1797,#1798,#1799,#1800,
#1801,#1802,#1803,#1804,#1805,#1806));
#306=COLOUR_RGB('',0.8,0.,0.);
#307=FILL_AREA_STYLE_COLOUR('',#306);
#308=FILL_AREA_STYLE($,(#307));
#309=SURFACE_STYLE_FILL_AREA(#308);
#310=SURFACE_SIDE_STYLE('',(#309));
#311=SURFACE_STYLE_USAGE(.BOTH.,#310);
#312=PRESENTATION_STYLE_ASSIGNMENT((#311));
#313=STYLED_ITEM('',(#312),#304);
#314=ADVANCED_BREP_SHAPE_REPRESENTATION('NONE',(#13,#24,#34,#44,#54,#64,#74,#84,
#94,#104,#114,#124,#134,#144,#154,#164,#174,#184,#194,#204,#214,#224,#234,#244,#254,
#264,#274,#284,#294,#304),#8);
#315=SHAPE_REPRESENTATION_RELATIONSHIP('','',#3,#314);
#316=PRODUCT_DEFINITION_SHAPE('NONE','NONE',#1);
#317=MECHANICAL_CONTEXT('NONE',#322,'mechanical');
#318=PRODUCT_DEFINITION_FORMATION_WITH_SPECIFIED_SOURCE('ANY','UNSPECIFIED',#319,
.NOT_KNOWN.);
#319=PRODUCT('10.00.00.03','Radiomaster RX-ER4','NONE',(#317));
#320=PRODUCT_RELATED_PRODUCT_CATEGORY('detail','',(#319));
#321=DESIGN_CONTEXT('detailed design',#322,'design');
#322=APPLICATION_CONTEXT('configuration controlled 3d designs of mechanical parts and assemblies');
#323=APPLICATION_PROTOCOL_DEFINITION('international standard','config_control_design',
1994,#322);
#324=CC_DESIGN_DATE_AND_TIME_ASSIGNMENT(#325,#329,(#1));
#325=DATE_AND_TIME(#326,#327);
#326=CALENDAR_DATE(0,1,1);
#327=LOCAL_TIME(0,0,0.,#328);
#328=COORDINATED_UNIVERSAL_TIME_OFFSET(0,0,.AHEAD.);
#329=DATE_TIME_ROLE('creation_date');
#330=CC_DESIGN_APPROVAL(#331,(#1));
#331=APPROVAL(#332,'UNSPECIFIED');
#332=APPROVAL_STATUS('not_yet_approved');
#333=APPROVAL_DATE_TIME(#334,#331);
#334=DATE_AND_TIME(#335,#336);
#335=CALENDAR_DATE(0,1,1);
#336=LOCAL_TIME(0,0,0.,#337);
#337=COORDINATED_UNIVERSAL_TIME_OFFSET(0,0,.AHEAD.);
#338=PERSON('UNSPECIFIED','Святослав','UNSPECIFIED',('UNSPECIFIED'),('UNSPECIFIED'),
('UNSPECIFIED'));
#339=ORGANIZATION('UNSPECIFIED','UNSPECIFIED','UNSPECIFIED');
#340=PERSON_AND_ORGANIZATION(#338,#339);
#341=PERSON_AND_ORGANIZATION_ROLE('creator');
#342=CC_DESIGN_PERSON_AND_ORGANIZATION_ASSIGNMENT(#340,#341,(#318,#1));
#343=ADVANCED_FACE('',(#1807),#1809,.T.);
#344=ADVANCED_FACE('',(#1814),#1816,.T.);
#345=ADVANCED_FACE('',(#1821),#1823,.T.);
#346=ADVANCED_FACE('',(#1828),#1830,.T.);
#347=ADVANCED_FACE('',(#1835),#1837,.T.);
#348=ADVANCED_FACE('',(#1842),#1844,.T.);
#349=ADVANCED_FACE('',(#1849),#1851,.F.);
#350=ADVANCED_FACE('',(#1856),#1858,.F.);
#351=ADVANCED_FACE('',(#1863),#1865,.F.);
#352=ADVANCED_FACE('',(#1870),#1872,.F.);
#353=ADVANCED_FACE('',(#1877),#1879,.F.);
#354=ADVANCED_FACE('',(#1884),#1886,.F.);
#355=ADVANCED_FACE('',(#1891),#1893,.T.);
#356=ADVANCED_FACE('',(#1898),#1900,.T.);
#357=ADVANCED_FACE('',(#1905),#1907,.T.);
#358=ADVANCED_FACE('',(#1912),#1914,.T.);
#359=ADVANCED_FACE('',(#1919),#1921,.T.);
#360=ADVANCED_FACE('',(#1926),#1928,.F.);
#361=ADVANCED_FACE('',(#1933),#1935,.F.);
#362=ADVANCED_FACE('',(#1940),#1942,.F.);
#363=ADVANCED_FACE('',(#1947),#1949,.F.);
#364=ADVANCED_FACE('',(#1954),#1956,.F.);
#365=ADVANCED_FACE('',(#1961),#1963,.F.);
#366=ADVANCED_FACE('',(#1968),#1970,.F.);
#367=ADVANCED_FACE('',(#1975),#1977,.F.);
#368=ADVANCED_FACE('',(#1982),#1984,.F.);
#369=ADVANCED_FACE('',(#1989),#1991,.F.);
#370=ADVANCED_FACE('',(#1996),#1998,.F.);
#371=ADVANCED_FACE('',(#2003),#2005,.F.);
#372=ADVANCED_FACE('',(#2010),#2012,.F.);
#373=ADVANCED_FACE('',(#2017),#2019,.F.);
#374=ADVANCED_FACE('',(#2024),#2026,.F.);
#375=ADVANCED_FACE('',(#2031),#2033,.F.);
#376=ADVANCED_FACE('',(#2038),#2040,.F.);
#377=ADVANCED_FACE('',(#2045),#2047,.F.);
#378=ADVANCED_FACE('',(#2052),#2054,.F.);
#379=ADVANCED_FACE('',(#2059),#2061,.F.);
#380=ADVANCED_FACE('',(#2066),#2068,.F.);
#381=ADVANCED_FACE('',(#2073),#2075,.F.);
#382=ADVANCED_FACE('',(#2080),#2082,.F.);
#383=ADVANCED_FACE('',(#2087),#2089,.F.);
#384=ADVANCED_FACE('',(#2094),#2096,.F.);
#385=ADVANCED_FACE('',(#2101),#2103,.T.);
#386=ADVANCED_FACE('',(#2108),#2110,.T.);
#387=ADVANCED_FACE('',(#2115),#2117,.T.);
#388=ADVANCED_FACE('',(#2122),#2124,.T.);
#389=ADVANCED_FACE('',(#2129),#2131,.T.);
#390=COLOUR_RGB('',0.6,0.298039215686275,0.);
#391=FILL_AREA_STYLE_COLOUR('',#390);
#392=FILL_AREA_STYLE($,(#391));
#393=SURFACE_STYLE_FILL_AREA(#392);
#394=SURFACE_SIDE_STYLE('',(#393));
#395=SURFACE_STYLE_USAGE(.BOTH.,#394);
#396=PRESENTATION_STYLE_ASSIGNMENT((#395));
#397=STYLED_ITEM('',(#396),#389);
#398=ADVANCED_FACE('',(#2136),#2138,.T.);
#399=COLOUR_RGB('',0.6,0.298039215686275,0.);
#400=FILL_AREA_STYLE_COLOUR('',#399);
#401=FILL_AREA_STYLE($,(#400));
#402=SURFACE_STYLE_FILL_AREA(#401);
#403=SURFACE_SIDE_STYLE('',(#402));
#404=SURFACE_STYLE_USAGE(.BOTH.,#403);
#405=PRESENTATION_STYLE_ASSIGNMENT((#404));
#406=STYLED_ITEM('',(#405),#398);
#407=ADVANCED_FACE('',(#2143),#2145,.T.);
#408=COLOUR_RGB('',0.6,0.298039215686275,0.);
#409=FILL_AREA_STYLE_COLOUR('',#408);
#410=FILL_AREA_STYLE($,(#409));
#411=SURFACE_STYLE_FILL_AREA(#410);
#412=SURFACE_SIDE_STYLE('',(#411));
#413=SURFACE_STYLE_USAGE(.BOTH.,#412);
#414=PRESENTATION_STYLE_ASSIGNMENT((#413));
#415=STYLED_ITEM('',(#414),#407);
#416=ADVANCED_FACE('',(#2150),#2152,.F.);
#417=COLOUR_RGB('',0.6,0.298039215686275,0.);
#418=FILL_AREA_STYLE_COLOUR('',#417);
#419=FILL_AREA_STYLE($,(#418));
#420=SURFACE_STYLE_FILL_AREA(#419);
#421=SURFACE_SIDE_STYLE('',(#420));
#422=SURFACE_STYLE_USAGE(.BOTH.,#421);
#423=PRESENTATION_STYLE_ASSIGNMENT((#422));
#424=STYLED_ITEM('',(#423),#416);
#425=ADVANCED_FACE('',(#2157),#2159,.T.);
#426=COLOUR_RGB('',0.6,0.298039215686275,0.);
#427=FILL_AREA_STYLE_COLOUR('',#426);
#428=FILL_AREA_STYLE($,(#427));
#429=SURFACE_STYLE_FILL_AREA(#428);
#430=SURFACE_SIDE_STYLE('',(#429));
#431=SURFACE_STYLE_USAGE(.BOTH.,#430);
#432=PRESENTATION_STYLE_ASSIGNMENT((#431));
#433=STYLED_ITEM('',(#432),#425);
#434=ADVANCED_FACE('',(#2164),#2166,.T.);
#435=COLOUR_RGB('',0.6,0.298039215686275,0.);
#436=FILL_AREA_STYLE_COLOUR('',#435);
#437=FILL_AREA_STYLE($,(#436));
#438=SURFACE_STYLE_FILL_AREA(#437);
#439=SURFACE_SIDE_STYLE('',(#438));
#440=SURFACE_STYLE_USAGE(.BOTH.,#439);
#441=PRESENTATION_STYLE_ASSIGNMENT((#440));
#442=STYLED_ITEM('',(#441),#434);
#443=ADVANCED_FACE('',(#2171),#2173,.T.);
#444=COLOUR_RGB('',0.6,0.298039215686275,0.);
#445=FILL_AREA_STYLE_COLOUR('',#444);
#446=FILL_AREA_STYLE($,(#445));
#447=SURFACE_STYLE_FILL_AREA(#446);
#448=SURFACE_SIDE_STYLE('',(#447));
#449=SURFACE_STYLE_USAGE(.BOTH.,#448);
#450=PRESENTATION_STYLE_ASSIGNMENT((#449));
#451=STYLED_ITEM('',(#450),#443);
#452=ADVANCED_FACE('',(#2178),#2180,.T.);
#453=COLOUR_RGB('',0.6,0.298039215686275,0.);
#454=FILL_AREA_STYLE_COLOUR('',#453);
#455=FILL_AREA_STYLE($,(#454));
#456=SURFACE_STYLE_FILL_AREA(#455);
#457=SURFACE_SIDE_STYLE('',(#456));
#458=SURFACE_STYLE_USAGE(.BOTH.,#457);
#459=PRESENTATION_STYLE_ASSIGNMENT((#458));
#460=STYLED_ITEM('',(#459),#452);
#461=ADVANCED_FACE('',(#2185),#2187,.T.);
#462=COLOUR_RGB('',0.6,0.298039215686275,0.);
#463=FILL_AREA_STYLE_COLOUR('',#462);
#464=FILL_AREA_STYLE($,(#463));
#465=SURFACE_STYLE_FILL_AREA(#464);
#466=SURFACE_SIDE_STYLE('',(#465));
#467=SURFACE_STYLE_USAGE(.BOTH.,#466);
#468=PRESENTATION_STYLE_ASSIGNMENT((#467));
#469=STYLED_ITEM('',(#468),#461);
#470=ADVANCED_FACE('',(#2192),#2194,.T.);
#471=COLOUR_RGB('',0.6,0.298039215686275,0.);
#472=FILL_AREA_STYLE_COLOUR('',#471);
#473=FILL_AREA_STYLE($,(#472));
#474=SURFACE_STYLE_FILL_AREA(#473);
#475=SURFACE_SIDE_STYLE('',(#474));
#476=SURFACE_STYLE_USAGE(.BOTH.,#475);
#477=PRESENTATION_STYLE_ASSIGNMENT((#476));
#478=STYLED_ITEM('',(#477),#470);
#479=ADVANCED_FACE('',(#2199),#2201,.T.);
#480=COLOUR_RGB('',0.6,0.298039215686275,0.);
#481=FILL_AREA_STYLE_COLOUR('',#480);
#482=FILL_AREA_STYLE($,(#481));
#483=SURFACE_STYLE_FILL_AREA(#482);
#484=SURFACE_SIDE_STYLE('',(#483));
#485=SURFACE_STYLE_USAGE(.BOTH.,#484);
#486=PRESENTATION_STYLE_ASSIGNMENT((#485));
#487=STYLED_ITEM('',(#486),#479);
#488=ADVANCED_FACE('',(#2206),#2208,.T.);
#489=COLOUR_RGB('',0.6,0.298039215686275,0.);
#490=FILL_AREA_STYLE_COLOUR('',#489);
#491=FILL_AREA_STYLE($,(#490));
#492=SURFACE_STYLE_FILL_AREA(#491);
#493=SURFACE_SIDE_STYLE('',(#492));
#494=SURFACE_STYLE_USAGE(.BOTH.,#493);
#495=PRESENTATION_STYLE_ASSIGNMENT((#494));
#496=STYLED_ITEM('',(#495),#488);
#497=ADVANCED_FACE('',(#2213),#2215,.T.);
#498=COLOUR_RGB('',0.6,0.298039215686275,0.);
#499=FILL_AREA_STYLE_COLOUR('',#498);
#500=FILL_AREA_STYLE($,(#499));
#501=SURFACE_STYLE_FILL_AREA(#500);
#502=SURFACE_SIDE_STYLE('',(#501));
#503=SURFACE_STYLE_USAGE(.BOTH.,#502);
#504=PRESENTATION_STYLE_ASSIGNMENT((#503));
#505=STYLED_ITEM('',(#504),#497);
#506=ADVANCED_FACE('',(#2220),#2222,.T.);
#507=COLOUR_RGB('',0.6,0.298039215686275,0.);
#508=FILL_AREA_STYLE_COLOUR('',#507);
#509=FILL_AREA_STYLE($,(#508));
#510=SURFACE_STYLE_FILL_AREA(#509);
#511=SURFACE_SIDE_STYLE('',(#510));
#512=SURFACE_STYLE_USAGE(.BOTH.,#511);
#513=PRESENTATION_STYLE_ASSIGNMENT((#512));
#514=STYLED_ITEM('',(#513),#506);
#515=ADVANCED_FACE('',(#2227),#2229,.T.);
#516=COLOUR_RGB('',0.6,0.298039215686275,0.);
#517=FILL_AREA_STYLE_COLOUR('',#516);
#518=FILL_AREA_STYLE($,(#517));
#519=SURFACE_STYLE_FILL_AREA(#518);
#520=SURFACE_SIDE_STYLE('',(#519));
#521=SURFACE_STYLE_USAGE(.BOTH.,#520);
#522=PRESENTATION_STYLE_ASSIGNMENT((#521));
#523=STYLED_ITEM('',(#522),#515);
#524=ADVANCED_FACE('',(#2234),#2236,.F.);
#525=COLOUR_RGB('',0.6,0.298039215686275,0.);
#526=FILL_AREA_STYLE_COLOUR('',#525);
#527=FILL_AREA_STYLE($,(#526));
#528=SURFACE_STYLE_FILL_AREA(#527);
#529=SURFACE_SIDE_STYLE('',(#528));
#530=SURFACE_STYLE_USAGE(.BOTH.,#529);
#531=PRESENTATION_STYLE_ASSIGNMENT((#530));
#532=STYLED_ITEM('',(#531),#524);
#533=ADVANCED_FACE('',(#2241),#2243,.T.);
#534=COLOUR_RGB('',0.6,0.298039215686275,0.);
#535=FILL_AREA_STYLE_COLOUR('',#534);
#536=FILL_AREA_STYLE($,(#535));
#537=SURFACE_STYLE_FILL_AREA(#536);
#538=SURFACE_SIDE_STYLE('',(#537));
#539=SURFACE_STYLE_USAGE(.BOTH.,#538);
#540=PRESENTATION_STYLE_ASSIGNMENT((#539));
#541=STYLED_ITEM('',(#540),#533);
#542=ADVANCED_FACE('',(#2248),#2250,.T.);
#543=COLOUR_RGB('',0.6,0.298039215686275,0.);
#544=FILL_AREA_STYLE_COLOUR('',#543);
#545=FILL_AREA_STYLE($,(#544));
#546=SURFACE_STYLE_FILL_AREA(#545);
#547=SURFACE_SIDE_STYLE('',(#546));
#548=SURFACE_STYLE_USAGE(.BOTH.,#547);
#549=PRESENTATION_STYLE_ASSIGNMENT((#548));
#550=STYLED_ITEM('',(#549),#542);
#551=ADVANCED_FACE('',(#2255),#2257,.T.);
#552=COLOUR_RGB('',0.6,0.298039215686275,0.);
#553=FILL_AREA_STYLE_COLOUR('',#552);
#554=FILL_AREA_STYLE($,(#553));
#555=SURFACE_STYLE_FILL_AREA(#554);
#556=SURFACE_SIDE_STYLE('',(#555));
#557=SURFACE_STYLE_USAGE(.BOTH.,#556);
#558=PRESENTATION_STYLE_ASSIGNMENT((#557));
#559=STYLED_ITEM('',(#558),#551);
#560=ADVANCED_FACE('',(#2262),#2264,.T.);
#561=COLOUR_RGB('',0.6,0.298039215686275,0.);
#562=FILL_AREA_STYLE_COLOUR('',#561);
#563=FILL_AREA_STYLE($,(#562));
#564=SURFACE_STYLE_FILL_AREA(#563);
#565=SURFACE_SIDE_STYLE('',(#564));
#566=SURFACE_STYLE_USAGE(.BOTH.,#565);
#567=PRESENTATION_STYLE_ASSIGNMENT((#566));
#568=STYLED_ITEM('',(#567),#560);
#569=ADVANCED_FACE('',(#2269),#2271,.T.);
#570=COLOUR_RGB('',0.6,0.298039215686275,0.);
#571=FILL_AREA_STYLE_COLOUR('',#570);
#572=FILL_AREA_STYLE($,(#571));
#573=SURFACE_STYLE_FILL_AREA(#572);
#574=SURFACE_SIDE_STYLE('',(#573));
#575=SURFACE_STYLE_USAGE(.BOTH.,#574);
#576=PRESENTATION_STYLE_ASSIGNMENT((#575));
#577=STYLED_ITEM('',(#576),#569);
#578=ADVANCED_FACE('',(#2276),#2278,.T.);
#579=COLOUR_RGB('',0.6,0.298039215686275,0.);
#580=FILL_AREA_STYLE_COLOUR('',#579);
#581=FILL_AREA_STYLE($,(#580));
#582=SURFACE_STYLE_FILL_AREA(#581);
#583=SURFACE_SIDE_STYLE('',(#582));
#584=SURFACE_STYLE_USAGE(.BOTH.,#583);
#585=PRESENTATION_STYLE_ASSIGNMENT((#584));
#586=STYLED_ITEM('',(#585),#578);
#587=ADVANCED_FACE('',(#2283),#2285,.T.);
#588=COLOUR_RGB('',0.6,0.298039215686275,0.);
#589=FILL_AREA_STYLE_COLOUR('',#588);
#590=FILL_AREA_STYLE($,(#589));
#591=SURFACE_STYLE_FILL_AREA(#590);
#592=SURFACE_SIDE_STYLE('',(#591));
#593=SURFACE_STYLE_USAGE(.BOTH.,#592);
#594=PRESENTATION_STYLE_ASSIGNMENT((#593));
#595=STYLED_ITEM('',(#594),#587);
#596=ADVANCED_FACE('',(#2290),#2292,.F.);
#597=COLOUR_RGB('',0.6,0.298039215686275,0.);
#598=FILL_AREA_STYLE_COLOUR('',#597);
#599=FILL_AREA_STYLE($,(#598));
#600=SURFACE_STYLE_FILL_AREA(#599);
#601=SURFACE_SIDE_STYLE('',(#600));
#602=SURFACE_STYLE_USAGE(.BOTH.,#601);
#603=PRESENTATION_STYLE_ASSIGNMENT((#602));
#604=STYLED_ITEM('',(#603),#596);
#605=ADVANCED_FACE('',(#2297),#2299,.T.);
#606=COLOUR_RGB('',0.6,0.298039215686275,0.);
#607=FILL_AREA_STYLE_COLOUR('',#606);
#608=FILL_AREA_STYLE($,(#607));
#609=SURFACE_STYLE_FILL_AREA(#608);
#610=SURFACE_SIDE_STYLE('',(#609));
#611=SURFACE_STYLE_USAGE(.BOTH.,#610);
#612=PRESENTATION_STYLE_ASSIGNMENT((#611));
#613=STYLED_ITEM('',(#612),#605);
#614=ADVANCED_FACE('',(#2304),#2306,.T.);
#615=COLOUR_RGB('',0.6,0.298039215686275,0.);
#616=FILL_AREA_STYLE_COLOUR('',#615);
#617=FILL_AREA_STYLE($,(#616));
#618=SURFACE_STYLE_FILL_AREA(#617);
#619=SURFACE_SIDE_STYLE('',(#618));
#620=SURFACE_STYLE_USAGE(.BOTH.,#619);
#621=PRESENTATION_STYLE_ASSIGNMENT((#620));
#622=STYLED_ITEM('',(#621),#614);
#623=ADVANCED_FACE('',(#2311),#2313,.T.);
#624=COLOUR_RGB('',0.6,0.298039215686275,0.);
#625=FILL_AREA_STYLE_COLOUR('',#624);
#626=FILL_AREA_STYLE($,(#625));
#627=SURFACE_STYLE_FILL_AREA(#626);
#628=SURFACE_SIDE_STYLE('',(#627));
#629=SURFACE_STYLE_USAGE(.BOTH.,#628);
#630=PRESENTATION_STYLE_ASSIGNMENT((#629));
#631=STYLED_ITEM('',(#630),#623);
#632=ADVANCED_FACE('',(#2318),#2320,.T.);
#633=COLOUR_RGB('',0.6,0.298039215686275,0.);
#634=FILL_AREA_STYLE_COLOUR('',#633);
#635=FILL_AREA_STYLE($,(#634));
#636=SURFACE_STYLE_FILL_AREA(#635);
#637=SURFACE_SIDE_STYLE('',(#636));
#638=SURFACE_STYLE_USAGE(.BOTH.,#637);
#639=PRESENTATION_STYLE_ASSIGNMENT((#638));
#640=STYLED_ITEM('',(#639),#632);
#641=ADVANCED_FACE('',(#2325),#2327,.T.);
#642=COLOUR_RGB('',0.6,0.298039215686275,0.);
#643=FILL_AREA_STYLE_COLOUR('',#642);
#644=FILL_AREA_STYLE($,(#643));
#645=SURFACE_STYLE_FILL_AREA(#644);
#646=SURFACE_SIDE_STYLE('',(#645));
#647=SURFACE_STYLE_USAGE(.BOTH.,#646);
#648=PRESENTATION_STYLE_ASSIGNMENT((#647));
#649=STYLED_ITEM('',(#648),#641);
#650=ADVANCED_FACE('',(#2332),#2334,.T.);
#651=COLOUR_RGB('',0.6,0.298039215686275,0.);
#652=FILL_AREA_STYLE_COLOUR('',#651);
#653=FILL_AREA_STYLE($,(#652));
#654=SURFACE_STYLE_FILL_AREA(#653);
#655=SURFACE_SIDE_STYLE('',(#654));
#656=SURFACE_STYLE_USAGE(.BOTH.,#655);
#657=PRESENTATION_STYLE_ASSIGNMENT((#656));
#658=STYLED_ITEM('',(#657),#650);
#659=ADVANCED_FACE('',(#2339),#2341,.T.);
#660=COLOUR_RGB('',0.6,0.298039215686275,0.);
#661=FILL_AREA_STYLE_COLOUR('',#660);
#662=FILL_AREA_STYLE($,(#661));
#663=SURFACE_STYLE_FILL_AREA(#662);
#664=SURFACE_SIDE_STYLE('',(#663));
#665=SURFACE_STYLE_USAGE(.BOTH.,#664);
#666=PRESENTATION_STYLE_ASSIGNMENT((#665));
#667=STYLED_ITEM('',(#666),#659);
#668=ADVANCED_FACE('',(#2346),#2348,.T.);
#669=COLOUR_RGB('',0.6,0.298039215686275,0.);
#670=FILL_AREA_STYLE_COLOUR('',#669);
#671=FILL_AREA_STYLE($,(#670));
#672=SURFACE_STYLE_FILL_AREA(#671);
#673=SURFACE_SIDE_STYLE('',(#672));
#674=SURFACE_STYLE_USAGE(.BOTH.,#673);
#675=PRESENTATION_STYLE_ASSIGNMENT((#674));
#676=STYLED_ITEM('',(#675),#668);
#677=ADVANCED_FACE('',(#2353),#2355,.T.);
#678=COLOUR_RGB('',0.6,0.298039215686275,0.);
#679=FILL_AREA_STYLE_COLOUR('',#678);
#680=FILL_AREA_STYLE($,(#679));
#681=SURFACE_STYLE_FILL_AREA(#680);
#682=SURFACE_SIDE_STYLE('',(#681));
#683=SURFACE_STYLE_USAGE(.BOTH.,#682);
#684=PRESENTATION_STYLE_ASSIGNMENT((#683));
#685=STYLED_ITEM('',(#684),#677);
#686=ADVANCED_FACE('',(#2360),#2362,.F.);
#687=COLOUR_RGB('',0.6,0.298039215686275,0.);
#688=FILL_AREA_STYLE_COLOUR('',#687);
#689=FILL_AREA_STYLE($,(#688));
#690=SURFACE_STYLE_FILL_AREA(#689);
#691=SURFACE_SIDE_STYLE('',(#690));
#692=SURFACE_STYLE_USAGE(.BOTH.,#691);
#693=PRESENTATION_STYLE_ASSIGNMENT((#692));
#694=STYLED_ITEM('',(#693),#686);
#695=ADVANCED_FACE('',(#2367),#2369,.T.);
#696=COLOUR_RGB('',0.6,0.298039215686275,0.);
#697=FILL_AREA_STYLE_COLOUR('',#696);
#698=FILL_AREA_STYLE($,(#697));
#699=SURFACE_STYLE_FILL_AREA(#698);
#700=SURFACE_SIDE_STYLE('',(#699));
#701=SURFACE_STYLE_USAGE(.BOTH.,#700);
#702=PRESENTATION_STYLE_ASSIGNMENT((#701));
#703=STYLED_ITEM('',(#702),#695);
#704=ADVANCED_FACE('',(#2374),#2376,.T.);
#705=COLOUR_RGB('',0.6,0.298039215686275,0.);
#706=FILL_AREA_STYLE_COLOUR('',#705);
#707=FILL_AREA_STYLE($,(#706));
#708=SURFACE_STYLE_FILL_AREA(#707);
#709=SURFACE_SIDE_STYLE('',(#708));
#710=SURFACE_STYLE_USAGE(.BOTH.,#709);
#711=PRESENTATION_STYLE_ASSIGNMENT((#710));
#712=STYLED_ITEM('',(#711),#704);
#713=ADVANCED_FACE('',(#2381),#2383,.T.);
#714=COLOUR_RGB('',0.6,0.298039215686275,0.);
#715=FILL_AREA_STYLE_COLOUR('',#714);
#716=FILL_AREA_STYLE($,(#715));
#717=SURFACE_STYLE_FILL_AREA(#716);
#718=SURFACE_SIDE_STYLE('',(#717));
#719=SURFACE_STYLE_USAGE(.BOTH.,#718);
#720=PRESENTATION_STYLE_ASSIGNMENT((#719));
#721=STYLED_ITEM('',(#720),#713);
#722=ADVANCED_FACE('',(#2388),#2390,.T.);
#723=COLOUR_RGB('',0.6,0.298039215686275,0.);
#724=FILL_AREA_STYLE_COLOUR('',#723);
#725=FILL_AREA_STYLE($,(#724));
#726=SURFACE_STYLE_FILL_AREA(#725);
#727=SURFACE_SIDE_STYLE('',(#726));
#728=SURFACE_STYLE_USAGE(.BOTH.,#727);
#729=PRESENTATION_STYLE_ASSIGNMENT((#728));
#730=STYLED_ITEM('',(#729),#722);
#731=ADVANCED_FACE('',(#2395),#2397,.T.);
#732=COLOUR_RGB('',0.6,0.298039215686275,0.);
#733=FILL_AREA_STYLE_COLOUR('',#732);
#734=FILL_AREA_STYLE($,(#733));
#735=SURFACE_STYLE_FILL_AREA(#734);
#736=SURFACE_SIDE_STYLE('',(#735));
#737=SURFACE_STYLE_USAGE(.BOTH.,#736);
#738=PRESENTATION_STYLE_ASSIGNMENT((#737));
#739=STYLED_ITEM('',(#738),#731);
#740=ADVANCED_FACE('',(#2402),#2404,.T.);
#741=COLOUR_RGB('',0.6,0.298039215686275,0.);
#742=FILL_AREA_STYLE_COLOUR('',#741);
#743=FILL_AREA_STYLE($,(#742));
#744=SURFACE_STYLE_FILL_AREA(#743);
#745=SURFACE_SIDE_STYLE('',(#744));
#746=SURFACE_STYLE_USAGE(.BOTH.,#745);
#747=PRESENTATION_STYLE_ASSIGNMENT((#746));
#748=STYLED_ITEM('',(#747),#740);
#749=ADVANCED_FACE('',(#2409),#2411,.T.);
#750=COLOUR_RGB('',0.6,0.298039215686275,0.);
#751=FILL_AREA_STYLE_COLOUR('',#750);
#752=FILL_AREA_STYLE($,(#751));
#753=SURFACE_STYLE_FILL_AREA(#752);
#754=SURFACE_SIDE_STYLE('',(#753));
#755=SURFACE_STYLE_USAGE(.BOTH.,#754);
#756=PRESENTATION_STYLE_ASSIGNMENT((#755));
#757=STYLED_ITEM('',(#756),#749);
#758=ADVANCED_FACE('',(#2416),#2418,.T.);
#759=COLOUR_RGB('',0.6,0.298039215686275,0.);
#760=FILL_AREA_STYLE_COLOUR('',#759);
#761=FILL_AREA_STYLE($,(#760));
#762=SURFACE_STYLE_FILL_AREA(#761);
#763=SURFACE_SIDE_STYLE('',(#762));
#764=SURFACE_STYLE_USAGE(.BOTH.,#763);
#765=PRESENTATION_STYLE_ASSIGNMENT((#764));
#766=STYLED_ITEM('',(#765),#758);
#767=ADVANCED_FACE('',(#2423),#2425,.T.);
#768=COLOUR_RGB('',0.6,0.298039215686275,0.);
#769=FILL_AREA_STYLE_COLOUR('',#768);
#770=FILL_AREA_STYLE($,(#769));
#771=SURFACE_STYLE_FILL_AREA(#770);
#772=SURFACE_SIDE_STYLE('',(#771));
#773=SURFACE_STYLE_USAGE(.BOTH.,#772);
#774=PRESENTATION_STYLE_ASSIGNMENT((#773));
#775=STYLED_ITEM('',(#774),#767);
#776=ADVANCED_FACE('',(#2430),#2432,.F.);
#777=COLOUR_RGB('',0.6,0.298039215686275,0.);
#778=FILL_AREA_STYLE_COLOUR('',#777);
#779=FILL_AREA_STYLE($,(#778));
#780=SURFACE_STYLE_FILL_AREA(#779);
#781=SURFACE_SIDE_STYLE('',(#780));
#782=SURFACE_STYLE_USAGE(.BOTH.,#781);
#783=PRESENTATION_STYLE_ASSIGNMENT((#782));
#784=STYLED_ITEM('',(#783),#776);
#785=ADVANCED_FACE('',(#2437),#2439,.T.);
#786=COLOUR_RGB('',0.6,0.298039215686275,0.);
#787=FILL_AREA_STYLE_COLOUR('',#786);
#788=FILL_AREA_STYLE($,(#787));
#789=SURFACE_STYLE_FILL_AREA(#788);
#790=SURFACE_SIDE_STYLE('',(#789));
#791=SURFACE_STYLE_USAGE(.BOTH.,#790);
#792=PRESENTATION_STYLE_ASSIGNMENT((#791));
#793=STYLED_ITEM('',(#792),#785);
#794=ADVANCED_FACE('',(#2444),#2446,.T.);
#795=COLOUR_RGB('',0.6,0.298039215686275,0.);
#796=FILL_AREA_STYLE_COLOUR('',#795);
#797=FILL_AREA_STYLE($,(#796));
#798=SURFACE_STYLE_FILL_AREA(#797);
#799=SURFACE_SIDE_STYLE('',(#798));
#800=SURFACE_STYLE_USAGE(.BOTH.,#799);
#801=PRESENTATION_STYLE_ASSIGNMENT((#800));
#802=STYLED_ITEM('',(#801),#794);
#803=ADVANCED_FACE('',(#2451),#2453,.T.);
#804=COLOUR_RGB('',0.6,0.298039215686275,0.);
#805=FILL_AREA_STYLE_COLOUR('',#804);
#806=FILL_AREA_STYLE($,(#805));
#807=SURFACE_STYLE_FILL_AREA(#806);
#808=SURFACE_SIDE_STYLE('',(#807));
#809=SURFACE_STYLE_USAGE(.BOTH.,#808);
#810=PRESENTATION_STYLE_ASSIGNMENT((#809));
#811=STYLED_ITEM('',(#810),#803);
#812=ADVANCED_FACE('',(#2458),#2460,.T.);
#813=COLOUR_RGB('',0.6,0.298039215686275,0.);
#814=FILL_AREA_STYLE_COLOUR('',#813);
#815=FILL_AREA_STYLE($,(#814));
#816=SURFACE_STYLE_FILL_AREA(#815);
#817=SURFACE_SIDE_STYLE('',(#816));
#818=SURFACE_STYLE_USAGE(.BOTH.,#817);
#819=PRESENTATION_STYLE_ASSIGNMENT((#818));
#820=STYLED_ITEM('',(#819),#812);
#821=ADVANCED_FACE('',(#2465),#2467,.T.);
#822=COLOUR_RGB('',0.6,0.298039215686275,0.);
#823=FILL_AREA_STYLE_COLOUR('',#822);
#824=FILL_AREA_STYLE($,(#823));
#825=SURFACE_STYLE_FILL_AREA(#824);
#826=SURFACE_SIDE_STYLE('',(#825));
#827=SURFACE_STYLE_USAGE(.BOTH.,#826);
#828=PRESENTATION_STYLE_ASSIGNMENT((#827));
#829=STYLED_ITEM('',(#828),#821);
#830=ADVANCED_FACE('',(#2472),#2474,.T.);
#831=COLOUR_RGB('',0.6,0.298039215686275,0.);
#832=FILL_AREA_STYLE_COLOUR('',#831);
#833=FILL_AREA_STYLE($,(#832));
#834=SURFACE_STYLE_FILL_AREA(#833);
#835=SURFACE_SIDE_STYLE('',(#834));
#836=SURFACE_STYLE_USAGE(.BOTH.,#835);
#837=PRESENTATION_STYLE_ASSIGNMENT((#836));
#838=STYLED_ITEM('',(#837),#830);
#839=ADVANCED_FACE('',(#2479),#2481,.T.);
#840=COLOUR_RGB('',0.6,0.298039215686275,0.);
#841=FILL_AREA_STYLE_COLOUR('',#840);
#842=FILL_AREA_STYLE($,(#841));
#843=SURFACE_STYLE_FILL_AREA(#842);
#844=SURFACE_SIDE_STYLE('',(#843));
#845=SURFACE_STYLE_USAGE(.BOTH.,#844);
#846=PRESENTATION_STYLE_ASSIGNMENT((#845));
#847=STYLED_ITEM('',(#846),#839);
#848=ADVANCED_FACE('',(#2486),#2488,.T.);
#849=COLOUR_RGB('',0.6,0.298039215686275,0.);
#850=FILL_AREA_STYLE_COLOUR('',#849);
#851=FILL_AREA_STYLE($,(#850));
#852=SURFACE_STYLE_FILL_AREA(#851);
#853=SURFACE_SIDE_STYLE('',(#852));
#854=SURFACE_STYLE_USAGE(.BOTH.,#853);
#855=PRESENTATION_STYLE_ASSIGNMENT((#854));
#856=STYLED_ITEM('',(#855),#848);
#857=ADVANCED_FACE('',(#2493),#2495,.T.);
#858=COLOUR_RGB('',0.6,0.298039215686275,0.);
#859=FILL_AREA_STYLE_COLOUR('',#858);
#860=FILL_AREA_STYLE($,(#859));
#861=SURFACE_STYLE_FILL_AREA(#860);
#862=SURFACE_SIDE_STYLE('',(#861));
#863=SURFACE_STYLE_USAGE(.BOTH.,#862);
#864=PRESENTATION_STYLE_ASSIGNMENT((#863));
#865=STYLED_ITEM('',(#864),#857);
#866=ADVANCED_FACE('',(#2500),#2502,.F.);
#867=COLOUR_RGB('',0.6,0.298039215686275,0.);
#868=FILL_AREA_STYLE_COLOUR('',#867);
#869=FILL_AREA_STYLE($,(#868));
#870=SURFACE_STYLE_FILL_AREA(#869);
#871=SURFACE_SIDE_STYLE('',(#870));
#872=SURFACE_STYLE_USAGE(.BOTH.,#871);
#873=PRESENTATION_STYLE_ASSIGNMENT((#872));
#874=STYLED_ITEM('',(#873),#866);
#875=ADVANCED_FACE('',(#2507),#2509,.T.);
#876=COLOUR_RGB('',0.6,0.298039215686275,0.);
#877=FILL_AREA_STYLE_COLOUR('',#876);
#878=FILL_AREA_STYLE($,(#877));
#879=SURFACE_STYLE_FILL_AREA(#878);
#880=SURFACE_SIDE_STYLE('',(#879));
#881=SURFACE_STYLE_USAGE(.BOTH.,#880);
#882=PRESENTATION_STYLE_ASSIGNMENT((#881));
#883=STYLED_ITEM('',(#882),#875);
#884=ADVANCED_FACE('',(#2514),#2516,.T.);
#885=COLOUR_RGB('',0.6,0.298039215686275,0.);
#886=FILL_AREA_STYLE_COLOUR('',#885);
#887=FILL_AREA_STYLE($,(#886));
#888=SURFACE_STYLE_FILL_AREA(#887);
#889=SURFACE_SIDE_STYLE('',(#888));
#890=SURFACE_STYLE_USAGE(.BOTH.,#889);
#891=PRESENTATION_STYLE_ASSIGNMENT((#890));
#892=STYLED_ITEM('',(#891),#884);
#893=ADVANCED_FACE('',(#2521),#2523,.T.);
#894=COLOUR_RGB('',0.6,0.298039215686275,0.);
#895=FILL_AREA_STYLE_COLOUR('',#894);
#896=FILL_AREA_STYLE($,(#895));
#897=SURFACE_STYLE_FILL_AREA(#896);
#898=SURFACE_SIDE_STYLE('',(#897));
#899=SURFACE_STYLE_USAGE(.BOTH.,#898);
#900=PRESENTATION_STYLE_ASSIGNMENT((#899));
#901=STYLED_ITEM('',(#900),#893);
#902=ADVANCED_FACE('',(#2528),#2530,.T.);
#903=COLOUR_RGB('',0.6,0.298039215686275,0.);
#904=FILL_AREA_STYLE_COLOUR('',#903);
#905=FILL_AREA_STYLE($,(#904));
#906=SURFACE_STYLE_FILL_AREA(#905);
#907=SURFACE_SIDE_STYLE('',(#906));
#908=SURFACE_STYLE_USAGE(.BOTH.,#907);
#909=PRESENTATION_STYLE_ASSIGNMENT((#908));
#910=STYLED_ITEM('',(#909),#902);
#911=ADVANCED_FACE('',(#2535),#2537,.T.);
#912=COLOUR_RGB('',0.6,0.298039215686275,0.);
#913=FILL_AREA_STYLE_COLOUR('',#912);
#914=FILL_AREA_STYLE($,(#913));
#915=SURFACE_STYLE_FILL_AREA(#914);
#916=SURFACE_SIDE_STYLE('',(#915));
#917=SURFACE_STYLE_USAGE(.BOTH.,#916);
#918=PRESENTATION_STYLE_ASSIGNMENT((#917));
#919=STYLED_ITEM('',(#918),#911);
#920=ADVANCED_FACE('',(#2542),#2544,.T.);
#921=COLOUR_RGB('',0.6,0.298039215686275,0.);
#922=FILL_AREA_STYLE_COLOUR('',#921);
#923=FILL_AREA_STYLE($,(#922));
#924=SURFACE_STYLE_FILL_AREA(#923);
#925=SURFACE_SIDE_STYLE('',(#924));
#926=SURFACE_STYLE_USAGE(.BOTH.,#925);
#927=PRESENTATION_STYLE_ASSIGNMENT((#926));
#928=STYLED_ITEM('',(#927),#920);
#929=ADVANCED_FACE('',(#2549),#2551,.T.);
#930=COLOUR_RGB('',0.6,0.298039215686275,0.);
#931=FILL_AREA_STYLE_COLOUR('',#930);
#932=FILL_AREA_STYLE($,(#931));
#933=SURFACE_STYLE_FILL_AREA(#932);
#934=SURFACE_SIDE_STYLE('',(#933));
#935=SURFACE_STYLE_USAGE(.BOTH.,#934);
#936=PRESENTATION_STYLE_ASSIGNMENT((#935));
#937=STYLED_ITEM('',(#936),#929);
#938=ADVANCED_FACE('',(#2556),#2558,.T.);
#939=COLOUR_RGB('',0.6,0.298039215686275,0.);
#940=FILL_AREA_STYLE_COLOUR('',#939);
#941=FILL_AREA_STYLE($,(#940));
#942=SURFACE_STYLE_FILL_AREA(#941);
#943=SURFACE_SIDE_STYLE('',(#942));
#944=SURFACE_STYLE_USAGE(.BOTH.,#943);
#945=PRESENTATION_STYLE_ASSIGNMENT((#944));
#946=STYLED_ITEM('',(#945),#938);
#947=ADVANCED_FACE('',(#2563),#2565,.T.);
#948=COLOUR_RGB('',0.6,0.298039215686275,0.);
#949=FILL_AREA_STYLE_COLOUR('',#948);
#950=FILL_AREA_STYLE($,(#949));
#951=SURFACE_STYLE_FILL_AREA(#950);
#952=SURFACE_SIDE_STYLE('',(#951));
#953=SURFACE_STYLE_USAGE(.BOTH.,#952);
#954=PRESENTATION_STYLE_ASSIGNMENT((#953));
#955=STYLED_ITEM('',(#954),#947);
#956=ADVANCED_FACE('',(#2570),#2572,.F.);
#957=COLOUR_RGB('',0.6,0.298039215686275,0.);
#958=FILL_AREA_STYLE_COLOUR('',#957);
#959=FILL_AREA_STYLE($,(#958));
#960=SURFACE_STYLE_FILL_AREA(#959);
#961=SURFACE_SIDE_STYLE('',(#960));
#962=SURFACE_STYLE_USAGE(.BOTH.,#961);
#963=PRESENTATION_STYLE_ASSIGNMENT((#962));
#964=STYLED_ITEM('',(#963),#956);
#965=ADVANCED_FACE('',(#2577),#2579,.T.);
#966=COLOUR_RGB('',0.6,0.298039215686275,0.);
#967=FILL_AREA_STYLE_COLOUR('',#966);
#968=FILL_AREA_STYLE($,(#967));
#969=SURFACE_STYLE_FILL_AREA(#968);
#970=SURFACE_SIDE_STYLE('',(#969));
#971=SURFACE_STYLE_USAGE(.BOTH.,#970);
#972=PRESENTATION_STYLE_ASSIGNMENT((#971));
#973=STYLED_ITEM('',(#972),#965);
#974=ADVANCED_FACE('',(#2584),#2586,.T.);
#975=COLOUR_RGB('',0.6,0.298039215686275,0.);
#976=FILL_AREA_STYLE_COLOUR('',#975);
#977=FILL_AREA_STYLE($,(#976));
#978=SURFACE_STYLE_FILL_AREA(#977);
#979=SURFACE_SIDE_STYLE('',(#978));
#980=SURFACE_STYLE_USAGE(.BOTH.,#979);
#981=PRESENTATION_STYLE_ASSIGNMENT((#980));
#982=STYLED_ITEM('',(#981),#974);
#983=ADVANCED_FACE('',(#2591),#2593,.T.);
#984=COLOUR_RGB('',0.6,0.298039215686275,0.);
#985=FILL_AREA_STYLE_COLOUR('',#984);
#986=FILL_AREA_STYLE($,(#985));
#987=SURFACE_STYLE_FILL_AREA(#986);
#988=SURFACE_SIDE_STYLE('',(#987));
#989=SURFACE_STYLE_USAGE(.BOTH.,#988);
#990=PRESENTATION_STYLE_ASSIGNMENT((#989));
#991=STYLED_ITEM('',(#990),#983);
#992=ADVANCED_FACE('',(#2598),#2600,.T.);
#993=COLOUR_RGB('',0.6,0.298039215686275,0.);
#994=FILL_AREA_STYLE_COLOUR('',#993);
#995=FILL_AREA_STYLE($,(#994));
#996=SURFACE_STYLE_FILL_AREA(#995);
#997=SURFACE_SIDE_STYLE('',(#996));
#998=SURFACE_STYLE_USAGE(.BOTH.,#997);
#999=PRESENTATION_STYLE_ASSIGNMENT((#998));
#1000=STYLED_ITEM('',(#999),#992);
#1001=ADVANCED_FACE('',(#2605),#2607,.T.);
#1002=COLOUR_RGB('',0.6,0.298039215686275,0.);
#1003=FILL_AREA_STYLE_COLOUR('',#1002);
#1004=FILL_AREA_STYLE($,(#1003));
#1005=SURFACE_STYLE_FILL_AREA(#1004);
#1006=SURFACE_SIDE_STYLE('',(#1005));
#1007=SURFACE_STYLE_USAGE(.BOTH.,#1006);
#1008=PRESENTATION_STYLE_ASSIGNMENT((#1007));
#1009=STYLED_ITEM('',(#1008),#1001);
#1010=ADVANCED_FACE('',(#2612),#2614,.T.);
#1011=COLOUR_RGB('',0.6,0.298039215686275,0.);
#1012=FILL_AREA_STYLE_COLOUR('',#1011);
#1013=FILL_AREA_STYLE($,(#1012));
#1014=SURFACE_STYLE_FILL_AREA(#1013);
#1015=SURFACE_SIDE_STYLE('',(#1014));
#1016=SURFACE_STYLE_USAGE(.BOTH.,#1015);
#1017=PRESENTATION_STYLE_ASSIGNMENT((#1016));
#1018=STYLED_ITEM('',(#1017),#1010);
#1019=ADVANCED_FACE('',(#2619),#2621,.T.);
#1020=COLOUR_RGB('',0.6,0.298039215686275,0.);
#1021=FILL_AREA_STYLE_COLOUR('',#1020);
#1022=FILL_AREA_STYLE($,(#1021));
#1023=SURFACE_STYLE_FILL_AREA(#1022);
#1024=SURFACE_SIDE_STYLE('',(#1023));
#1025=SURFACE_STYLE_USAGE(.BOTH.,#1024);
#1026=PRESENTATION_STYLE_ASSIGNMENT((#1025));
#1027=STYLED_ITEM('',(#1026),#1019);
#1028=ADVANCED_FACE('',(#2626),#2628,.T.);
#1029=COLOUR_RGB('',0.6,0.298039215686275,0.);
#1030=FILL_AREA_STYLE_COLOUR('',#1029);
#1031=FILL_AREA_STYLE($,(#1030));
#1032=SURFACE_STYLE_FILL_AREA(#1031);
#1033=SURFACE_SIDE_STYLE('',(#1032));
#1034=SURFACE_STYLE_USAGE(.BOTH.,#1033);
#1035=PRESENTATION_STYLE_ASSIGNMENT((#1034));
#1036=STYLED_ITEM('',(#1035),#1028);
#1037=ADVANCED_FACE('',(#2633),#2635,.T.);
#1038=COLOUR_RGB('',0.6,0.298039215686275,0.);
#1039=FILL_AREA_STYLE_COLOUR('',#1038);
#1040=FILL_AREA_STYLE($,(#1039));
#1041=SURFACE_STYLE_FILL_AREA(#1040);
#1042=SURFACE_SIDE_STYLE('',(#1041));
#1043=SURFACE_STYLE_USAGE(.BOTH.,#1042);
#1044=PRESENTATION_STYLE_ASSIGNMENT((#1043));
#1045=STYLED_ITEM('',(#1044),#1037);
#1046=ADVANCED_FACE('',(#2640),#2642,.F.);
#1047=COLOUR_RGB('',0.6,0.298039215686275,0.);
#1048=FILL_AREA_STYLE_COLOUR('',#1047);
#1049=FILL_AREA_STYLE($,(#1048));
#1050=SURFACE_STYLE_FILL_AREA(#1049);
#1051=SURFACE_SIDE_STYLE('',(#1050));
#1052=SURFACE_STYLE_USAGE(.BOTH.,#1051);
#1053=PRESENTATION_STYLE_ASSIGNMENT((#1052));
#1054=STYLED_ITEM('',(#1053),#1046);
#1055=ADVANCED_FACE('',(#2647),#2649,.T.);
#1056=COLOUR_RGB('',0.6,0.298039215686275,0.);
#1057=FILL_AREA_STYLE_COLOUR('',#1056);
#1058=FILL_AREA_STYLE($,(#1057));
#1059=SURFACE_STYLE_FILL_AREA(#1058);
#1060=SURFACE_SIDE_STYLE('',(#1059));
#1061=SURFACE_STYLE_USAGE(.BOTH.,#1060);
#1062=PRESENTATION_STYLE_ASSIGNMENT((#1061));
#1063=STYLED_ITEM('',(#1062),#1055);
#1064=ADVANCED_FACE('',(#2654),#2656,.T.);
#1065=COLOUR_RGB('',0.6,0.298039215686275,0.);
#1066=FILL_AREA_STYLE_COLOUR('',#1065);
#1067=FILL_AREA_STYLE($,(#1066));
#1068=SURFACE_STYLE_FILL_AREA(#1067);
#1069=SURFACE_SIDE_STYLE('',(#1068));
#1070=SURFACE_STYLE_USAGE(.BOTH.,#1069);
#1071=PRESENTATION_STYLE_ASSIGNMENT((#1070));
#1072=STYLED_ITEM('',(#1071),#1064);
#1073=ADVANCED_FACE('',(#2661),#2663,.T.);
#1074=COLOUR_RGB('',0.6,0.298039215686275,0.);
#1075=FILL_AREA_STYLE_COLOUR('',#1074);
#1076=FILL_AREA_STYLE($,(#1075));
#1077=SURFACE_STYLE_FILL_AREA(#1076);
#1078=SURFACE_SIDE_STYLE('',(#1077));
#1079=SURFACE_STYLE_USAGE(.BOTH.,#1078);
#1080=PRESENTATION_STYLE_ASSIGNMENT((#1079));
#1081=STYLED_ITEM('',(#1080),#1073);
#1082=ADVANCED_FACE('',(#2668),#2670,.T.);
#1083=COLOUR_RGB('',0.6,0.298039215686275,0.);
#1084=FILL_AREA_STYLE_COLOUR('',#1083);
#1085=FILL_AREA_STYLE($,(#1084));
#1086=SURFACE_STYLE_FILL_AREA(#1085);
#1087=SURFACE_SIDE_STYLE('',(#1086));
#1088=SURFACE_STYLE_USAGE(.BOTH.,#1087);
#1089=PRESENTATION_STYLE_ASSIGNMENT((#1088));
#1090=STYLED_ITEM('',(#1089),#1082);
#1091=ADVANCED_FACE('',(#2675),#2677,.T.);
#1092=COLOUR_RGB('',0.6,0.298039215686275,0.);
#1093=FILL_AREA_STYLE_COLOUR('',#1092);
#1094=FILL_AREA_STYLE($,(#1093));
#1095=SURFACE_STYLE_FILL_AREA(#1094);
#1096=SURFACE_SIDE_STYLE('',(#1095));
#1097=SURFACE_STYLE_USAGE(.BOTH.,#1096);
#1098=PRESENTATION_STYLE_ASSIGNMENT((#1097));
#1099=STYLED_ITEM('',(#1098),#1091);
#1100=ADVANCED_FACE('',(#2682),#2684,.T.);
#1101=COLOUR_RGB('',0.6,0.298039215686275,0.);
#1102=FILL_AREA_STYLE_COLOUR('',#1101);
#1103=FILL_AREA_STYLE($,(#1102));
#1104=SURFACE_STYLE_FILL_AREA(#1103);
#1105=SURFACE_SIDE_STYLE('',(#1104));
#1106=SURFACE_STYLE_USAGE(.BOTH.,#1105);
#1107=PRESENTATION_STYLE_ASSIGNMENT((#1106));
#1108=STYLED_ITEM('',(#1107),#1100);
#1109=ADVANCED_FACE('',(#2689),#2691,.T.);
#1110=COLOUR_RGB('',0.6,0.298039215686275,0.);
#1111=FILL_AREA_STYLE_COLOUR('',#1110);
#1112=FILL_AREA_STYLE($,(#1111));
#1113=SURFACE_STYLE_FILL_AREA(#1112);
#1114=SURFACE_SIDE_STYLE('',(#1113));
#1115=SURFACE_STYLE_USAGE(.BOTH.,#1114);
#1116=PRESENTATION_STYLE_ASSIGNMENT((#1115));
#1117=STYLED_ITEM('',(#1116),#1109);
#1118=ADVANCED_FACE('',(#2696),#2698,.T.);
#1119=COLOUR_RGB('',0.6,0.298039215686275,0.);
#1120=FILL_AREA_STYLE_COLOUR('',#1119);
#1121=FILL_AREA_STYLE($,(#1120));
#1122=SURFACE_STYLE_FILL_AREA(#1121);
#1123=SURFACE_SIDE_STYLE('',(#1122));
#1124=SURFACE_STYLE_USAGE(.BOTH.,#1123);
#1125=PRESENTATION_STYLE_ASSIGNMENT((#1124));
#1126=STYLED_ITEM('',(#1125),#1118);
#1127=ADVANCED_FACE('',(#2703),#2705,.T.);
#1128=COLOUR_RGB('',0.6,0.298039215686275,0.);
#1129=FILL_AREA_STYLE_COLOUR('',#1128);
#1130=FILL_AREA_STYLE($,(#1129));
#1131=SURFACE_STYLE_FILL_AREA(#1130);
#1132=SURFACE_SIDE_STYLE('',(#1131));
#1133=SURFACE_STYLE_USAGE(.BOTH.,#1132);
#1134=PRESENTATION_STYLE_ASSIGNMENT((#1133));
#1135=STYLED_ITEM('',(#1134),#1127);
#1136=ADVANCED_FACE('',(#2710),#2712,.F.);
#1137=COLOUR_RGB('',0.6,0.298039215686275,0.);
#1138=FILL_AREA_STYLE_COLOUR('',#1137);
#1139=FILL_AREA_STYLE($,(#1138));
#1140=SURFACE_STYLE_FILL_AREA(#1139);
#1141=SURFACE_SIDE_STYLE('',(#1140));
#1142=SURFACE_STYLE_USAGE(.BOTH.,#1141);
#1143=PRESENTATION_STYLE_ASSIGNMENT((#1142));
#1144=STYLED_ITEM('',(#1143),#1136);
#1145=ADVANCED_FACE('',(#2717),#2719,.T.);
#1146=COLOUR_RGB('',0.6,0.298039215686275,0.);
#1147=FILL_AREA_STYLE_COLOUR('',#1146);
#1148=FILL_AREA_STYLE($,(#1147));
#1149=SURFACE_STYLE_FILL_AREA(#1148);
#1150=SURFACE_SIDE_STYLE('',(#1149));
#1151=SURFACE_STYLE_USAGE(.BOTH.,#1150);
#1152=PRESENTATION_STYLE_ASSIGNMENT((#1151));
#1153=STYLED_ITEM('',(#1152),#1145);
#1154=ADVANCED_FACE('',(#2724),#2726,.T.);
#1155=COLOUR_RGB('',0.6,0.298039215686275,0.);
#1156=FILL_AREA_STYLE_COLOUR('',#1155);
#1157=FILL_AREA_STYLE($,(#1156));
#1158=SURFACE_STYLE_FILL_AREA(#1157);
#1159=SURFACE_SIDE_STYLE('',(#1158));
#1160=SURFACE_STYLE_USAGE(.BOTH.,#1159);
#1161=PRESENTATION_STYLE_ASSIGNMENT((#1160));
#1162=STYLED_ITEM('',(#1161),#1154);
#1163=ADVANCED_FACE('',(#2731),#2733,.T.);
#1164=COLOUR_RGB('',0.6,0.298039215686275,0.);
#1165=FILL_AREA_STYLE_COLOUR('',#1164);
#1166=FILL_AREA_STYLE($,(#1165));
#1167=SURFACE_STYLE_FILL_AREA(#1166);
#1168=SURFACE_SIDE_STYLE('',(#1167));
#1169=SURFACE_STYLE_USAGE(.BOTH.,#1168);
#1170=PRESENTATION_STYLE_ASSIGNMENT((#1169));
#1171=STYLED_ITEM('',(#1170),#1163);
#1172=ADVANCED_FACE('',(#2738),#2740,.T.);
#1173=COLOUR_RGB('',0.6,0.298039215686275,0.);
#1174=FILL_AREA_STYLE_COLOUR('',#1173);
#1175=FILL_AREA_STYLE($,(#1174));
#1176=SURFACE_STYLE_FILL_AREA(#1175);
#1177=SURFACE_SIDE_STYLE('',(#1176));
#1178=SURFACE_STYLE_USAGE(.BOTH.,#1177);
#1179=PRESENTATION_STYLE_ASSIGNMENT((#1178));
#1180=STYLED_ITEM('',(#1179),#1172);
#1181=ADVANCED_FACE('',(#2745),#2747,.T.);
#1182=COLOUR_RGB('',0.6,0.298039215686275,0.);
#1183=FILL_AREA_STYLE_COLOUR('',#1182);
#1184=FILL_AREA_STYLE($,(#1183));
#1185=SURFACE_STYLE_FILL_AREA(#1184);
#1186=SURFACE_SIDE_STYLE('',(#1185));
#1187=SURFACE_STYLE_USAGE(.BOTH.,#1186);
#1188=PRESENTATION_STYLE_ASSIGNMENT((#1187));
#1189=STYLED_ITEM('',(#1188),#1181);
#1190=ADVANCED_FACE('',(#2752),#2754,.T.);
#1191=COLOUR_RGB('',0.6,0.298039215686275,0.);
#1192=FILL_AREA_STYLE_COLOUR('',#1191);
#1193=FILL_AREA_STYLE($,(#1192));
#1194=SURFACE_STYLE_FILL_AREA(#1193);
#1195=SURFACE_SIDE_STYLE('',(#1194));
#1196=SURFACE_STYLE_USAGE(.BOTH.,#1195);
#1197=PRESENTATION_STYLE_ASSIGNMENT((#1196));
#1198=STYLED_ITEM('',(#1197),#1190);
#1199=ADVANCED_FACE('',(#2759),#2761,.T.);
#1200=COLOUR_RGB('',0.6,0.298039215686275,0.);
#1201=FILL_AREA_STYLE_COLOUR('',#1200);
#1202=FILL_AREA_STYLE($,(#1201));
#1203=SURFACE_STYLE_FILL_AREA(#1202);
#1204=SURFACE_SIDE_STYLE('',(#1203));
#1205=SURFACE_STYLE_USAGE(.BOTH.,#1204);
#1206=PRESENTATION_STYLE_ASSIGNMENT((#1205));
#1207=STYLED_ITEM('',(#1206),#1199);
#1208=ADVANCED_FACE('',(#2766),#2768,.T.);
#1209=COLOUR_RGB('',0.6,0.298039215686275,0.);
#1210=FILL_AREA_STYLE_COLOUR('',#1209);
#1211=FILL_AREA_STYLE($,(#1210));
#1212=SURFACE_STYLE_FILL_AREA(#1211);
#1213=SURFACE_SIDE_STYLE('',(#1212));
#1214=SURFACE_STYLE_USAGE(.BOTH.,#1213);
#1215=PRESENTATION_STYLE_ASSIGNMENT((#1214));
#1216=STYLED_ITEM('',(#1215),#1208);
#1217=ADVANCED_FACE('',(#2773),#2775,.T.);
#1218=COLOUR_RGB('',0.6,0.298039215686275,0.);
#1219=FILL_AREA_STYLE_COLOUR('',#1218);
#1220=FILL_AREA_STYLE($,(#1219));
#1221=SURFACE_STYLE_FILL_AREA(#1220);
#1222=SURFACE_SIDE_STYLE('',(#1221));
#1223=SURFACE_STYLE_USAGE(.BOTH.,#1222);
#1224=PRESENTATION_STYLE_ASSIGNMENT((#1223));
#1225=STYLED_ITEM('',(#1224),#1217);
#1226=ADVANCED_FACE('',(#2780),#2782,.F.);
#1227=COLOUR_RGB('',0.6,0.298039215686275,0.);
#1228=FILL_AREA_STYLE_COLOUR('',#1227);
#1229=FILL_AREA_STYLE($,(#1228));
#1230=SURFACE_STYLE_FILL_AREA(#1229);
#1231=SURFACE_SIDE_STYLE('',(#1230));
#1232=SURFACE_STYLE_USAGE(.BOTH.,#1231);
#1233=PRESENTATION_STYLE_ASSIGNMENT((#1232));
#1234=STYLED_ITEM('',(#1233),#1226);
#1235=ADVANCED_FACE('',(#2787),#2789,.T.);
#1236=COLOUR_RGB('',0.6,0.298039215686275,0.);
#1237=FILL_AREA_STYLE_COLOUR('',#1236);
#1238=FILL_AREA_STYLE($,(#1237));
#1239=SURFACE_STYLE_FILL_AREA(#1238);
#1240=SURFACE_SIDE_STYLE('',(#1239));
#1241=SURFACE_STYLE_USAGE(.BOTH.,#1240);
#1242=PRESENTATION_STYLE_ASSIGNMENT((#1241));
#1243=STYLED_ITEM('',(#1242),#1235);
#1244=ADVANCED_FACE('',(#2794),#2796,.T.);
#1245=COLOUR_RGB('',0.6,0.298039215686275,0.);
#1246=FILL_AREA_STYLE_COLOUR('',#1245);
#1247=FILL_AREA_STYLE($,(#1246));
#1248=SURFACE_STYLE_FILL_AREA(#1247);
#1249=SURFACE_SIDE_STYLE('',(#1248));
#1250=SURFACE_STYLE_USAGE(.BOTH.,#1249);
#1251=PRESENTATION_STYLE_ASSIGNMENT((#1250));
#1252=STYLED_ITEM('',(#1251),#1244);
#1253=ADVANCED_FACE('',(#2801),#2803,.T.);
#1254=COLOUR_RGB('',0.6,0.298039215686275,0.);
#1255=FILL_AREA_STYLE_COLOUR('',#1254);
#1256=FILL_AREA_STYLE($,(#1255));
#1257=SURFACE_STYLE_FILL_AREA(#1256);
#1258=SURFACE_SIDE_STYLE('',(#1257));
#1259=SURFACE_STYLE_USAGE(.BOTH.,#1258);
#1260=PRESENTATION_STYLE_ASSIGNMENT((#1259));
#1261=STYLED_ITEM('',(#1260),#1253);
#1262=ADVANCED_FACE('',(#2808),#2810,.T.);
#1263=COLOUR_RGB('',0.6,0.298039215686275,0.);
#1264=FILL_AREA_STYLE_COLOUR('',#1263);
#1265=FILL_AREA_STYLE($,(#1264));
#1266=SURFACE_STYLE_FILL_AREA(#1265);
#1267=SURFACE_SIDE_STYLE('',(#1266));
#1268=SURFACE_STYLE_USAGE(.BOTH.,#1267);
#1269=PRESENTATION_STYLE_ASSIGNMENT((#1268));
#1270=STYLED_ITEM('',(#1269),#1262);
#1271=ADVANCED_FACE('',(#2815),#2817,.T.);
#1272=COLOUR_RGB('',0.6,0.298039215686275,0.);
#1273=FILL_AREA_STYLE_COLOUR('',#1272);
#1274=FILL_AREA_STYLE($,(#1273));
#1275=SURFACE_STYLE_FILL_AREA(#1274);
#1276=SURFACE_SIDE_STYLE('',(#1275));
#1277=SURFACE_STYLE_USAGE(.BOTH.,#1276);
#1278=PRESENTATION_STYLE_ASSIGNMENT((#1277));
#1279=STYLED_ITEM('',(#1278),#1271);
#1280=ADVANCED_FACE('',(#2822),#2824,.T.);
#1281=COLOUR_RGB('',0.6,0.298039215686275,0.);
#1282=FILL_AREA_STYLE_COLOUR('',#1281);
#1283=FILL_AREA_STYLE($,(#1282));
#1284=SURFACE_STYLE_FILL_AREA(#1283);
#1285=SURFACE_SIDE_STYLE('',(#1284));
#1286=SURFACE_STYLE_USAGE(.BOTH.,#1285);
#1287=PRESENTATION_STYLE_ASSIGNMENT((#1286));
#1288=STYLED_ITEM('',(#1287),#1280);
#1289=ADVANCED_FACE('',(#2829),#2831,.T.);
#1290=COLOUR_RGB('',0.6,0.298039215686275,0.);
#1291=FILL_AREA_STYLE_COLOUR('',#1290);
#1292=FILL_AREA_STYLE($,(#1291));
#1293=SURFACE_STYLE_FILL_AREA(#1292);
#1294=SURFACE_SIDE_STYLE('',(#1293));
#1295=SURFACE_STYLE_USAGE(.BOTH.,#1294);
#1296=PRESENTATION_STYLE_ASSIGNMENT((#1295));
#1297=STYLED_ITEM('',(#1296),#1289);
#1298=ADVANCED_FACE('',(#2836),#2838,.T.);
#1299=COLOUR_RGB('',0.6,0.298039215686275,0.);
#1300=FILL_AREA_STYLE_COLOUR('',#1299);
#1301=FILL_AREA_STYLE($,(#1300));
#1302=SURFACE_STYLE_FILL_AREA(#1301);
#1303=SURFACE_SIDE_STYLE('',(#1302));
#1304=SURFACE_STYLE_USAGE(.BOTH.,#1303);
#1305=PRESENTATION_STYLE_ASSIGNMENT((#1304));
#1306=STYLED_ITEM('',(#1305),#1298);
#1307=ADVANCED_FACE('',(#2843),#2845,.T.);
#1308=COLOUR_RGB('',0.6,0.298039215686275,0.);
#1309=FILL_AREA_STYLE_COLOUR('',#1308);
#1310=FILL_AREA_STYLE($,(#1309));
#1311=SURFACE_STYLE_FILL_AREA(#1310);
#1312=SURFACE_SIDE_STYLE('',(#1311));
#1313=SURFACE_STYLE_USAGE(.BOTH.,#1312);
#1314=PRESENTATION_STYLE_ASSIGNMENT((#1313));
#1315=STYLED_ITEM('',(#1314),#1307);
#1316=ADVANCED_FACE('',(#2850),#2852,.F.);
#1317=COLOUR_RGB('',0.6,0.298039215686275,0.);
#1318=FILL_AREA_STYLE_COLOUR('',#1317);
#1319=FILL_AREA_STYLE($,(#1318));
#1320=SURFACE_STYLE_FILL_AREA(#1319);
#1321=SURFACE_SIDE_STYLE('',(#1320));
#1322=SURFACE_STYLE_USAGE(.BOTH.,#1321);
#1323=PRESENTATION_STYLE_ASSIGNMENT((#1322));
#1324=STYLED_ITEM('',(#1323),#1316);
#1325=ADVANCED_FACE('',(#2857),#2859,.T.);
#1326=COLOUR_RGB('',0.6,0.298039215686275,0.);
#1327=FILL_AREA_STYLE_COLOUR('',#1326);
#1328=FILL_AREA_STYLE($,(#1327));
#1329=SURFACE_STYLE_FILL_AREA(#1328);
#1330=SURFACE_SIDE_STYLE('',(#1329));
#1331=SURFACE_STYLE_USAGE(.BOTH.,#1330);
#1332=PRESENTATION_STYLE_ASSIGNMENT((#1331));
#1333=STYLED_ITEM('',(#1332),#1325);
#1334=ADVANCED_FACE('',(#2864),#2866,.T.);
#1335=COLOUR_RGB('',0.6,0.298039215686275,0.);
#1336=FILL_AREA_STYLE_COLOUR('',#1335);
#1337=FILL_AREA_STYLE($,(#1336));
#1338=SURFACE_STYLE_FILL_AREA(#1337);
#1339=SURFACE_SIDE_STYLE('',(#1338));
#1340=SURFACE_STYLE_USAGE(.BOTH.,#1339);
#1341=PRESENTATION_STYLE_ASSIGNMENT((#1340));
#1342=STYLED_ITEM('',(#1341),#1334);
#1343=ADVANCED_FACE('',(#2871),#2873,.T.);
#1344=COLOUR_RGB('',0.6,0.298039215686275,0.);
#1345=FILL_AREA_STYLE_COLOUR('',#1344);
#1346=FILL_AREA_STYLE($,(#1345));
#1347=SURFACE_STYLE_FILL_AREA(#1346);
#1348=SURFACE_SIDE_STYLE('',(#1347));
#1349=SURFACE_STYLE_USAGE(.BOTH.,#1348);
#1350=PRESENTATION_STYLE_ASSIGNMENT((#1349));
#1351=STYLED_ITEM('',(#1350),#1343);
#1352=ADVANCED_FACE('',(#2878),#2880,.T.);
#1353=COLOUR_RGB('',0.6,0.298039215686275,0.);
#1354=FILL_AREA_STYLE_COLOUR('',#1353);
#1355=FILL_AREA_STYLE($,(#1354));
#1356=SURFACE_STYLE_FILL_AREA(#1355);
#1357=SURFACE_SIDE_STYLE('',(#1356));
#1358=SURFACE_STYLE_USAGE(.BOTH.,#1357);
#1359=PRESENTATION_STYLE_ASSIGNMENT((#1358));
#1360=STYLED_ITEM('',(#1359),#1352);
#1361=ADVANCED_FACE('',(#2885),#2887,.T.);
#1362=COLOUR_RGB('',0.6,0.298039215686275,0.);
#1363=FILL_AREA_STYLE_COLOUR('',#1362);
#1364=FILL_AREA_STYLE($,(#1363));
#1365=SURFACE_STYLE_FILL_AREA(#1364);
#1366=SURFACE_SIDE_STYLE('',(#1365));
#1367=SURFACE_STYLE_USAGE(.BOTH.,#1366);
#1368=PRESENTATION_STYLE_ASSIGNMENT((#1367));
#1369=STYLED_ITEM('',(#1368),#1361);
#1370=ADVANCED_FACE('',(#2892),#2894,.T.);
#1371=COLOUR_RGB('',0.6,0.298039215686275,0.);
#1372=FILL_AREA_STYLE_COLOUR('',#1371);
#1373=FILL_AREA_STYLE($,(#1372));
#1374=SURFACE_STYLE_FILL_AREA(#1373);
#1375=SURFACE_SIDE_STYLE('',(#1374));
#1376=SURFACE_STYLE_USAGE(.BOTH.,#1375);
#1377=PRESENTATION_STYLE_ASSIGNMENT((#1376));
#1378=STYLED_ITEM('',(#1377),#1370);
#1379=ADVANCED_FACE('',(#2899),#2901,.T.);
#1380=COLOUR_RGB('',0.6,0.298039215686275,0.);
#1381=FILL_AREA_STYLE_COLOUR('',#1380);
#1382=FILL_AREA_STYLE($,(#1381));
#1383=SURFACE_STYLE_FILL_AREA(#1382);
#1384=SURFACE_SIDE_STYLE('',(#1383));
#1385=SURFACE_STYLE_USAGE(.BOTH.,#1384);
#1386=PRESENTATION_STYLE_ASSIGNMENT((#1385));
#1387=STYLED_ITEM('',(#1386),#1379);
#1388=ADVANCED_FACE('',(#2906),#2908,.T.);
#1389=COLOUR_RGB('',0.6,0.298039215686275,0.);
#1390=FILL_AREA_STYLE_COLOUR('',#1389);
#1391=FILL_AREA_STYLE($,(#1390));
#1392=SURFACE_STYLE_FILL_AREA(#1391);
#1393=SURFACE_SIDE_STYLE('',(#1392));
#1394=SURFACE_STYLE_USAGE(.BOTH.,#1393);
#1395=PRESENTATION_STYLE_ASSIGNMENT((#1394));
#1396=STYLED_ITEM('',(#1395),#1388);
#1397=ADVANCED_FACE('',(#2913),#2915,.T.);
#1398=COLOUR_RGB('',0.6,0.298039215686275,0.);
#1399=FILL_AREA_STYLE_COLOUR('',#1398);
#1400=FILL_AREA_STYLE($,(#1399));
#1401=SURFACE_STYLE_FILL_AREA(#1400);
#1402=SURFACE_SIDE_STYLE('',(#1401));
#1403=SURFACE_STYLE_USAGE(.BOTH.,#1402);
#1404=PRESENTATION_STYLE_ASSIGNMENT((#1403));
#1405=STYLED_ITEM('',(#1404),#1397);
#1406=ADVANCED_FACE('',(#2920),#2922,.F.);
#1407=COLOUR_RGB('',0.6,0.298039215686275,0.);
#1408=FILL_AREA_STYLE_COLOUR('',#1407);
#1409=FILL_AREA_STYLE($,(#1408));
#1410=SURFACE_STYLE_FILL_AREA(#1409);
#1411=SURFACE_SIDE_STYLE('',(#1410));
#1412=SURFACE_STYLE_USAGE(.BOTH.,#1411);
#1413=PRESENTATION_STYLE_ASSIGNMENT((#1412));
#1414=STYLED_ITEM('',(#1413),#1406);
#1415=ADVANCED_FACE('',(#2927),#2929,.T.);
#1416=COLOUR_RGB('',0.6,0.298039215686275,0.);
#1417=FILL_AREA_STYLE_COLOUR('',#1416);
#1418=FILL_AREA_STYLE($,(#1417));
#1419=SURFACE_STYLE_FILL_AREA(#1418);
#1420=SURFACE_SIDE_STYLE('',(#1419));
#1421=SURFACE_STYLE_USAGE(.BOTH.,#1420);
#1422=PRESENTATION_STYLE_ASSIGNMENT((#1421));
#1423=STYLED_ITEM('',(#1422),#1415);
#1424=ADVANCED_FACE('',(#2934),#2936,.T.);
#1425=COLOUR_RGB('',0.6,0.298039215686275,0.);
#1426=FILL_AREA_STYLE_COLOUR('',#1425);
#1427=FILL_AREA_STYLE($,(#1426));
#1428=SURFACE_STYLE_FILL_AREA(#1427);
#1429=SURFACE_SIDE_STYLE('',(#1428));
#1430=SURFACE_STYLE_USAGE(.BOTH.,#1429);
#1431=PRESENTATION_STYLE_ASSIGNMENT((#1430));
#1432=STYLED_ITEM('',(#1431),#1424);
#1433=ADVANCED_FACE('',(#2941),#2943,.T.);
#1434=COLOUR_RGB('',0.6,0.298039215686275,0.);
#1435=FILL_AREA_STYLE_COLOUR('',#1434);
#1436=FILL_AREA_STYLE($,(#1435));
#1437=SURFACE_STYLE_FILL_AREA(#1436);
#1438=SURFACE_SIDE_STYLE('',(#1437));
#1439=SURFACE_STYLE_USAGE(.BOTH.,#1438);
#1440=PRESENTATION_STYLE_ASSIGNMENT((#1439));
#1441=STYLED_ITEM('',(#1440),#1433);
#1442=ADVANCED_FACE('',(#2948),#2950,.T.);
#1443=COLOUR_RGB('',0.6,0.298039215686275,0.);
#1444=FILL_AREA_STYLE_COLOUR('',#1443);
#1445=FILL_AREA_STYLE($,(#1444));
#1446=SURFACE_STYLE_FILL_AREA(#1445);
#1447=SURFACE_SIDE_STYLE('',(#1446));
#1448=SURFACE_STYLE_USAGE(.BOTH.,#1447);
#1449=PRESENTATION_STYLE_ASSIGNMENT((#1448));
#1450=STYLED_ITEM('',(#1449),#1442);
#1451=ADVANCED_FACE('',(#2955),#2957,.T.);
#1452=COLOUR_RGB('',0.6,0.298039215686275,0.);
#1453=FILL_AREA_STYLE_COLOUR('',#1452);
#1454=FILL_AREA_STYLE($,(#1453));
#1455=SURFACE_STYLE_FILL_AREA(#1454);
#1456=SURFACE_SIDE_STYLE('',(#1455));
#1457=SURFACE_STYLE_USAGE(.BOTH.,#1456);
#1458=PRESENTATION_STYLE_ASSIGNMENT((#1457));
#1459=STYLED_ITEM('',(#1458),#1451);
#1460=ADVANCED_FACE('',(#2962),#2964,.T.);
#1461=COLOUR_RGB('',0.6,0.298039215686275,0.);
#1462=FILL_AREA_STYLE_COLOUR('',#1461);
#1463=FILL_AREA_STYLE($,(#1462));
#1464=SURFACE_STYLE_FILL_AREA(#1463);
#1465=SURFACE_SIDE_STYLE('',(#1464));
#1466=SURFACE_STYLE_USAGE(.BOTH.,#1465);
#1467=PRESENTATION_STYLE_ASSIGNMENT((#1466));
#1468=STYLED_ITEM('',(#1467),#1460);
#1469=ADVANCED_FACE('',(#2969,#2971),#2973,.T.);
#1470=ADVANCED_FACE('',(#2978),#2980,.F.);
#1471=ADVANCED_FACE('',(#2985),#2987,.F.);
#1472=ADVANCED_FACE('',(#2992),#2994,.T.);
#1473=ADVANCED_FACE('',(#2999),#3001,.T.);
#1474=ADVANCED_FACE('',(#3006),#3008,.T.);
#1475=ADVANCED_FACE('',(#3013),#3015,.T.);
#1476=ADVANCED_FACE('',(#3020),#3022,.T.);
#1477=ADVANCED_FACE('',(#3027),#3029,.T.);
#1478=ADVANCED_FACE('',(#3034),#3036,.T.);
#1479=ADVANCED_FACE('',(#3041),#3043,.T.);
#1480=ADVANCED_FACE('',(#3048),#3050,.T.);
#1481=ADVANCED_FACE('',(#3055),#3057,.T.);
#1482=ADVANCED_FACE('',(#3062),#3064,.T.);
#1483=ADVANCED_FACE('',(#3069),#3071,.T.);
#1484=ADVANCED_FACE('',(#3076),#3078,.T.);
#1485=ADVANCED_FACE('',(#3083),#3085,.T.);
#1486=ADVANCED_FACE('',(#3090),#3092,.T.);
#1487=ADVANCED_FACE('',(#3097),#3099,.T.);
#1488=ADVANCED_FACE('',(#3104,#3106),#3108,.T.);
#1489=ADVANCED_FACE('',(#3113),#3115,.T.);
#1490=ADVANCED_FACE('',(#3120),#3122,.F.);
#1491=ADVANCED_FACE('',(#3127,#3129),#3131,.F.);
#1492=ADVANCED_FACE('',(#3136),#3138,.T.);
#1493=ADVANCED_FACE('',(#3142),#3144,.T.);
#1494=ADVANCED_FACE('',(#3148),#3150,.T.);
#1495=ADVANCED_FACE('',(#3154),#3156,.T.);
#1496=ADVANCED_FACE('',(#3160),#3162,.T.);
#1497=ADVANCED_FACE('',(#3166),#3168,.T.);
#1498=ADVANCED_FACE('',(#3172),#3174,.T.);
#1499=ADVANCED_FACE('',(#3178),#3180,.T.);
#1500=ADVANCED_FACE('',(#3184),#3186,.T.);
#1501=ADVANCED_FACE('',(#3191),#3193,.T.);
#1502=ADVANCED_FACE('',(#3198),#3200,.T.);
#1503=ADVANCED_FACE('',(#3205),#3207,.T.);
#1504=ADVANCED_FACE('',(#3211),#3213,.T.);
#1505=ADVANCED_FACE('',(#3217),#3219,.T.);
#1506=ADVANCED_FACE('',(#3224),#3226,.T.);
#1507=ADVANCED_FACE('',(#3231),#3233,.T.);
#1508=ADVANCED_FACE('',(#3238),#3240,.T.);
#1509=ADVANCED_FACE('',(#3245),#3247,.T.);
#1510=ADVANCED_FACE('',(#3252),#3254,.F.);
#1511=ADVANCED_FACE('',(#3259),#3261,.F.);
#1512=ADVANCED_FACE('',(#3265),#3267,.F.);
#1513=ADVANCED_FACE('',(#3271),#3273,.F.);
#1514=ADVANCED_FACE('',(#3277),#3279,.F.);
#1515=ADVANCED_FACE('',(#3283),#3285,.F.);
#1516=ADVANCED_FACE('',(#3290),#3292,.F.);
#1517=ADVANCED_FACE('',(#3297,#3299),#3301,.T.);
#1518=ADVANCED_FACE('',(#3306),#3308,.T.);
#1519=ADVANCED_FACE('',(#3313),#3315,.T.);
#1520=ADVANCED_FACE('',(#3320),#3322,.T.);
#1521=ADVANCED_FACE('',(#3327),#3329,.T.);
#1522=ADVANCED_FACE('',(#3334),#3336,.T.);
#1523=ADVANCED_FACE('',(#3341),#3343,.T.);
#1524=ADVANCED_FACE('',(#3348),#3350,.T.);
#1525=ADVANCED_FACE('',(#3355),#3357,.T.);
#1526=ADVANCED_FACE('',(#3362),#3364,.T.);
#1527=ADVANCED_FACE('',(#3369),#3371,.T.);
#1528=ADVANCED_FACE('',(#3376),#3378,.T.);
#1529=ADVANCED_FACE('',(#3383),#3385,.T.);
#1530=ADVANCED_FACE('',(#3390),#3392,.T.);
#1531=ADVANCED_FACE('',(#3397),#3399,.F.);
#1532=ADVANCED_FACE('',(#3404,#3406),#3408,.F.);
#1533=ADVANCED_FACE('',(#3413),#3415,.T.);
#1534=ADVANCED_FACE('',(#3419),#3421,.T.);
#1535=ADVANCED_FACE('',(#3425),#3427,.T.);
#1536=ADVANCED_FACE('',(#3431),#3433,.T.);
#1537=ADVANCED_FACE('',(#3437),#3439,.T.);
#1538=ADVANCED_FACE('',(#3444),#3446,.T.);
#1539=ADVANCED_FACE('',(#3451),#3453,.T.);
#1540=ADVANCED_FACE('',(#3458),#3460,.T.);
#1541=ADVANCED_FACE('',(#3464),#3466,.T.);
#1542=ADVANCED_FACE('',(#3470),#3472,.T.);
#1543=ADVANCED_FACE('',(#3477),#3479,.T.);
#1544=ADVANCED_FACE('',(#3483),#3485,.T.);
#1545=ADVANCED_FACE('',(#3490),#3492,.T.);
#1546=ADVANCED_FACE('',(#3496),#3498,.T.);
#1547=ADVANCED_FACE('',(#3502),#3504,.T.);
#1548=ADVANCED_FACE('',(#3509),#3511,.T.);
#1549=ADVANCED_FACE('',(#3515),#3517,.T.);
#1550=ADVANCED_FACE('',(#3521),#3523,.T.);
#1551=ADVANCED_FACE('',(#3528),#3530,.F.);
#1552=ADVANCED_FACE('',(#3534),#3536,.F.);
#1553=ADVANCED_FACE('',(#3540),#3542,.F.);
#1554=ADVANCED_FACE('',(#3547),#3549,.F.);
#1555=ADVANCED_FACE('',(#3553),#3555,.F.);
#1556=ADVANCED_FACE('',(#3559),#3561,.F.);
#1557=ADVANCED_FACE('',(#3566),#3568,.F.);
#1558=ADVANCED_FACE('',(#3573),#3575,.F.);
#1559=ADVANCED_FACE('',(#3580,#3582),#3584,.T.);
#1560=ADVANCED_FACE('',(#3589,#3591),#3593,.F.);
#1561=ADVANCED_FACE('',(#3598),#3600,.T.);
#1562=ADVANCED_FACE('',(#3604),#3606,.T.);
#1563=ADVANCED_FACE('',(#3610),#3612,.T.);
#1564=ADVANCED_FACE('',(#3617),#3619,.T.);
#1565=ADVANCED_FACE('',(#3623),#3625,.T.);
#1566=ADVANCED_FACE('',(#3630),#3632,.T.);
#1567=ADVANCED_FACE('',(#3636),#3638,.T.);
#1568=ADVANCED_FACE('',(#3642),#3644,.T.);
#1569=ADVANCED_FACE('',(#3649),#3651,.T.);
#1570=ADVANCED_FACE('',(#3655),#3657,.T.);
#1571=ADVANCED_FACE('',(#3661),#3663,.T.);
#1572=ADVANCED_FACE('',(#3668),#3670,.T.);
#1573=ADVANCED_FACE('',(#3675),#3677,.F.);
#1574=ADVANCED_FACE('',(#3681),#3683,.F.);
#1575=ADVANCED_FACE('',(#3687),#3689,.F.);
#1576=ADVANCED_FACE('',(#3694),#3696,.F.);
#1577=ADVANCED_FACE('',(#3700),#3702,.F.);
#1578=ADVANCED_FACE('',(#3706),#3708,.F.);
#1579=ADVANCED_FACE('',(#3713),#3715,.F.);
#1580=ADVANCED_FACE('',(#3720),#3722,.F.);
#1581=ADVANCED_FACE('',(#3727,#3729),#3731,.T.);
#1582=ADVANCED_FACE('',(#3736),#3738,.T.);
#1583=ADVANCED_FACE('',(#3743),#3745,.F.);
#1584=ADVANCED_FACE('',(#3750),#3752,.T.);
#1585=ADVANCED_FACE('',(#3757),#3759,.T.);
#1586=ADVANCED_FACE('',(#3764),#3766,.T.);
#1587=ADVANCED_FACE('',(#3771),#3773,.T.);
#1588=ADVANCED_FACE('',(#3777),#3779,.T.);
#1589=ADVANCED_FACE('',(#3783),#3785,.T.);
#1590=ADVANCED_FACE('',(#3790),#3792,.T.);
#1591=ADVANCED_FACE('',(#3796),#3798,.T.);
#1592=ADVANCED_FACE('',(#3803),#3805,.T.);
#1593=ADVANCED_FACE('',(#3809),#3811,.T.);
#1594=ADVANCED_FACE('',(#3815),#3817,.T.);
#1595=ADVANCED_FACE('',(#3822),#3824,.T.);
#1596=ADVANCED_FACE('',(#3828),#3830,.T.);
#1597=ADVANCED_FACE('',(#3834),#3836,.T.);
#1598=ADVANCED_FACE('',(#3841),#3843,.T.);
#1599=ADVANCED_FACE('',(#3847),#3849,.T.);
#1600=ADVANCED_FACE('',(#3853),#3855,.T.);
#1601=ADVANCED_FACE('',(#3860),#3862,.T.);
#1602=ADVANCED_FACE('',(#3867),#3869,.T.);
#1603=ADVANCED_FACE('',(#3873),#3875,.T.);
#1604=ADVANCED_FACE('',(#3879,#3881),#3883,.F.);
#1605=ADVANCED_FACE('',(#3888),#3890,.T.);
#1606=ADVANCED_FACE('',(#3894),#3896,.T.);
#1607=ADVANCED_FACE('',(#3900),#3902,.T.);
#1608=ADVANCED_FACE('',(#3907),#3909,.T.);
#1609=ADVANCED_FACE('',(#3913),#3915,.T.);
#1610=ADVANCED_FACE('',(#3919),#3921,.T.);
#1611=ADVANCED_FACE('',(#3926),#3928,.T.);
#1612=ADVANCED_FACE('',(#3932),#3934,.T.);
#1613=ADVANCED_FACE('',(#3938),#3940,.T.);
#1614=ADVANCED_FACE('',(#3945),#3947,.T.);
#1615=ADVANCED_FACE('',(#3951),#3953,.T.);
#1616=ADVANCED_FACE('',(#3958),#3960,.T.);
#1617=ADVANCED_FACE('',(#3964),#3966,.T.);
#1618=ADVANCED_FACE('',(#3970),#3972,.T.);
#1619=ADVANCED_FACE('',(#3976),#3978,.F.);
#1620=ADVANCED_FACE('',(#3983),#3985,.F.);
#1621=ADVANCED_FACE('',(#3989),#3991,.F.);
#1622=ADVANCED_FACE('',(#3995),#3997,.F.);
#1623=ADVANCED_FACE('',(#4002),#4004,.F.);
#1624=ADVANCED_FACE('',(#4008),#4010,.F.);
#1625=ADVANCED_FACE('',(#4014),#4016,.F.);
#1626=ADVANCED_FACE('',(#4021),#4023,.F.);
#1627=ADVANCED_FACE('',(#4027),#4029,.F.);
#1628=ADVANCED_FACE('',(#4033),#4035,.F.);
#1629=ADVANCED_FACE('',(#4040,#4042),#4044,.T.);
#1630=ADVANCED_FACE('',(#4049,#4051),#4053,.F.);
#1631=ADVANCED_FACE('',(#4058),#4060,.T.);
#1632=ADVANCED_FACE('',(#4064),#4066,.T.);
#1633=ADVANCED_FACE('',(#4070),#4072,.T.);
#1634=ADVANCED_FACE('',(#4077),#4079,.T.);
#1635=ADVANCED_FACE('',(#4083),#4085,.T.);
#1636=ADVANCED_FACE('',(#4089),#4091,.T.);
#1637=ADVANCED_FACE('',(#4096),#4098,.T.);
#1638=ADVANCED_FACE('',(#4102),#4104,.T.);
#1639=ADVANCED_FACE('',(#4108),#4110,.T.);
#1640=ADVANCED_FACE('',(#4115),#4117,.T.);
#1641=ADVANCED_FACE('',(#4121),#4123,.T.);
#1642=ADVANCED_FACE('',(#4128),#4130,.T.);
#1643=ADVANCED_FACE('',(#4134),#4136,.T.);
#1644=ADVANCED_FACE('',(#4140),#4142,.T.);
#1645=ADVANCED_FACE('',(#4146),#4148,.F.);
#1646=ADVANCED_FACE('',(#4153),#4155,.F.);
#1647=ADVANCED_FACE('',(#4159),#4161,.F.);
#1648=ADVANCED_FACE('',(#4165),#4167,.F.);
#1649=ADVANCED_FACE('',(#4172),#4174,.F.);
#1650=ADVANCED_FACE('',(#4178),#4180,.F.);
#1651=ADVANCED_FACE('',(#4184),#4186,.F.);
#1652=ADVANCED_FACE('',(#4191),#4193,.F.);
#1653=ADVANCED_FACE('',(#4197),#4199,.F.);
#1654=ADVANCED_FACE('',(#4203),#4205,.F.);
#1655=ADVANCED_FACE('',(#4210,#4212),#4214,.T.);
#1656=ADVANCED_FACE('',(#4219),#4221,.T.);
#1657=ADVANCED_FACE('',(#4226),#4228,.F.);
#1658=ADVANCED_FACE('',(#4233),#4235,.T.);
#1659=ADVANCED_FACE('',(#4240),#4242,.T.);
#1660=ADVANCED_FACE('',(#4247),#4249,.T.);
#1661=ADVANCED_FACE('',(#4253),#4255,.T.);
#1662=ADVANCED_FACE('',(#4259),#4261,.T.);
#1663=ADVANCED_FACE('',(#4266),#4268,.T.);
#1664=ADVANCED_FACE('',(#4273),#4275,.T.);
#1665=ADVANCED_FACE('',(#4279),#4281,.T.);
#1666=ADVANCED_FACE('',(#4285),#4287,.T.);
#1667=ADVANCED_FACE('',(#4292),#4294,.T.);
#1668=ADVANCED_FACE('',(#4298),#4300,.T.);
#1669=ADVANCED_FACE('',(#4304),#4306,.T.);
#1670=ADVANCED_FACE('',(#4310),#4312,.T.);
#1671=ADVANCED_FACE('',(#4316),#4318,.T.);
#1672=ADVANCED_FACE('',(#4323),#4325,.T.);
#1673=ADVANCED_FACE('',(#4329),#4331,.T.);
#1674=ADVANCED_FACE('',(#4335),#4337,.T.);
#1675=ADVANCED_FACE('',(#4341),#4343,.F.);
#1676=ADVANCED_FACE('',(#4348),#4350,.T.);
#1677=ADVANCED_FACE('',(#4354),#4356,.T.);
#1678=ADVANCED_FACE('',(#4361),#4363,.T.);
#1679=ADVANCED_FACE('',(#4367),#4369,.T.);
#1680=ADVANCED_FACE('',(#4373),#4375,.T.);
#1681=ADVANCED_FACE('',(#4379),#4381,.T.);
#1682=ADVANCED_FACE('',(#4386),#4388,.T.);
#1683=ADVANCED_FACE('',(#4392),#4394,.T.);
#1684=ADVANCED_FACE('',(#4398),#4400,.T.);
#1685=ADVANCED_FACE('',(#4404),#4406,.T.);
#1686=ADVANCED_FACE('',(#4411),#4413,.T.);
#1687=ADVANCED_FACE('',(#4417),#4419,.T.);
#1688=ADVANCED_FACE('',(#4423),#4425,.T.);
#1689=ADVANCED_FACE('',(#4429),#4431,.T.);
#1690=ADVANCED_FACE('',(#4436),#4438,.T.);
#1691=ADVANCED_FACE('',(#4442),#4444,.T.);
#1692=ADVANCED_FACE('',(#4448),#4450,.T.);
#1693=ADVANCED_FACE('',(#4454),#4456,.T.);
#1694=ADVANCED_FACE('',(#4460),#4462,.T.);
#1695=ADVANCED_FACE('',(#4466),#4468,.T.);
#1696=ADVANCED_FACE('',(#4472),#4474,.T.);
#1697=ADVANCED_FACE('',(#4478),#4480,.T.);
#1698=ADVANCED_FACE('',(#4485),#4487,.T.);
#1699=ADVANCED_FACE('',(#4491),#4493,.T.);
#1700=ADVANCED_FACE('',(#4497),#4499,.T.);
#1701=ADVANCED_FACE('',(#4503),#4505,.T.);
#1702=ADVANCED_FACE('',(#4510),#4512,.T.);
#1703=ADVANCED_FACE('',(#4516),#4518,.T.);
#1704=ADVANCED_FACE('',(#4522),#4524,.T.);
#1705=ADVANCED_FACE('',(#4528),#4530,.T.);
#1706=ADVANCED_FACE('',(#4535),#4537,.T.);
#1707=ADVANCED_FACE('',(#4541),#4543,.T.);
#1708=ADVANCED_FACE('',(#4547,#4549),#4551,.F.);
#1709=ADVANCED_FACE('',(#4556),#4558,.T.);
#1710=ADVANCED_FACE('',(#4562),#4564,.T.);
#1711=ADVANCED_FACE('',(#4569),#4571,.T.);
#1712=ADVANCED_FACE('',(#4575),#4577,.T.);
#1713=ADVANCED_FACE('',(#4581),#4583,.T.);
#1714=ADVANCED_FACE('',(#4588),#4590,.T.);
#1715=ADVANCED_FACE('',(#4594),#4596,.T.);
#1716=ADVANCED_FACE('',(#4600),#4602,.T.);
#1717=ADVANCED_FACE('',(#4607),#4609,.T.);
#1718=ADVANCED_FACE('',(#4613),#4615,.T.);
#1719=ADVANCED_FACE('',(#4619),#4621,.T.);
#1720=ADVANCED_FACE('',(#4626),#4628,.T.);
#1721=ADVANCED_FACE('',(#4632),#4634,.F.);
#1722=ADVANCED_FACE('',(#4638),#4640,.F.);
#1723=ADVANCED_FACE('',(#4644),#4646,.F.);
#1724=ADVANCED_FACE('',(#4651),#4653,.F.);
#1725=ADVANCED_FACE('',(#4657),#4659,.F.);
#1726=ADVANCED_FACE('',(#4663),#4665,.F.);
#1727=ADVANCED_FACE('',(#4670),#4672,.F.);
#1728=ADVANCED_FACE('',(#4676),#4678,.F.);
#1729=ADVANCED_FACE('',(#4682),#4684,.F.);
#1730=ADVANCED_FACE('',(#4689),#4691,.F.);
#1731=ADVANCED_FACE('',(#4695),#4697,.F.);
#1732=ADVANCED_FACE('',(#4701),#4703,.F.);
#1733=ADVANCED_FACE('',(#4708,#4710),#4712,.T.);
#1734=ADVANCED_FACE('',(#4717,#4719),#4721,.F.);
#1735=ADVANCED_FACE('',(#4726),#4728,.T.);
#1736=ADVANCED_FACE('',(#4732),#4734,.T.);
#1737=ADVANCED_FACE('',(#4738),#4740,.T.);
#1738=ADVANCED_FACE('',(#4745),#4747,.T.);
#1739=ADVANCED_FACE('',(#4751),#4753,.T.);
#1740=ADVANCED_FACE('',(#4757),#4759,.T.);
#1741=ADVANCED_FACE('',(#4764),#4766,.T.);
#1742=ADVANCED_FACE('',(#4770),#4772,.T.);
#1743=ADVANCED_FACE('',(#4776),#4778,.T.);
#1744=ADVANCED_FACE('',(#4783),#4785,.T.);
#1745=ADVANCED_FACE('',(#4789),#4791,.T.);
#1746=ADVANCED_FACE('',(#4795),#4797,.T.);
#1747=ADVANCED_FACE('',(#4802),#4804,.T.);
#1748=ADVANCED_FACE('',(#4808),#4810,.T.);
#1749=ADVANCED_FACE('',(#4814),#4816,.T.);
#1750=ADVANCED_FACE('',(#4821),#4823,.T.);
#1751=ADVANCED_FACE('',(#4827),#4829,.T.);
#1752=ADVANCED_FACE('',(#4834),#4836,.T.);
#1753=ADVANCED_FACE('',(#4841),#4843,.F.);
#1754=ADVANCED_FACE('',(#4848),#4850,.F.);
#1755=ADVANCED_FACE('',(#4854),#4856,.F.);
#1756=ADVANCED_FACE('',(#4860),#4862,.F.);
#1757=ADVANCED_FACE('',(#4867),#4869,.F.);
#1758=ADVANCED_FACE('',(#4873),#4875,.F.);
#1759=ADVANCED_FACE('',(#4879),#4881,.F.);
#1760=ADVANCED_FACE('',(#4886),#4888,.F.);
#1761=ADVANCED_FACE('',(#4893,#4895),#4897,.T.);
#1762=ADVANCED_FACE('',(#4902),#4904,.T.);
#1763=ADVANCED_FACE('',(#4908),#4910,.F.);
#1764=ADVANCED_FACE('',(#4915),#4917,.T.);
#1765=ADVANCED_FACE('',(#4921),#4923,.T.);
#1766=ADVANCED_FACE('',(#4928),#4930,.T.);
#1767=ADVANCED_FACE('',(#4934),#4936,.T.);
#1768=ADVANCED_FACE('',(#4940),#4942,.T.);
#1769=ADVANCED_FACE('',(#4947),#4949,.T.);
#1770=ADVANCED_FACE('',(#4954),#4956,.T.);
#1771=ADVANCED_FACE('',(#4960),#4962,.T.);
#1772=ADVANCED_FACE('',(#4966),#4968,.T.);
#1773=ADVANCED_FACE('',(#4973),#4975,.T.);
#1774=ADVANCED_FACE('',(#4979),#4981,.T.);
#1775=ADVANCED_FACE('',(#4986),#4988,.T.);
#1776=ADVANCED_FACE('',(#4992),#4994,.T.);
#1777=ADVANCED_FACE('',(#4998),#5000,.T.);
#1778=ADVANCED_FACE('',(#5005),#5007,.F.);
#1779=ADVANCED_FACE('',(#5012),#5014,.T.);
#1780=ADVANCED_FACE('',(#5018),#5020,.T.);
#1781=ADVANCED_FACE('',(#5025),#5027,.T.);
#1782=ADVANCED_FACE('',(#5031),#5033,.T.);
#1783=ADVANCED_FACE('',(#5037),#5039,.T.);
#1784=ADVANCED_FACE('',(#5044),#5046,.T.);
#1785=ADVANCED_FACE('',(#5050),#5052,.T.);
#1786=ADVANCED_FACE('',(#5056),#5058,.F.);
#1787=ADVANCED_FACE('',(#5063),#5065,.T.);
#1788=ADVANCED_FACE('',(#5069),#5071,.T.);
#1789=ADVANCED_FACE('',(#5076),#5078,.T.);
#1790=ADVANCED_FACE('',(#5082),#5084,.T.);
#1791=ADVANCED_FACE('',(#5088,#5090),#5092,.F.);
#1792=ADVANCED_FACE('',(#5097,#5099),#5101,.T.);
#1793=ADVANCED_FACE('',(#5106),#5108,.F.);
#1794=ADVANCED_FACE('',(#5113),#5115,.F.);
#1795=ADVANCED_FACE('',(#5120),#5122,.F.);
#1796=ADVANCED_FACE('',(#5127),#5129,.T.);
#1797=ADVANCED_FACE('',(#5134),#5136,.T.);
#1798=ADVANCED_FACE('',(#5141),#5143,.T.);
#1799=ADVANCED_FACE('',(#5148),#5150,.T.);
#1800=ADVANCED_FACE('',(#5155),#5157,.T.);
#1801=ADVANCED_FACE('',(#5162),#5164,.T.);
#1802=ADVANCED_FACE('',(#5169),#5171,.T.);
#1803=ADVANCED_FACE('',(#5176),#5178,.T.);
#1804=ADVANCED_FACE('',(#5183),#5185,.T.);
#1805=ADVANCED_FACE('',(#5190),#5192,.T.);
#1806=ADVANCED_FACE('',(#5197),#5199,.T.);
#1807=FACE_BOUND('',#1808,.T.);
#1808=EDGE_LOOP('',(#5204,#5205,#5206,#5207));
#1809=PLANE('',#1810);
#1810=AXIS2_PLACEMENT_3D('',#1811,#1812,#1813);
#1811=CARTESIAN_POINT('',(0.,0.,3.5));
#1812=DIRECTION('',(0.,0.,1.));
#1813=DIRECTION('',(1.,0.,0.));
#1814=FACE_BOUND('',#1815,.T.);
#1815=EDGE_LOOP('',(#5208,#5209,#5210,#5211));
#1816=PLANE('',#1817);
#1817=AXIS2_PLACEMENT_3D('',#1818,#1819,#1820);
#1818=CARTESIAN_POINT('',(0.,0.,3.5));
#1819=DIRECTION('',(0.,0.,1.));
#1820=DIRECTION('',(1.,0.,0.));
#1821=FACE_BOUND('',#1822,.T.);
#1822=EDGE_LOOP('',(#5212,#5213,#5214,#5215));
#1823=PLANE('',#1824);
#1824=AXIS2_PLACEMENT_3D('',#1825,#1826,#1827);
#1825=CARTESIAN_POINT('',(0.,0.,3.5));
#1826=DIRECTION('',(0.,0.,1.));
#1827=DIRECTION('',(1.,0.,0.));
#1828=FACE_BOUND('',#1829,.T.);
#1829=EDGE_LOOP('',(#5216,#5217,#5218,#5219));
#1830=PLANE('',#1831);
#1831=AXIS2_PLACEMENT_3D('',#1832,#1833,#1834);
#1832=CARTESIAN_POINT('',(0.,0.,3.5));
#1833=DIRECTION('',(0.,0.,1.));
#1834=DIRECTION('',(1.,0.,0.));
#1835=FACE_BOUND('',#1836,.T.);
#1836=EDGE_LOOP('',(#5220,#5221,#5222,#5223));
#1837=PLANE('',#1838);
#1838=AXIS2_PLACEMENT_3D('',#1839,#1840,#1841);
#1839=CARTESIAN_POINT('',(0.,0.,3.5));
#1840=DIRECTION('',(0.,0.,1.));
#1841=DIRECTION('',(1.,0.,0.));
#1842=FACE_BOUND('',#1843,.T.);
#1843=EDGE_LOOP('',(#5224,#5225,#5226,#5227));
#1844=PLANE('',#1845);
#1845=AXIS2_PLACEMENT_3D('',#1846,#1847,#1848);
#1846=CARTESIAN_POINT('',(0.,0.,3.5));
#1847=DIRECTION('',(0.,0.,1.));
#1848=DIRECTION('',(1.,0.,0.));
#1849=FACE_BOUND('',#1850,.T.);
#1850=EDGE_LOOP('',(#5228,#5229,#5230,#5231));
#1851=PLANE('',#1852);
#1852=AXIS2_PLACEMENT_3D('',#1853,#1854,#1855);
#1853=CARTESIAN_POINT('',(0.,0.,-1.5));
#1854=DIRECTION('',(0.,0.,1.));
#1855=DIRECTION('',(1.,0.,0.));
#1856=FACE_BOUND('',#1857,.T.);
#1857=EDGE_LOOP('',(#5232,#5233,#5234,#5235));
#1858=PLANE('',#1859);
#1859=AXIS2_PLACEMENT_3D('',#1860,#1861,#1862);
#1860=CARTESIAN_POINT('',(0.,0.,-1.5));
#1861=DIRECTION('',(0.,0.,1.));
#1862=DIRECTION('',(1.,0.,0.));
#1863=FACE_BOUND('',#1864,.T.);
#1864=EDGE_LOOP('',(#5236,#5237,#5238,#5239));
#1865=PLANE('',#1866);
#1866=AXIS2_PLACEMENT_3D('',#1867,#1868,#1869);
#1867=CARTESIAN_POINT('',(0.,0.,-1.5));
#1868=DIRECTION('',(0.,0.,1.));
#1869=DIRECTION('',(1.,0.,0.));
#1870=FACE_BOUND('',#1871,.T.);
#1871=EDGE_LOOP('',(#5240,#5241,#5242,#5243));
#1872=PLANE('',#1873);
#1873=AXIS2_PLACEMENT_3D('',#1874,#1875,#1876);
#1874=CARTESIAN_POINT('',(0.,0.,-1.5));
#1875=DIRECTION('',(0.,0.,1.));
#1876=DIRECTION('',(1.,0.,0.));
#1877=FACE_BOUND('',#1878,.T.);
#1878=EDGE_LOOP('',(#5244,#5245,#5246,#5247));
#1879=PLANE('',#1880);
#1880=AXIS2_PLACEMENT_3D('',#1881,#1882,#1883);
#1881=CARTESIAN_POINT('',(0.,0.,-1.5));
#1882=DIRECTION('',(0.,0.,1.));
#1883=DIRECTION('',(1.,0.,0.));
#1884=FACE_BOUND('',#1885,.T.);
#1885=EDGE_LOOP('',(#5248,#5249,#5250,#5251));
#1886=PLANE('',#1887);
#1887=AXIS2_PLACEMENT_3D('',#1888,#1889,#1890);
#1888=CARTESIAN_POINT('',(0.,0.,-1.5));
#1889=DIRECTION('',(0.,0.,1.));
#1890=DIRECTION('',(1.,0.,0.));
#1891=FACE_BOUND('',#1892,.T.);
#1892=EDGE_LOOP('',(#5252,#5253,#5254,#5255,#5256,#5257,#5258,#5259,#5260,#5261,
#5262,#5263,#5264,#5265,#5266,#5267,#5268,#5269,#5270,#5271,#5272));
#1893=PLANE('',#1894);
#1894=AXIS2_PLACEMENT_3D('',#1895,#1896,#1897);
#1895=CARTESIAN_POINT('',(4.,0.,-1.5));
#1896=DIRECTION('',(1.,0.,0.));
#1897=DIRECTION('',(0.,1.,0.));
#1898=FACE_BOUND('',#1899,.T.);
#1899=EDGE_LOOP('',(#5273,#5274,#5275,#5276,#5277,#5278,#5279,#5280,#5281,#5282,
#5283,#5284,#5285,#5286,#5287,#5288,#5289,#5290,#5291,#5292,#5293));
#1900=PLANE('',#1901);
#1901=AXIS2_PLACEMENT_3D('',#1902,#1903,#1904);
#1902=CARTESIAN_POINT('',(4.,0.,-1.5));
#1903=DIRECTION('',(1.,0.,0.));
#1904=DIRECTION('',(0.,1.,0.));
#1905=FACE_BOUND('',#1906,.T.);
#1906=EDGE_LOOP('',(#5294,#5295,#5296,#5297,#5298,#5299,#5300,#5301));
#1907=PLANE('',#1908);
#1908=AXIS2_PLACEMENT_3D('',#1909,#1910,#1911);
#1909=CARTESIAN_POINT('',(0.,0.,0.));
#1910=DIRECTION('',(0.,-1.,0.));
#1911=DIRECTION('',(1.,0.,0.));
#1912=FACE_BOUND('',#1913,.T.);
#1913=EDGE_LOOP('',(#5302,#5303,#5304,#5305,#5306,#5307,#5308,#5309,#5310,#5311,
#5312,#5313,#5314,#5315,#5316,#5317,#5318,#5319,#5320,#5321,#5322,#5323,#5324,#5325,
#5326,#5327,#5328,#5329,#5330,#5331,#5332,#5333,#5334,#5335,#5336,#5337,#5338,#5339));
#1914=PLANE('',#1915);
#1915=AXIS2_PLACEMENT_3D('',#1916,#1917,#1918);
#1916=CARTESIAN_POINT('',(0.,15.,0.));
#1917=DIRECTION('',(-1.,0.,0.));
#1918=DIRECTION('',(0.,-1.,0.));
#1919=FACE_BOUND('',#1920,.T.);
#1920=EDGE_LOOP('',(#5340,#5341,#5342,#5343,#5344,#5345,#5346,#5347));
#1921=PLANE('',#1922);
#1922=AXIS2_PLACEMENT_3D('',#1923,#1924,#1925);
#1923=CARTESIAN_POINT('',(30.,15.,0.));
#1924=DIRECTION('',(0.,1.,0.));
#1925=DIRECTION('',(-1.,0.,0.));
#1926=FACE_BOUND('',#1927,.T.);
#1927=EDGE_LOOP('',(#5348,#5349,#5350,#5351));
#1928=PLANE('',#1929);
#1929=AXIS2_PLACEMENT_3D('',#1930,#1931,#1932);
#1930=CARTESIAN_POINT('',(10.,5.,3.));
#1931=DIRECTION('',(0.,-0.707106781186547,-0.707106781186547));
#1932=DIRECTION('',(0.,-0.707106781186547,0.707106781186547));
#1933=FACE_BOUND('',#1934,.T.);
#1934=EDGE_LOOP('',(#5352,#5353,#5354,#5355));
#1935=PLANE('',#1936);
#1936=AXIS2_PLACEMENT_3D('',#1937,#1938,#1939);
#1937=CARTESIAN_POINT('',(10.,5.5,3.5));
#1938=DIRECTION('',(0.,0.707106781186547,-0.707106781186547));
#1939=DIRECTION('',(0.,-0.707106781186547,-0.707106781186547));
#1940=FACE_BOUND('',#1941,.T.);
#1941=EDGE_LOOP('',(#5356,#5357,#5358,#5359));
#1942=PLANE('',#1943);
#1943=AXIS2_PLACEMENT_3D('',#1944,#1945,#1946);
#1944=CARTESIAN_POINT('',(10.,2.5,3.));
#1945=DIRECTION('',(0.,-0.707106781186547,-0.707106781186548));
#1946=DIRECTION('',(0.,-0.707106781186548,0.707106781186547));
#1947=FACE_BOUND('',#1948,.T.);
#1948=EDGE_LOOP('',(#5360,#5361,#5362,#5363));
#1949=PLANE('',#1950);
#1950=AXIS2_PLACEMENT_3D('',#1951,#1952,#1953);
#1951=CARTESIAN_POINT('',(10.,3.,3.5));
#1952=DIRECTION('',(0.,0.707106781186547,-0.707106781186547));
#1953=DIRECTION('',(0.,-0.707106781186547,-0.707106781186547));
#1954=FACE_BOUND('',#1955,.T.);
#1955=EDGE_LOOP('',(#5364,#5365,#5366,#5367));
#1956=PLANE('',#1957);
#1957=AXIS2_PLACEMENT_3D('',#1958,#1959,#1960);
#1958=CARTESIAN_POINT('',(10.,0.5,3.5));
#1959=DIRECTION('',(0.,0.707106781186548,-0.707106781186547));
#1960=DIRECTION('',(0.,-0.707106781186547,-0.707106781186548));
#1961=FACE_BOUND('',#1962,.T.);
#1962=EDGE_LOOP('',(#5368,#5369,#5370,#5371));
#1963=PLANE('',#1964);
#1964=AXIS2_PLACEMENT_3D('',#1965,#1966,#1967);
#1965=CARTESIAN_POINT('',(10.,6.12323399573677E-17,-1.));
#1966=DIRECTION('',(0.,0.707106781186547,0.707106781186547));
#1967=DIRECTION('',(0.,0.707106781186547,-0.707106781186547));
#1968=FACE_BOUND('',#1969,.T.);
#1969=EDGE_LOOP('',(#5372,#5373,#5374,#5375));
#1970=PLANE('',#1971);
#1971=AXIS2_PLACEMENT_3D('',#1972,#1973,#1974);
#1972=CARTESIAN_POINT('',(10.,2.5,-1.));
#1973=DIRECTION('',(0.,0.707106781186547,0.707106781186547));
#1974=DIRECTION('',(0.,0.707106781186547,-0.707106781186547));
#1975=FACE_BOUND('',#1976,.T.);
#1976=EDGE_LOOP('',(#5376,#5377,#5378,#5379));
#1977=PLANE('',#1978);
#1978=AXIS2_PLACEMENT_3D('',#1979,#1980,#1981);
#1979=CARTESIAN_POINT('',(10.,2.,-1.5));
#1980=DIRECTION('',(0.,-0.707106781186547,0.707106781186547));
#1981=DIRECTION('',(0.,0.707106781186547,0.707106781186547));
#1982=FACE_BOUND('',#1983,.T.);
#1983=EDGE_LOOP('',(#5380,#5381,#5382,#5383));
#1984=PLANE('',#1985);
#1985=AXIS2_PLACEMENT_3D('',#1986,#1987,#1988);
#1986=CARTESIAN_POINT('',(10.,5.,-1.));
#1987=DIRECTION('',(0.,0.707106781186547,0.707106781186548));
#1988=DIRECTION('',(0.,0.707106781186548,-0.707106781186547));
#1989=FACE_BOUND('',#1990,.T.);
#1990=EDGE_LOOP('',(#5384,#5385,#5386,#5387));
#1991=PLANE('',#1992);
#1992=AXIS2_PLACEMENT_3D('',#1993,#1994,#1995);
#1993=CARTESIAN_POINT('',(10.,4.5,-1.5));
#1994=DIRECTION('',(0.,-0.707106781186547,0.707106781186547));
#1995=DIRECTION('',(0.,0.707106781186547,0.707106781186547));
#1996=FACE_BOUND('',#1997,.T.);
#1997=EDGE_LOOP('',(#5388,#5389,#5390,#5391));
#1998=PLANE('',#1999);
#1999=AXIS2_PLACEMENT_3D('',#2000,#2001,#2002);
#2000=CARTESIAN_POINT('',(10.,7.5,3.));
#2001=DIRECTION('',(0.,-0.707106781186547,-0.707106781186547));
#2002=DIRECTION('',(0.,-0.707106781186547,0.707106781186547));
#2003=FACE_BOUND('',#2004,.T.);
#2004=EDGE_LOOP('',(#5392,#5393,#5394,#5395));
#2005=PLANE('',#2006);
#2006=AXIS2_PLACEMENT_3D('',#2007,#2008,#2009);
#2007=CARTESIAN_POINT('',(10.,8.,3.5));
#2008=DIRECTION('',(0.,0.707106781186547,-0.707106781186547));
#2009=DIRECTION('',(0.,-0.707106781186547,-0.707106781186547));
#2010=FACE_BOUND('',#2011,.T.);
#2011=EDGE_LOOP('',(#5396,#5397,#5398,#5399));
#2012=PLANE('',#2013);
#2013=AXIS2_PLACEMENT_3D('',#2014,#2015,#2016);
#2014=CARTESIAN_POINT('',(10.,7.5,-1.));
#2015=DIRECTION('',(0.,0.707106781186547,0.707106781186547));
#2016=DIRECTION('',(0.,0.707106781186547,-0.707106781186547));
#2017=FACE_BOUND('',#2018,.T.);
#2018=EDGE_LOOP('',(#5400,#5401,#5402,#5403));
#2019=PLANE('',#2020);
#2020=AXIS2_PLACEMENT_3D('',#2021,#2022,#2023);
#2021=CARTESIAN_POINT('',(10.,7.,-1.5));
#2022=DIRECTION('',(0.,-0.707106781186547,0.707106781186547));
#2023=DIRECTION('',(0.,0.707106781186547,0.707106781186547));
#2024=FACE_BOUND('',#2025,.T.);
#2025=EDGE_LOOP('',(#5404,#5405,#5406,#5407));
#2026=PLANE('',#2027);
#2027=AXIS2_PLACEMENT_3D('',#2028,#2029,#2030);
#2028=CARTESIAN_POINT('',(10.,10.,-1.));
#2029=DIRECTION('',(0.,0.707106781186547,0.707106781186547));
#2030=DIRECTION('',(0.,0.707106781186547,-0.707106781186547));
#2031=FACE_BOUND('',#2032,.T.);
#2032=EDGE_LOOP('',(#5408,#5409,#5410,#5411));
#2033=PLANE('',#2034);
#2034=AXIS2_PLACEMENT_3D('',#2035,#2036,#2037);
#2035=CARTESIAN_POINT('',(10.,9.5,-1.5));
#2036=DIRECTION('',(0.,-0.707106781186547,0.707106781186547));
#2037=DIRECTION('',(0.,0.707106781186547,0.707106781186547));
#2038=FACE_BOUND('',#2039,.T.);
#2039=EDGE_LOOP('',(#5412,#5413,#5414,#5415));
#2040=PLANE('',#2041);
#2041=AXIS2_PLACEMENT_3D('',#2042,#2043,#2044);
#2042=CARTESIAN_POINT('',(10.,12.5,-1.));
#2043=DIRECTION('',(0.,0.707106781186547,0.707106781186548));
#2044=DIRECTION('',(0.,0.707106781186548,-0.707106781186547));
#2045=FACE_BOUND('',#2046,.T.);
#2046=EDGE_LOOP('',(#5416,#5417,#5418,#5419));
#2047=PLANE('',#2048);
#2048=AXIS2_PLACEMENT_3D('',#2049,#2050,#2051);
#2049=CARTESIAN_POINT('',(10.,12.,-1.5));
#2050=DIRECTION('',(0.,-0.707106781186547,0.707106781186547));
#2051=DIRECTION('',(0.,0.707106781186547,0.707106781186547));
#2052=FACE_BOUND('',#2053,.T.);
#2053=EDGE_LOOP('',(#5420,#5421,#5422,#5423));
#2054=PLANE('',#2055);
#2055=AXIS2_PLACEMENT_3D('',#2056,#2057,#2058);
#2056=CARTESIAN_POINT('',(10.,14.5,-1.5));
#2057=DIRECTION('',(0.,-0.707106781186547,0.707106781186547));
#2058=DIRECTION('',(0.,0.707106781186547,0.707106781186547));
#2059=FACE_BOUND('',#2060,.T.);
#2060=EDGE_LOOP('',(#5424,#5425,#5426,#5427));
#2061=PLANE('',#2062);
#2062=AXIS2_PLACEMENT_3D('',#2063,#2064,#2065);
#2063=CARTESIAN_POINT('',(10.,10.,3.));
#2064=DIRECTION('',(0.,-0.707106781186547,-0.707106781186547));
#2065=DIRECTION('',(0.,-0.707106781186547,0.707106781186547));
#2066=FACE_BOUND('',#2067,.T.);
#2067=EDGE_LOOP('',(#5428,#5429,#5430,#5431));
#2068=PLANE('',#2069);
#2069=AXIS2_PLACEMENT_3D('',#2070,#2071,#2072);
#2070=CARTESIAN_POINT('',(10.,10.5,3.5));
#2071=DIRECTION('',(0.,0.707106781186547,-0.707106781186547));
#2072=DIRECTION('',(0.,-0.707106781186547,-0.707106781186547));
#2073=FACE_BOUND('',#2074,.T.);
#2074=EDGE_LOOP('',(#5432,#5433,#5434,#5435));
#2075=PLANE('',#2076);
#2076=AXIS2_PLACEMENT_3D('',#2077,#2078,#2079);
#2077=CARTESIAN_POINT('',(10.,12.5,3.));
#2078=DIRECTION('',(0.,-0.707106781186547,-0.707106781186547));
#2079=DIRECTION('',(0.,-0.707106781186547,0.707106781186547));
#2080=FACE_BOUND('',#2081,.T.);
#2081=EDGE_LOOP('',(#5436,#5437,#5438,#5439));
#2082=PLANE('',#2083);
#2083=AXIS2_PLACEMENT_3D('',#2084,#2085,#2086);
#2084=CARTESIAN_POINT('',(10.,13.,3.5));
#2085=DIRECTION('',(0.,0.707106781186547,-0.707106781186547));
#2086=DIRECTION('',(0.,-0.707106781186547,-0.707106781186547));
#2087=FACE_BOUND('',#2088,.T.);
#2088=EDGE_LOOP('',(#5440,#5441,#5442,#5443));
#2089=PLANE('',#2090);
#2090=AXIS2_PLACEMENT_3D('',#2091,#2092,#2093);
#2091=CARTESIAN_POINT('',(10.,15.,3.));
#2092=DIRECTION('',(0.,-0.707106781186547,-0.707106781186547));
#2093=DIRECTION('',(0.,-0.707106781186547,0.707106781186547));
#2094=FACE_BOUND('',#2095,.T.);
#2095=EDGE_LOOP('',(#5444,#5445,#5446,#5447,#5448,#5449));
#2096=PLANE('',#2097);
#2097=AXIS2_PLACEMENT_3D('',#2098,#2099,#2100);
#2098=CARTESIAN_POINT('',(0.,0.,0.));
#2099=DIRECTION('',(0.,0.,1.));
#2100=DIRECTION('',(1.,0.,0.));
#2101=FACE_BOUND('',#2102,.T.);
#2102=EDGE_LOOP('',(#5450,#5451,#5452,#5453,#5454,#5455));
#2103=PLANE('',#2104);
#2104=AXIS2_PLACEMENT_3D('',#2105,#2106,#2107);
#2105=CARTESIAN_POINT('',(0.,0.,2.));
#2106=DIRECTION('',(0.,0.,1.));
#2107=DIRECTION('',(1.,0.,0.));
#2108=FACE_BOUND('',#2109,.T.);
#2109=EDGE_LOOP('',(#5456,#5457,#5458,#5459));
#2110=PLANE('',#2111);
#2111=AXIS2_PLACEMENT_3D('',#2112,#2113,#2114);
#2112=CARTESIAN_POINT('',(30.,0.,0.));
#2113=DIRECTION('',(1.,0.,0.));
#2114=DIRECTION('',(0.,1.,0.));
#2115=FACE_BOUND('',#2116,.T.);
#2116=EDGE_LOOP('',(#5460,#5461,#5462,#5463));
#2117=CYLINDRICAL_SURFACE('',#2118,1.);
#2118=AXIS2_PLACEMENT_3D('',#2119,#2120,#2121);
#2119=CARTESIAN_POINT('',(29.,1.,-4.));
#2120=DIRECTION('',(0.,0.,-1.));
#2121=DIRECTION('',(1.,0.,0.));
#2122=FACE_BOUND('',#2123,.T.);
#2123=EDGE_LOOP('',(#5464,#5465,#5466,#5467));
#2124=CYLINDRICAL_SURFACE('',#2125,1.);
#2125=AXIS2_PLACEMENT_3D('',#2126,#2127,#2128);
#2126=CARTESIAN_POINT('',(29.,14.,-4.));
#2127=DIRECTION('',(0.,0.,-1.));
#2128=DIRECTION('',(0.,1.,0.));
#2129=FACE_BOUND('',#2130,.T.);
#2130=EDGE_LOOP('',(#5468,#5469,#5470,#5471));
#2131=PLANE('',#2132);
#2132=AXIS2_PLACEMENT_3D('',#2133,#2134,#2135);
#2133=CARTESIAN_POINT('',(0.,11.75,1.75));
#2134=DIRECTION('',(0.,0.,-1.));
#2135=DIRECTION('',(0.,-1.,0.));
#2136=FACE_BOUND('',#2137,.T.);
#2137=EDGE_LOOP('',(#5472,#5473,#5474,#5475));
#2138=PLANE('',#2139);
#2139=AXIS2_PLACEMENT_3D('',#2140,#2141,#2142);
#2140=CARTESIAN_POINT('',(-5.8,12.55,1.75));
#2141=DIRECTION('',(-0.707106781186547,0.,-0.707106781186548));
#2142=DIRECTION('',(0.,-1.,0.));
#2143=FACE_BOUND('',#2144,.T.);
#2144=EDGE_LOOP('',(#5476,#5477,#5478,#5479));
#2145=PLANE('',#2146);
#2146=AXIS2_PLACEMENT_3D('',#2147,#2148,#2149);
#2147=CARTESIAN_POINT('',(0.,11.75,2.75));
#2148=DIRECTION('',(0.,1.,0.));
#2149=DIRECTION('',(0.,0.,-1.));
#2150=FACE_BOUND('',#2151,.T.);
#2151=EDGE_LOOP('',(#5480,#5481,#5482,#5483));
#2152=PLANE('',#2153);
#2153=AXIS2_PLACEMENT_3D('',#2154,#2155,#2156);
#2154=CARTESIAN_POINT('',(0.,0.,0.));
#2155=DIRECTION('',(-1.,0.,0.));
#2156=DIRECTION('',(0.,-1.,-6.12323399573677E-17));
#2157=FACE_BOUND('',#2158,.T.);
#2158=EDGE_LOOP('',(#5484,#5485,#5486,#5487));
#2159=PLANE('',#2160);
#2160=AXIS2_PLACEMENT_3D('',#2161,#2162,#2163);
#2161=CARTESIAN_POINT('',(0.,10.75,1.75));
#2162=DIRECTION('',(0.,-1.,0.));
#2163=DIRECTION('',(0.,0.,1.));
#2164=FACE_BOUND('',#2165,.T.);
#2165=EDGE_LOOP('',(#5488,#5489,#5490,#5491));
#2166=PLANE('',#2167);
#2167=AXIS2_PLACEMENT_3D('',#2168,#2169,#2170);
#2168=CARTESIAN_POINT('',(-5.8,10.75,0.95));
#2169=DIRECTION('',(-0.707106781186546,-0.707106781186549,0.));
#2170=DIRECTION('',(0.,0.,1.));
#2171=FACE_BOUND('',#2172,.T.);
#2172=EDGE_LOOP('',(#5492,#5493,#5494,#5495));
#2173=PLANE('',#2174);
#2174=AXIS2_PLACEMENT_3D('',#2175,#2176,#2177);
#2175=CARTESIAN_POINT('',(-6.,0.,0.));
#2176=DIRECTION('',(-1.,0.,0.));
#2177=DIRECTION('',(0.,-1.,-6.12323399573677E-17));
#2178=FACE_BOUND('',#2179,.T.);
#2179=EDGE_LOOP('',(#5496,#5497,#5498,#5499));
#2180=PLANE('',#2181);
#2181=AXIS2_PLACEMENT_3D('',#2182,#2183,#2184);
#2182=CARTESIAN_POINT('',(-5.8,11.75,3.55));
#2183=DIRECTION('',(-0.707106781186548,0.707106781186548,0.));
#2184=DIRECTION('',(0.,0.,-1.));
#2185=FACE_BOUND('',#2186,.T.);
#2186=EDGE_LOOP('',(#5500,#5501,#5502,#5503));
#2187=PLANE('',#2188);
#2188=AXIS2_PLACEMENT_3D('',#2189,#2190,#2191);
#2189=CARTESIAN_POINT('',(0.,10.75,2.75));
#2190=DIRECTION('',(0.,-4.44089209850063E-16,1.));
#2191=DIRECTION('',(0.,1.,4.44089209850063E-16));
#2192=FACE_BOUND('',#2193,.T.);
#2193=EDGE_LOOP('',(#5504,#5505,#5506,#5507));
#2194=PLANE('',#2195);
#2195=AXIS2_PLACEMENT_3D('',#2196,#2197,#2198);
#2196=CARTESIAN_POINT('',(-5.8,9.95,2.75));
#2197=DIRECTION('',(-0.707106781186548,-1.20776342975675E-16,0.707106781186548));
#2198=DIRECTION('',(3.41607084500048E-16,1.,5.12410626750072E-16));
#2199=FACE_BOUND('',#2200,.T.);
#2200=EDGE_LOOP('',(#5508,#5509,#5510,#5511));
#2201=PLANE('',#2202);
#2202=AXIS2_PLACEMENT_3D('',#2203,#2204,#2205);
#2203=CARTESIAN_POINT('',(0.,14.25,2.75));
#2204=DIRECTION('',(0.,1.,0.));
#2205=DIRECTION('',(0.,0.,-1.));
#2206=FACE_BOUND('',#2207,.T.);
#2207=EDGE_LOOP('',(#5512,#5513,#5514,#5515));
#2208=PLANE('',#2209);
#2209=AXIS2_PLACEMENT_3D('',#2210,#2211,#2212);
#2210=CARTESIAN_POINT('',(0.,14.25,1.75));
#2211=DIRECTION('',(0.,0.,-1.));
#2212=DIRECTION('',(0.,-1.,0.));
#2213=FACE_BOUND('',#2214,.T.);
#2214=EDGE_LOOP('',(#5516,#5517,#5518,#5519));
#2215=PLANE('',#2216);
#2216=AXIS2_PLACEMENT_3D('',#2217,#2218,#2219);
#2217=CARTESIAN_POINT('',(0.,13.25,1.75));
#2218=DIRECTION('',(0.,-1.,0.));
#2219=DIRECTION('',(0.,0.,1.));
#2220=FACE_BOUND('',#2221,.T.);
#2221=EDGE_LOOP('',(#5520,#5521,#5522,#5523));
#2222=PLANE('',#2223);
#2223=AXIS2_PLACEMENT_3D('',#2224,#2225,#2226);
#2224=CARTESIAN_POINT('',(0.,13.25,2.75));
#2225=DIRECTION('',(0.,0.,1.));
#2226=DIRECTION('',(0.,1.,0.));
#2227=FACE_BOUND('',#2228,.T.);
#2228=EDGE_LOOP('',(#5524,#5525,#5526,#5527));
#2229=PLANE('',#2230);
#2230=AXIS2_PLACEMENT_3D('',#2231,#2232,#2233);
#2231=CARTESIAN_POINT('',(-6.,0.,0.));
#2232=DIRECTION('',(-1.,0.,0.));
#2233=DIRECTION('',(0.,-1.,-6.12323399573677E-17));
#2234=FACE_BOUND('',#2235,.T.);
#2235=EDGE_LOOP('',(#5528,#5529,#5530,#5531));
#2236=PLANE('',#2237);
#2237=AXIS2_PLACEMENT_3D('',#2238,#2239,#2240);
#2238=CARTESIAN_POINT('',(0.,0.,0.));
#2239=DIRECTION('',(-1.,0.,0.));
#2240=DIRECTION('',(0.,-1.,-6.12323399573677E-17));
#2241=FACE_BOUND('',#2242,.T.);
#2242=EDGE_LOOP('',(#5532,#5533,#5534,#5535));
#2243=PLANE('',#2244);
#2244=AXIS2_PLACEMENT_3D('',#2245,#2246,#2247);
#2245=CARTESIAN_POINT('',(-5.8,14.25,3.55));
#2246=DIRECTION('',(-0.707106781186546,0.707106781186549,0.));
#2247=DIRECTION('',(0.,0.,-1.));
#2248=FACE_BOUND('',#2249,.T.);
#2249=EDGE_LOOP('',(#5536,#5537,#5538,#5539));
#2250=PLANE('',#2251);
#2251=AXIS2_PLACEMENT_3D('',#2252,#2253,#2254);
#2252=CARTESIAN_POINT('',(-5.8,15.05,1.75));
#2253=DIRECTION('',(-0.707106781186547,0.,-0.707106781186548));
#2254=DIRECTION('',(0.,-1.,0.));
#2255=FACE_BOUND('',#2256,.T.);
#2256=EDGE_LOOP('',(#5540,#5541,#5542,#5543));
#2257=PLANE('',#2258);
#2258=AXIS2_PLACEMENT_3D('',#2259,#2260,#2261);
#2259=CARTESIAN_POINT('',(-5.8,13.25,0.95));
#2260=DIRECTION('',(-0.707106781186549,-0.707106781186546,0.));
#2261=DIRECTION('',(0.,0.,1.));
#2262=FACE_BOUND('',#2263,.T.);
#2263=EDGE_LOOP('',(#5544,#5545,#5546,#5547));
#2264=PLANE('',#2265);
#2265=AXIS2_PLACEMENT_3D('',#2266,#2267,#2268);
#2266=CARTESIAN_POINT('',(-5.8,12.45,2.75));
#2267=DIRECTION('',(-0.707106781186548,0.,0.707106781186548));
#2268=DIRECTION('',(0.,1.,0.));
#2269=FACE_BOUND('',#2270,.T.);
#2270=EDGE_LOOP('',(#5548,#5549,#5550,#5551));
#2271=PLANE('',#2272);
#2272=AXIS2_PLACEMENT_3D('',#2273,#2274,#2275);
#2273=CARTESIAN_POINT('',(0.,10.75,0.25));
#2274=DIRECTION('',(0.,-5.55111512312578E-17,1.));
#2275=DIRECTION('',(0.,1.,5.55111512312578E-17));
#2276=FACE_BOUND('',#2277,.T.);
#2277=EDGE_LOOP('',(#5552,#5553,#5554,#5555));
#2278=PLANE('',#2279);
#2279=AXIS2_PLACEMENT_3D('',#2280,#2281,#2282);
#2280=CARTESIAN_POINT('',(-5.8,9.95,0.25));
#2281=DIRECTION('',(-0.707106781186547,-4.52911286158781E-17,0.707106781186548));
#2282=DIRECTION('',(0.,1.,6.4051328343759E-17));
#2283=FACE_BOUND('',#2284,.T.);
#2284=EDGE_LOOP('',(#5556,#5557,#5558,#5559));
#2285=PLANE('',#2286);
#2286=AXIS2_PLACEMENT_3D('',#2287,#2288,#2289);
#2287=CARTESIAN_POINT('',(0.,10.75,-0.75));
#2288=DIRECTION('',(0.,-1.,0.));
#2289=DIRECTION('',(0.,0.,1.));
#2290=FACE_BOUND('',#2291,.T.);
#2291=EDGE_LOOP('',(#5560,#5561,#5562,#5563));
#2292=PLANE('',#2293);
#2293=AXIS2_PLACEMENT_3D('',#2294,#2295,#2296);
#2294=CARTESIAN_POINT('',(0.,0.,0.));
#2295=DIRECTION('',(-1.,0.,0.));
#2296=DIRECTION('',(0.,-1.,-6.12323399573677E-17));
#2297=FACE_BOUND('',#2298,.T.);
#2298=EDGE_LOOP('',(#5564,#5565,#5566,#5567));
#2299=PLANE('',#2300);
#2300=AXIS2_PLACEMENT_3D('',#2301,#2302,#2303);
#2301=CARTESIAN_POINT('',(0.,11.75,0.25));
#2302=DIRECTION('',(0.,1.,0.));
#2303=DIRECTION('',(0.,0.,-1.));
#2304=FACE_BOUND('',#2305,.T.);
#2305=EDGE_LOOP('',(#5568,#5569,#5570,#5571));
#2306=PLANE('',#2307);
#2307=AXIS2_PLACEMENT_3D('',#2308,#2309,#2310);
#2308=CARTESIAN_POINT('',(-5.8,11.75,1.05));
#2309=DIRECTION('',(-0.707106781186543,0.707106781186552,0.));
#2310=DIRECTION('',(0.,0.,-1.));
#2311=FACE_BOUND('',#2312,.T.);
#2312=EDGE_LOOP('',(#5572,#5573,#5574,#5575));
#2313=PLANE('',#2314);
#2314=AXIS2_PLACEMENT_3D('',#2315,#2316,#2317);
#2315=CARTESIAN_POINT('',(-6.,0.,0.));
#2316=DIRECTION('',(-1.,0.,0.));
#2317=DIRECTION('',(0.,-1.,-6.12323399573677E-17));
#2318=FACE_BOUND('',#2319,.T.);
#2319=EDGE_LOOP('',(#5576,#5577,#5578,#5579));
#2320=PLANE('',#2321);
#2321=AXIS2_PLACEMENT_3D('',#2322,#2323,#2324);
#2322=CARTESIAN_POINT('',(-5.8,10.75,-1.55));
#2323=DIRECTION('',(-0.707106781186549,-0.707106781186546,0.));
#2324=DIRECTION('',(0.,0.,1.));
#2325=FACE_BOUND('',#2326,.T.);
#2326=EDGE_LOOP('',(#5580,#5581,#5582,#5583));
#2327=PLANE('',#2328);
#2328=AXIS2_PLACEMENT_3D('',#2329,#2330,#2331);
#2329=CARTESIAN_POINT('',(0.,11.75,-0.75));
#2330=DIRECTION('',(0.,0.,-1.));
#2331=DIRECTION('',(0.,-1.,0.));
#2332=FACE_BOUND('',#2333,.T.);
#2333=EDGE_LOOP('',(#5584,#5585,#5586,#5587));
#2334=PLANE('',#2335);
#2335=AXIS2_PLACEMENT_3D('',#2336,#2337,#2338);
#2336=CARTESIAN_POINT('',(-5.8,12.55,-0.75));
#2337=DIRECTION('',(-0.707106781186547,0.,-0.707106781186548));
#2338=DIRECTION('',(0.,-1.,0.));
#2339=FACE_BOUND('',#2340,.T.);
#2340=EDGE_LOOP('',(#5588,#5589,#5590,#5591));
#2341=PLANE('',#2342);
#2342=AXIS2_PLACEMENT_3D('',#2343,#2344,#2345);
#2343=CARTESIAN_POINT('',(0.,13.25,0.25));
#2344=DIRECTION('',(0.,-5.55111512312578E-17,1.));
#2345=DIRECTION('',(0.,1.,5.55111512312578E-17));
#2346=FACE_BOUND('',#2347,.T.);
#2347=EDGE_LOOP('',(#5592,#5593,#5594,#5595));
#2348=PLANE('',#2349);
#2349=AXIS2_PLACEMENT_3D('',#2350,#2351,#2352);
#2350=CARTESIAN_POINT('',(-5.8,12.45,0.25));
#2351=DIRECTION('',(-0.707106781186547,-3.77426071798984E-17,0.707106781186548));
#2352=DIRECTION('',(3.35221692004048E-33,1.,5.33761069531325E-17));
#2353=FACE_BOUND('',#2354,.T.);
#2354=EDGE_LOOP('',(#5596,#5597,#5598,#5599));
#2355=PLANE('',#2356);
#2356=AXIS2_PLACEMENT_3D('',#2357,#2358,#2359);
#2357=CARTESIAN_POINT('',(0.,13.25,-0.75));
#2358=DIRECTION('',(0.,-1.,0.));
#2359=DIRECTION('',(0.,0.,1.));
#2360=FACE_BOUND('',#2361,.T.);
#2361=EDGE_LOOP('',(#5600,#5601,#5602,#5603));
#2362=PLANE('',#2363);
#2363=AXIS2_PLACEMENT_3D('',#2364,#2365,#2366);
#2364=CARTESIAN_POINT('',(0.,0.,0.));
#2365=DIRECTION('',(-1.,0.,0.));
#2366=DIRECTION('',(0.,-1.,-6.12323399573677E-17));
#2367=FACE_BOUND('',#2368,.T.);
#2368=EDGE_LOOP('',(#5604,#5605,#5606,#5607));
#2369=PLANE('',#2370);
#2370=AXIS2_PLACEMENT_3D('',#2371,#2372,#2373);
#2371=CARTESIAN_POINT('',(0.,14.25,0.25));
#2372=DIRECTION('',(0.,1.,0.));
#2373=DIRECTION('',(0.,0.,-1.));
#2374=FACE_BOUND('',#2375,.T.);
#2375=EDGE_LOOP('',(#5608,#5609,#5610,#5611));
#2376=PLANE('',#2377);
#2377=AXIS2_PLACEMENT_3D('',#2378,#2379,#2380);
#2378=CARTESIAN_POINT('',(-5.8,14.25,1.05));
#2379=DIRECTION('',(-0.707106781186546,0.707106781186549,0.));
#2380=DIRECTION('',(0.,0.,-1.));
#2381=FACE_BOUND('',#2382,.T.);
#2382=EDGE_LOOP('',(#5612,#5613,#5614,#5615));
#2383=PLANE('',#2384);
#2384=AXIS2_PLACEMENT_3D('',#2385,#2386,#2387);
#2385=CARTESIAN_POINT('',(-6.,0.,0.));
#2386=DIRECTION('',(-1.,0.,0.));
#2387=DIRECTION('',(0.,-1.,-6.12323399573677E-17));
#2388=FACE_BOUND('',#2389,.T.);
#2389=EDGE_LOOP('',(#5616,#5617,#5618,#5619));
#2390=PLANE('',#2391);
#2391=AXIS2_PLACEMENT_3D('',#2392,#2393,#2394);
#2392=CARTESIAN_POINT('',(-5.8,13.25,-1.55));
#2393=DIRECTION('',(-0.707106781186549,-0.707106781186546,0.));
#2394=DIRECTION('',(0.,0.,1.));
#2395=FACE_BOUND('',#2396,.T.);
#2396=EDGE_LOOP('',(#5620,#5621,#5622,#5623));
#2397=PLANE('',#2398);
#2398=AXIS2_PLACEMENT_3D('',#2399,#2400,#2401);
#2399=CARTESIAN_POINT('',(0.,14.25,-0.75));
#2400=DIRECTION('',(0.,1.11022302462516E-16,-1.));
#2401=DIRECTION('',(0.,-1.,-1.11022302462516E-16));
#2402=FACE_BOUND('',#2403,.T.);
#2403=EDGE_LOOP('',(#5624,#5625,#5626,#5627));
#2404=PLANE('',#2405);
#2405=AXIS2_PLACEMENT_3D('',#2406,#2407,#2408);
#2406=CARTESIAN_POINT('',(-5.8,15.05,-0.75));
#2407=DIRECTION('',(-0.707106781186547,9.05822572317563E-17,-0.707106781186548));
#2408=DIRECTION('',(1.34088676801619E-32,-1.,-1.28102656687518E-16));
#2409=FACE_BOUND('',#2410,.T.);
#2410=EDGE_LOOP('',(#5628,#5629,#5630,#5631));
#2411=PLANE('',#2412);
#2412=AXIS2_PLACEMENT_3D('',#2413,#2414,#2415);
#2413=CARTESIAN_POINT('',(0.,8.25,0.25));
#2414=DIRECTION('',(0.,-5.55111512312578E-17,1.));
#2415=DIRECTION('',(0.,1.,5.55111512312578E-17));
#2416=FACE_BOUND('',#2417,.T.);
#2417=EDGE_LOOP('',(#5632,#5633,#5634,#5635));
#2418=PLANE('',#2419);
#2419=AXIS2_PLACEMENT_3D('',#2420,#2421,#2422);
#2420=CARTESIAN_POINT('',(-5.8,7.45,0.25));
#2421=DIRECTION('',(-0.707106781186547,-4.52911286158781E-17,0.707106781186548));
#2422=DIRECTION('',(0.,1.,6.4051328343759E-17));
#2423=FACE_BOUND('',#2424,.T.);
#2424=EDGE_LOOP('',(#5636,#5637,#5638,#5639));
#2425=PLANE('',#2426);
#2426=AXIS2_PLACEMENT_3D('',#2427,#2428,#2429);
#2427=CARTESIAN_POINT('',(0.,8.25,-0.75));
#2428=DIRECTION('',(0.,-1.,0.));
#2429=DIRECTION('',(0.,0.,1.));
#2430=FACE_BOUND('',#2431,.T.);
#2431=EDGE_LOOP('',(#5640,#5641,#5642,#5643));
#2432=PLANE('',#2433);
#2433=AXIS2_PLACEMENT_3D('',#2434,#2435,#2436);
#2434=CARTESIAN_POINT('',(0.,0.,0.));
#2435=DIRECTION('',(-1.,0.,0.));
#2436=DIRECTION('',(0.,-1.,-6.12323399573677E-17));
#2437=FACE_BOUND('',#2438,.T.);
#2438=EDGE_LOOP('',(#5644,#5645,#5646,#5647));
#2439=PLANE('',#2440);
#2440=AXIS2_PLACEMENT_3D('',#2441,#2442,#2443);
#2441=CARTESIAN_POINT('',(0.,9.25,0.25));
#2442=DIRECTION('',(0.,1.,0.));
#2443=DIRECTION('',(0.,0.,-1.));
#2444=FACE_BOUND('',#2445,.T.);
#2445=EDGE_LOOP('',(#5648,#5649,#5650,#5651));
#2446=PLANE('',#2447);
#2447=AXIS2_PLACEMENT_3D('',#2448,#2449,#2450);
#2448=CARTESIAN_POINT('',(-5.8,9.25,1.05));
#2449=DIRECTION('',(-0.707106781186546,0.707106781186549,0.));
#2450=DIRECTION('',(0.,0.,-1.));
#2451=FACE_BOUND('',#2452,.T.);
#2452=EDGE_LOOP('',(#5652,#5653,#5654,#5655));
#2453=PLANE('',#2454);
#2454=AXIS2_PLACEMENT_3D('',#2455,#2456,#2457);
#2455=CARTESIAN_POINT('',(-6.,0.,0.));
#2456=DIRECTION('',(-1.,0.,0.));
#2457=DIRECTION('',(0.,-1.,-6.12323399573677E-17));
#2458=FACE_BOUND('',#2459,.T.);
#2459=EDGE_LOOP('',(#5656,#5657,#5658,#5659));
#2460=PLANE('',#2461);
#2461=AXIS2_PLACEMENT_3D('',#2462,#2463,#2464);
#2462=CARTESIAN_POINT('',(-5.8,8.25,-1.55));
#2463=DIRECTION('',(-0.707106781186546,-0.707106781186549,0.));
#2464=DIRECTION('',(0.,0.,1.));
#2465=FACE_BOUND('',#2466,.T.);
#2466=EDGE_LOOP('',(#5660,#5661,#5662,#5663));
#2467=PLANE('',#2468);
#2468=AXIS2_PLACEMENT_3D('',#2469,#2470,#2471);
#2469=CARTESIAN_POINT('',(0.,9.25,-0.75));
#2470=DIRECTION('',(0.,0.,-1.));
#2471=DIRECTION('',(0.,-1.,0.));
#2472=FACE_BOUND('',#2473,.T.);
#2473=EDGE_LOOP('',(#5664,#5665,#5666,#5667));
#2474=PLANE('',#2475);
#2475=AXIS2_PLACEMENT_3D('',#2476,#2477,#2478);
#2476=CARTESIAN_POINT('',(-5.8,10.05,-0.75));
#2477=DIRECTION('',(-0.707106781186547,0.,-0.707106781186548));
#2478=DIRECTION('',(0.,-1.,0.));
#2479=FACE_BOUND('',#2480,.T.);
#2480=EDGE_LOOP('',(#5668,#5669,#5670,#5671));
#2481=PLANE('',#2482);
#2482=AXIS2_PLACEMENT_3D('',#2483,#2484,#2485);
#2483=CARTESIAN_POINT('',(0.,6.75,1.75));
#2484=DIRECTION('',(0.,0.,-1.));
#2485=DIRECTION('',(0.,-1.,0.));
#2486=FACE_BOUND('',#2487,.T.);
#2487=EDGE_LOOP('',(#5672,#5673,#5674,#5675));
#2488=PLANE('',#2489);
#2489=AXIS2_PLACEMENT_3D('',#2490,#2491,#2492);
#2490=CARTESIAN_POINT('',(-5.8,7.55,1.75));
#2491=DIRECTION('',(-0.707106781186547,0.,-0.707106781186548));
#2492=DIRECTION('',(0.,-1.,0.));
#2493=FACE_BOUND('',#2494,.T.);
#2494=EDGE_LOOP('',(#5676,#5677,#5678,#5679));
#2495=PLANE('',#2496);
#2496=AXIS2_PLACEMENT_3D('',#2497,#2498,#2499);
#2497=CARTESIAN_POINT('',(0.,6.75,2.75));
#2498=DIRECTION('',(0.,1.,0.));
#2499=DIRECTION('',(0.,0.,-1.));
#2500=FACE_BOUND('',#2501,.T.);
#2501=EDGE_LOOP('',(#5680,#5681,#5682,#5683));
#2502=PLANE('',#2503);
#2503=AXIS2_PLACEMENT_3D('',#2504,#2505,#2506);
#2504=CARTESIAN_POINT('',(0.,0.,0.));
#2505=DIRECTION('',(-1.,0.,0.));
#2506=DIRECTION('',(0.,-1.,-6.12323399573677E-17));
#2507=FACE_BOUND('',#2508,.T.);
#2508=EDGE_LOOP('',(#5684,#5685,#5686,#5687));
#2509=PLANE('',#2510);
#2510=AXIS2_PLACEMENT_3D('',#2511,#2512,#2513);
#2511=CARTESIAN_POINT('',(0.,5.75,1.75));
#2512=DIRECTION('',(0.,-1.,0.));
#2513=DIRECTION('',(0.,0.,1.));
#2514=FACE_BOUND('',#2515,.T.);
#2515=EDGE_LOOP('',(#5688,#5689,#5690,#5691));
#2516=PLANE('',#2517);
#2517=AXIS2_PLACEMENT_3D('',#2518,#2519,#2520);
#2518=CARTESIAN_POINT('',(-5.8,5.75,0.949999999999999));
#2519=DIRECTION('',(-0.707106781186548,-0.707106781186548,0.));
#2520=DIRECTION('',(0.,0.,1.));
#2521=FACE_BOUND('',#2522,.T.);
#2522=EDGE_LOOP('',(#5692,#5693,#5694,#5695));
#2523=PLANE('',#2524);
#2524=AXIS2_PLACEMENT_3D('',#2525,#2526,#2527);
#2525=CARTESIAN_POINT('',(-6.,0.,0.));
#2526=DIRECTION('',(-1.,0.,0.));
#2527=DIRECTION('',(0.,-1.,-6.12323399573677E-17));
#2528=FACE_BOUND('',#2529,.T.);
#2529=EDGE_LOOP('',(#5696,#5697,#5698,#5699));
#2530=PLANE('',#2531);
#2531=AXIS2_PLACEMENT_3D('',#2532,#2533,#2534);
#2532=CARTESIAN_POINT('',(-5.8,6.75,3.55));
#2533=DIRECTION('',(-0.707106781186549,0.707106781186546,0.));
#2534=DIRECTION('',(0.,0.,-1.));
#2535=FACE_BOUND('',#2536,.T.);
#2536=EDGE_LOOP('',(#5700,#5701,#5702,#5703));
#2537=PLANE('',#2538);
#2538=AXIS2_PLACEMENT_3D('',#2539,#2540,#2541);
#2539=CARTESIAN_POINT('',(0.,5.75,2.75));
#2540=DIRECTION('',(0.,0.,1.));
#2541=DIRECTION('',(0.,1.,0.));
#2542=FACE_BOUND('',#2543,.T.);
#2543=EDGE_LOOP('',(#5704,#5705,#5706,#5707));
#2544=PLANE('',#2545);
#2545=AXIS2_PLACEMENT_3D('',#2546,#2547,#2548);
#2546=CARTESIAN_POINT('',(-5.8,4.95,2.75));
#2547=DIRECTION('',(-0.707106781186548,0.,0.707106781186548));
#2548=DIRECTION('',(0.,1.,0.));
#2549=FACE_BOUND('',#2550,.T.);
#2550=EDGE_LOOP('',(#5708,#5709,#5710,#5711));
#2551=PLANE('',#2552);
#2552=AXIS2_PLACEMENT_3D('',#2553,#2554,#2555);
#2553=CARTESIAN_POINT('',(0.,9.25,1.75));
#2554=DIRECTION('',(0.,2.22044604925031E-16,-1.));
#2555=DIRECTION('',(0.,-1.,-2.22044604925031E-16));
#2556=FACE_BOUND('',#2557,.T.);
#2557=EDGE_LOOP('',(#5712,#5713,#5714,#5715));
#2558=PLANE('',#2559);
#2559=AXIS2_PLACEMENT_3D('',#2560,#2561,#2562);
#2560=CARTESIAN_POINT('',(-5.8,10.05,1.75));
#2561=DIRECTION('',(-0.707106781186547,1.81164514463513E-16,-0.707106781186548));
#2562=DIRECTION('',(0.,-1.,-2.56205313375036E-16));
#2563=FACE_BOUND('',#2564,.T.);
#2564=EDGE_LOOP('',(#5716,#5717,#5718,#5719));
#2565=PLANE('',#2566);
#2566=AXIS2_PLACEMENT_3D('',#2567,#2568,#2569);
#2567=CARTESIAN_POINT('',(0.,9.25,2.75));
#2568=DIRECTION('',(0.,1.,0.));
#2569=DIRECTION('',(0.,0.,-1.));
#2570=FACE_BOUND('',#2571,.T.);
#2571=EDGE_LOOP('',(#5720,#5721,#5722,#5723));
#2572=PLANE('',#2573);
#2573=AXIS2_PLACEMENT_3D('',#2574,#2575,#2576);
#2574=CARTESIAN_POINT('',(0.,0.,0.));
#2575=DIRECTION('',(-1.,0.,0.));
#2576=DIRECTION('',(0.,-1.,-6.12323399573677E-17));
#2577=FACE_BOUND('',#2578,.T.);
#2578=EDGE_LOOP('',(#5724,#5725,#5726,#5727));
#2579=PLANE('',#2580);
#2580=AXIS2_PLACEMENT_3D('',#2581,#2582,#2583);
#2581=CARTESIAN_POINT('',(0.,8.25,1.75));
#2582=DIRECTION('',(0.,-1.,0.));
#2583=DIRECTION('',(0.,0.,1.));
#2584=FACE_BOUND('',#2585,.T.);
#2585=EDGE_LOOP('',(#5728,#5729,#5730,#5731));
#2586=PLANE('',#2587);
#2587=AXIS2_PLACEMENT_3D('',#2588,#2589,#2590);
#2588=CARTESIAN_POINT('',(-5.8,8.25,0.949999999999999));
#2589=DIRECTION('',(-0.707106781186546,-0.707106781186549,0.));
#2590=DIRECTION('',(0.,0.,1.));
#2591=FACE_BOUND('',#2592,.T.);
#2592=EDGE_LOOP('',(#5732,#5733,#5734,#5735));
#2593=PLANE('',#2594);
#2594=AXIS2_PLACEMENT_3D('',#2595,#2596,#2597);
#2595=CARTESIAN_POINT('',(-6.,0.,0.));
#2596=DIRECTION('',(-1.,0.,0.));
#2597=DIRECTION('',(0.,-1.,-6.12323399573677E-17));
#2598=FACE_BOUND('',#2599,.T.);
#2599=EDGE_LOOP('',(#5736,#5737,#5738,#5739));
#2600=PLANE('',#2601);
#2601=AXIS2_PLACEMENT_3D('',#2602,#2603,#2604);
#2602=CARTESIAN_POINT('',(-5.8,9.25,3.55));
#2603=DIRECTION('',(-0.707106781186546,0.707106781186549,0.));
#2604=DIRECTION('',(0.,0.,-1.));
#2605=FACE_BOUND('',#2606,.T.);
#2606=EDGE_LOOP('',(#5740,#5741,#5742,#5743));
#2607=PLANE('',#2608);
#2608=AXIS2_PLACEMENT_3D('',#2609,#2610,#2611);
#2609=CARTESIAN_POINT('',(0.,8.25,2.75));
#2610=DIRECTION('',(0.,0.,1.));
#2611=DIRECTION('',(0.,1.,0.));
#2612=FACE_BOUND('',#2613,.T.);
#2613=EDGE_LOOP('',(#5744,#5745,#5746,#5747));
#2614=PLANE('',#2615);
#2615=AXIS2_PLACEMENT_3D('',#2616,#2617,#2618);
#2616=CARTESIAN_POINT('',(-5.8,7.45,2.75));
#2617=DIRECTION('',(-0.707106781186548,0.,0.707106781186548));
#2618=DIRECTION('',(0.,1.,0.));
#2619=FACE_BOUND('',#2620,.T.);
#2620=EDGE_LOOP('',(#5748,#5749,#5750,#5751));
#2621=PLANE('',#2622);
#2622=AXIS2_PLACEMENT_3D('',#2623,#2624,#2625);
#2623=CARTESIAN_POINT('',(0.,5.75,0.249999999999999));
#2624=DIRECTION('',(0.,-5.55111512312578E-17,1.));
#2625=DIRECTION('',(0.,1.,5.55111512312578E-17));
#2626=FACE_BOUND('',#2627,.T.);
#2627=EDGE_LOOP('',(#5752,#5753,#5754,#5755));
#2628=PLANE('',#2629);
#2629=AXIS2_PLACEMENT_3D('',#2630,#2631,#2632);
#2630=CARTESIAN_POINT('',(-5.8,4.95,0.249999999999999));
#2631=DIRECTION('',(-0.707106781186547,-4.52911286158782E-17,0.707106781186548));
#2632=DIRECTION('',(-6.70443384008096E-33,1.,6.4051328343759E-17));
#2633=FACE_BOUND('',#2634,.T.);
#2634=EDGE_LOOP('',(#5756,#5757,#5758,#5759));
#2635=PLANE('',#2636);
#2636=AXIS2_PLACEMENT_3D('',#2637,#2638,#2639);
#2637=CARTESIAN_POINT('',(0.,5.75,-0.750000000000001));
#2638=DIRECTION('',(0.,-1.,0.));
#2639=DIRECTION('',(0.,0.,1.));
#2640=FACE_BOUND('',#2641,.T.);
#2641=EDGE_LOOP('',(#5760,#5761,#5762,#5763));
#2642=PLANE('',#2643);
#2643=AXIS2_PLACEMENT_3D('',#2644,#2645,#2646);
#2644=CARTESIAN_POINT('',(0.,0.,0.));
#2645=DIRECTION('',(-1.,0.,0.));
#2646=DIRECTION('',(0.,-1.,-6.12323399573677E-17));
#2647=FACE_BOUND('',#2648,.T.);
#2648=EDGE_LOOP('',(#5764,#5765,#5766,#5767));
#2649=PLANE('',#2650);
#2650=AXIS2_PLACEMENT_3D('',#2651,#2652,#2653);
#2651=CARTESIAN_POINT('',(0.,6.75,0.25));
#2652=DIRECTION('',(0.,1.,0.));
#2653=DIRECTION('',(0.,0.,-1.));
#2654=FACE_BOUND('',#2655,.T.);
#2655=EDGE_LOOP('',(#5768,#5769,#5770,#5771));
#2656=PLANE('',#2657);
#2657=AXIS2_PLACEMENT_3D('',#2658,#2659,#2660);
#2658=CARTESIAN_POINT('',(-5.8,6.75,1.05));
#2659=DIRECTION('',(-0.707106781186549,0.707106781186546,0.));
#2660=DIRECTION('',(0.,0.,-1.));
#2661=FACE_BOUND('',#2662,.T.);
#2662=EDGE_LOOP('',(#5772,#5773,#5774,#5775));
#2663=PLANE('',#2664);
#2664=AXIS2_PLACEMENT_3D('',#2665,#2666,#2667);
#2665=CARTESIAN_POINT('',(-6.,0.,0.));
#2666=DIRECTION('',(-1.,0.,0.));
#2667=DIRECTION('',(0.,-1.,-6.12323399573677E-17));
#2668=FACE_BOUND('',#2669,.T.);
#2669=EDGE_LOOP('',(#5776,#5777,#5778,#5779));
#2670=PLANE('',#2671);
#2671=AXIS2_PLACEMENT_3D('',#2672,#2673,#2674);
#2672=CARTESIAN_POINT('',(-5.8,5.75,-1.55));
#2673=DIRECTION('',(-0.707106781186548,-0.707106781186548,0.));
#2674=DIRECTION('',(0.,0.,1.));
#2675=FACE_BOUND('',#2676,.T.);
#2676=EDGE_LOOP('',(#5780,#5781,#5782,#5783));
#2677=PLANE('',#2678);
#2678=AXIS2_PLACEMENT_3D('',#2679,#2680,#2681);
#2679=CARTESIAN_POINT('',(0.,6.75,-0.75));
#2680=DIRECTION('',(0.,1.11022302462516E-16,-1.));
#2681=DIRECTION('',(0.,-1.,-1.11022302462516E-16));
#2682=FACE_BOUND('',#2683,.T.);
#2683=EDGE_LOOP('',(#5784,#5785,#5786,#5787));
#2684=PLANE('',#2685);
#2685=AXIS2_PLACEMENT_3D('',#2686,#2687,#2688);
#2686=CARTESIAN_POINT('',(-5.8,7.55,-0.75));
#2687=DIRECTION('',(-0.707106781186547,9.05822572317563E-17,-0.707106781186548));
#2688=DIRECTION('',(0.,-1.,-1.28102656687518E-16));
#2689=FACE_BOUND('',#2690,.T.);
#2690=EDGE_LOOP('',(#5788,#5789,#5790,#5791));
#2691=PLANE('',#2692);
#2692=AXIS2_PLACEMENT_3D('',#2693,#2694,#2695);
#2693=CARTESIAN_POINT('',(0.,4.25,1.75));
#2694=DIRECTION('',(0.,0.,-1.));
#2695=DIRECTION('',(0.,-1.,0.));
#2696=FACE_BOUND('',#2697,.T.);
#2697=EDGE_LOOP('',(#5792,#5793,#5794,#5795));
#2698=PLANE('',#2699);
#2699=AXIS2_PLACEMENT_3D('',#2700,#2701,#2702);
#2700=CARTESIAN_POINT('',(-5.8,5.05,1.75));
#2701=DIRECTION('',(-0.707106781186547,0.,-0.707106781186548));
#2702=DIRECTION('',(0.,-1.,0.));
#2703=FACE_BOUND('',#2704,.T.);
#2704=EDGE_LOOP('',(#5796,#5797,#5798,#5799));
#2705=PLANE('',#2706);
#2706=AXIS2_PLACEMENT_3D('',#2707,#2708,#2709);
#2707=CARTESIAN_POINT('',(0.,4.25,2.75));
#2708=DIRECTION('',(0.,1.,0.));
#2709=DIRECTION('',(0.,0.,-1.));
#2710=FACE_BOUND('',#2711,.T.);
#2711=EDGE_LOOP('',(#5800,#5801,#5802,#5803));
#2712=PLANE('',#2713);
#2713=AXIS2_PLACEMENT_3D('',#2714,#2715,#2716);
#2714=CARTESIAN_POINT('',(0.,0.,0.));
#2715=DIRECTION('',(-1.,0.,0.));
#2716=DIRECTION('',(0.,-1.,-6.12323399573677E-17));
#2717=FACE_BOUND('',#2718,.T.);
#2718=EDGE_LOOP('',(#5804,#5805,#5806,#5807));
#2719=PLANE('',#2720);
#2720=AXIS2_PLACEMENT_3D('',#2721,#2722,#2723);
#2721=CARTESIAN_POINT('',(0.,3.25,1.75));
#2722=DIRECTION('',(0.,-1.,0.));
#2723=DIRECTION('',(0.,0.,1.));
#2724=FACE_BOUND('',#2725,.T.);
#2725=EDGE_LOOP('',(#5808,#5809,#5810,#5811));
#2726=PLANE('',#2727);
#2727=AXIS2_PLACEMENT_3D('',#2728,#2729,#2730);
#2728=CARTESIAN_POINT('',(-5.8,3.25,0.949999999999999));
#2729=DIRECTION('',(-0.707106781186547,-0.707106781186548,0.));
#2730=DIRECTION('',(0.,0.,1.));
#2731=FACE_BOUND('',#2732,.T.);
#2732=EDGE_LOOP('',(#5812,#5813,#5814,#5815));
#2733=PLANE('',#2734);
#2734=AXIS2_PLACEMENT_3D('',#2735,#2736,#2737);
#2735=CARTESIAN_POINT('',(-6.,0.,0.));
#2736=DIRECTION('',(-1.,0.,0.));
#2737=DIRECTION('',(0.,-1.,-6.12323399573677E-17));
#2738=FACE_BOUND('',#2739,.T.);
#2739=EDGE_LOOP('',(#5816,#5817,#5818,#5819));
#2740=PLANE('',#2741);
#2741=AXIS2_PLACEMENT_3D('',#2742,#2743,#2744);
#2742=CARTESIAN_POINT('',(-5.8,4.25,3.55));
#2743=DIRECTION('',(-0.707106781186549,0.707106781186546,0.));
#2744=DIRECTION('',(0.,0.,-1.));
#2745=FACE_BOUND('',#2746,.T.);
#2746=EDGE_LOOP('',(#5820,#5821,#5822,#5823));
#2747=PLANE('',#2748);
#2748=AXIS2_PLACEMENT_3D('',#2749,#2750,#2751);
#2749=CARTESIAN_POINT('',(0.,3.25,2.75));
#2750=DIRECTION('',(0.,-4.44089209850063E-16,1.));
#2751=DIRECTION('',(0.,1.,4.44089209850063E-16));
#2752=FACE_BOUND('',#2753,.T.);
#2753=EDGE_LOOP('',(#5824,#5825,#5826,#5827));
#2754=PLANE('',#2755);
#2755=AXIS2_PLACEMENT_3D('',#2756,#2757,#2758);
#2756=CARTESIAN_POINT('',(-5.8,2.45,2.75));
#2757=DIRECTION('',(-0.707106781186547,-1.20776342975675E-16,0.707106781186547));
#2758=DIRECTION('',(3.41607084500048E-16,1.,5.12410626750072E-16));
#2759=FACE_BOUND('',#2760,.T.);
#2760=EDGE_LOOP('',(#5828,#5829,#5830,#5831));
#2761=PLANE('',#2762);
#2762=AXIS2_PLACEMENT_3D('',#2763,#2764,#2765);
#2763=CARTESIAN_POINT('',(0.,1.75,1.75));
#2764=DIRECTION('',(0.,0.,-1.));
#2765=DIRECTION('',(0.,-1.,0.));
#2766=FACE_BOUND('',#2767,.T.);
#2767=EDGE_LOOP('',(#5832,#5833,#5834,#5835));
#2768=PLANE('',#2769);
#2769=AXIS2_PLACEMENT_3D('',#2770,#2771,#2772);
#2770=CARTESIAN_POINT('',(-5.8,2.55,1.75));
#2771=DIRECTION('',(-0.70710678118655,-2.41552685951351E-16,-0.707106781186546));
#2772=DIRECTION('',(3.41607084500048E-16,-1.,0.));
#2773=FACE_BOUND('',#2774,.T.);
#2774=EDGE_LOOP('',(#5836,#5837,#5838,#5839));
#2775=PLANE('',#2776);
#2776=AXIS2_PLACEMENT_3D('',#2777,#2778,#2779);
#2777=CARTESIAN_POINT('',(0.,1.75,2.75));
#2778=DIRECTION('',(0.,1.,2.22044604925031E-16));
#2779=DIRECTION('',(0.,2.22044604925031E-16,-1.));
#2780=FACE_BOUND('',#2781,.T.);
#2781=EDGE_LOOP('',(#5840,#5841,#5842,#5843));
#2782=PLANE('',#2783);
#2783=AXIS2_PLACEMENT_3D('',#2784,#2785,#2786);
#2784=CARTESIAN_POINT('',(0.,0.,0.));
#2785=DIRECTION('',(-1.,0.,0.));
#2786=DIRECTION('',(0.,-1.,-6.12323399573677E-17));
#2787=FACE_BOUND('',#2788,.T.);
#2788=EDGE_LOOP('',(#5844,#5845,#5846,#5847));
#2789=PLANE('',#2790);
#2790=AXIS2_PLACEMENT_3D('',#2791,#2792,#2793);
#2791=CARTESIAN_POINT('',(0.,0.75,1.75));
#2792=DIRECTION('',(0.,-1.,-1.11022302462516E-16));
#2793=DIRECTION('',(0.,-1.11022302462516E-16,1.));
#2794=FACE_BOUND('',#2795,.T.);
#2795=EDGE_LOOP('',(#5848,#5849,#5850,#5851));
#2796=PLANE('',#2797);
#2797=AXIS2_PLACEMENT_3D('',#2798,#2799,#2800);
#2798=CARTESIAN_POINT('',(-5.8,0.75,0.949999999999999));
#2799=DIRECTION('',(-0.707106781186547,-0.707106781186548,-9.05822572317563E-17));
#2800=DIRECTION('',(0.,-1.28102656687518E-16,1.));
#2801=FACE_BOUND('',#2802,.T.);
#2802=EDGE_LOOP('',(#5852,#5853,#5854,#5855));
#2803=PLANE('',#2804);
#2804=AXIS2_PLACEMENT_3D('',#2805,#2806,#2807);
#2805=CARTESIAN_POINT('',(-6.,0.,0.));
#2806=DIRECTION('',(-1.,0.,0.));
#2807=DIRECTION('',(0.,-1.,-6.12323399573677E-17));
#2808=FACE_BOUND('',#2809,.T.);
#2809=EDGE_LOOP('',(#5856,#5857,#5858,#5859));
#2810=PLANE('',#2811);
#2811=AXIS2_PLACEMENT_3D('',#2812,#2813,#2814);
#2812=CARTESIAN_POINT('',(-5.8,1.75,3.55));
#2813=DIRECTION('',(-0.707106781186548,0.707106781186547,-6.03881714878377E-17));
#2814=DIRECTION('',(3.41607084500048E-16,2.56205313375036E-16,-1.));
#2815=FACE_BOUND('',#2816,.T.);
#2816=EDGE_LOOP('',(#5860,#5861,#5862,#5863));
#2817=PLANE('',#2818);
#2818=AXIS2_PLACEMENT_3D('',#2819,#2820,#2821);
#2819=CARTESIAN_POINT('',(0.,0.75,2.75));
#2820=DIRECTION('',(0.,0.,1.));
#2821=DIRECTION('',(0.,1.,0.));
#2822=FACE_BOUND('',#2823,.T.);
#2823=EDGE_LOOP('',(#5864,#5865,#5866,#5867));
#2824=PLANE('',#2825);
#2825=AXIS2_PLACEMENT_3D('',#2826,#2827,#2828);
#2826=CARTESIAN_POINT('',(-5.8,-0.0500000000000002,2.75));
#2827=DIRECTION('',(-0.707106781186548,0.,0.707106781186548));
#2828=DIRECTION('',(0.,1.,0.));
#2829=FACE_BOUND('',#2830,.T.);
#2830=EDGE_LOOP('',(#5868,#5869,#5870,#5871));
#2831=PLANE('',#2832);
#2832=AXIS2_PLACEMENT_3D('',#2833,#2834,#2835);
#2833=CARTESIAN_POINT('',(0.,3.25,0.249999999999999));
#2834=DIRECTION('',(0.,-5.55111512312578E-17,1.));
#2835=DIRECTION('',(0.,1.,5.55111512312578E-17));
#2836=FACE_BOUND('',#2837,.T.);
#2837=EDGE_LOOP('',(#5872,#5873,#5874,#5875));
#2838=PLANE('',#2839);
#2839=AXIS2_PLACEMENT_3D('',#2840,#2841,#2842);
#2840=CARTESIAN_POINT('',(-5.8,2.45,0.249999999999999));
#2841=DIRECTION('',(-0.707106781186547,-4.52911286158782E-17,0.707106781186548));
#2842=DIRECTION('',(-6.70443384008096E-33,1.,6.4051328343759E-17));
#2843=FACE_BOUND('',#2844,.T.);
#2844=EDGE_LOOP('',(#5876,#5877,#5878,#5879));
#2845=PLANE('',#2846);
#2846=AXIS2_PLACEMENT_3D('',#2847,#2848,#2849);
#2847=CARTESIAN_POINT('',(0.,3.25,-0.750000000000001));
#2848=DIRECTION('',(0.,-1.,0.));
#2849=DIRECTION('',(0.,0.,1.));
#2850=FACE_BOUND('',#2851,.T.);
#2851=EDGE_LOOP('',(#5880,#5881,#5882,#5883));
#2852=PLANE('',#2853);
#2853=AXIS2_PLACEMENT_3D('',#2854,#2855,#2856);
#2854=CARTESIAN_POINT('',(0.,0.,0.));
#2855=DIRECTION('',(-1.,0.,0.));
#2856=DIRECTION('',(0.,-1.,-6.12323399573677E-17));
#2857=FACE_BOUND('',#2858,.T.);
#2858=EDGE_LOOP('',(#5884,#5885,#5886,#5887));
#2859=PLANE('',#2860);
#2860=AXIS2_PLACEMENT_3D('',#2861,#2862,#2863);
#2861=CARTESIAN_POINT('',(0.,4.25,0.249999999999999));
#2862=DIRECTION('',(0.,1.,0.));
#2863=DIRECTION('',(0.,0.,-1.));
#2864=FACE_BOUND('',#2865,.T.);
#2865=EDGE_LOOP('',(#5888,#5889,#5890,#5891));
#2866=PLANE('',#2867);
#2867=AXIS2_PLACEMENT_3D('',#2868,#2869,#2870);
#2868=CARTESIAN_POINT('',(-5.8,4.25,1.05));
#2869=DIRECTION('',(-0.707106781186548,0.707106781186548,0.));
#2870=DIRECTION('',(0.,0.,-1.));
#2871=FACE_BOUND('',#2872,.T.);
#2872=EDGE_LOOP('',(#5892,#5893,#5894,#5895));
#2873=PLANE('',#2874);
#2874=AXIS2_PLACEMENT_3D('',#2875,#2876,#2877);
#2875=CARTESIAN_POINT('',(-6.,0.,0.));
#2876=DIRECTION('',(-1.,0.,0.));
#2877=DIRECTION('',(0.,-1.,-6.12323399573677E-17));
#2878=FACE_BOUND('',#2879,.T.);
#2879=EDGE_LOOP('',(#5896,#5897,#5898,#5899));
#2880=PLANE('',#2881);
#2881=AXIS2_PLACEMENT_3D('',#2882,#2883,#2884);
#2882=CARTESIAN_POINT('',(-5.8,3.25,-1.55));
#2883=DIRECTION('',(-0.707106781186548,-0.707106781186547,0.));
#2884=DIRECTION('',(0.,0.,1.));
#2885=FACE_BOUND('',#2886,.T.);
#2886=EDGE_LOOP('',(#5900,#5901,#5902,#5903));
#2887=PLANE('',#2888);
#2888=AXIS2_PLACEMENT_3D('',#2889,#2890,#2891);
#2889=CARTESIAN_POINT('',(0.,4.25,-0.750000000000001));
#2890=DIRECTION('',(0.,0.,-1.));
#2891=DIRECTION('',(0.,-1.,0.));
#2892=FACE_BOUND('',#2893,.T.);
#2893=EDGE_LOOP('',(#5904,#5905,#5906,#5907));
#2894=PLANE('',#2895);
#2895=AXIS2_PLACEMENT_3D('',#2896,#2897,#2898);
#2896=CARTESIAN_POINT('',(-5.8,5.05,-0.750000000000001));
#2897=DIRECTION('',(-0.707106781186547,0.,-0.707106781186548));
#2898=DIRECTION('',(0.,-1.,0.));
#2899=FACE_BOUND('',#2900,.T.);
#2900=EDGE_LOOP('',(#5908,#5909,#5910,#5911));
#2901=PLANE('',#2902);
#2902=AXIS2_PLACEMENT_3D('',#2903,#2904,#2905);
#2903=CARTESIAN_POINT('',(0.,0.75,0.249999999999999));
#2904=DIRECTION('',(0.,-5.55111512312578E-17,1.));
#2905=DIRECTION('',(0.,1.,5.55111512312578E-17));
#2906=FACE_BOUND('',#2907,.T.);
#2907=EDGE_LOOP('',(#5912,#5913,#5914,#5915));
#2908=PLANE('',#2909);
#2909=AXIS2_PLACEMENT_3D('',#2910,#2911,#2912);
#2910=CARTESIAN_POINT('',(-5.8,-0.05,0.249999999999999));
#2911=DIRECTION('',(-0.707106781186547,-4.52911286158782E-17,0.707106781186548));
#2912=DIRECTION('',(-6.70443384008096E-33,1.,6.4051328343759E-17));
#2913=FACE_BOUND('',#2914,.T.);
#2914=EDGE_LOOP('',(#5916,#5917,#5918,#5919));
#2915=PLANE('',#2916);
#2916=AXIS2_PLACEMENT_3D('',#2917,#2918,#2919);
#2917=CARTESIAN_POINT('',(0.,0.75,-0.750000000000001));
#2918=DIRECTION('',(0.,-1.,0.));
#2919=DIRECTION('',(0.,0.,1.));
#2920=FACE_BOUND('',#2921,.T.);
#2921=EDGE_LOOP('',(#5920,#5921,#5922,#5923));
#2922=PLANE('',#2923);
#2923=AXIS2_PLACEMENT_3D('',#2924,#2925,#2926);
#2924=CARTESIAN_POINT('',(0.,0.,0.));
#2925=DIRECTION('',(-1.,0.,0.));
#2926=DIRECTION('',(0.,-1.,-6.12323399573677E-17));
#2927=FACE_BOUND('',#2928,.T.);
#2928=EDGE_LOOP('',(#5924,#5925,#5926,#5927));
#2929=PLANE('',#2930);
#2930=AXIS2_PLACEMENT_3D('',#2931,#2932,#2933);
#2931=CARTESIAN_POINT('',(0.,1.75,0.249999999999999));
#2932=DIRECTION('',(0.,1.,0.));
#2933=DIRECTION('',(0.,0.,-1.));
#2934=FACE_BOUND('',#2935,.T.);
#2935=EDGE_LOOP('',(#5928,#5929,#5930,#5931));
#2936=PLANE('',#2937);
#2937=AXIS2_PLACEMENT_3D('',#2938,#2939,#2940);
#2938=CARTESIAN_POINT('',(-5.8,1.75,1.05));
#2939=DIRECTION('',(-0.707106781186548,0.707106781186548,0.));
#2940=DIRECTION('',(0.,0.,-1.));
#2941=FACE_BOUND('',#2942,.T.);
#2942=EDGE_LOOP('',(#5932,#5933,#5934,#5935));
#2943=PLANE('',#2944);
#2944=AXIS2_PLACEMENT_3D('',#2945,#2946,#2947);
#2945=CARTESIAN_POINT('',(-6.,0.,0.));
#2946=DIRECTION('',(-1.,0.,0.));
#2947=DIRECTION('',(0.,-1.,-6.12323399573677E-17));
#2948=FACE_BOUND('',#2949,.T.);
#2949=EDGE_LOOP('',(#5936,#5937,#5938,#5939));
#2950=PLANE('',#2951);
#2951=AXIS2_PLACEMENT_3D('',#2952,#2953,#2954);
#2952=CARTESIAN_POINT('',(-5.8,0.75,-1.55));
#2953=DIRECTION('',(-0.707106781186547,-0.707106781186548,0.));
#2954=DIRECTION('',(0.,0.,1.));
#2955=FACE_BOUND('',#2956,.T.);
#2956=EDGE_LOOP('',(#5940,#5941,#5942,#5943));
#2957=PLANE('',#2958);
#2958=AXIS2_PLACEMENT_3D('',#2959,#2960,#2961);
#2959=CARTESIAN_POINT('',(0.,1.75,-0.750000000000001));
#2960=DIRECTION('',(0.,1.11022302462516E-16,-1.));
#2961=DIRECTION('',(0.,-1.,-1.11022302462516E-16));
#2962=FACE_BOUND('',#2963,.T.);
#2963=EDGE_LOOP('',(#5944,#5945,#5946,#5947));
#2964=PLANE('',#2965);
#2965=AXIS2_PLACEMENT_3D('',#2966,#2967,#2968);
#2966=CARTESIAN_POINT('',(-5.8,2.55,-0.750000000000001));
#2967=DIRECTION('',(-0.707106781186547,9.05822572317563E-17,-0.707106781186548));
#2968=DIRECTION('',(0.,-1.,-1.28102656687518E-16));
#2969=FACE_BOUND('',#2970,.T.);
#2970=EDGE_LOOP('',(#5948,#5949));
#2971=FACE_OUTER_BOUND('',#2972,.T.);
#2972=EDGE_LOOP('',(#5950));
#2973=CYLINDRICAL_SURFACE('',#2974,1.5);
#2974=AXIS2_PLACEMENT_3D('',#2975,#2976,#2977);
#2975=CARTESIAN_POINT('',(26.,12.5,2.));
#2976=DIRECTION('',(0.,0.,1.));
#2977=DIRECTION('',(1.,0.,0.));
#2978=FACE_BOUND('',#2979,.T.);
#2979=EDGE_LOOP('',(#5951,#5952,#5953,#5954,#5955,#5956,#5957,#5958,#5959,#5960,
#5961));
#2980=PLANE('',#2981);
#2981=AXIS2_PLACEMENT_3D('',#2982,#2983,#2984);
#2982=CARTESIAN_POINT('',(0.,0.,3.5));
#2983=DIRECTION('',(0.,0.,1.));
#2984=DIRECTION('',(1.,0.,0.));
#2985=FACE_BOUND('',#2986,.T.);
#2986=EDGE_LOOP('',(#5962));
#2987=PLANE('',#2988);
#2988=AXIS2_PLACEMENT_3D('',#2989,#2990,#2991);
#2989=CARTESIAN_POINT('',(0.,0.,2.));
#2990=DIRECTION('',(0.,0.,1.));
#2991=DIRECTION('',(1.,0.,0.));
#2992=FACE_BOUND('',#2993,.T.);
#2993=EDGE_LOOP('',(#5963,#5964,#5965,#5966,#5967));
#2994=PLANE('',#2995);
#2995=AXIS2_PLACEMENT_3D('',#2996,#2997,#2998);
#2996=CARTESIAN_POINT('',(24.5,14.5,3.5));
#2997=DIRECTION('',(-1.,0.,0.));
#2998=DIRECTION('',(0.,-1.,0.));
#2999=FACE_BOUND('',#3000,.T.);
#3000=EDGE_LOOP('',(#5968,#5969,#5970,#5971));
#3001=PLANE('',#3002);
#3002=AXIS2_PLACEMENT_3D('',#3003,#3004,#3005);
#3003=CARTESIAN_POINT('',(28.5,14.5,3.5));
#3004=DIRECTION('',(0.,1.,0.));
#3005=DIRECTION('',(-1.,0.,0.));
#3006=FACE_BOUND('',#3007,.T.);
#3007=EDGE_LOOP('',(#5972,#5973,#5974,#5975,#5976,#5977,#5978));
#3008=PLANE('',#3009);
#3009=AXIS2_PLACEMENT_3D('',#3010,#3011,#3012);
#3010=CARTESIAN_POINT('',(28.5,13.5,3.5));
#3011=DIRECTION('',(1.,0.,0.));
#3012=DIRECTION('',(0.,1.,0.));
#3013=FACE_BOUND('',#3014,.T.);
#3014=EDGE_LOOP('',(#5979,#5980,#5981,#5982));
#3015=PLANE('',#3016);
#3016=AXIS2_PLACEMENT_3D('',#3017,#3018,#3019);
#3017=CARTESIAN_POINT('',(30.5,13.5,3.5));
#3018=DIRECTION('',(0.,1.,0.));
#3019=DIRECTION('',(-1.,0.,0.));
#3020=FACE_BOUND('',#3021,.T.);
#3021=EDGE_LOOP('',(#5983,#5984,#5985,#5986,#5987,#5988,#5989,#5990));
#3022=PLANE('',#3023);
#3023=AXIS2_PLACEMENT_3D('',#3024,#3025,#3026);
#3024=CARTESIAN_POINT('',(30.5,11.5,3.5));
#3025=DIRECTION('',(1.,0.,0.));
#3026=DIRECTION('',(0.,1.,0.));
#3027=FACE_BOUND('',#3028,.T.);
#3028=EDGE_LOOP('',(#5991,#5992,#5993,#5994));
#3029=PLANE('',#3030);
#3030=AXIS2_PLACEMENT_3D('',#3031,#3032,#3033);
#3031=CARTESIAN_POINT('',(28.5,11.5,3.5));
#3032=DIRECTION('',(0.,-1.,0.));
#3033=DIRECTION('',(1.,0.,0.));
#3034=FACE_BOUND('',#3035,.T.);
#3035=EDGE_LOOP('',(#5995,#5996,#5997,#5998,#5999,#6000,#6001));
#3036=PLANE('',#3037);
#3037=AXIS2_PLACEMENT_3D('',#3038,#3039,#3040);
#3038=CARTESIAN_POINT('',(28.5,10.5,3.5));
#3039=DIRECTION('',(1.,0.,0.));
#3040=DIRECTION('',(0.,1.,0.));
#3041=FACE_BOUND('',#3042,.T.);
#3042=EDGE_LOOP('',(#6002,#6003,#6004,#6005));
#3043=PLANE('',#3044);
#3044=AXIS2_PLACEMENT_3D('',#3045,#3046,#3047);
#3045=CARTESIAN_POINT('',(24.5,10.5,3.5));
#3046=DIRECTION('',(0.,-1.,0.));
#3047=DIRECTION('',(1.,0.,0.));
#3048=FACE_BOUND('',#3049,.T.);
#3049=EDGE_LOOP('',(#6006,#6007,#6008,#6009,#6010,#6011,#6012,#6013));
#3050=PLANE('',#3051);
#3051=AXIS2_PLACEMENT_3D('',#3052,#3053,#3054);
#3052=CARTESIAN_POINT('',(0.,0.,5.5));
#3053=DIRECTION('',(0.,0.,1.));
#3054=DIRECTION('',(1.,0.,0.));
#3055=FACE_BOUND('',#3056,.T.);
#3056=EDGE_LOOP('',(#6014,#6015,#6016,#6017));
#3057=CYLINDRICAL_SURFACE('',#3058,1.);
#3058=AXIS2_PLACEMENT_3D('',#3059,#3060,#3061);
#3059=CARTESIAN_POINT('',(32.5,13.5,4.5));
#3060=DIRECTION('',(-1.,0.,0.));
#3061=DIRECTION('',(0.,0.,1.));
#3062=FACE_BOUND('',#3063,.T.);
#3063=EDGE_LOOP('',(#6018,#6019,#6020,#6021));
#3064=CYLINDRICAL_SURFACE('',#3065,1.);
#3065=AXIS2_PLACEMENT_3D('',#3066,#3067,#3068);
#3066=CARTESIAN_POINT('',(25.5,18.5,4.5));
#3067=DIRECTION('',(0.,-1.,0.));
#3068=DIRECTION('',(0.,0.,1.));
#3069=FACE_BOUND('',#3070,.T.);
#3070=EDGE_LOOP('',(#6022,#6023,#6024,#6025));
#3071=CYLINDRICAL_SURFACE('',#3072,1.);
#3072=AXIS2_PLACEMENT_3D('',#3073,#3074,#3075);
#3073=CARTESIAN_POINT('',(20.5,11.5,4.5));
#3074=DIRECTION('',(1.,0.,0.));
#3075=DIRECTION('',(0.,0.,1.));
#3076=FACE_BOUND('',#3077,.T.);
#3077=EDGE_LOOP('',(#6026,#6027,#6028,#6029));
#3078=CYLINDRICAL_SURFACE('',#3079,0.75);
#3079=AXIS2_PLACEMENT_3D('',#3080,#3081,#3082);
#3080=CARTESIAN_POINT('',(33.5,12.75,4.25));
#3081=DIRECTION('',(1.,0.,0.));
#3082=DIRECTION('',(0.,0.,-1.));
#3083=FACE_BOUND('',#3084,.T.);
#3084=EDGE_LOOP('',(#6030,#6031,#6032,#6033));
#3085=CYLINDRICAL_SURFACE('',#3086,0.75);
#3086=AXIS2_PLACEMENT_3D('',#3087,#3088,#3089);
#3087=CARTESIAN_POINT('',(25.5,12.25,4.25));
#3088=DIRECTION('',(-1.,0.,0.));
#3089=DIRECTION('',(0.,0.,-1.));
#3090=FACE_BOUND('',#3091,.T.);
#3091=EDGE_LOOP('',(#6034,#6035,#6036,#6037));
#3092=CYLINDRICAL_SURFACE('',#3093,0.75);
#3093=AXIS2_PLACEMENT_3D('',#3094,#3095,#3096);
#3094=CARTESIAN_POINT('',(33.5,12.75,4.75));
#3095=DIRECTION('',(-1.,0.,0.));
#3096=DIRECTION('',(0.,0.,1.));
#3097=FACE_BOUND('',#3098,.T.);
#3098=EDGE_LOOP('',(#6038,#6039,#6040,#6041));
#3099=CYLINDRICAL_SURFACE('',#3100,0.75);
#3100=AXIS2_PLACEMENT_3D('',#3101,#3102,#3103);
#3101=CARTESIAN_POINT('',(22.5,12.25,4.75));
#3102=DIRECTION('',(1.,0.,0.));
#3103=DIRECTION('',(0.,0.,1.));
#3104=FACE_OUTER_BOUND('',#3105,.T.);
#3105=EDGE_LOOP('',(#6042));
#3106=FACE_OUTER_BOUND('',#3107,.T.);
#3107=EDGE_LOOP('',(#6043));
#3108=CYLINDRICAL_SURFACE('',#3109,0.5);
#3109=AXIS2_PLACEMENT_3D('',#3110,#3111,#3112);
#3110=CARTESIAN_POINT('',(30.5,12.5,4.5));
#3111=DIRECTION('',(1.,0.,0.));
#3112=DIRECTION('',(0.,1.,6.12323399573677E-17));
#3113=FACE_BOUND('',#3114,.T.);
#3114=EDGE_LOOP('',(#6044));
#3115=PLANE('',#3116);
#3116=AXIS2_PLACEMENT_3D('',#3117,#3118,#3119);
#3117=CARTESIAN_POINT('',(175.5,0.,0.));
#3118=DIRECTION('',(1.,0.,0.));
#3119=DIRECTION('',(0.,1.,6.12323399573677E-17));
#3120=FACE_BOUND('',#3121,.T.);
#3121=EDGE_LOOP('',(#6045));
#3122=PLANE('',#3123);
#3123=AXIS2_PLACEMENT_3D('',#3124,#3125,#3126);
#3124=CARTESIAN_POINT('',(30.5,0.,0.));
#3125=DIRECTION('',(1.,0.,0.));
#3126=DIRECTION('',(0.,1.,6.12323399573677E-17));
#3127=FACE_BOUND('',#3128,.T.);
#3128=EDGE_LOOP('',(#6046,#6047,#6048,#6049,#6050,#6051,#6052,#6053,#6054,#6055,
#6056,#6057,#6058,#6059,#6060,#6061,#6062,#6063));
#3129=FACE_BOUND('',#3130,.T.);
#3130=EDGE_LOOP('',(#6064,#6065,#6066,#6067,#6068,#6069,#6070));
#3131=PLANE('',#3132);
#3132=AXIS2_PLACEMENT_3D('',#3133,#3134,#3135);
#3133=CARTESIAN_POINT('',(0.,0.,2.));
#3134=DIRECTION('',(0.,0.,1.));
#3135=DIRECTION('',(1.,0.,0.));
#3136=FACE_BOUND('',#3137,.T.);
#3137=EDGE_LOOP('',(#6071,#6072,#6073,#6074));
#3138=SURFACE_OF_LINEAR_EXTRUSION('',#3139,#3140);
#3139=B_SPLINE_CURVE_WITH_KNOTS('',2,
(#6075,#6076,#6077),
.UNSPECIFIED.,.F.,.F.,
(3,3),
(0.,1.),
.UNSPECIFIED.);
#3140=VECTOR('',#3141,0.1);
#3141=DIRECTION('',(0.,0.,1.));
#3142=FACE_BOUND('',#3143,.T.);
#3143=EDGE_LOOP('',(#6078,#6079,#6080,#6081));
#3144=SURFACE_OF_LINEAR_EXTRUSION('',#3145,#3146);
#3145=B_SPLINE_CURVE_WITH_KNOTS('',2,
(#6082,#6083,#6084),
.UNSPECIFIED.,.F.,.F.,
(3,3),
(0.,1.),
.UNSPECIFIED.);
#3146=VECTOR('',#3147,0.1);
#3147=DIRECTION('',(0.,0.,1.));
#3148=FACE_BOUND('',#3149,.T.);
#3149=EDGE_LOOP('',(#6085,#6086,#6087,#6088));
#3150=SURFACE_OF_LINEAR_EXTRUSION('',#3151,#3152);
#3151=B_SPLINE_CURVE_WITH_KNOTS('',2,
(#6089,#6090,#6091),
.UNSPECIFIED.,.F.,.F.,
(3,3),
(0.,1.),
.UNSPECIFIED.);
#3152=VECTOR('',#3153,0.1);
#3153=DIRECTION('',(0.,0.,1.));
#3154=FACE_BOUND('',#3155,.T.);
#3155=EDGE_LOOP('',(#6092,#6093,#6094,#6095));
#3156=SURFACE_OF_LINEAR_EXTRUSION('',#3157,#3158);
#3157=B_SPLINE_CURVE_WITH_KNOTS('',2,
(#6096,#6097,#6098),
.UNSPECIFIED.,.F.,.F.,
(3,3),
(0.,1.),
.UNSPECIFIED.);
#3158=VECTOR('',#3159,0.1);
#3159=DIRECTION('',(0.,0.,1.));
#3160=FACE_BOUND('',#3161,.T.);
#3161=EDGE_LOOP('',(#6099,#6100,#6101,#6102));
#3162=SURFACE_OF_LINEAR_EXTRUSION('',#3163,#3164);
#3163=B_SPLINE_CURVE_WITH_KNOTS('',2,
(#6103,#6104,#6105),
.UNSPECIFIED.,.F.,.F.,
(3,3),
(0.,1.),
.UNSPECIFIED.);
#3164=VECTOR('',#3165,0.1);
#3165=DIRECTION('',(0.,0.,1.));
#3166=FACE_BOUND('',#3167,.T.);
#3167=EDGE_LOOP('',(#6106,#6107,#6108,#6109));
#3168=SURFACE_OF_LINEAR_EXTRUSION('',#3169,#3170);
#3169=B_SPLINE_CURVE_WITH_KNOTS('',2,
(#6110,#6111,#6112),
.UNSPECIFIED.,.F.,.F.,
(3,3),
(0.,1.),
.UNSPECIFIED.);
#3170=VECTOR('',#3171,0.1);
#3171=DIRECTION('',(0.,0.,1.));
#3172=FACE_BOUND('',#3173,.T.);
#3173=EDGE_LOOP('',(#6113,#6114,#6115,#6116));
#3174=SURFACE_OF_LINEAR_EXTRUSION('',#3175,#3176);
#3175=B_SPLINE_CURVE_WITH_KNOTS('',2,
(#6117,#6118,#6119),
.UNSPECIFIED.,.F.,.F.,
(3,3),
(0.,1.),
.UNSPECIFIED.);
#3176=VECTOR('',#3177,0.1);
#3177=DIRECTION('',(0.,0.,1.));
#3178=FACE_BOUND('',#3179,.T.);
#3179=EDGE_LOOP('',(#6120,#6121,#6122,#6123));
#3180=SURFACE_OF_LINEAR_EXTRUSION('',#3181,#3182);
#3181=B_SPLINE_CURVE_WITH_KNOTS('',2,
(#6124,#6125,#6126),
.UNSPECIFIED.,.F.,.F.,
(3,3),
(0.,1.),
.UNSPECIFIED.);
#3182=VECTOR('',#3183,0.1);
#3183=DIRECTION('',(0.,0.,1.));
#3184=FACE_BOUND('',#3185,.T.);
#3185=EDGE_LOOP('',(#6127,#6128,#6129,#6130));
#3186=PLANE('',#3187);
#3187=AXIS2_PLACEMENT_3D('',#3188,#3189,#3190);
#3188=CARTESIAN_POINT('',(14.6448576504279,4.90089947823847,2.));
#3189=DIRECTION('',(0.999882550510867,-0.0153259643704347,0.));
#3190=DIRECTION('',(0.0153259643704347,0.999882550510867,0.));
#3191=FACE_BOUND('',#3192,.T.);
#3192=EDGE_LOOP('',(#6131,#6132,#6133,#6134));
#3193=PLANE('',#3194);
#3194=AXIS2_PLACEMENT_3D('',#3195,#3196,#3197);
#3195=CARTESIAN_POINT('',(13.4873882439191,4.90089947823847,2.));
#3196=DIRECTION('',(0.,-1.,0.));
#3197=DIRECTION('',(1.,0.,0.));
#3198=FACE_BOUND('',#3199,.T.);
#3199=EDGE_LOOP('',(#6135,#6136,#6137,#6138));
#3200=PLANE('',#3201);
#3201=AXIS2_PLACEMENT_3D('',#3202,#3203,#3204);
#3202=CARTESIAN_POINT('',(13.5696571144548,6.28839103109826,2.));
#3203=DIRECTION('',(-0.998246777293482,0.0591892863884802,0.));
#3204=DIRECTION('',(-0.0591892863884802,-0.998246777293482,0.));
#3205=FACE_BOUND('',#3206,.T.);
#3206=EDGE_LOOP('',(#6139,#6140,#6141,#6142));
#3207=SURFACE_OF_LINEAR_EXTRUSION('',#3208,#3209);
#3208=B_SPLINE_CURVE_WITH_KNOTS('',2,
(#6143,#6144,#6145),
.UNSPECIFIED.,.F.,.F.,
(3,3),
(0.,1.),
.UNSPECIFIED.);
#3209=VECTOR('',#3210,0.1);
#3210=DIRECTION('',(0.,0.,1.));
#3211=FACE_BOUND('',#3212,.T.);
#3212=EDGE_LOOP('',(#6146,#6147,#6148,#6149));
#3213=SURFACE_OF_LINEAR_EXTRUSION('',#3214,#3215);
#3214=B_SPLINE_CURVE_WITH_KNOTS('',2,
(#6150,#6151,#6152),
.UNSPECIFIED.,.F.,.F.,
(3,3),
(0.,1.),
.UNSPECIFIED.);
#3215=VECTOR('',#3216,0.1);
#3216=DIRECTION('',(0.,0.,1.));
#3217=FACE_BOUND('',#3218,.T.);
#3218=EDGE_LOOP('',(#6153,#6154,#6155,#6156));
#3219=PLANE('',#3220);
#3220=AXIS2_PLACEMENT_3D('',#3221,#3222,#3223);
#3221=CARTESIAN_POINT('',(12.9696041580193,6.90467725601624,2.));
#3222=DIRECTION('',(0.,-1.,0.));
#3223=DIRECTION('',(1.,0.,0.));
#3224=FACE_BOUND('',#3225,.T.);
#3225=EDGE_LOOP('',(#6157,#6158,#6159,#6160));
#3226=PLANE('',#3227);
#3227=AXIS2_PLACEMENT_3D('',#3228,#3229,#3230);
#3228=CARTESIAN_POINT('',(12.2886328021704,4.90089947823847,2.));
#3229=DIRECTION('',(0.946817822863821,-0.321770120283744,0.));
#3230=DIRECTION('',(0.321770120283744,0.946817822863821,0.));
#3231=FACE_BOUND('',#3232,.T.);
#3232=EDGE_LOOP('',(#6161,#6162,#6163,#6164));
#3233=PLANE('',#3234);
#3234=AXIS2_PLACEMENT_3D('',#3235,#3236,#3237);
#3235=CARTESIAN_POINT('',(11.1862022466148,4.90089947823847,2.));
#3236=DIRECTION('',(0.,-1.,0.));
#3237=DIRECTION('',(1.,0.,0.));
#3238=FACE_BOUND('',#3239,.T.);
#3239=EDGE_LOOP('',(#6165,#6166,#6167,#6168));
#3240=PLANE('',#3241);
#3241=AXIS2_PLACEMENT_3D('',#3242,#3243,#3244);
#3242=CARTESIAN_POINT('',(12.8496597135748,9.79569114490513,2.));
#3243=DIRECTION('',(-0.946818229052617,0.321768925059065,0.));
#3244=DIRECTION('',(-0.321768925059065,-0.946818229052617,0.));
#3245=FACE_BOUND('',#3246,.T.);
#3246=EDGE_LOOP('',(#6169,#6170,#6171,#6172));
#3247=PLANE('',#3248);
#3248=AXIS2_PLACEMENT_3D('',#3249,#3250,#3251);
#3249=CARTESIAN_POINT('',(14.007211803637,9.79569114490513,2.));
#3250=DIRECTION('',(0.,1.,0.));
#3251=DIRECTION('',(-1.,0.,0.));
#3252=FACE_BOUND('',#3253,.T.);
#3253=EDGE_LOOP('',(#6173,#6174,#6175,#6176));
#3254=PLANE('',#3255);
#3255=AXIS2_PLACEMENT_3D('',#3256,#3257,#3258);
#3256=CARTESIAN_POINT('',(13.2471410596325,7.7213578115718,2.));
#3257=DIRECTION('',(0.,-1.,0.));
#3258=DIRECTION('',(1.,0.,0.));
#3259=FACE_BOUND('',#3260,.T.);
#3260=EDGE_LOOP('',(#6177,#6178,#6179,#6180));
#3261=SURFACE_OF_LINEAR_EXTRUSION('',#3262,#3263);
#3262=B_SPLINE_CURVE_WITH_KNOTS('',2,
(#6181,#6182,#6183),
.UNSPECIFIED.,.F.,.F.,
(3,3),
(0.,1.),
.UNSPECIFIED.);
#3263=VECTOR('',#3264,0.1);
#3264=DIRECTION('',(0.,0.,1.));
#3265=FACE_BOUND('',#3266,.T.);
#3266=EDGE_LOOP('',(#6184,#6185,#6186,#6187));
#3267=SURFACE_OF_LINEAR_EXTRUSION('',#3268,#3269);
#3268=B_SPLINE_CURVE_WITH_KNOTS('',2,
(#6188,#6189,#6190),
.UNSPECIFIED.,.F.,.F.,
(3,3),
(0.,1.),
.UNSPECIFIED.);
#3269=VECTOR('',#3270,0.1);
#3270=DIRECTION('',(0.,0.,1.));
#3271=FACE_BOUND('',#3272,.T.);
#3272=EDGE_LOOP('',(#6191,#6192,#6193,#6194));
#3273=SURFACE_OF_LINEAR_EXTRUSION('',#3274,#3275);
#3274=B_SPLINE_CURVE_WITH_KNOTS('',2,
(#6195,#6196,#6197),
.UNSPECIFIED.,.F.,.F.,
(3,3),
(0.,1.),
.UNSPECIFIED.);
#3275=VECTOR('',#3276,0.1);
#3276=DIRECTION('',(0.,0.,1.));
#3277=FACE_BOUND('',#3278,.T.);
#3278=EDGE_LOOP('',(#6198,#6199,#6200,#6201));
#3279=SURFACE_OF_LINEAR_EXTRUSION('',#3280,#3281);
#3280=B_SPLINE_CURVE_WITH_KNOTS('',2,
(#6202,#6203,#6204),
.UNSPECIFIED.,.F.,.F.,
(3,3),
(0.,1.),
.UNSPECIFIED.);
#3281=VECTOR('',#3282,0.1);
#3282=DIRECTION('',(0.,0.,1.));
#3283=FACE_BOUND('',#3284,.T.);
#3284=EDGE_LOOP('',(#6205,#6206,#6207,#6208));
#3285=PLANE('',#3286);
#3286=AXIS2_PLACEMENT_3D('',#3287,#3288,#3289);
#3287=CARTESIAN_POINT('',(13.9294628866037,8.97901058934958,2.));
#3288=DIRECTION('',(0.,1.,0.));
#3289=DIRECTION('',(-1.,0.,0.));
#3290=FACE_BOUND('',#3291,.T.);
#3291=EDGE_LOOP('',(#6209,#6210,#6211,#6212));
#3292=PLANE('',#3293);
#3293=AXIS2_PLACEMENT_3D('',#3294,#3295,#3296);
#3294=CARTESIAN_POINT('',(13.6745533944324,8.97901058934958,2.));
#3295=DIRECTION('',(-0.946816240833368,0.321774775416236,0.));
#3296=DIRECTION('',(-0.321774775416236,-0.946816240833368,0.));
#3297=FACE_BOUND('',#3298,.T.);
#3298=EDGE_LOOP('',(#6213,#6214,#6215,#6216,#6217,#6218,#6219,#6220,#6221,#6222,
#6223,#6224,#6225,#6226,#6227,#6228,#6229,#6230));
#3299=FACE_BOUND('',#3300,.T.);
#3300=EDGE_LOOP('',(#6231,#6232,#6233,#6234,#6235,#6236,#6237));
#3301=PLANE('',#3302);
#3302=AXIS2_PLACEMENT_3D('',#3303,#3304,#3305);
#3303=CARTESIAN_POINT('',(0.,0.,2.1));
#3304=DIRECTION('',(0.,0.,1.));
#3305=DIRECTION('',(1.,0.,0.));
#3306=FACE_BOUND('',#3307,.T.);
#3307=EDGE_LOOP('',(#6238,#6239,#6240,#6241));
#3308=PLANE('',#3309);
#3309=AXIS2_PLACEMENT_3D('',#3310,#3311,#3312);
#3310=CARTESIAN_POINT('',(11.9324377456657,9.79569114490513,2.));
#3311=DIRECTION('',(0.,1.,0.));
#3312=DIRECTION('',(-1.,0.,0.));
#3313=FACE_BOUND('',#3314,.T.);
#3314=EDGE_LOOP('',(#6242,#6243,#6244,#6245));
#3315=PLANE('',#3316);
#3316=AXIS2_PLACEMENT_3D('',#3317,#3318,#3319);
#3317=CARTESIAN_POINT('',(9.1454933012213,9.79569114490513,2.));
#3318=DIRECTION('',(-0.946818229052617,0.321768925059065,0.));
#3319=DIRECTION('',(-0.321768925059065,-0.946818229052617,0.));
#3320=FACE_BOUND('',#3321,.T.);
#3321=EDGE_LOOP('',(#6246,#6247,#6248,#6249));
#3322=PLANE('',#3323);
#3323=AXIS2_PLACEMENT_3D('',#3324,#3325,#3326);
#3324=CARTESIAN_POINT('',(7.48203583426132,4.90089947823847,2.));
#3325=DIRECTION('',(0.,-1.,0.));
#3326=DIRECTION('',(1.,0.,0.));
#3327=FACE_BOUND('',#3328,.T.);
#3328=EDGE_LOOP('',(#6250,#6251,#6252,#6253));
#3329=PLANE('',#3330);
#3330=AXIS2_PLACEMENT_3D('',#3331,#3332,#3333);
#3331=CARTESIAN_POINT('',(10.3483552787058,4.90089947823847,2.));
#3332=DIRECTION('',(0.946815416906588,-0.321777199795144,0.));
#3333=DIRECTION('',(0.321777199795144,0.946815416906588,0.));
#3334=FACE_BOUND('',#3335,.T.);
#3335=EDGE_LOOP('',(#6254,#6255,#6256,#6257));
#3336=PLANE('',#3337);
#3337=AXIS2_PLACEMENT_3D('',#3338,#3339,#3340);
#3338=CARTESIAN_POINT('',(10.6295026416501,5.72816336712735,2.));
#3339=DIRECTION('',(0.,1.,0.));
#3340=DIRECTION('',(-1.,0.,0.));
#3341=FACE_BOUND('',#3342,.T.);
#3342=EDGE_LOOP('',(#6258,#6259,#6260,#6261));
#3343=PLANE('',#3344);
#3344=AXIS2_PLACEMENT_3D('',#3345,#3346,#3347);
#3345=CARTESIAN_POINT('',(8.88678041942786,5.72816336712735,2.));
#3346=DIRECTION('',(0.946820981528937,-0.321760825671151,0.));
#3347=DIRECTION('',(0.321760825671151,0.946820981528937,0.));
#3348=FACE_BOUND('',#3349,.T.);
#3349=EDGE_LOOP('',(#6262,#6263,#6264,#6265));
#3350=PLANE('',#3351);
#3351=AXIS2_PLACEMENT_3D('',#3352,#3353,#3354);
#3352=CARTESIAN_POINT('',(9.31477151218576,6.98758003379402,2.));
#3353=DIRECTION('',(0.,-1.,0.));
#3354=DIRECTION('',(1.,0.,0.));
#3355=FACE_BOUND('',#3356,.T.);
#3356=EDGE_LOOP('',(#6266,#6267,#6268,#6269));
#3357=PLANE('',#3358);
#3358=AXIS2_PLACEMENT_3D('',#3359,#3360,#3361);
#3359=CARTESIAN_POINT('',(10.8899242899635,6.98758003379402,2.));
#3360=DIRECTION('',(0.946815399609712,-0.321777250690445,0.));
#3361=DIRECTION('',(0.321777250690445,0.946815399609712,0.));
#3362=FACE_BOUND('',#3363,.T.);
#3363=EDGE_LOOP('',(#6270,#6271,#6272,#6273));
#3364=PLANE('',#3365);
#3365=AXIS2_PLACEMENT_3D('',#3366,#3367,#3368);
#3366=CARTESIAN_POINT('',(11.1686738567769,7.80778836712735,2.));
#3367=DIRECTION('',(0.,1.,0.));
#3368=DIRECTION('',(-1.,0.,0.));
#3369=FACE_BOUND('',#3370,.T.);
#3370=EDGE_LOOP('',(#6274,#6275,#6276,#6277));
#3371=PLANE('',#3372);
#3372=AXIS2_PLACEMENT_3D('',#3373,#3374,#3375);
#3373=CARTESIAN_POINT('',(9.59352107899908,7.80778836712735,2.));
#3374=DIRECTION('',(0.94681781875581,-0.321770132371682,0.));
#3375=DIRECTION('',(0.321770132371682,0.94681781875581,0.));
#3376=FACE_BOUND('',#3377,.T.);
#3377=EDGE_LOOP('',(#6278,#6279,#6280,#6281));
#3378=PLANE('',#3379);
#3379=AXIS2_PLACEMENT_3D('',#3380,#3381,#3382);
#3380=CARTESIAN_POINT('',(9.99155364874553,8.97901058934958,2.));
#3381=DIRECTION('',(0.,-1.,0.));
#3382=DIRECTION('',(1.,0.,0.));
#3383=FACE_BOUND('',#3384,.T.);
#3384=EDGE_LOOP('',(#6282,#6283,#6284,#6285));
#3385=PLANE('',#3386);
#3386=AXIS2_PLACEMENT_3D('',#3387,#3388,#3389);
#3387=CARTESIAN_POINT('',(11.6549008709677,8.97901058934958,2.));
#3388=DIRECTION('',(0.946820262970858,-0.321762940109322,0.));
#3389=DIRECTION('',(0.321762940109322,0.946820262970858,0.));
#3390=FACE_BOUND('',#3391,.T.);
#3391=EDGE_LOOP('',(#6286,#6287,#6288,#6289,#6290,#6291,#6292,#6293,#6294,#6295,
#6296,#6297));
#3392=PLANE('',#3393);
#3393=AXIS2_PLACEMENT_3D('',#3394,#3395,#3396);
#3394=CARTESIAN_POINT('',(0.,0.,2.1));
#3395=DIRECTION('',(0.,0.,1.));
#3396=DIRECTION('',(1.,0.,0.));
#3397=FACE_BOUND('',#3398,.T.);
#3398=EDGE_LOOP('',(#6298,#6299,#6300,#6301,#6302,#6303,#6304,#6305,#6306,#6307,
#6308,#6309));
#3399=PLANE('',#3400);
#3400=AXIS2_PLACEMENT_3D('',#3401,#3402,#3403);
#3401=CARTESIAN_POINT('',(0.,0.,2.));
#3402=DIRECTION('',(0.,0.,1.));
#3403=DIRECTION('',(1.,0.,0.));
#3404=FACE_BOUND('',#3405,.T.);
#3405=EDGE_LOOP('',(#6310,#6311,#6312,#6313,#6314,#6315,#6316,#6317,#6318,#6319,
#6320,#6321,#6322,#6323,#6324,#6325,#6326,#6327));
#3406=FACE_BOUND('',#3407,.T.);
#3407=EDGE_LOOP('',(#6328,#6329,#6330,#6331,#6332,#6333,#6334,#6335));
#3408=PLANE('',#3409);
#3409=AXIS2_PLACEMENT_3D('',#3410,#3411,#3412);
#3410=CARTESIAN_POINT('',(0.,0.,2.));
#3411=DIRECTION('',(0.,0.,1.));
#3412=DIRECTION('',(1.,0.,0.));
#3413=FACE_BOUND('',#3414,.T.);
#3414=EDGE_LOOP('',(#6336,#6337,#6338,#6339));
#3415=SURFACE_OF_LINEAR_EXTRUSION('',#3416,#3417);
#3416=B_SPLINE_CURVE_WITH_KNOTS('',2,
(#6340,#6341,#6342),
.UNSPECIFIED.,.F.,.F.,
(3,3),
(0.,1.),
.UNSPECIFIED.);
#3417=VECTOR('',#3418,0.1);
#3418=DIRECTION('',(0.,0.,1.));
#3419=FACE_BOUND('',#3420,.T.);
#3420=EDGE_LOOP('',(#6343,#6344,#6345,#6346));
#3421=SURFACE_OF_LINEAR_EXTRUSION('',#3422,#3423);
#3422=B_SPLINE_CURVE_WITH_KNOTS('',2,
(#6347,#6348,#6349),
.UNSPECIFIED.,.F.,.F.,
(3,3),
(0.,1.),
.UNSPECIFIED.);
#3423=VECTOR('',#3424,0.1);
#3424=DIRECTION('',(0.,0.,1.));
#3425=FACE_BOUND('',#3426,.T.);
#3426=EDGE_LOOP('',(#6350,#6351,#6352,#6353));
#3427=SURFACE_OF_LINEAR_EXTRUSION('',#3428,#3429);
#3428=B_SPLINE_CURVE_WITH_KNOTS('',2,
(#6354,#6355,#6356),
.UNSPECIFIED.,.F.,.F.,
(3,3),
(0.,1.),
.UNSPECIFIED.);
#3429=VECTOR('',#3430,0.1);
#3430=DIRECTION('',(0.,0.,1.));
#3431=FACE_BOUND('',#3432,.T.);
#3432=EDGE_LOOP('',(#6357,#6358,#6359,#6360));
#3433=SURFACE_OF_LINEAR_EXTRUSION('',#3434,#3435);
#3434=B_SPLINE_CURVE_WITH_KNOTS('',2,
(#6361,#6362,#6363),
.UNSPECIFIED.,.F.,.F.,
(3,3),
(0.,1.),
.UNSPECIFIED.);
#3435=VECTOR('',#3436,0.1);
#3436=DIRECTION('',(0.,0.,1.));
#3437=FACE_BOUND('',#3438,.T.);
#3438=EDGE_LOOP('',(#6364,#6365,#6366,#6367));
#3439=PLANE('',#3440);
#3440=AXIS2_PLACEMENT_3D('',#3441,#3442,#3443);
#3441=CARTESIAN_POINT('',(8.92170406688292,12.0972730540846,2.));
#3442=DIRECTION('',(-0.97138517647682,-0.237509660690038,0.));
#3443=DIRECTION('',(0.237509660690038,-0.97138517647682,0.));
#3444=FACE_BOUND('',#3445,.T.);
#3445=EDGE_LOOP('',(#6368,#6369,#6370,#6371));
#3446=PLANE('',#3447);
#3447=AXIS2_PLACEMENT_3D('',#3448,#3449,#3450);
#3448=CARTESIAN_POINT('',(8.71386835102286,12.0972730540846,2.));
#3449=DIRECTION('',(0.,-1.,0.));
#3450=DIRECTION('',(1.,0.,0.));
#3451=FACE_BOUND('',#3452,.T.);
#3452=EDGE_LOOP('',(#6372,#6373,#6374,#6375));
#3453=PLANE('',#3454);
#3454=AXIS2_PLACEMENT_3D('',#3455,#3456,#3457);
#3455=CARTESIAN_POINT('',(8.48800788969176,11.4326176771868,2.));
#3456=DIRECTION('',(0.946825857991266,-0.32174647572134,0.));
#3457=DIRECTION('',(0.32174647572134,0.946825857991266,0.));
#3458=FACE_BOUND('',#3459,.T.);
#3459=EDGE_LOOP('',(#6376,#6377,#6378,#6379));
#3460=SURFACE_OF_LINEAR_EXTRUSION('',#3461,#3462);
#3461=B_SPLINE_CURVE_WITH_KNOTS('',2,
(#6380,#6381,#6382),
.UNSPECIFIED.,.F.,.F.,
(3,3),
(0.,1.),
.UNSPECIFIED.);
#3462=VECTOR('',#3463,0.1);
#3463=DIRECTION('',(0.,0.,1.));
#3464=FACE_BOUND('',#3465,.T.);
#3465=EDGE_LOOP('',(#6383,#6384,#6385,#6386));
#3466=SURFACE_OF_LINEAR_EXTRUSION('',#3467,#3468);
#3467=B_SPLINE_CURVE_WITH_KNOTS('',2,
(#6387,#6388,#6389),
.UNSPECIFIED.,.F.,.F.,
(3,3),
(0.,1.),
.UNSPECIFIED.);
#3468=VECTOR('',#3469,0.1);
#3469=DIRECTION('',(0.,0.,1.));
#3470=FACE_BOUND('',#3471,.T.);
#3471=EDGE_LOOP('',(#6390,#6391,#6392,#6393));
#3472=PLANE('',#3473);
#3473=AXIS2_PLACEMENT_3D('',#3474,#3475,#3476);
#3474=CARTESIAN_POINT('',(8.90075788969176,13.0000810190821,2.));
#3475=DIRECTION('',(-0.946814139083225,0.321780959710315,0.));
#3476=DIRECTION('',(-0.321780959710315,-0.946814139083225,0.));
#3477=FACE_BOUND('',#3478,.T.);
#3478=EDGE_LOOP('',(#6394,#6395,#6396,#6397));
#3479=SURFACE_OF_LINEAR_EXTRUSION('',#3480,#3481);
#3480=B_SPLINE_CURVE_WITH_KNOTS('',2,
(#6398,#6399,#6400),
.UNSPECIFIED.,.F.,.F.,
(3,3),
(0.,1.),
.UNSPECIFIED.);
#3481=VECTOR('',#3482,0.1);
#3482=DIRECTION('',(0.,0.,1.));
#3483=FACE_BOUND('',#3484,.T.);
#3484=EDGE_LOOP('',(#6401,#6402,#6403,#6404));
#3485=PLANE('',#3486);
#3486=AXIS2_PLACEMENT_3D('',#3487,#3488,#3489);
#3487=CARTESIAN_POINT('',(9.40335597828734,13.060356387418,2.));
#3488=DIRECTION('',(0.,1.,0.));
#3489=DIRECTION('',(-1.,0.,0.));
#3490=FACE_BOUND('',#3491,.T.);
#3491=EDGE_LOOP('',(#6405,#6406,#6407,#6408));
#3492=SURFACE_OF_LINEAR_EXTRUSION('',#3493,#3494);
#3493=B_SPLINE_CURVE_WITH_KNOTS('',2,
(#6409,#6410,#6411),
.UNSPECIFIED.,.F.,.F.,
(3,3),
(0.,1.),
.UNSPECIFIED.);
#3494=VECTOR('',#3495,0.1);
#3495=DIRECTION('',(0.,0.,1.));
#3496=FACE_BOUND('',#3497,.T.);
#3497=EDGE_LOOP('',(#6412,#6413,#6414,#6415));
#3498=SURFACE_OF_LINEAR_EXTRUSION('',#3499,#3500);
#3499=B_SPLINE_CURVE_WITH_KNOTS('',2,
(#6416,#6417,#6418),
.UNSPECIFIED.,.F.,.F.,
(3,3),
(0.,1.),
.UNSPECIFIED.);
#3500=VECTOR('',#3501,0.1);
#3501=DIRECTION('',(0.,0.,1.));
#3502=FACE_BOUND('',#3503,.T.);
#3503=EDGE_LOOP('',(#6419,#6420,#6421,#6422));
#3504=PLANE('',#3505);
#3505=AXIS2_PLACEMENT_3D('',#3506,#3507,#3508);
#3506=CARTESIAN_POINT('',(9.5613067039386,12.4576851722912,2.));
#3507=DIRECTION('',(0.946805051280137,-0.321807698587863,0.));
#3508=DIRECTION('',(0.321807698587863,0.946805051280137,0.));
#3509=FACE_BOUND('',#3510,.T.);
#3510=EDGE_LOOP('',(#6423,#6424,#6425,#6426));
#3511=SURFACE_OF_LINEAR_EXTRUSION('',#3512,#3513);
#3512=B_SPLINE_CURVE_WITH_KNOTS('',2,
(#6427,#6428,#6429),
.UNSPECIFIED.,.F.,.F.,
(3,3),
(0.,1.),
.UNSPECIFIED.);
#3513=VECTOR('',#3514,0.1);
#3514=DIRECTION('',(0.,0.,1.));
#3515=FACE_BOUND('',#3516,.T.);
#3516=EDGE_LOOP('',(#6430,#6431,#6432,#6433));
#3517=SURFACE_OF_LINEAR_EXTRUSION('',#3518,#3519);
#3518=B_SPLINE_CURVE_WITH_KNOTS('',2,
(#6434,#6435,#6436),
.UNSPECIFIED.,.F.,.F.,
(3,3),
(0.,1.),
.UNSPECIFIED.);
#3519=VECTOR('',#3520,0.1);
#3520=DIRECTION('',(0.,0.,1.));
#3521=FACE_BOUND('',#3522,.T.);
#3522=EDGE_LOOP('',(#6437,#6438,#6439,#6440));
#3523=PLANE('',#3524);
#3524=AXIS2_PLACEMENT_3D('',#3525,#3526,#3527);
#3525=CARTESIAN_POINT('',(9.21439937770072,11.462796716589,2.));
#3526=DIRECTION('',(0.971577422524007,0.236722014273296,0.));
#3527=DIRECTION('',(-0.236722014273296,0.971577422524007,0.));
#3528=FACE_BOUND('',#3529,.T.);
#3529=EDGE_LOOP('',(#6441,#6442,#6443,#6444));
#3530=SURFACE_OF_LINEAR_EXTRUSION('',#3531,#3532);
#3531=B_SPLINE_CURVE_WITH_KNOTS('',2,
(#6445,#6446,#6447),
.UNSPECIFIED.,.F.,.F.,
(3,3),
(0.,1.),
.UNSPECIFIED.);
#3532=VECTOR('',#3533,0.1);
#3533=DIRECTION('',(0.,0.,1.));
#3534=FACE_BOUND('',#3535,.T.);
#3535=EDGE_LOOP('',(#6448,#6449,#6450,#6451));
#3536=SURFACE_OF_LINEAR_EXTRUSION('',#3537,#3538);
#3537=B_SPLINE_CURVE_WITH_KNOTS('',2,
(#6452,#6453,#6454),
.UNSPECIFIED.,.F.,.F.,
(3,3),
(0.,1.),
.UNSPECIFIED.);
#3538=VECTOR('',#3539,0.1);
#3539=DIRECTION('',(0.,0.,1.));
#3540=FACE_BOUND('',#3541,.T.);
#3541=EDGE_LOOP('',(#6455,#6456,#6457,#6458));
#3542=PLANE('',#3543);
#3543=AXIS2_PLACEMENT_3D('',#3544,#3545,#3546);
#3544=CARTESIAN_POINT('',(9.44130713712528,12.4574646828157,2.));
#3545=DIRECTION('',(0.946841208478136,-0.321701299232164,0.));
#3546=DIRECTION('',(0.321701299232164,0.946841208478136,0.));
#3547=FACE_BOUND('',#3548,.T.);
#3548=EDGE_LOOP('',(#6459,#6460,#6461,#6462));
#3549=SURFACE_OF_LINEAR_EXTRUSION('',#3550,#3551);
#3550=B_SPLINE_CURVE_WITH_KNOTS('',2,
(#6463,#6464,#6465),
.UNSPECIFIED.,.F.,.F.,
(3,3),
(0.,1.),
.UNSPECIFIED.);
#3551=VECTOR('',#3552,0.1);
#3552=DIRECTION('',(0.,0.,1.));
#3553=FACE_BOUND('',#3554,.T.);
#3554=EDGE_LOOP('',(#6466,#6467,#6468,#6469));
#3555=SURFACE_OF_LINEAR_EXTRUSION('',#3556,#3557);
#3556=B_SPLINE_CURVE_WITH_KNOTS('',2,
(#6470,#6471,#6472),
.UNSPECIFIED.,.F.,.F.,
(3,3),
(0.,1.),
.UNSPECIFIED.);
#3557=VECTOR('',#3558,0.1);
#3558=DIRECTION('',(0.,0.,1.));
#3559=FACE_BOUND('',#3560,.T.);
#3560=EDGE_LOOP('',(#6473,#6474,#6475,#6476));
#3561=PLANE('',#3562);
#3562=AXIS2_PLACEMENT_3D('',#3563,#3564,#3565);
#3563=CARTESIAN_POINT('',(9.36270385028958,12.9404119429735,2.));
#3564=DIRECTION('',(0.,1.,0.));
#3565=DIRECTION('',(-1.,0.,0.));
#3566=FACE_BOUND('',#3567,.T.);
#3567=EDGE_LOOP('',(#6477,#6478,#6479,#6480));
#3568=PLANE('',#3569);
#3569=AXIS2_PLACEMENT_3D('',#3570,#3571,#3572);
#3570=CARTESIAN_POINT('',(9.00041759845638,12.9404119429735,2.));
#3571=DIRECTION('',(-0.946812333564139,0.321786272253541,0.));
#3572=DIRECTION('',(-0.321786272253541,-0.946812333564139,0.));
#3573=FACE_BOUND('',#3574,.T.);
#3574=EDGE_LOOP('',(#6481,#6482,#6483,#6484));
#3575=PLANE('',#3576);
#3576=AXIS2_PLACEMENT_3D('',#3577,#3578,#3579);
#3577=CARTESIAN_POINT('',(8.75463072375838,12.2172174985291,2.));
#3578=DIRECTION('',(0.,-1.,0.));
#3579=DIRECTION('',(1.,0.,0.));
#3580=FACE_BOUND('',#3581,.T.);
#3581=EDGE_LOOP('',(#6485,#6486,#6487,#6488,#6489,#6490,#6491,#6492,#6493,#6494,
#6495,#6496,#6497,#6498,#6499,#6500,#6501,#6502));
#3582=FACE_BOUND('',#3583,.T.);
#3583=EDGE_LOOP('',(#6503,#6504,#6505,#6506,#6507,#6508,#6509,#6510));
#3584=PLANE('',#3585);
#3585=AXIS2_PLACEMENT_3D('',#3586,#3587,#3588);
#3586=CARTESIAN_POINT('',(0.,0.,2.1));
#3587=DIRECTION('',(0.,0.,1.));
#3588=DIRECTION('',(1.,0.,0.));
#3589=FACE_BOUND('',#3590,.T.);
#3590=EDGE_LOOP('',(#6511,#6512,#6513,#6514,#6515,#6516,#6517,#6518,#6519,#6520,
#6521,#6522));
#3591=FACE_BOUND('',#3592,.T.);
#3592=EDGE_LOOP('',(#6523,#6524,#6525,#6526,#6527,#6528,#6529,#6530));
#3593=PLANE('',#3594);
#3594=AXIS2_PLACEMENT_3D('',#3595,#3596,#3597);
#3595=CARTESIAN_POINT('',(0.,0.,2.));
#3596=DIRECTION('',(0.,0.,1.));
#3597=DIRECTION('',(1.,0.,0.));
#3598=FACE_BOUND('',#3599,.T.);
#3599=EDGE_LOOP('',(#6531,#6532,#6533,#6534));
#3600=SURFACE_OF_LINEAR_EXTRUSION('',#3601,#3602);
#3601=B_SPLINE_CURVE_WITH_KNOTS('',2,
(#6535,#6536,#6537),
.UNSPECIFIED.,.F.,.F.,
(3,3),
(0.,1.),
.UNSPECIFIED.);
#3602=VECTOR('',#3603,0.1);
#3603=DIRECTION('',(0.,0.,1.));
#3604=FACE_BOUND('',#3605,.T.);
#3605=EDGE_LOOP('',(#6538,#6539,#6540,#6541));
#3606=SURFACE_OF_LINEAR_EXTRUSION('',#3607,#3608);
#3607=B_SPLINE_CURVE_WITH_KNOTS('',2,
(#6542,#6543,#6544),
.UNSPECIFIED.,.F.,.F.,
(3,3),
(0.,1.),
.UNSPECIFIED.);
#3608=VECTOR('',#3609,0.1);
#3609=DIRECTION('',(0.,0.,1.));
#3610=FACE_BOUND('',#3611,.T.);
#3611=EDGE_LOOP('',(#6545,#6546,#6547,#6548));
#3612=PLANE('',#3613);
#3613=AXIS2_PLACEMENT_3D('',#3614,#3615,#3616);
#3614=CARTESIAN_POINT('',(11.2361190361981,11.4325901160023,2.));
#3615=DIRECTION('',(0.946814139083225,-0.321780959710315,0.));
#3616=DIRECTION('',(0.321780959710315,0.946814139083225,0.));
#3617=FACE_BOUND('',#3618,.T.);
#3618=EDGE_LOOP('',(#6549,#6550,#6551,#6552));
#3619=SURFACE_OF_LINEAR_EXTRUSION('',#3620,#3621);
#3620=B_SPLINE_CURVE_WITH_KNOTS('',2,
(#6553,#6554,#6555),
.UNSPECIFIED.,.F.,.F.,
(3,3),
(0.,1.),
.UNSPECIFIED.);
#3621=VECTOR('',#3622,0.1);
#3622=DIRECTION('',(0.,0.,1.));
#3623=FACE_BOUND('',#3624,.T.);
#3624=EDGE_LOOP('',(#6556,#6557,#6558,#6559));
#3625=PLANE('',#3626);
#3626=AXIS2_PLACEMENT_3D('',#3627,#3628,#3629);
#3627=CARTESIAN_POINT('',(10.733548508787,11.3723147207513,2.));
#3628=DIRECTION('',(0.,-1.,0.));
#3629=DIRECTION('',(1.,0.,0.));
#3630=FACE_BOUND('',#3631,.T.);
#3631=EDGE_LOOP('',(#6560,#6561,#6562,#6563));
#3632=SURFACE_OF_LINEAR_EXTRUSION('',#3633,#3634);
#3633=B_SPLINE_CURVE_WITH_KNOTS('',2,
(#6564,#6565,#6566),
.UNSPECIFIED.,.F.,.F.,
(3,3),
(0.,1.),
.UNSPECIFIED.);
#3634=VECTOR('',#3635,0.1);
#3635=DIRECTION('',(0.,0.,1.));
#3636=FACE_BOUND('',#3637,.T.);
#3637=EDGE_LOOP('',(#6567,#6568,#6569,#6570));
#3638=SURFACE_OF_LINEAR_EXTRUSION('',#3639,#3640);
#3639=B_SPLINE_CURVE_WITH_KNOTS('',2,
(#6571,#6572,#6573),
.UNSPECIFIED.,.F.,.F.,
(3,3),
(0.,1.),
.UNSPECIFIED.);
#3640=VECTOR('',#3641,0.1);
#3641=DIRECTION('',(0.,0.,1.));
#3642=FACE_BOUND('',#3643,.T.);
#3643=EDGE_LOOP('',(#6574,#6575,#6576,#6577));
#3644=PLANE('',#3645);
#3645=AXIS2_PLACEMENT_3D('',#3646,#3647,#3648);
#3646=CARTESIAN_POINT('',(10.8187112767735,12.3375202383712,2.));
#3647=DIRECTION('',(-0.946810522771701,0.321791600214764,0.));
#3648=DIRECTION('',(-0.321791600214764,-0.946810522771701,0.));
#3649=FACE_BOUND('',#3650,.T.);
#3650=EDGE_LOOP('',(#6578,#6579,#6580,#6581));
#3651=SURFACE_OF_LINEAR_EXTRUSION('',#3652,#3653);
#3652=B_SPLINE_CURVE_WITH_KNOTS('',2,
(#6582,#6583,#6584),
.UNSPECIFIED.,.F.,.F.,
(3,3),
(0.,1.),
.UNSPECIFIED.);
#3653=VECTOR('',#3654,0.1);
#3654=DIRECTION('',(0.,0.,1.));
#3655=FACE_BOUND('',#3656,.T.);
#3656=EDGE_LOOP('',(#6585,#6586,#6587,#6588));
#3657=SURFACE_OF_LINEAR_EXTRUSION('',#3658,#3659);
#3658=B_SPLINE_CURVE_WITH_KNOTS('',2,
(#6589,#6590,#6591),
.UNSPECIFIED.,.F.,.F.,
(3,3),
(0.,1.),
.UNSPECIFIED.);
#3659=VECTOR('',#3660,0.1);
#3660=DIRECTION('',(0.,0.,1.));
#3661=FACE_BOUND('',#3662,.T.);
#3662=EDGE_LOOP('',(#6592,#6593,#6594,#6595));
#3663=PLANE('',#3664);
#3664=AXIS2_PLACEMENT_3D('',#3665,#3666,#3667);
#3665=CARTESIAN_POINT('',(11.5057184243537,12.5788147207513,2.));
#3666=DIRECTION('',(0.,1.,0.));
#3667=DIRECTION('',(-1.,0.,0.));
#3668=FACE_BOUND('',#3669,.T.);
#3669=EDGE_LOOP('',(#6596,#6597,#6598,#6599));
#3670=PLANE('',#3671);
#3671=AXIS2_PLACEMENT_3D('',#3672,#3673,#3674);
#3672=CARTESIAN_POINT('',(11.648924158567,13.0001637026354,2.));
#3673=DIRECTION('',(-0.94680898043979,0.321796138197096,0.));
#3674=DIRECTION('',(-0.321796138197096,-0.94680898043979,0.));
#3675=FACE_BOUND('',#3676,.T.);
#3676=EDGE_LOOP('',(#6600,#6601,#6602,#6603));
#3677=SURFACE_OF_LINEAR_EXTRUSION('',#3678,#3679);
#3678=B_SPLINE_CURVE_WITH_KNOTS('',2,
(#6604,#6605,#6606),
.UNSPECIFIED.,.F.,.F.,
(3,3),
(0.,1.),
.UNSPECIFIED.);
#3679=VECTOR('',#3680,0.1);
#3680=DIRECTION('',(0.,0.,1.));
#3681=FACE_BOUND('',#3682,.T.);
#3682=EDGE_LOOP('',(#6607,#6608,#6609,#6610));
#3683=SURFACE_OF_LINEAR_EXTRUSION('',#3684,#3685);
#3684=B_SPLINE_CURVE_WITH_KNOTS('',2,
(#6611,#6612,#6613),
.UNSPECIFIED.,.F.,.F.,
(3,3),
(0.,1.),
.UNSPECIFIED.);
#3685=VECTOR('',#3686,0.1);
#3686=DIRECTION('',(0.,0.,1.));
#3687=FACE_BOUND('',#3688,.T.);
#3688=EDGE_LOOP('',(#6614,#6615,#6616,#6617));
#3689=PLANE('',#3690);
#3690=AXIS2_PLACEMENT_3D('',#3691,#3692,#3693);
#3691=CARTESIAN_POINT('',(10.9388210614094,12.3380439008756,2.));
#3692=DIRECTION('',(-0.946820568147301,0.321762042095121,0.));
#3693=DIRECTION('',(-0.321762042095121,-0.946820568147301,0.));
#3694=FACE_BOUND('',#3695,.T.);
#3695=EDGE_LOOP('',(#6618,#6619,#6620,#6621));
#3696=SURFACE_OF_LINEAR_EXTRUSION('',#3697,#3698);
#3697=B_SPLINE_CURVE_WITH_KNOTS('',2,
(#6622,#6623,#6624),
.UNSPECIFIED.,.F.,.F.,
(3,3),
(0.,1.),
.UNSPECIFIED.);
#3698=VECTOR('',#3699,0.1);
#3699=DIRECTION('',(0.,0.,1.));
#3700=FACE_BOUND('',#3701,.T.);
#3701=EDGE_LOOP('',(#6625,#6626,#6627,#6628));
#3702=SURFACE_OF_LINEAR_EXTRUSION('',#3703,#3704);
#3703=B_SPLINE_CURVE_WITH_KNOTS('',2,
(#6629,#6630,#6631),
.UNSPECIFIED.,.F.,.F.,
(3,3),
(0.,1.),
.UNSPECIFIED.);
#3704=VECTOR('',#3705,0.1);
#3705=DIRECTION('',(0.,0.,1.));
#3706=FACE_BOUND('',#3707,.T.);
#3707=EDGE_LOOP('',(#6632,#6633,#6634,#6635));
#3708=PLANE('',#3709);
#3709=AXIS2_PLACEMENT_3D('',#3710,#3711,#3712);
#3710=CARTESIAN_POINT('',(10.7738699025714,11.4922591651957,2.));
#3711=DIRECTION('',(0.,-1.,0.));
#3712=DIRECTION('',(1.,0.,0.));
#3713=FACE_BOUND('',#3714,.T.);
#3714=EDGE_LOOP('',(#6636,#6637,#6638,#6639));
#3715=PLANE('',#3716);
#3716=AXIS2_PLACEMENT_3D('',#3717,#3718,#3719);
#3717=CARTESIAN_POINT('',(11.1364593005183,11.4922591651957,2.));
#3718=DIRECTION('',(0.946817821223478,-0.321770125110498,0.));
#3719=DIRECTION('',(0.321770125110498,0.946817821223478,0.));
#3720=FACE_BOUND('',#3721,.T.);
#3721=EDGE_LOOP('',(#6640,#6641,#6642,#6643));
#3722=PLANE('',#3723);
#3723=AXIS2_PLACEMENT_3D('',#3724,#3725,#3726);
#3724=CARTESIAN_POINT('',(11.4649560516182,12.4588702763068,2.));
#3725=DIRECTION('',(0.,1.,0.));
#3726=DIRECTION('',(-1.,0.,0.));
#3727=FACE_BOUND('',#3728,.T.);
#3728=EDGE_LOOP('',(#6644,#6645,#6646,#6647,#6648,#6649,#6650,#6651,#6652,#6653,
#6654,#6655));
#3729=FACE_BOUND('',#3730,.T.);
#3730=EDGE_LOOP('',(#6656,#6657,#6658,#6659,#6660,#6661,#6662,#6663));
#3731=PLANE('',#3732);
#3732=AXIS2_PLACEMENT_3D('',#3733,#3734,#3735);
#3733=CARTESIAN_POINT('',(0.,0.,2.1));
#3734=DIRECTION('',(0.,0.,1.));
#3735=DIRECTION('',(1.,0.,0.));
#3736=FACE_BOUND('',#3737,.T.);
#3737=EDGE_LOOP('',(#6664,#6665,#6666,#6667));
#3738=PLANE('',#3739);
#3739=AXIS2_PLACEMENT_3D('',#3740,#3741,#3742);
#3740=CARTESIAN_POINT('',(13.3629003112882,12.4588702763068,2.));
#3741=DIRECTION('',(0.,-1.,0.));
#3742=DIRECTION('',(1.,0.,0.));
#3743=FACE_BOUND('',#3744,.T.);
#3744=EDGE_LOOP('',(#6668,#6669,#6670,#6671,#6672,#6673,#6674,#6675,#6676,#6677,
#6678,#6679,#6680,#6681,#6682,#6683,#6684,#6685,#6686,#6687));
#3745=PLANE('',#3746);
#3746=AXIS2_PLACEMENT_3D('',#3747,#3748,#3749);
#3747=CARTESIAN_POINT('',(0.,0.,2.));
#3748=DIRECTION('',(0.,0.,1.));
#3749=DIRECTION('',(1.,0.,0.));
#3750=FACE_BOUND('',#3751,.T.);
#3751=EDGE_LOOP('',(#6688,#6689,#6690,#6691));
#3752=PLANE('',#3753);
#3753=AXIS2_PLACEMENT_3D('',#3754,#3755,#3756);
#3754=CARTESIAN_POINT('',(13.7244975335105,12.4588702763068,2.));
#3755=DIRECTION('',(-0.946815827359506,0.321775992052755,0.));
#3756=DIRECTION('',(-0.321775992052755,-0.946815827359506,0.));
#3757=FACE_BOUND('',#3758,.T.);
#3758=EDGE_LOOP('',(#6692,#6693,#6694,#6695,#6696,#6697,#6698,#6699,#6700,#6701,
#6702,#6703,#6704,#6705,#6706,#6707,#6708,#6709,#6710,#6711));
#3759=PLANE('',#3760);
#3760=AXIS2_PLACEMENT_3D('',#3761,#3762,#3763);
#3761=CARTESIAN_POINT('',(0.,0.,2.1));
#3762=DIRECTION('',(0.,0.,1.));
#3763=DIRECTION('',(1.,0.,0.));
#3764=FACE_BOUND('',#3765,.T.);
#3765=EDGE_LOOP('',(#6712,#6713,#6714,#6715));
#3766=PLANE('',#3767);
#3767=AXIS2_PLACEMENT_3D('',#3768,#3769,#3770);
#3768=CARTESIAN_POINT('',(13.0145873915592,11.4339681752243,2.));
#3769=DIRECTION('',(0.94681603694548,-0.321775375351899,0.));
#3770=DIRECTION('',(0.321775375351899,0.94681603694548,0.));
#3771=FACE_BOUND('',#3772,.T.);
#3772=EDGE_LOOP('',(#6716,#6717,#6718,#6719));
#3773=SURFACE_OF_LINEAR_EXTRUSION('',#3774,#3775);
#3774=B_SPLINE_CURVE_WITH_KNOTS('',2,
(#6720,#6721,#6722),
.UNSPECIFIED.,.F.,.F.,
(3,3),
(0.,1.),
.UNSPECIFIED.);
#3775=VECTOR('',#3776,0.1);
#3776=DIRECTION('',(0.,0.,1.));
#3777=FACE_BOUND('',#3778,.T.);
#3778=EDGE_LOOP('',(#6723,#6724,#6725,#6726));
#3779=SURFACE_OF_LINEAR_EXTRUSION('',#3780,#3781);
#3780=B_SPLINE_CURVE_WITH_KNOTS('',2,
(#6727,#6728,#6729),
.UNSPECIFIED.,.F.,.F.,
(3,3),
(0.,1.),
.UNSPECIFIED.);
#3781=VECTOR('',#3782,0.1);
#3782=DIRECTION('',(0.,0.,1.));
#3783=FACE_BOUND('',#3784,.T.);
#3784=EDGE_LOOP('',(#6730,#6731,#6732,#6733));
#3785=PLANE('',#3786);
#3786=AXIS2_PLACEMENT_3D('',#3787,#3788,#3789);
#3787=CARTESIAN_POINT('',(13.2627445012037,12.5170786096402,2.));
#3788=DIRECTION('',(-0.946814296331593,0.32178049701949,0.));
#3789=DIRECTION('',(-0.32178049701949,-0.946814296331593,0.));
#3790=FACE_BOUND('',#3791,.T.);
#3791=EDGE_LOOP('',(#6734,#6735,#6736,#6737));
#3792=SURFACE_OF_LINEAR_EXTRUSION('',#3793,#3794);
#3793=B_SPLINE_CURVE_WITH_KNOTS('',2,
(#6738,#6739,#6740),
.UNSPECIFIED.,.F.,.F.,
(3,3),
(0.,1.),
.UNSPECIFIED.);
#3794=VECTOR('',#3795,0.1);
#3795=DIRECTION('',(0.,0.,1.));
#3796=FACE_BOUND('',#3797,.T.);
#3797=EDGE_LOOP('',(#6741,#6742,#6743,#6744));
#3798=PLANE('',#3799);
#3799=AXIS2_PLACEMENT_3D('',#3800,#3801,#3802);
#3800=CARTESIAN_POINT('',(14.1268571284682,12.5788147207513,2.));
#3801=DIRECTION('',(0.,1.,0.));
#3802=DIRECTION('',(-1.,0.,0.));
#3803=FACE_BOUND('',#3804,.T.);
#3804=EDGE_LOOP('',(#6745,#6746,#6747,#6748));
#3805=SURFACE_OF_LINEAR_EXTRUSION('',#3806,#3807);
#3806=B_SPLINE_CURVE_WITH_KNOTS('',2,
(#6749,#6750,#6751),
.UNSPECIFIED.,.F.,.F.,
(3,3),
(0.,1.),
.UNSPECIFIED.);
#3807=VECTOR('',#3808,0.1);
#3808=DIRECTION('',(0.,0.,1.));
#3809=FACE_BOUND('',#3810,.T.);
#3810=EDGE_LOOP('',(#6752,#6753,#6754,#6755));
#3811=SURFACE_OF_LINEAR_EXTRUSION('',#3812,#3813);
#3812=B_SPLINE_CURVE_WITH_KNOTS('',2,
(#6756,#6757,#6758),
.UNSPECIFIED.,.F.,.F.,
(3,3),
(0.,1.),
.UNSPECIFIED.);
#3813=VECTOR('',#3814,0.1);
#3814=DIRECTION('',(0.,0.,1.));
#3815=FACE_BOUND('',#3816,.T.);
#3816=EDGE_LOOP('',(#6759,#6760,#6761,#6762));
#3817=PLANE('',#3818);
#3818=AXIS2_PLACEMENT_3D('',#3819,#3820,#3821);
#3819=CARTESIAN_POINT('',(13.9788833900926,11.4322869429735,2.));
#3820=DIRECTION('',(0.946819123949764,-0.32176629177557,0.));
#3821=DIRECTION('',(0.32176629177557,0.946819123949764,0.));
#3822=FACE_BOUND('',#3823,.T.);
#3823=EDGE_LOOP('',(#6763,#6764,#6765,#6766));
#3824=SURFACE_OF_LINEAR_EXTRUSION('',#3825,#3826);
#3825=B_SPLINE_CURVE_WITH_KNOTS('',2,
(#6767,#6768,#6769),
.UNSPECIFIED.,.F.,.F.,
(3,3),
(0.,1.),
.UNSPECIFIED.);
#3826=VECTOR('',#3827,0.1);
#3827=DIRECTION('',(0.,0.,1.));
#3828=FACE_BOUND('',#3829,.T.);
#3829=EDGE_LOOP('',(#6770,#6771,#6772,#6773));
#3830=SURFACE_OF_LINEAR_EXTRUSION('',#3831,#3832);
#3831=B_SPLINE_CURVE_WITH_KNOTS('',2,
(#6774,#6775,#6776),
.UNSPECIFIED.,.F.,.F.,
(3,3),
(0.,1.),
.UNSPECIFIED.);
#3832=VECTOR('',#3833,0.1);
#3833=DIRECTION('',(0.,0.,1.));
#3834=FACE_BOUND('',#3835,.T.);
#3835=EDGE_LOOP('',(#6777,#6778,#6779,#6780));
#3836=PLANE('',#3837);
#3837=AXIS2_PLACEMENT_3D('',#3838,#3839,#3840);
#3838=CARTESIAN_POINT('',(14.1667651044861,12.3381541456133,2.));
#3839=DIRECTION('',(-0.946819817982156,0.321764249530984,0.));
#3840=DIRECTION('',(-0.321764249530984,-0.946819817982156,0.));
#3841=FACE_BOUND('',#3842,.T.);
#3842=EDGE_LOOP('',(#6781,#6782,#6783,#6784));
#3843=SURFACE_OF_LINEAR_EXTRUSION('',#3844,#3845);
#3844=B_SPLINE_CURVE_WITH_KNOTS('',2,
(#6785,#6786,#6787),
.UNSPECIFIED.,.F.,.F.,
(3,3),
(0.,1.),
.UNSPECIFIED.);
#3845=VECTOR('',#3846,0.1);
#3846=DIRECTION('',(0.,0.,1.));
#3847=FACE_BOUND('',#3848,.T.);
#3848=EDGE_LOOP('',(#6788,#6789,#6790,#6791));
#3849=SURFACE_OF_LINEAR_EXTRUSION('',#3850,#3851);
#3850=B_SPLINE_CURVE_WITH_KNOTS('',2,
(#6792,#6793,#6794),
.UNSPECIFIED.,.F.,.F.,
(3,3),
(0.,1.),
.UNSPECIFIED.);
#3851=VECTOR('',#3852,0.1);
#3852=DIRECTION('',(0.,0.,1.));
#3853=FACE_BOUND('',#3854,.T.);
#3854=EDGE_LOOP('',(#6795,#6796,#6797,#6798));
#3855=PLANE('',#3856);
#3856=AXIS2_PLACEMENT_3D('',#3857,#3858,#3859);
#3857=CARTESIAN_POINT('',(13.8444419779549,12.4588702763068,2.));
#3858=DIRECTION('',(0.,-1.,0.));
#3859=DIRECTION('',(1.,0.,0.));
#3860=FACE_BOUND('',#3861,.T.);
#3861=EDGE_LOOP('',(#6799,#6800,#6801,#6802));
#3862=PLANE('',#3863);
#3863=AXIS2_PLACEMENT_3D('',#3864,#3865,#3866);
#3864=CARTESIAN_POINT('',(13.4956880792748,11.4326727995557,2.));
#3865=DIRECTION('',(0.946815827359505,-0.321775992052756,0.));
#3866=DIRECTION('',(0.321775992052756,0.946815827359505,0.));
#3867=FACE_BOUND('',#3868,.T.);
#3868=EDGE_LOOP('',(#6803,#6804,#6805,#6806));
#3869=SURFACE_OF_LINEAR_EXTRUSION('',#3870,#3871);
#3870=B_SPLINE_CURVE_WITH_KNOTS('',2,
(#6807,#6808,#6809),
.UNSPECIFIED.,.F.,.F.,
(3,3),
(0.,1.),
.UNSPECIFIED.);
#3871=VECTOR('',#3872,0.1);
#3872=DIRECTION('',(0.,0.,1.));
#3873=FACE_BOUND('',#3874,.T.);
#3874=EDGE_LOOP('',(#6810,#6811,#6812,#6813));
#3875=SURFACE_OF_LINEAR_EXTRUSION('',#3876,#3877);
#3876=B_SPLINE_CURVE_WITH_KNOTS('',2,
(#6814,#6815,#6816),
.UNSPECIFIED.,.F.,.F.,
(3,3),
(0.,1.),
.UNSPECIFIED.);
#3877=VECTOR('',#3878,0.1);
#3878=DIRECTION('',(0.,0.,1.));
#3879=FACE_BOUND('',#3880,.T.);
#3880=EDGE_LOOP('',(#6817,#6818,#6819,#6820,#6821,#6822,#6823,#6824,#6825,#6826,
#6827,#6828,#6829,#6830));
#3881=FACE_BOUND('',#3882,.T.);
#3882=EDGE_LOOP('',(#6831,#6832,#6833,#6834,#6835,#6836,#6837,#6838,#6839,#6840));
#3883=PLANE('',#3884);
#3884=AXIS2_PLACEMENT_3D('',#3885,#3886,#3887);
#3885=CARTESIAN_POINT('',(0.,0.,2.));
#3886=DIRECTION('',(0.,0.,1.));
#3887=DIRECTION('',(1.,0.,0.));
#3888=FACE_BOUND('',#3889,.T.);
#3889=EDGE_LOOP('',(#6841,#6842,#6843,#6844));
#3890=SURFACE_OF_LINEAR_EXTRUSION('',#3891,#3892);
#3891=B_SPLINE_CURVE_WITH_KNOTS('',2,
(#6845,#6846,#6847),
.UNSPECIFIED.,.F.,.F.,
(3,3),
(0.,1.),
.UNSPECIFIED.);
#3892=VECTOR('',#3893,0.1);
#3893=DIRECTION('',(0.,0.,1.));
#3894=FACE_BOUND('',#3895,.T.);
#3895=EDGE_LOOP('',(#6848,#6849,#6850,#6851));
#3896=SURFACE_OF_LINEAR_EXTRUSION('',#3897,#3898);
#3897=B_SPLINE_CURVE_WITH_KNOTS('',2,
(#6852,#6853,#6854),
.UNSPECIFIED.,.F.,.F.,
(3,3),
(0.,1.),
.UNSPECIFIED.);
#3898=VECTOR('',#3899,0.1);
#3899=DIRECTION('',(0.,0.,1.));
#3900=FACE_BOUND('',#3901,.T.);
#3901=EDGE_LOOP('',(#6855,#6856,#6857,#6858));
#3902=PLANE('',#3903);
#3903=AXIS2_PLACEMENT_3D('',#3904,#3905,#3906);
#3904=CARTESIAN_POINT('',(9.71928490515596,11.3723147207513,2.));
#3905=DIRECTION('',(0.,-1.,0.));
#3906=DIRECTION('',(1.,0.,0.));
#3907=FACE_BOUND('',#3908,.T.);
#3908=EDGE_LOOP('',(#6859,#6860,#6861,#6862));
#3909=SURFACE_OF_LINEAR_EXTRUSION('',#3910,#3911);
#3910=B_SPLINE_CURVE_WITH_KNOTS('',2,
(#6863,#6864,#6865),
.UNSPECIFIED.,.F.,.F.,
(3,3),
(0.,1.),
.UNSPECIFIED.);
#3911=VECTOR('',#3912,0.1);
#3912=DIRECTION('',(0.,0.,1.));
#3913=FACE_BOUND('',#3914,.T.);
#3914=EDGE_LOOP('',(#6866,#6867,#6868,#6869));
#3915=SURFACE_OF_LINEAR_EXTRUSION('',#3916,#3917);
#3916=B_SPLINE_CURVE_WITH_KNOTS('',2,
(#6870,#6871,#6872),
.UNSPECIFIED.,.F.,.F.,
(3,3),
(0.,1.),
.UNSPECIFIED.);
#3917=VECTOR('',#3918,0.1);
#3918=DIRECTION('',(0.,0.,1.));
#3919=FACE_BOUND('',#3920,.T.);
#3920=EDGE_LOOP('',(#6873,#6874,#6875,#6876));
#3921=PLANE('',#3922);
#3922=AXIS2_PLACEMENT_3D('',#3923,#3924,#3925);
#3923=CARTESIAN_POINT('',(9.80623912321586,12.3375202383712,2.));
#3924=DIRECTION('',(-0.946810522771701,0.321791600214764,0.));
#3925=DIRECTION('',(-0.321791600214764,-0.946810522771701,0.));
#3926=FACE_BOUND('',#3927,.T.);
#3927=EDGE_LOOP('',(#6877,#6878,#6879,#6880));
#3928=SURFACE_OF_LINEAR_EXTRUSION('',#3929,#3930);
#3929=B_SPLINE_CURVE_WITH_KNOTS('',2,
(#6881,#6882,#6883),
.UNSPECIFIED.,.F.,.F.,
(3,3),
(0.,1.),
.UNSPECIFIED.);
#3930=VECTOR('',#3931,0.1);
#3931=DIRECTION('',(0.,0.,1.));
#3932=FACE_BOUND('',#3933,.T.);
#3933=EDGE_LOOP('',(#6884,#6885,#6886,#6887));
#3934=SURFACE_OF_LINEAR_EXTRUSION('',#3935,#3936);
#3935=B_SPLINE_CURVE_WITH_KNOTS('',2,
(#6888,#6889,#6890),
.UNSPECIFIED.,.F.,.F.,
(3,3),
(0.,1.),
.UNSPECIFIED.);
#3936=VECTOR('',#3937,0.1);
#3937=DIRECTION('',(0.,0.,1.));
#3938=FACE_BOUND('',#3939,.T.);
#3939=EDGE_LOOP('',(#6891,#6892,#6893,#6894));
#3940=PLANE('',#3941);
#3941=AXIS2_PLACEMENT_3D('',#3942,#3943,#3944);
#3942=CARTESIAN_POINT('',(10.5511514311005,12.5788147207513,2.));
#3943=DIRECTION('',(0.,1.,0.));
#3944=DIRECTION('',(-1.,0.,0.));
#3945=FACE_BOUND('',#3946,.T.);
#3946=EDGE_LOOP('',(#6895,#6896,#6897,#6898));
#3947=SURFACE_OF_LINEAR_EXTRUSION('',#3948,#3949);
#3948=B_SPLINE_CURVE_WITH_KNOTS('',2,
(#6899,#6900,#6901),
.UNSPECIFIED.,.F.,.F.,
(3,3),
(0.,1.),
.UNSPECIFIED.);
#3949=VECTOR('',#3950,0.1);
#3950=DIRECTION('',(0.,0.,1.));
#3951=FACE_BOUND('',#3952,.T.);
#3952=EDGE_LOOP('',(#6902,#6903,#6904,#6905));
#3953=PLANE('',#3954);
#3954=AXIS2_PLACEMENT_3D('',#3955,#3956,#3957);
#3955=CARTESIAN_POINT('',(10.2825993410384,11.6112665562845,2.));
#3956=DIRECTION('',(0.94681463373108,-0.321779504245813,0.));
#3957=DIRECTION('',(0.321779504245813,0.94681463373108,0.));
#3958=FACE_BOUND('',#3959,.T.);
#3959=EDGE_LOOP('',(#6906,#6907,#6908,#6909));
#3960=SURFACE_OF_LINEAR_EXTRUSION('',#3961,#3962);
#3961=B_SPLINE_CURVE_WITH_KNOTS('',2,
(#6910,#6911,#6912),
.UNSPECIFIED.,.F.,.F.,
(3,3),
(0.,1.),
.UNSPECIFIED.);
#3962=VECTOR('',#3963,0.1);
#3963=DIRECTION('',(0.,0.,1.));
#3964=FACE_BOUND('',#3965,.T.);
#3965=EDGE_LOOP('',(#6913,#6914,#6915,#6916));
#3966=SURFACE_OF_LINEAR_EXTRUSION('',#3967,#3968);
#3967=B_SPLINE_CURVE_WITH_KNOTS('',2,
(#6917,#6918,#6919),
.UNSPECIFIED.,.F.,.F.,
(3,3),
(0.,1.),
.UNSPECIFIED.);
#3968=VECTOR('',#3969,0.1);
#3969=DIRECTION('',(0.,0.,1.));
#3970=FACE_BOUND('',#3971,.T.);
#3971=EDGE_LOOP('',(#6920,#6921,#6922,#6923));
#3972=SURFACE_OF_LINEAR_EXTRUSION('',#3973,#3974);
#3973=B_SPLINE_CURVE_WITH_KNOTS('',2,
(#6924,#6925,#6926),
.UNSPECIFIED.,.F.,.F.,
(3,3),
(0.,1.),
.UNSPECIFIED.);
#3974=VECTOR('',#3975,0.1);
#3975=DIRECTION('',(0.,0.,1.));
#3976=FACE_BOUND('',#3977,.T.);
#3977=EDGE_LOOP('',(#6927,#6928,#6929,#6930));
#3978=PLANE('',#3979);
#3979=AXIS2_PLACEMENT_3D('',#3980,#3981,#3982);
#3980=CARTESIAN_POINT('',(10.4507200091716,12.4588702763068,2.));
#3981=DIRECTION('',(0.,1.,0.));
#3982=DIRECTION('',(-1.,0.,0.));
#3983=FACE_BOUND('',#3984,.T.);
#3984=EDGE_LOOP('',(#6931,#6932,#6933,#6934));
#3985=SURFACE_OF_LINEAR_EXTRUSION('',#3986,#3987);
#3986=B_SPLINE_CURVE_WITH_KNOTS('',2,
(#6935,#6936,#6937),
.UNSPECIFIED.,.F.,.F.,
(3,3),
(0.,1.),
.UNSPECIFIED.);
#3987=VECTOR('',#3988,0.1);
#3988=DIRECTION('',(0.,0.,1.));
#3989=FACE_BOUND('',#3990,.T.);
#3990=EDGE_LOOP('',(#6938,#6939,#6940,#6941));
#3991=SURFACE_OF_LINEAR_EXTRUSION('',#3992,#3993);
#3992=B_SPLINE_CURVE_WITH_KNOTS('',2,
(#6942,#6943,#6944),
.UNSPECIFIED.,.F.,.F.,
(3,3),
(0.,1.),
.UNSPECIFIED.);
#3993=VECTOR('',#3994,0.1);
#3994=DIRECTION('',(0.,0.,1.));
#3995=FACE_BOUND('',#3996,.T.);
#3996=EDGE_LOOP('',(#6945,#6946,#6947,#6948));
#3997=PLANE('',#3998);
#3998=AXIS2_PLACEMENT_3D('',#3999,#4000,#4001);
#3999=CARTESIAN_POINT('',(9.92634890785172,12.3380439008756,2.));
#4000=DIRECTION('',(-0.946820568147301,0.321762042095121,0.));
#4001=DIRECTION('',(-0.321762042095121,-0.946820568147301,0.));
#4002=FACE_BOUND('',#4003,.T.);
#4003=EDGE_LOOP('',(#6949,#6950,#6951,#6952));
#4004=SURFACE_OF_LINEAR_EXTRUSION('',#4005,#4006);
#4005=B_SPLINE_CURVE_WITH_KNOTS('',2,
(#6953,#6954,#6955),
.UNSPECIFIED.,.F.,.F.,
(3,3),
(0.,1.),
.UNSPECIFIED.);
#4006=VECTOR('',#4007,0.1);
#4007=DIRECTION('',(0.,0.,1.));
#4008=FACE_BOUND('',#4009,.T.);
#4009=EDGE_LOOP('',(#6956,#6957,#6958,#6959));
#4010=SURFACE_OF_LINEAR_EXTRUSION('',#4011,#4012);
#4011=B_SPLINE_CURVE_WITH_KNOTS('',2,
(#6960,#6961,#6962),
.UNSPECIFIED.,.F.,.F.,
(3,3),
(0.,1.),
.UNSPECIFIED.);
#4012=VECTOR('',#4013,0.1);
#4013=DIRECTION('',(0.,0.,1.));
#4014=FACE_BOUND('',#4015,.T.);
#4015=EDGE_LOOP('',(#6963,#6964,#6965,#6966));
#4016=PLANE('',#4017);
#4017=AXIS2_PLACEMENT_3D('',#4018,#4019,#4020);
#4018=CARTESIAN_POINT('',(9.75974410486264,11.4922591651957,2.));
#4019=DIRECTION('',(0.,-1.,0.));
#4020=DIRECTION('',(1.,0.,0.));
#4021=FACE_BOUND('',#4022,.T.);
#4022=EDGE_LOOP('',(#6967,#6968,#6969,#6970));
#4023=SURFACE_OF_LINEAR_EXTRUSION('',#4024,#4025);
#4024=B_SPLINE_CURVE_WITH_KNOTS('',2,
(#6971,#6972,#6973),
.UNSPECIFIED.,.F.,.F.,
(3,3),
(0.,1.),
.UNSPECIFIED.);
#4025=VECTOR('',#4026,0.1);
#4026=DIRECTION('',(0.,0.,1.));
#4027=FACE_BOUND('',#4028,.T.);
#4028=EDGE_LOOP('',(#6974,#6975,#6976,#6977));
#4029=SURFACE_OF_LINEAR_EXTRUSION('',#4030,#4031);
#4030=B_SPLINE_CURVE_WITH_KNOTS('',2,
(#6978,#6979,#6980),
.UNSPECIFIED.,.F.,.F.,
(3,3),
(0.,1.),
.UNSPECIFIED.);
#4031=VECTOR('',#4032,0.1);
#4032=DIRECTION('',(0.,0.,1.));
#4033=FACE_BOUND('',#4034,.T.);
#4034=EDGE_LOOP('',(#6981,#6982,#6983,#6984));
#4035=PLANE('',#4036);
#4036=AXIS2_PLACEMENT_3D('',#4037,#4038,#4039);
#4037=CARTESIAN_POINT('',(10.1632888038361,11.6130855675422,2.));
#4038=DIRECTION('',(0.946818996923286,-0.32176666555935,0.));
#4039=DIRECTION('',(0.32176666555935,0.946818996923286,0.));
#4040=FACE_BOUND('',#4041,.T.);
#4041=EDGE_LOOP('',(#6985,#6986,#6987,#6988,#6989,#6990,#6991,#6992,#6993,#6994,
#6995,#6996,#6997,#6998));
#4042=FACE_BOUND('',#4043,.T.);
#4043=EDGE_LOOP('',(#6999,#7000,#7001,#7002,#7003,#7004,#7005,#7006,#7007,#7008));
#4044=PLANE('',#4045);
#4045=AXIS2_PLACEMENT_3D('',#4046,#4047,#4048);
#4046=CARTESIAN_POINT('',(0.,0.,2.1));
#4047=DIRECTION('',(0.,0.,1.));
#4048=DIRECTION('',(1.,0.,0.));
#4049=FACE_BOUND('',#4050,.T.);
#4050=EDGE_LOOP('',(#7009,#7010,#7011,#7012,#7013,#7014,#7015,#7016,#7017,#7018,
#7019,#7020,#7021,#7022));
#4051=FACE_BOUND('',#4052,.T.);
#4052=EDGE_LOOP('',(#7023,#7024,#7025,#7026,#7027,#7028,#7029,#7030,#7031,#7032));
#4053=PLANE('',#4054);
#4054=AXIS2_PLACEMENT_3D('',#4055,#4056,#4057);
#4055=CARTESIAN_POINT('',(0.,0.,2.));
#4056=DIRECTION('',(0.,0.,1.));
#4057=DIRECTION('',(1.,0.,0.));
#4058=FACE_BOUND('',#4059,.T.);
#4059=EDGE_LOOP('',(#7033,#7034,#7035,#7036));
#4060=SURFACE_OF_LINEAR_EXTRUSION('',#4061,#4062);
#4061=B_SPLINE_CURVE_WITH_KNOTS('',2,
(#7037,#7038,#7039),
.UNSPECIFIED.,.F.,.F.,
(3,3),
(0.,1.),
.UNSPECIFIED.);
#4062=VECTOR('',#4063,0.1);
#4063=DIRECTION('',(0.,0.,1.));
#4064=FACE_BOUND('',#4065,.T.);
#4065=EDGE_LOOP('',(#7040,#7041,#7042,#7043));
#4066=SURFACE_OF_LINEAR_EXTRUSION('',#4067,#4068);
#4067=B_SPLINE_CURVE_WITH_KNOTS('',2,
(#7044,#7045,#7046),
.UNSPECIFIED.,.F.,.F.,
(3,3),
(0.,1.),
.UNSPECIFIED.);
#4068=VECTOR('',#4069,0.1);
#4069=DIRECTION('',(0.,0.,1.));
#4070=FACE_BOUND('',#4071,.T.);
#4071=EDGE_LOOP('',(#7047,#7048,#7049,#7050));
#4072=PLANE('',#4073);
#4073=AXIS2_PLACEMENT_3D('',#4074,#4075,#4076);
#4074=CARTESIAN_POINT('',(14.5294094514454,11.3723147207513,2.));
#4075=DIRECTION('',(0.,-1.,0.));
#4076=DIRECTION('',(1.,0.,0.));
#4077=FACE_BOUND('',#4078,.T.);
#4078=EDGE_LOOP('',(#7051,#7052,#7053,#7054));
#4079=SURFACE_OF_LINEAR_EXTRUSION('',#4080,#4081);
#4080=B_SPLINE_CURVE_WITH_KNOTS('',2,
(#7055,#7056,#7057),
.UNSPECIFIED.,.F.,.F.,
(3,3),
(0.,1.),
.UNSPECIFIED.);
#4081=VECTOR('',#4082,0.1);
#4082=DIRECTION('',(0.,0.,1.));
#4083=FACE_BOUND('',#4084,.T.);
#4084=EDGE_LOOP('',(#7058,#7059,#7060,#7061));
#4085=SURFACE_OF_LINEAR_EXTRUSION('',#4086,#4087);
#4086=B_SPLINE_CURVE_WITH_KNOTS('',2,
(#7062,#7063,#7064),
.UNSPECIFIED.,.F.,.F.,
(3,3),
(0.,1.),
.UNSPECIFIED.);
#4087=VECTOR('',#4088,0.1);
#4088=DIRECTION('',(0.,0.,1.));
#4089=FACE_BOUND('',#4090,.T.);
#4090=EDGE_LOOP('',(#7065,#7066,#7067,#7068));
#4091=PLANE('',#4092);
#4092=AXIS2_PLACEMENT_3D('',#4093,#4094,#4095);
#4093=CARTESIAN_POINT('',(14.6163636695053,12.3375202383712,2.));
#4094=DIRECTION('',(-0.946810522771701,0.321791600214764,0.));
#4095=DIRECTION('',(-0.321791600214764,-0.946810522771701,0.));
#4096=FACE_BOUND('',#4097,.T.);
#4097=EDGE_LOOP('',(#7069,#7070,#7071,#7072));
#4098=SURFACE_OF_LINEAR_EXTRUSION('',#4099,#4100);
#4099=B_SPLINE_CURVE_WITH_KNOTS('',2,
(#7073,#7074,#7075),
.UNSPECIFIED.,.F.,.F.,
(3,3),
(0.,1.),
.UNSPECIFIED.);
#4100=VECTOR('',#4101,0.1);
#4101=DIRECTION('',(0.,0.,1.));
#4102=FACE_BOUND('',#4103,.T.);
#4103=EDGE_LOOP('',(#7076,#7077,#7078,#7079));
#4104=SURFACE_OF_LINEAR_EXTRUSION('',#4105,#4106);
#4105=B_SPLINE_CURVE_WITH_KNOTS('',2,
(#7080,#7081,#7082),
.UNSPECIFIED.,.F.,.F.,
(3,3),
(0.,1.),
.UNSPECIFIED.);
#4106=VECTOR('',#4107,0.1);
#4107=DIRECTION('',(0.,0.,1.));
#4108=FACE_BOUND('',#4109,.T.);
#4109=EDGE_LOOP('',(#7083,#7084,#7085,#7086));
#4110=PLANE('',#4111);
#4111=AXIS2_PLACEMENT_3D('',#4112,#4113,#4114);
#4112=CARTESIAN_POINT('',(15.36127597739,12.5788147207513,2.));
#4113=DIRECTION('',(0.,1.,0.));
#4114=DIRECTION('',(-1.,0.,0.));
#4115=FACE_BOUND('',#4116,.T.);
#4116=EDGE_LOOP('',(#7087,#7088,#7089,#7090));
#4117=SURFACE_OF_LINEAR_EXTRUSION('',#4118,#4119);
#4118=B_SPLINE_CURVE_WITH_KNOTS('',2,
(#7091,#7092,#7093),
.UNSPECIFIED.,.F.,.F.,
(3,3),
(0.,1.),
.UNSPECIFIED.);
#4119=VECTOR('',#4120,0.1);
#4120=DIRECTION('',(0.,0.,1.));
#4121=FACE_BOUND('',#4122,.T.);
#4122=EDGE_LOOP('',(#7094,#7095,#7096,#7097));
#4123=PLANE('',#4124);
#4124=AXIS2_PLACEMENT_3D('',#4125,#4126,#4127);
#4125=CARTESIAN_POINT('',(15.0927238873278,11.6112665562845,2.));
#4126=DIRECTION('',(0.94681463373108,-0.321779504245813,0.));
#4127=DIRECTION('',(0.321779504245813,0.94681463373108,0.));
#4128=FACE_BOUND('',#4129,.T.);
#4129=EDGE_LOOP('',(#7098,#7099,#7100,#7101));
#4130=SURFACE_OF_LINEAR_EXTRUSION('',#4131,#4132);
#4131=B_SPLINE_CURVE_WITH_KNOTS('',2,
(#7102,#7103,#7104),
.UNSPECIFIED.,.F.,.F.,
(3,3),
(0.,1.),
.UNSPECIFIED.);
#4132=VECTOR('',#4133,0.1);
#4133=DIRECTION('',(0.,0.,1.));
#4134=FACE_BOUND('',#4135,.T.);
#4135=EDGE_LOOP('',(#7105,#7106,#7107,#7108));
#4136=SURFACE_OF_LINEAR_EXTRUSION('',#4137,#4138);
#4137=B_SPLINE_CURVE_WITH_KNOTS('',2,
(#7109,#7110,#7111),
.UNSPECIFIED.,.F.,.F.,
(3,3),
(0.,1.),
.UNSPECIFIED.);
#4138=VECTOR('',#4139,0.1);
#4139=DIRECTION('',(0.,0.,1.));
#4140=FACE_BOUND('',#4141,.T.);
#4141=EDGE_LOOP('',(#7112,#7113,#7114,#7115));
#4142=SURFACE_OF_LINEAR_EXTRUSION('',#4143,#4144);
#4143=B_SPLINE_CURVE_WITH_KNOTS('',2,
(#7116,#7117,#7118),
.UNSPECIFIED.,.F.,.F.,
(3,3),
(0.,1.),
.UNSPECIFIED.);
#4144=VECTOR('',#4145,0.1);
#4145=DIRECTION('',(0.,0.,1.));
#4146=FACE_BOUND('',#4147,.T.);
#4147=EDGE_LOOP('',(#7119,#7120,#7121,#7122));
#4148=PLANE('',#4149);
#4149=AXIS2_PLACEMENT_3D('',#4150,#4151,#4152);
#4150=CARTESIAN_POINT('',(15.2608445554611,12.4588702763068,2.));
#4151=DIRECTION('',(0.,1.,0.));
#4152=DIRECTION('',(-1.,0.,0.));
#4153=FACE_BOUND('',#4154,.T.);
#4154=EDGE_LOOP('',(#7123,#7124,#7125,#7126));
#4155=SURFACE_OF_LINEAR_EXTRUSION('',#4156,#4157);
#4156=B_SPLINE_CURVE_WITH_KNOTS('',2,
(#7127,#7128,#7129),
.UNSPECIFIED.,.F.,.F.,
(3,3),
(0.,1.),
.UNSPECIFIED.);
#4157=VECTOR('',#4158,0.1);
#4158=DIRECTION('',(0.,0.,1.));
#4159=FACE_BOUND('',#4160,.T.);
#4160=EDGE_LOOP('',(#7130,#7131,#7132,#7133));
#4161=SURFACE_OF_LINEAR_EXTRUSION('',#4162,#4163);
#4162=B_SPLINE_CURVE_WITH_KNOTS('',2,
(#7134,#7135,#7136),
.UNSPECIFIED.,.F.,.F.,
(3,3),
(0.,1.),
.UNSPECIFIED.);
#4163=VECTOR('',#4164,0.1);
#4164=DIRECTION('',(0.,0.,1.));
#4165=FACE_BOUND('',#4166,.T.);
#4166=EDGE_LOOP('',(#7137,#7138,#7139,#7140));
#4167=PLANE('',#4168);
#4168=AXIS2_PLACEMENT_3D('',#4169,#4170,#4171);
#4169=CARTESIAN_POINT('',(14.7364734541412,12.3380439008756,2.));
#4170=DIRECTION('',(-0.946820568147301,0.321762042095121,0.));
#4171=DIRECTION('',(-0.321762042095121,-0.946820568147301,0.));
#4172=FACE_BOUND('',#4173,.T.);
#4173=EDGE_LOOP('',(#7141,#7142,#7143,#7144));
#4174=SURFACE_OF_LINEAR_EXTRUSION('',#4175,#4176);
#4175=B_SPLINE_CURVE_WITH_KNOTS('',2,
(#7145,#7146,#7147),
.UNSPECIFIED.,.F.,.F.,
(3,3),
(0.,1.),
.UNSPECIFIED.);
#4176=VECTOR('',#4177,0.1);
#4177=DIRECTION('',(0.,0.,1.));
#4178=FACE_BOUND('',#4179,.T.);
#4179=EDGE_LOOP('',(#7148,#7149,#7150,#7151));
#4180=SURFACE_OF_LINEAR_EXTRUSION('',#4181,#4182);
#4181=B_SPLINE_CURVE_WITH_KNOTS('',2,
(#7152,#7153,#7154),
.UNSPECIFIED.,.F.,.F.,
(3,3),
(0.,1.),
.UNSPECIFIED.);
#4182=VECTOR('',#4183,0.1);
#4183=DIRECTION('',(0.,0.,1.));
#4184=FACE_BOUND('',#4185,.T.);
#4185=EDGE_LOOP('',(#7155,#7156,#7157,#7158));
#4186=PLANE('',#4187);
#4187=AXIS2_PLACEMENT_3D('',#4188,#4189,#4190);
#4188=CARTESIAN_POINT('',(14.5698686511521,11.4922591651957,2.));
#4189=DIRECTION('',(0.,-1.,0.));
#4190=DIRECTION('',(1.,0.,0.));
#4191=FACE_BOUND('',#4192,.T.);
#4192=EDGE_LOOP('',(#7159,#7160,#7161,#7162));
#4193=SURFACE_OF_LINEAR_EXTRUSION('',#4194,#4195);
#4194=B_SPLINE_CURVE_WITH_KNOTS('',2,
(#7163,#7164,#7165),
.UNSPECIFIED.,.F.,.F.,
(3,3),
(0.,1.),
.UNSPECIFIED.);
#4195=VECTOR('',#4196,0.1);
#4196=DIRECTION('',(0.,0.,1.));
#4197=FACE_BOUND('',#4198,.T.);
#4198=EDGE_LOOP('',(#7166,#7167,#7168,#7169));
#4199=SURFACE_OF_LINEAR_EXTRUSION('',#4200,#4201);
#4200=B_SPLINE_CURVE_WITH_KNOTS('',2,
(#7170,#7171,#7172),
.UNSPECIFIED.,.F.,.F.,
(3,3),
(0.,1.),
.UNSPECIFIED.);
#4201=VECTOR('',#4202,0.1);
#4202=DIRECTION('',(0.,0.,1.));
#4203=FACE_BOUND('',#4204,.T.);
#4204=EDGE_LOOP('',(#7173,#7174,#7175,#7176));
#4205=PLANE('',#4206);
#4206=AXIS2_PLACEMENT_3D('',#4207,#4208,#4209);
#4207=CARTESIAN_POINT('',(14.9734133501255,11.6130855675422,2.));
#4208=DIRECTION('',(0.946818996923286,-0.32176666555935,0.));
#4209=DIRECTION('',(0.32176666555935,0.946818996923286,0.));
#4210=FACE_BOUND('',#4211,.T.);
#4211=EDGE_LOOP('',(#7177,#7178,#7179,#7180,#7181,#7182,#7183,#7184,#7185,#7186,
#7187,#7188,#7189,#7190));
#4212=FACE_BOUND('',#4213,.T.);
#4213=EDGE_LOOP('',(#7191,#7192,#7193,#7194,#7195,#7196,#7197,#7198,#7199,#7200));
#4214=PLANE('',#4215);
#4215=AXIS2_PLACEMENT_3D('',#4216,#4217,#4218);
#4216=CARTESIAN_POINT('',(0.,0.,2.1));
#4217=DIRECTION('',(0.,0.,1.));
#4218=DIRECTION('',(1.,0.,0.));
#4219=FACE_BOUND('',#4220,.T.);
#4220=EDGE_LOOP('',(#7201,#7202,#7203,#7204));
#4221=PLANE('',#4222);
#4222=AXIS2_PLACEMENT_3D('',#4223,#4224,#4225);
#4223=CARTESIAN_POINT('',(17.1346732030052,12.5788147207513,2.));
#4224=DIRECTION('',(0.,1.,0.));
#4225=DIRECTION('',(-1.,0.,0.));
#4226=FACE_BOUND('',#4227,.T.);
#4227=EDGE_LOOP('',(#7205,#7206,#7207,#7208,#7209,#7210,#7211,#7212,#7213,#7214,
#7215,#7216,#7217,#7218,#7219,#7220));
#4228=PLANE('',#4229);
#4229=AXIS2_PLACEMENT_3D('',#4230,#4231,#4232);
#4230=CARTESIAN_POINT('',(0.,0.,2.));
#4231=DIRECTION('',(0.,0.,1.));
#4232=DIRECTION('',(1.,0.,0.));
#4233=FACE_BOUND('',#4234,.T.);
#4234=EDGE_LOOP('',(#7221,#7222,#7223,#7224));
#4235=PLANE('',#4236);
#4236=AXIS2_PLACEMENT_3D('',#4237,#4238,#4239);
#4237=CARTESIAN_POINT('',(16.9526067908675,12.5788147207513,2.));
#4238=DIRECTION('',(0.946808980439792,-0.321796138197093,0.));
#4239=DIRECTION('',(0.321796138197093,0.946808980439792,0.));
#4240=FACE_BOUND('',#4241,.T.);
#4241=EDGE_LOOP('',(#7225,#7226,#7227,#7228,#7229,#7230,#7231,#7232,#7233,#7234,
#7235,#7236,#7237,#7238,#7239,#7240));
#4242=PLANE('',#4243);
#4243=AXIS2_PLACEMENT_3D('',#4244,#4245,#4246);
#4244=CARTESIAN_POINT('',(0.,0.,2.1));
#4245=DIRECTION('',(0.,0.,1.));
#4246=DIRECTION('',(1.,0.,0.));
#4247=FACE_BOUND('',#4248,.T.);
#4248=EDGE_LOOP('',(#7241,#7242,#7243,#7244));
#4249=SURFACE_OF_LINEAR_EXTRUSION('',#4250,#4251);
#4250=B_SPLINE_CURVE_WITH_KNOTS('',2,
(#7245,#7246,#7247),
.UNSPECIFIED.,.F.,.F.,
(3,3),
(0.,1.),
.UNSPECIFIED.);
#4251=VECTOR('',#4252,0.1);
#4252=DIRECTION('',(0.,0.,1.));
#4253=FACE_BOUND('',#4254,.T.);
#4254=EDGE_LOOP('',(#7248,#7249,#7250,#7251));
#4255=SURFACE_OF_LINEAR_EXTRUSION('',#4256,#4257);
#4256=B_SPLINE_CURVE_WITH_KNOTS('',2,
(#7252,#7253,#7254),
.UNSPECIFIED.,.F.,.F.,
(3,3),
(0.,1.),
.UNSPECIFIED.);
#4257=VECTOR('',#4258,0.1);
#4258=DIRECTION('',(0.,0.,1.));
#4259=FACE_BOUND('',#4260,.T.);
#4260=EDGE_LOOP('',(#7255,#7256,#7257,#7258));
#4261=PLANE('',#4262);
#4262=AXIS2_PLACEMENT_3D('',#4263,#4264,#4265);
#4263=CARTESIAN_POINT('',(16.911844418132,12.4588702763068,2.));
#4264=DIRECTION('',(0.,-1.,0.));
#4265=DIRECTION('',(1.,0.,0.));
#4266=FACE_BOUND('',#4267,.T.);
#4267=EDGE_LOOP('',(#7259,#7260,#7261,#7262));
#4268=PLANE('',#4269);
#4269=AXIS2_PLACEMENT_3D('',#4270,#4271,#4272);
#4270=CARTESIAN_POINT('',(16.5630905194519,11.4326727995557,2.));
#4271=DIRECTION('',(0.946815827359506,-0.321775992052755,0.));
#4272=DIRECTION('',(0.321775992052755,0.946815827359506,0.));
#4273=FACE_BOUND('',#4274,.T.);
#4274=EDGE_LOOP('',(#7263,#7264,#7265,#7266));
#4275=SURFACE_OF_LINEAR_EXTRUSION('',#4276,#4277);
#4276=B_SPLINE_CURVE_WITH_KNOTS('',2,
(#7267,#7268,#7269),
.UNSPECIFIED.,.F.,.F.,
(3,3),
(0.,1.),
.UNSPECIFIED.);
#4277=VECTOR('',#4278,0.1);
#4278=DIRECTION('',(0.,0.,1.));
#4279=FACE_BOUND('',#4280,.T.);
#4280=EDGE_LOOP('',(#7270,#7271,#7272,#7273));
#4281=SURFACE_OF_LINEAR_EXTRUSION('',#4282,#4283);
#4282=B_SPLINE_CURVE_WITH_KNOTS('',2,
(#7274,#7275,#7276),
.UNSPECIFIED.,.F.,.F.,
(3,3),
(0.,1.),
.UNSPECIFIED.);
#4283=VECTOR('',#4284,0.1);
#4284=DIRECTION('',(0.,0.,1.));
#4285=FACE_BOUND('',#4286,.T.);
#4286=EDGE_LOOP('',(#7277,#7278,#7279,#7280));
#4287=PLANE('',#4288);
#4288=AXIS2_PLACEMENT_3D('',#4289,#4290,#4291);
#4289=CARTESIAN_POINT('',(16.7918999736875,12.4588702763068,2.));
#4290=DIRECTION('',(-0.946815827359506,0.321775992052755,0.));
#4291=DIRECTION('',(-0.321775992052755,-0.946815827359506,0.));
#4292=FACE_BOUND('',#4293,.T.);
#4293=EDGE_LOOP('',(#7281,#7282,#7283,#7284));
#4294=SURFACE_OF_LINEAR_EXTRUSION('',#4295,#4296);
#4295=B_SPLINE_CURVE_WITH_KNOTS('',2,
(#7285,#7286,#7287),
.UNSPECIFIED.,.F.,.F.,
(3,3),
(0.,1.),
.UNSPECIFIED.);
#4296=VECTOR('',#4297,0.1);
#4297=DIRECTION('',(0.,0.,1.));
#4298=FACE_BOUND('',#4299,.T.);
#4299=EDGE_LOOP('',(#7288,#7289,#7290,#7291));
#4300=SURFACE_OF_LINEAR_EXTRUSION('',#4301,#4302);
#4301=B_SPLINE_CURVE_WITH_KNOTS('',2,
(#7292,#7293,#7294),
.UNSPECIFIED.,.F.,.F.,
(3,3),
(0.,1.),
.UNSPECIFIED.);
#4302=VECTOR('',#4303,0.1);
#4303=DIRECTION('',(0.,0.,1.));
#4304=FACE_BOUND('',#4305,.T.);
#4305=EDGE_LOOP('',(#7295,#7296,#7297,#7298));
#4306=SURFACE_OF_LINEAR_EXTRUSION('',#4307,#4308);
#4307=B_SPLINE_CURVE_WITH_KNOTS('',2,
(#7299,#7300,#7301),
.UNSPECIFIED.,.F.,.F.,
(3,3),
(0.,1.),
.UNSPECIFIED.);
#4308=VECTOR('',#4309,0.1);
#4309=DIRECTION('',(0.,0.,1.));
#4310=FACE_BOUND('',#4311,.T.);
#4311=EDGE_LOOP('',(#7302,#7303,#7304,#7305));
#4312=SURFACE_OF_LINEAR_EXTRUSION('',#4313,#4314);
#4313=B_SPLINE_CURVE_WITH_KNOTS('',2,
(#7306,#7307,#7308),
.UNSPECIFIED.,.F.,.F.,
(3,3),
(0.,1.),
.UNSPECIFIED.);
#4314=VECTOR('',#4315,0.1);
#4315=DIRECTION('',(0.,0.,1.));
#4316=FACE_BOUND('',#4317,.T.);
#4317=EDGE_LOOP('',(#7309,#7310,#7311,#7312));
#4318=PLANE('',#4319);
#4319=AXIS2_PLACEMENT_3D('',#4320,#4321,#4322);
#4320=CARTESIAN_POINT('',(16.9758680806363,13.0001637026354,2.));
#4321=DIRECTION('',(-0.946808980439789,0.3217961381971,0.));
#4322=DIRECTION('',(-0.3217961381971,-0.946808980439789,0.));
#4323=FACE_BOUND('',#4324,.T.);
#4324=EDGE_LOOP('',(#7313,#7314,#7315,#7316));
#4325=SURFACE_OF_LINEAR_EXTRUSION('',#4326,#4327);
#4326=B_SPLINE_CURVE_WITH_KNOTS('',2,
(#7317,#7318,#7319),
.UNSPECIFIED.,.F.,.F.,
(3,3),
(0.,1.),
.UNSPECIFIED.);
#4327=VECTOR('',#4328,0.1);
#4328=DIRECTION('',(0.,0.,1.));
#4329=FACE_BOUND('',#4330,.T.);
#4330=EDGE_LOOP('',(#7320,#7321,#7322,#7323));
#4331=SURFACE_OF_LINEAR_EXTRUSION('',#4332,#4333);
#4332=B_SPLINE_CURVE_WITH_KNOTS('',2,
(#7324,#7325,#7326),
.UNSPECIFIED.,.F.,.F.,
(3,3),
(0.,1.),
.UNSPECIFIED.);
#4333=VECTOR('',#4334,0.1);
#4334=DIRECTION('',(0.,0.,1.));
#4335=FACE_BOUND('',#4336,.T.);
#4336=EDGE_LOOP('',(#7327,#7328,#7329,#7330));
#4337=SURFACE_OF_LINEAR_EXTRUSION('',#4338,#4339);
#4338=B_SPLINE_CURVE_WITH_KNOTS('',2,
(#7331,#7332,#7333),
.UNSPECIFIED.,.F.,.F.,
(3,3),
(0.,1.),
.UNSPECIFIED.);
#4339=VECTOR('',#4340,0.1);
#4340=DIRECTION('',(0.,0.,1.));
#4341=FACE_BOUND('',#4342,.T.);
#4342=EDGE_LOOP('',(#7334,#7335,#7336,#7337,#7338,#7339,#7340,#7341,#7342,#7343,
#7344,#7345,#7346,#7347,#7348,#7349,#7350,#7351,#7352,#7353,#7354,#7355,#7356,#7357,
#7358,#7359,#7360,#7361,#7362,#7363,#7364,#7365));
#4343=PLANE('',#4344);
#4344=AXIS2_PLACEMENT_3D('',#4345,#4346,#4347);
#4345=CARTESIAN_POINT('',(0.,0.,2.));
#4346=DIRECTION('',(0.,0.,1.));
#4347=DIRECTION('',(1.,0.,0.));
#4348=FACE_BOUND('',#4349,.T.);
#4349=EDGE_LOOP('',(#7366,#7367,#7368,#7369));
#4350=SURFACE_OF_LINEAR_EXTRUSION('',#4351,#4352);
#4351=B_SPLINE_CURVE_WITH_KNOTS('',2,
(#7370,#7371,#7372),
.UNSPECIFIED.,.F.,.F.,
(3,3),
(0.,1.),
.UNSPECIFIED.);
#4352=VECTOR('',#4353,0.1);
#4353=DIRECTION('',(0.,0.,1.));
#4354=FACE_BOUND('',#4355,.T.);
#4355=EDGE_LOOP('',(#7373,#7374,#7375,#7376,#7377,#7378,#7379,#7380,#7381,#7382,
#7383,#7384,#7385,#7386,#7387,#7388,#7389,#7390,#7391,#7392,#7393,#7394,#7395,#7396,
#7397,#7398,#7399,#7400,#7401,#7402,#7403,#7404));
#4356=PLANE('',#4357);
#4357=AXIS2_PLACEMENT_3D('',#4358,#4359,#4360);
#4358=CARTESIAN_POINT('',(0.,0.,2.1));
#4359=DIRECTION('',(0.,0.,1.));
#4360=DIRECTION('',(1.,0.,0.));
#4361=FACE_BOUND('',#4362,.T.);
#4362=EDGE_LOOP('',(#7405,#7406,#7407,#7408));
#4363=SURFACE_OF_LINEAR_EXTRUSION('',#4364,#4365);
#4364=B_SPLINE_CURVE_WITH_KNOTS('',2,
(#7409,#7410,#7411),
.UNSPECIFIED.,.F.,.F.,
(3,3),
(0.,1.),
.UNSPECIFIED.);
#4365=VECTOR('',#4366,0.1);
#4366=DIRECTION('',(0.,0.,1.));
#4367=FACE_BOUND('',#4368,.T.);
#4368=EDGE_LOOP('',(#7412,#7413,#7414,#7415));
#4369=SURFACE_OF_LINEAR_EXTRUSION('',#4370,#4371);
#4370=B_SPLINE_CURVE_WITH_KNOTS('',2,
(#7416,#7417,#7418),
.UNSPECIFIED.,.F.,.F.,
(3,3),
(0.,1.),
.UNSPECIFIED.);
#4371=VECTOR('',#4372,0.1);
#4372=DIRECTION('',(0.,0.,1.));
#4373=FACE_BOUND('',#4374,.T.);
#4374=EDGE_LOOP('',(#7419,#7420,#7421,#7422));
#4375=SURFACE_OF_LINEAR_EXTRUSION('',#4376,#4377);
#4376=B_SPLINE_CURVE_WITH_KNOTS('',2,
(#7423,#7424,#7425),
.UNSPECIFIED.,.F.,.F.,
(3,3),
(0.,1.),
.UNSPECIFIED.);
#4377=VECTOR('',#4378,0.1);
#4378=DIRECTION('',(0.,0.,1.));
#4379=FACE_BOUND('',#4380,.T.);
#4380=EDGE_LOOP('',(#7426,#7427,#7428,#7429));
#4381=PLANE('',#4382);
#4382=AXIS2_PLACEMENT_3D('',#4383,#4384,#4385);
#4383=CARTESIAN_POINT('',(15.9335751830742,12.4588702763068,2.));
#4384=DIRECTION('',(0.,-1.,0.));
#4385=DIRECTION('',(1.,0.,0.));
#4386=FACE_BOUND('',#4387,.T.);
#4387=EDGE_LOOP('',(#7430,#7431,#7432,#7433));
#4388=SURFACE_OF_LINEAR_EXTRUSION('',#4389,#4390);
#4389=B_SPLINE_CURVE_WITH_KNOTS('',2,
(#7434,#7435,#7436),
.UNSPECIFIED.,.F.,.F.,
(3,3),
(0.,1.),
.UNSPECIFIED.);
#4390=VECTOR('',#4391,0.1);
#4391=DIRECTION('',(0.,0.,1.));
#4392=FACE_BOUND('',#4393,.T.);
#4393=EDGE_LOOP('',(#7437,#7438,#7439,#7440));
#4394=SURFACE_OF_LINEAR_EXTRUSION('',#4395,#4396);
#4395=B_SPLINE_CURVE_WITH_KNOTS('',2,
(#7441,#7442,#7443),
.UNSPECIFIED.,.F.,.F.,
(3,3),
(0.,1.),
.UNSPECIFIED.);
#4396=VECTOR('',#4397,0.1);
#4397=DIRECTION('',(0.,0.,1.));
#4398=FACE_BOUND('',#4399,.T.);
#4399=EDGE_LOOP('',(#7444,#7445,#7446,#7447));
#4400=SURFACE_OF_LINEAR_EXTRUSION('',#4401,#4402);
#4401=B_SPLINE_CURVE_WITH_KNOTS('',2,
(#7448,#7449,#7450),
.UNSPECIFIED.,.F.,.F.,
(3,3),
(0.,1.),
.UNSPECIFIED.);
#4402=VECTOR('',#4403,0.1);
#4403=DIRECTION('',(0.,0.,1.));
#4404=FACE_BOUND('',#4405,.T.);
#4405=EDGE_LOOP('',(#7451,#7452,#7453,#7454));
#4406=PLANE('',#4407);
#4407=AXIS2_PLACEMENT_3D('',#4408,#4409,#4410);
#4408=CARTESIAN_POINT('',(16.0972585543431,11.8334889951,2.));
#4409=DIRECTION('',(0.74893939410577,0.662638501716043,0.));
#4410=DIRECTION('',(-0.662638501716043,0.74893939410577,0.));
#4411=FACE_BOUND('',#4412,.T.);
#4412=EDGE_LOOP('',(#7455,#7456,#7457,#7458));
#4413=SURFACE_OF_LINEAR_EXTRUSION('',#4414,#4415);
#4414=B_SPLINE_CURVE_WITH_KNOTS('',2,
(#7459,#7460,#7461),
.UNSPECIFIED.,.F.,.F.,
(3,3),
(0.,1.),
.UNSPECIFIED.);
#4415=VECTOR('',#4416,0.1);
#4416=DIRECTION('',(0.,0.,1.));
#4417=FACE_BOUND('',#4418,.T.);
#4418=EDGE_LOOP('',(#7462,#7463,#7464,#7465));
#4419=SURFACE_OF_LINEAR_EXTRUSION('',#4420,#4421);
#4420=B_SPLINE_CURVE_WITH_KNOTS('',2,
(#7466,#7467,#7468),
.UNSPECIFIED.,.F.,.F.,
(3,3),
(0.,1.),
.UNSPECIFIED.);
#4421=VECTOR('',#4422,0.1);
#4422=DIRECTION('',(0.,0.,1.));
#4423=FACE_BOUND('',#4424,.T.);
#4424=EDGE_LOOP('',(#7469,#7470,#7471,#7472));
#4425=SURFACE_OF_LINEAR_EXTRUSION('',#4426,#4427);
#4426=B_SPLINE_CURVE_WITH_KNOTS('',2,
(#7473,#7474,#7475),
.UNSPECIFIED.,.F.,.F.,
(3,3),
(0.,1.),
.UNSPECIFIED.);
#4427=VECTOR('',#4428,0.1);
#4428=DIRECTION('',(0.,0.,1.));
#4429=FACE_BOUND('',#4430,.T.);
#4430=EDGE_LOOP('',(#7476,#7477,#7478,#7479));
#4431=PLANE('',#4432);
#4432=AXIS2_PLACEMENT_3D('',#4433,#4434,#4435);
#4433=CARTESIAN_POINT('',(15.610122047981,11.3723147207513,2.));
#4434=DIRECTION('',(0.,-1.,0.));
#4435=DIRECTION('',(1.,0.,0.));
#4436=FACE_BOUND('',#4437,.T.);
#4437=EDGE_LOOP('',(#7480,#7481,#7482,#7483));
#4438=SURFACE_OF_LINEAR_EXTRUSION('',#4439,#4440);
#4439=B_SPLINE_CURVE_WITH_KNOTS('',2,
(#7484,#7485,#7486),
.UNSPECIFIED.,.F.,.F.,
(3,3),
(0.,1.),
.UNSPECIFIED.);
#4440=VECTOR('',#4441,0.1);
#4441=DIRECTION('',(0.,0.,1.));
#4442=FACE_BOUND('',#4443,.T.);
#4443=EDGE_LOOP('',(#7487,#7488,#7489,#7490));
#4444=SURFACE_OF_LINEAR_EXTRUSION('',#4445,#4446);
#4445=B_SPLINE_CURVE_WITH_KNOTS('',2,
(#7491,#7492,#7493),
.UNSPECIFIED.,.F.,.F.,
(3,3),
(0.,1.),
.UNSPECIFIED.);
#4446=VECTOR('',#4447,0.1);
#4447=DIRECTION('',(0.,0.,1.));
#4448=FACE_BOUND('',#4449,.T.);
#4449=EDGE_LOOP('',(#7494,#7495,#7496,#7497));
#4450=SURFACE_OF_LINEAR_EXTRUSION('',#4451,#4452);
#4451=B_SPLINE_CURVE_WITH_KNOTS('',2,
(#7498,#7499,#7500),
.UNSPECIFIED.,.F.,.F.,
(3,3),
(0.,1.),
.UNSPECIFIED.);
#4452=VECTOR('',#4453,0.1);
#4453=DIRECTION('',(0.,0.,1.));
#4454=FACE_BOUND('',#4455,.T.);
#4455=EDGE_LOOP('',(#7501,#7502,#7503,#7504));
#4456=SURFACE_OF_LINEAR_EXTRUSION('',#4457,#4458);
#4457=B_SPLINE_CURVE_WITH_KNOTS('',2,
(#7505,#7506,#7507),
.UNSPECIFIED.,.F.,.F.,
(3,3),
(0.,1.),
.UNSPECIFIED.);
#4458=VECTOR('',#4459,0.1);
#4459=DIRECTION('',(0.,0.,1.));
#4460=FACE_BOUND('',#4461,.T.);
#4461=EDGE_LOOP('',(#7508,#7509,#7510,#7511));
#4462=SURFACE_OF_LINEAR_EXTRUSION('',#4463,#4464);
#4463=B_SPLINE_CURVE_WITH_KNOTS('',2,
(#7512,#7513,#7514),
.UNSPECIFIED.,.F.,.F.,
(3,3),
(0.,1.),
.UNSPECIFIED.);
#4464=VECTOR('',#4465,0.1);
#4465=DIRECTION('',(0.,0.,1.));
#4466=FACE_BOUND('',#4467,.T.);
#4467=EDGE_LOOP('',(#7515,#7516,#7517,#7518));
#4468=SURFACE_OF_LINEAR_EXTRUSION('',#4469,#4470);
#4469=B_SPLINE_CURVE_WITH_KNOTS('',2,
(#7519,#7520,#7521),
.UNSPECIFIED.,.F.,.F.,
(3,3),
(0.,1.),
.UNSPECIFIED.);
#4470=VECTOR('',#4471,0.1);
#4471=DIRECTION('',(0.,0.,1.));
#4472=FACE_BOUND('',#4473,.T.);
#4473=EDGE_LOOP('',(#7522,#7523,#7524,#7525));
#4474=SURFACE_OF_LINEAR_EXTRUSION('',#4475,#4476);
#4475=B_SPLINE_CURVE_WITH_KNOTS('',2,
(#7526,#7527,#7528),
.UNSPECIFIED.,.F.,.F.,
(3,3),
(0.,1.),
.UNSPECIFIED.);
#4476=VECTOR('',#4477,0.1);
#4477=DIRECTION('',(0.,0.,1.));
#4478=FACE_BOUND('',#4479,.T.);
#4479=EDGE_LOOP('',(#7529,#7530,#7531,#7532));
#4480=PLANE('',#4481);
#4481=AXIS2_PLACEMENT_3D('',#4482,#4483,#4484);
#4482=CARTESIAN_POINT('',(15.8160836302144,11.4922591651957,2.));
#4483=DIRECTION('',(0.,1.,0.));
#4484=DIRECTION('',(-1.,0.,0.));
#4485=FACE_BOUND('',#4486,.T.);
#4486=EDGE_LOOP('',(#7533,#7534,#7535,#7536));
#4487=SURFACE_OF_LINEAR_EXTRUSION('',#4488,#4489);
#4488=B_SPLINE_CURVE_WITH_KNOTS('',2,
(#7537,#7538,#7539),
.UNSPECIFIED.,.F.,.F.,
(3,3),
(0.,1.),
.UNSPECIFIED.);
#4489=VECTOR('',#4490,0.1);
#4490=DIRECTION('',(0.,0.,1.));
#4491=FACE_BOUND('',#4492,.T.);
#4492=EDGE_LOOP('',(#7540,#7541,#7542,#7543));
#4493=SURFACE_OF_LINEAR_EXTRUSION('',#4494,#4495);
#4494=B_SPLINE_CURVE_WITH_KNOTS('',2,
(#7544,#7545,#7546),
.UNSPECIFIED.,.F.,.F.,
(3,3),
(0.,1.),
.UNSPECIFIED.);
#4495=VECTOR('',#4496,0.1);
#4496=DIRECTION('',(0.,0.,1.));
#4497=FACE_BOUND('',#4498,.T.);
#4498=EDGE_LOOP('',(#7547,#7548,#7549,#7550));
#4499=SURFACE_OF_LINEAR_EXTRUSION('',#4500,#4501);
#4500=B_SPLINE_CURVE_WITH_KNOTS('',2,
(#7551,#7552,#7553),
.UNSPECIFIED.,.F.,.F.,
(3,3),
(0.,1.),
.UNSPECIFIED.);
#4501=VECTOR('',#4502,0.1);
#4502=DIRECTION('',(0.,0.,1.));
#4503=FACE_BOUND('',#4504,.T.);
#4504=EDGE_LOOP('',(#7554,#7555,#7556,#7557));
#4505=PLANE('',#4506);
#4506=AXIS2_PLACEMENT_3D('',#4507,#4508,#4509);
#4507=CARTESIAN_POINT('',(15.6524002589454,12.1176404733178,2.));
#4508=DIRECTION('',(-0.74893939410577,-0.662638501716043,0.));
#4509=DIRECTION('',(0.662638501716043,-0.74893939410577,0.));
#4510=FACE_BOUND('',#4511,.T.);
#4511=EDGE_LOOP('',(#7558,#7559,#7560,#7561));
#4512=SURFACE_OF_LINEAR_EXTRUSION('',#4513,#4514);
#4513=B_SPLINE_CURVE_WITH_KNOTS('',2,
(#7562,#7563,#7564),
.UNSPECIFIED.,.F.,.F.,
(3,3),
(0.,1.),
.UNSPECIFIED.);
#4514=VECTOR('',#4515,0.1);
#4515=DIRECTION('',(0.,0.,1.));
#4516=FACE_BOUND('',#4517,.T.);
#4517=EDGE_LOOP('',(#7565,#7566,#7567,#7568));
#4518=SURFACE_OF_LINEAR_EXTRUSION('',#4519,#4520);
#4519=B_SPLINE_CURVE_WITH_KNOTS('',2,
(#7569,#7570,#7571),
.UNSPECIFIED.,.F.,.F.,
(3,3),
(0.,1.),
.UNSPECIFIED.);
#4520=VECTOR('',#4521,0.1);
#4521=DIRECTION('',(0.,0.,1.));
#4522=FACE_BOUND('',#4523,.T.);
#4523=EDGE_LOOP('',(#7572,#7573,#7574,#7575));
#4524=SURFACE_OF_LINEAR_EXTRUSION('',#4525,#4526);
#4525=B_SPLINE_CURVE_WITH_KNOTS('',2,
(#7576,#7577,#7578),
.UNSPECIFIED.,.F.,.F.,
(3,3),
(0.,1.),
.UNSPECIFIED.);
#4526=VECTOR('',#4527,0.1);
#4527=DIRECTION('',(0.,0.,1.));
#4528=FACE_BOUND('',#4529,.T.);
#4529=EDGE_LOOP('',(#7579,#7580,#7581,#7582));
#4530=PLANE('',#4531);
#4531=AXIS2_PLACEMENT_3D('',#4532,#4533,#4534);
#4532=CARTESIAN_POINT('',(16.1395092041231,12.5788147207513,2.));
#4533=DIRECTION('',(0.,1.,0.));
#4534=DIRECTION('',(-1.,0.,0.));
#4535=FACE_BOUND('',#4536,.T.);
#4536=EDGE_LOOP('',(#7583,#7584,#7585,#7586));
#4537=SURFACE_OF_LINEAR_EXTRUSION('',#4538,#4539);
#4538=B_SPLINE_CURVE_WITH_KNOTS('',2,
(#7587,#7588,#7589),
.UNSPECIFIED.,.F.,.F.,
(3,3),
(0.,1.),
.UNSPECIFIED.);
#4539=VECTOR('',#4540,0.1);
#4540=DIRECTION('',(0.,0.,1.));
#4541=FACE_BOUND('',#4542,.T.);
#4542=EDGE_LOOP('',(#7590,#7591,#7592,#7593));
#4543=SURFACE_OF_LINEAR_EXTRUSION('',#4544,#4545);
#4544=B_SPLINE_CURVE_WITH_KNOTS('',2,
(#7594,#7595,#7596),
.UNSPECIFIED.,.F.,.F.,
(3,3),
(0.,1.),
.UNSPECIFIED.);
#4545=VECTOR('',#4546,0.1);
#4546=DIRECTION('',(0.,0.,1.));
#4547=FACE_BOUND('',#4548,.T.);
#4548=EDGE_LOOP('',(#7597,#7598,#7599,#7600,#7601,#7602,#7603,#7604,#7605,#7606,
#7607,#7608));
#4549=FACE_BOUND('',#4550,.T.);
#4550=EDGE_LOOP('',(#7609,#7610,#7611,#7612,#7613,#7614,#7615,#7616,#7617,#7618,
#7619,#7620));
#4551=PLANE('',#4552);
#4552=AXIS2_PLACEMENT_3D('',#4553,#4554,#4555);
#4553=CARTESIAN_POINT('',(0.,0.,2.));
#4554=DIRECTION('',(0.,0.,1.));
#4555=DIRECTION('',(1.,0.,0.));
#4556=FACE_BOUND('',#4557,.T.);
#4557=EDGE_LOOP('',(#7621,#7622,#7623,#7624));
#4558=SURFACE_OF_LINEAR_EXTRUSION('',#4559,#4560);
#4559=B_SPLINE_CURVE_WITH_KNOTS('',2,
(#7625,#7626,#7627),
.UNSPECIFIED.,.F.,.F.,
(3,3),
(0.,1.),
.UNSPECIFIED.);
#4560=VECTOR('',#4561,0.1);
#4561=DIRECTION('',(0.,0.,1.));
#4562=FACE_BOUND('',#4563,.T.);
#4563=EDGE_LOOP('',(#7628,#7629,#7630,#7631));
#4564=PLANE('',#4565);
#4565=AXIS2_PLACEMENT_3D('',#4566,#4567,#4568);
#4566=CARTESIAN_POINT('',(12.1134607005618,11.3723147207513,2.));
#4567=DIRECTION('',(0.,-1.,0.));
#4568=DIRECTION('',(1.,0.,0.));
#4569=FACE_BOUND('',#4570,.T.);
#4570=EDGE_LOOP('',(#7632,#7633,#7634,#7635));
#4571=SURFACE_OF_LINEAR_EXTRUSION('',#4572,#4573);
#4572=B_SPLINE_CURVE_WITH_KNOTS('',2,
(#7636,#7637,#7638),
.UNSPECIFIED.,.F.,.F.,
(3,3),
(0.,1.),
.UNSPECIFIED.);
#4573=VECTOR('',#4574,0.1);
#4574=DIRECTION('',(0.,0.,1.));
#4575=FACE_BOUND('',#4576,.T.);
#4576=EDGE_LOOP('',(#7639,#7640,#7641,#7642));
#4577=SURFACE_OF_LINEAR_EXTRUSION('',#4578,#4579);
#4578=B_SPLINE_CURVE_WITH_KNOTS('',2,
(#7643,#7644,#7645),
.UNSPECIFIED.,.F.,.F.,
(3,3),
(0.,1.),
.UNSPECIFIED.);
#4579=VECTOR('',#4580,0.1);
#4580=DIRECTION('',(0.,0.,1.));
#4581=FACE_BOUND('',#4582,.T.);
#4582=EDGE_LOOP('',(#7646,#7647,#7648,#7649));
#4583=PLANE('',#4584);
#4584=AXIS2_PLACEMENT_3D('',#4585,#4586,#4587);
#4585=CARTESIAN_POINT('',(12.1998361606637,12.3375202383712,2.));
#4586=DIRECTION('',(-0.946810522771701,0.321791600214764,0.));
#4587=DIRECTION('',(-0.321791600214764,-0.946810522771701,0.));
#4588=FACE_BOUND('',#4589,.T.);
#4589=EDGE_LOOP('',(#7650,#7651,#7652,#7653));
#4590=SURFACE_OF_LINEAR_EXTRUSION('',#4591,#4592);
#4591=B_SPLINE_CURVE_WITH_KNOTS('',2,
(#7654,#7655,#7656),
.UNSPECIFIED.,.F.,.F.,
(3,3),
(0.,1.),
.UNSPECIFIED.);
#4592=VECTOR('',#4593,0.1);
#4593=DIRECTION('',(0.,0.,1.));
#4594=FACE_BOUND('',#4595,.T.);
#4595=EDGE_LOOP('',(#7657,#7658,#7659,#7660));
#4596=SURFACE_OF_LINEAR_EXTRUSION('',#4597,#4598);
#4597=B_SPLINE_CURVE_WITH_KNOTS('',2,
(#7661,#7662,#7663),
.UNSPECIFIED.,.F.,.F.,
(3,3),
(0.,1.),
.UNSPECIFIED.);
#4598=VECTOR('',#4599,0.1);
#4599=DIRECTION('',(0.,0.,1.));
#4600=FACE_BOUND('',#4601,.T.);
#4601=EDGE_LOOP('',(#7664,#7665,#7666,#7667));
#4602=PLANE('',#4603);
#4603=AXIS2_PLACEMENT_3D('',#4604,#4605,#4606);
#4604=CARTESIAN_POINT('',(12.7651349749105,12.5788147207513,2.));
#4605=DIRECTION('',(0.,1.,0.));
#4606=DIRECTION('',(-1.,0.,0.));
#4607=FACE_BOUND('',#4608,.T.);
#4608=EDGE_LOOP('',(#7668,#7669,#7670,#7671));
#4609=SURFACE_OF_LINEAR_EXTRUSION('',#4610,#4611);
#4610=B_SPLINE_CURVE_WITH_KNOTS('',2,
(#7672,#7673,#7674),
.UNSPECIFIED.,.F.,.F.,
(3,3),
(0.,1.),
.UNSPECIFIED.);
#4611=VECTOR('',#4612,0.1);
#4612=DIRECTION('',(0.,0.,1.));
#4613=FACE_BOUND('',#4614,.T.);
#4614=EDGE_LOOP('',(#7675,#7676,#7677,#7678));
#4615=SURFACE_OF_LINEAR_EXTRUSION('',#4616,#4617);
#4616=B_SPLINE_CURVE_WITH_KNOTS('',2,
(#7679,#7680,#7681),
.UNSPECIFIED.,.F.,.F.,
(3,3),
(0.,1.),
.UNSPECIFIED.);
#4617=VECTOR('',#4618,0.1);
#4618=DIRECTION('',(0.,0.,1.));
#4619=FACE_BOUND('',#4620,.T.);
#4620=EDGE_LOOP('',(#7682,#7683,#7684,#7685));
#4621=PLANE('',#4622);
#4622=AXIS2_PLACEMENT_3D('',#4623,#4624,#4625);
#4623=CARTESIAN_POINT('',(12.6787595417238,11.6136092300466,2.));
#4624=DIRECTION('',(0.9468105227717,-0.321791600214766,0.));
#4625=DIRECTION('',(0.321791600214766,0.9468105227717,0.));
#4626=FACE_BOUND('',#4627,.T.);
#4627=EDGE_LOOP('',(#7686,#7687,#7688,#7689));
#4628=SURFACE_OF_LINEAR_EXTRUSION('',#4629,#4630);
#4629=B_SPLINE_CURVE_WITH_KNOTS('',2,
(#7690,#7691,#7692),
.UNSPECIFIED.,.F.,.F.,
(3,3),
(0.,1.),
.UNSPECIFIED.);
#4630=VECTOR('',#4631,0.1);
#4631=DIRECTION('',(0.,0.,1.));
#4632=FACE_BOUND('',#4633,.T.);
#4633=EDGE_LOOP('',(#7693,#7694,#7695,#7696));
#4634=SURFACE_OF_LINEAR_EXTRUSION('',#4635,#4636);
#4635=B_SPLINE_CURVE_WITH_KNOTS('',2,
(#7697,#7698,#7699),
.UNSPECIFIED.,.F.,.F.,
(3,3),
(0.,1.),
.UNSPECIFIED.);
#4636=VECTOR('',#4637,0.1);
#4637=DIRECTION('',(0.,0.,1.));
#4638=FACE_BOUND('',#4639,.T.);
#4639=EDGE_LOOP('',(#7700,#7701,#7702,#7703));
#4640=SURFACE_OF_LINEAR_EXTRUSION('',#4641,#4642);
#4641=B_SPLINE_CURVE_WITH_KNOTS('',2,
(#7704,#7705,#7706),
.UNSPECIFIED.,.F.,.F.,
(3,3),
(0.,1.),
.UNSPECIFIED.);
#4642=VECTOR('',#4643,0.1);
#4643=DIRECTION('',(0.,0.,1.));
#4644=FACE_BOUND('',#4645,.T.);
#4645=EDGE_LOOP('',(#7707,#7708,#7709,#7710));
#4646=PLANE('',#4647);
#4647=AXIS2_PLACEMENT_3D('',#4648,#4649,#4650);
#4648=CARTESIAN_POINT('',(12.724813581126,12.4588702763068,2.));
#4649=DIRECTION('',(0.,1.,0.));
#4650=DIRECTION('',(-1.,0.,0.));
#4651=FACE_BOUND('',#4652,.T.);
#4652=EDGE_LOOP('',(#7711,#7712,#7713,#7714));
#4653=SURFACE_OF_LINEAR_EXTRUSION('',#4654,#4655);
#4654=B_SPLINE_CURVE_WITH_KNOTS('',2,
(#7715,#7716,#7717),
.UNSPECIFIED.,.F.,.F.,
(3,3),
(0.,1.),
.UNSPECIFIED.);
#4655=VECTOR('',#4656,0.1);
#4656=DIRECTION('',(0.,0.,1.));
#4657=FACE_BOUND('',#4658,.T.);
#4658=EDGE_LOOP('',(#7718,#7719,#7720,#7721));
#4659=SURFACE_OF_LINEAR_EXTRUSION('',#4660,#4661);
#4660=B_SPLINE_CURVE_WITH_KNOTS('',2,
(#7722,#7723,#7724),
.UNSPECIFIED.,.F.,.F.,
(3,3),
(0.,1.),
.UNSPECIFIED.);
#4661=VECTOR('',#4662,0.1);
#4662=DIRECTION('',(0.,0.,1.));
#4663=FACE_BOUND('',#4664,.T.);
#4664=EDGE_LOOP('',(#7725,#7726,#7727,#7728));
#4665=PLANE('',#4666);
#4666=AXIS2_PLACEMENT_3D('',#4667,#4668,#4669);
#4667=CARTESIAN_POINT('',(12.3199459452995,12.3380439008756,2.));
#4668=DIRECTION('',(-0.946820568147301,0.321762042095121,0.));
#4669=DIRECTION('',(-0.321762042095121,-0.946820568147301,0.));
#4670=FACE_BOUND('',#4671,.T.);
#4671=EDGE_LOOP('',(#7729,#7730,#7731,#7732));
#4672=SURFACE_OF_LINEAR_EXTRUSION('',#4673,#4674);
#4673=B_SPLINE_CURVE_WITH_KNOTS('',2,
(#7733,#7734,#7735),
.UNSPECIFIED.,.F.,.F.,
(3,3),
(0.,1.),
.UNSPECIFIED.);
#4674=VECTOR('',#4675,0.1);
#4675=DIRECTION('',(0.,0.,1.));
#4676=FACE_BOUND('',#4677,.T.);
#4677=EDGE_LOOP('',(#7736,#7737,#7738,#7739));
#4678=SURFACE_OF_LINEAR_EXTRUSION('',#4679,#4680);
#4679=B_SPLINE_CURVE_WITH_KNOTS('',2,
(#7740,#7741,#7742),
.UNSPECIFIED.,.F.,.F.,
(3,3),
(0.,1.),
.UNSPECIFIED.);
#4680=VECTOR('',#4681,0.1);
#4681=DIRECTION('',(0.,0.,1.));
#4682=FACE_BOUND('',#4683,.T.);
#4683=EDGE_LOOP('',(#7743,#7744,#7745,#7746));
#4684=PLANE('',#4685);
#4685=AXIS2_PLACEMENT_3D('',#4686,#4687,#4688);
#4686=CARTESIAN_POINT('',(12.1537821212615,11.4922591651957,2.));
#4687=DIRECTION('',(0.,-1.,0.));
#4688=DIRECTION('',(1.,0.,0.));
#4689=FACE_BOUND('',#4690,.T.);
#4690=EDGE_LOOP('',(#7747,#7748,#7749,#7750));
#4691=SURFACE_OF_LINEAR_EXTRUSION('',#4692,#4693);
#4692=B_SPLINE_CURVE_WITH_KNOTS('',2,
(#7751,#7752,#7753),
.UNSPECIFIED.,.F.,.F.,
(3,3),
(0.,1.),
.UNSPECIFIED.);
#4693=VECTOR('',#4694,0.1);
#4694=DIRECTION('',(0.,0.,1.));
#4695=FACE_BOUND('',#4696,.T.);
#4696=EDGE_LOOP('',(#7754,#7755,#7756,#7757));
#4697=SURFACE_OF_LINEAR_EXTRUSION('',#4698,#4699);
#4698=B_SPLINE_CURVE_WITH_KNOTS('',2,
(#7758,#7759,#7760),
.UNSPECIFIED.,.F.,.F.,
(3,3),
(0.,1.),
.UNSPECIFIED.);
#4699=VECTOR('',#4700,0.1);
#4700=DIRECTION('',(0.,0.,1.));
#4701=FACE_BOUND('',#4702,.T.);
#4702=EDGE_LOOP('',(#7761,#7762,#7763,#7764));
#4703=PLANE('',#4704);
#4704=AXIS2_PLACEMENT_3D('',#4705,#4706,#4707);
#4705=CARTESIAN_POINT('',(12.5586497301728,11.6130855675422,2.));
#4706=DIRECTION('',(0.946820568147301,-0.321762042095121,0.));
#4707=DIRECTION('',(0.321762042095121,0.946820568147301,0.));
#4708=FACE_BOUND('',#4709,.T.);
#4709=EDGE_LOOP('',(#7765,#7766,#7767,#7768,#7769,#7770,#7771,#7772,#7773,#7774,
#7775,#7776));
#4710=FACE_BOUND('',#4711,.T.);
#4711=EDGE_LOOP('',(#7777,#7778,#7779,#7780,#7781,#7782,#7783,#7784,#7785,#7786,
#7787,#7788));
#4712=PLANE('',#4713);
#4713=AXIS2_PLACEMENT_3D('',#4714,#4715,#4716);
#4714=CARTESIAN_POINT('',(0.,0.,2.1));
#4715=DIRECTION('',(0.,0.,1.));
#4716=DIRECTION('',(1.,0.,0.));
#4717=FACE_BOUND('',#4718,.T.);
#4718=EDGE_LOOP('',(#7789,#7790,#7791,#7792,#7793,#7794,#7795,#7796,#7797,#7798,
#7799,#7800,#7801,#7802,#7803,#7804,#7805,#7806));
#4719=FACE_BOUND('',#4720,.T.);
#4720=EDGE_LOOP('',(#7807,#7808,#7809,#7810,#7811,#7812,#7813,#7814));
#4721=PLANE('',#4722);
#4722=AXIS2_PLACEMENT_3D('',#4723,#4724,#4725);
#4723=CARTESIAN_POINT('',(0.,0.,2.));
#4724=DIRECTION('',(0.,0.,1.));
#4725=DIRECTION('',(1.,0.,0.));
#4726=FACE_BOUND('',#4727,.T.);
#4727=EDGE_LOOP('',(#7815,#7816,#7817,#7818));
#4728=SURFACE_OF_LINEAR_EXTRUSION('',#4729,#4730);
#4729=B_SPLINE_CURVE_WITH_KNOTS('',2,
(#7819,#7820,#7821),
.UNSPECIFIED.,.F.,.F.,
(3,3),
(0.,1.),
.UNSPECIFIED.);
#4730=VECTOR('',#4731,0.1);
#4731=DIRECTION('',(0.,0.,1.));
#4732=FACE_BOUND('',#4733,.T.);
#4733=EDGE_LOOP('',(#7822,#7823,#7824,#7825));
#4734=SURFACE_OF_LINEAR_EXTRUSION('',#4735,#4736);
#4735=B_SPLINE_CURVE_WITH_KNOTS('',2,
(#7826,#7827,#7828),
.UNSPECIFIED.,.F.,.F.,
(3,3),
(0.,1.),
.UNSPECIFIED.);
#4736=VECTOR('',#4737,0.1);
#4737=DIRECTION('',(0.,0.,1.));
#4738=FACE_BOUND('',#4739,.T.);
#4739=EDGE_LOOP('',(#7829,#7830,#7831,#7832));
#4740=PLANE('',#4741);
#4741=AXIS2_PLACEMENT_3D('',#4742,#4743,#4744);
#4742=CARTESIAN_POINT('',(17.7664485033656,11.4922591651957,2.));
#4743=DIRECTION('',(0.,1.,0.));
#4744=DIRECTION('',(-1.,0.,0.));
#4745=FACE_BOUND('',#4746,.T.);
#4746=EDGE_LOOP('',(#7833,#7834,#7835,#7836));
#4747=SURFACE_OF_LINEAR_EXTRUSION('',#4748,#4749);
#4748=B_SPLINE_CURVE_WITH_KNOTS('',2,
(#7837,#7838,#7839),
.UNSPECIFIED.,.F.,.F.,
(3,3),
(0.,1.),
.UNSPECIFIED.);
#4749=VECTOR('',#4750,0.1);
#4750=DIRECTION('',(0.,0.,1.));
#4751=FACE_BOUND('',#4752,.T.);
#4752=EDGE_LOOP('',(#7840,#7841,#7842,#7843));
#4753=SURFACE_OF_LINEAR_EXTRUSION('',#4754,#4755);
#4754=B_SPLINE_CURVE_WITH_KNOTS('',2,
(#7844,#7845,#7846),
.UNSPECIFIED.,.F.,.F.,
(3,3),
(0.,1.),
.UNSPECIFIED.);
#4755=VECTOR('',#4756,0.1);
#4756=DIRECTION('',(0.,0.,1.));
#4757=FACE_BOUND('',#4758,.T.);
#4758=EDGE_LOOP('',(#7847,#7848,#7849,#7850));
#4759=PLANE('',#4760);
#4760=AXIS2_PLACEMENT_3D('',#4761,#4762,#4763);
#4761=CARTESIAN_POINT('',(17.3031796059147,11.3723147207513,2.));
#4762=DIRECTION('',(0.,-1.,0.));
#4763=DIRECTION('',(1.,0.,0.));
#4764=FACE_BOUND('',#4765,.T.);
#4765=EDGE_LOOP('',(#7851,#7852,#7853,#7854));
#4766=SURFACE_OF_LINEAR_EXTRUSION('',#4767,#4768);
#4767=B_SPLINE_CURVE_WITH_KNOTS('',2,
(#7855,#7856,#7857),
.UNSPECIFIED.,.F.,.F.,
(3,3),
(0.,1.),
.UNSPECIFIED.);
#4768=VECTOR('',#4769,0.1);
#4769=DIRECTION('',(0.,0.,1.));
#4770=FACE_BOUND('',#4771,.T.);
#4771=EDGE_LOOP('',(#7858,#7859,#7860,#7861));
#4772=SURFACE_OF_LINEAR_EXTRUSION('',#4773,#4774);
#4773=B_SPLINE_CURVE_WITH_KNOTS('',2,
(#7862,#7863,#7864),
.UNSPECIFIED.,.F.,.F.,
(3,3),
(0.,1.),
.UNSPECIFIED.);
#4774=VECTOR('',#4775,0.1);
#4775=DIRECTION('',(0.,0.,1.));
#4776=FACE_BOUND('',#4777,.T.);
#4777=EDGE_LOOP('',(#7865,#7866,#7867,#7868));
#4778=PLANE('',#4779);
#4779=AXIS2_PLACEMENT_3D('',#4780,#4781,#4782);
#4780=CARTESIAN_POINT('',(17.3903818746346,12.3358665942201,2.));
#4781=DIRECTION('',(-0.946821172759062,0.321760262952334,0.));
#4782=DIRECTION('',(-0.321760262952334,-0.946821172759062,0.));
#4783=FACE_BOUND('',#4784,.T.);
#4784=EDGE_LOOP('',(#7869,#7870,#7871,#7872));
#4785=SURFACE_OF_LINEAR_EXTRUSION('',#4786,#4787);
#4786=B_SPLINE_CURVE_WITH_KNOTS('',2,
(#7873,#7874,#7875),
.UNSPECIFIED.,.F.,.F.,
(3,3),
(0.,1.),
.UNSPECIFIED.);
#4787=VECTOR('',#4788,0.1);
#4788=DIRECTION('',(0.,0.,1.));
#4789=FACE_BOUND('',#4790,.T.);
#4790=EDGE_LOOP('',(#7876,#7877,#7878,#7879));
#4791=SURFACE_OF_LINEAR_EXTRUSION('',#4792,#4793);
#4792=B_SPLINE_CURVE_WITH_KNOTS('',2,
(#7880,#7881,#7882),
.UNSPECIFIED.,.F.,.F.,
(3,3),
(0.,1.),
.UNSPECIFIED.);
#4793=VECTOR('',#4794,0.1);
#4794=DIRECTION('',(0.,0.,1.));
#4795=FACE_BOUND('',#4796,.T.);
#4796=EDGE_LOOP('',(#7883,#7884,#7885,#7886));
#4797=PLANE('',#4798);
#4798=AXIS2_PLACEMENT_3D('',#4799,#4800,#4801);
#4799=CARTESIAN_POINT('',(17.955653127697,12.5770508318624,2.));
#4800=DIRECTION('',(0.,1.,0.));
#4801=DIRECTION('',(-1.,0.,0.));
#4802=FACE_BOUND('',#4803,.T.);
#4803=EDGE_LOOP('',(#7887,#7888,#7889,#7890));
#4804=SURFACE_OF_LINEAR_EXTRUSION('',#4805,#4806);
#4805=B_SPLINE_CURVE_WITH_KNOTS('',2,
(#7891,#7892,#7893),
.UNSPECIFIED.,.F.,.F.,
(3,3),
(0.,1.),
.UNSPECIFIED.);
#4806=VECTOR('',#4807,0.1);
#4807=DIRECTION('',(0.,0.,1.));
#4808=FACE_BOUND('',#4809,.T.);
#4809=EDGE_LOOP('',(#7894,#7895,#7896,#7897));
#4810=SURFACE_OF_LINEAR_EXTRUSION('',#4811,#4812);
#4811=B_SPLINE_CURVE_WITH_KNOTS('',2,
(#7898,#7899,#7900),
.UNSPECIFIED.,.F.,.F.,
(3,3),
(0.,1.),
.UNSPECIFIED.);
#4812=VECTOR('',#4813,0.1);
#4813=DIRECTION('',(0.,0.,1.));
#4814=FACE_BOUND('',#4815,.T.);
#4815=EDGE_LOOP('',(#7901,#7902,#7903,#7904));
#4816=PLANE('',#4817);
#4817=AXIS2_PLACEMENT_3D('',#4818,#4819,#4820);
#4818=CARTESIAN_POINT('',(17.9924467706189,11.9742418108134,2.));
#4819=DIRECTION('',(0.946817658291392,-0.321770604542437,0.));
#4820=DIRECTION('',(0.321770604542437,0.946817658291392,0.));
#4821=FACE_BOUND('',#4822,.T.);
#4822=EDGE_LOOP('',(#7905,#7906,#7907,#7908));
#4823=SURFACE_OF_LINEAR_EXTRUSION('',#4824,#4825);
#4824=B_SPLINE_CURVE_WITH_KNOTS('',2,
(#7909,#7910,#7911),
.UNSPECIFIED.,.F.,.F.,
(3,3),
(0.,1.),
.UNSPECIFIED.);
#4825=VECTOR('',#4826,0.1);
#4826=DIRECTION('',(0.,0.,1.));
#4827=FACE_BOUND('',#4828,.T.);
#4828=EDGE_LOOP('',(#7912,#7913,#7914,#7915));
#4829=PLANE('',#4830);
#4830=AXIS2_PLACEMENT_3D('',#4831,#4832,#4833);
#4831=CARTESIAN_POINT('',(17.3669000953903,11.9138286096402,2.));
#4832=DIRECTION('',(0.,-1.,0.));
#4833=DIRECTION('',(1.,0.,0.));
#4834=FACE_BOUND('',#4835,.T.);
#4835=EDGE_LOOP('',(#7916,#7917,#7918,#7919));
#4836=PLANE('',#4837);
#4837=AXIS2_PLACEMENT_3D('',#4838,#4839,#4840);
#4838=CARTESIAN_POINT('',(17.2645669786503,11.6126997109601,2.));
#4839=DIRECTION('',(0.946821326554243,-0.321759810389774,0.));
#4840=DIRECTION('',(0.321759810389774,0.946821326554243,0.));
#4841=FACE_BOUND('',#4842,.T.);
#4842=EDGE_LOOP('',(#7920,#7921,#7922,#7923));
#4843=PLANE('',#4844);
#4844=AXIS2_PLACEMENT_3D('',#4845,#4846,#4847);
#4845=CARTESIAN_POINT('',(17.8927319125702,12.0337730540846,2.));
#4846=DIRECTION('',(0.946802721503112,-0.321814553049268,0.));
#4847=DIRECTION('',(0.321814553049268,0.946802721503112,0.));
#4848=FACE_BOUND('',#4849,.T.);
#4849=EDGE_LOOP('',(#7924,#7925,#7926,#7927));
#4850=SURFACE_OF_LINEAR_EXTRUSION('',#4851,#4852);
#4851=B_SPLINE_CURVE_WITH_KNOTS('',2,
(#7928,#7929,#7930),
.UNSPECIFIED.,.F.,.F.,
(3,3),
(0.,1.),
.UNSPECIFIED.);
#4852=VECTOR('',#4853,0.1);
#4853=DIRECTION('',(0.,0.,1.));
#4854=FACE_BOUND('',#4855,.T.);
#4855=EDGE_LOOP('',(#7931,#7932,#7933,#7934));
#4856=SURFACE_OF_LINEAR_EXTRUSION('',#4857,#4858);
#4857=B_SPLINE_CURVE_WITH_KNOTS('',2,
(#7935,#7936,#7937),
.UNSPECIFIED.,.F.,.F.,
(3,3),
(0.,1.),
.UNSPECIFIED.);
#4858=VECTOR('',#4859,0.1);
#4859=DIRECTION('',(0.,0.,1.));
#4860=FACE_BOUND('',#4861,.T.);
#4861=EDGE_LOOP('',(#7938,#7939,#7940,#7941));
#4862=PLANE('',#4863);
#4863=AXIS2_PLACEMENT_3D('',#4864,#4865,#4866);
#4864=CARTESIAN_POINT('',(17.9153317339125,12.457106387418,2.));
#4865=DIRECTION('',(0.,1.,0.));
#4866=DIRECTION('',(-1.,0.,0.));
#4867=FACE_BOUND('',#4868,.T.);
#4868=EDGE_LOOP('',(#7942,#7943,#7944,#7945));
#4869=SURFACE_OF_LINEAR_EXTRUSION('',#4870,#4871);
#4870=B_SPLINE_CURVE_WITH_KNOTS('',2,
(#7946,#7947,#7948),
.UNSPECIFIED.,.F.,.F.,
(3,3),
(0.,1.),
.UNSPECIFIED.);
#4871=VECTOR('',#4872,0.1);
#4872=DIRECTION('',(0.,0.,1.));
#4873=FACE_BOUND('',#4874,.T.);
#4874=EDGE_LOOP('',(#7949,#7950,#7951,#7952));
#4875=SURFACE_OF_LINEAR_EXTRUSION('',#4876,#4877);
#4876=B_SPLINE_CURVE_WITH_KNOTS('',2,
(#7953,#7954,#7955),
.UNSPECIFIED.,.F.,.F.,
(3,3),
(0.,1.),
.UNSPECIFIED.);
#4877=VECTOR('',#4878,0.1);
#4878=DIRECTION('',(0.,0.,1.));
#4879=FACE_BOUND('',#4880,.T.);
#4880=EDGE_LOOP('',(#7956,#7957,#7958,#7959));
#4881=PLANE('',#4882);
#4882=AXIS2_PLACEMENT_3D('',#4883,#4884,#4885);
#4883=CARTESIAN_POINT('',(17.5104365638168,12.3361422060645,2.));
#4884=DIRECTION('',(-0.946802721503119,0.321814553049248,0.));
#4885=DIRECTION('',(-0.321814553049248,-0.946802721503119,0.));
#4886=FACE_BOUND('',#4887,.T.);
#4887=EDGE_LOOP('',(#7960,#7961,#7962,#7963));
#4888=PLANE('',#4889);
#4889=AXIS2_PLACEMENT_3D('',#4890,#4891,#4892);
#4890=CARTESIAN_POINT('',(17.4076624681258,12.0337730540846,2.));
#4891=DIRECTION('',(0.,-1.,0.));
#4892=DIRECTION('',(1.,0.,0.));
#4893=FACE_BOUND('',#4894,.T.);
#4894=EDGE_LOOP('',(#7964,#7965,#7966,#7967,#7968,#7969,#7970,#7971,#7972,#7973,
#7974,#7975,#7976,#7977,#7978,#7979,#7980,#7981));
#4895=FACE_BOUND('',#4896,.T.);
#4896=EDGE_LOOP('',(#7982,#7983,#7984,#7985,#7986,#7987,#7988,#7989));
#4897=PLANE('',#4898);
#4898=AXIS2_PLACEMENT_3D('',#4899,#4900,#4901);
#4899=CARTESIAN_POINT('',(0.,0.,2.1));
#4900=DIRECTION('',(0.,0.,1.));
#4901=DIRECTION('',(1.,0.,0.));
#4902=FACE_BOUND('',#4903,.T.);
#4903=EDGE_LOOP('',(#7990,#7991,#7992,#7993));
#4904=SURFACE_OF_LINEAR_EXTRUSION('',#4905,#4906);
#4905=B_SPLINE_CURVE_WITH_KNOTS('',2,
(#7994,#7995,#7996),
.UNSPECIFIED.,.F.,.F.,
(3,3),
(0.,1.),
.UNSPECIFIED.);
#4906=VECTOR('',#4907,0.1);
#4907=DIRECTION('',(0.,0.,1.));
#4908=FACE_BOUND('',#4909,.T.);
#4909=EDGE_LOOP('',(#7997,#7998,#7999,#8000,#8001,#8002,#8003,#8004,#8005,#8006,
#8007,#8008,#8009));
#4910=PLANE('',#4911);
#4911=AXIS2_PLACEMENT_3D('',#4912,#4913,#4914);
#4912=CARTESIAN_POINT('',(0.,0.,2.));
#4913=DIRECTION('',(0.,0.,1.));
#4914=DIRECTION('',(1.,0.,0.));
#4915=FACE_BOUND('',#4916,.T.);
#4916=EDGE_LOOP('',(#8010,#8011,#8012,#8013));
#4917=SURFACE_OF_LINEAR_EXTRUSION('',#4918,#4919);
#4918=B_SPLINE_CURVE_WITH_KNOTS('',2,
(#8014,#8015,#8016),
.UNSPECIFIED.,.F.,.F.,
(3,3),
(0.,1.),
.UNSPECIFIED.);
#4919=VECTOR('',#4920,0.1);
#4920=DIRECTION('',(0.,0.,1.));
#4921=FACE_BOUND('',#4922,.T.);
#4922=EDGE_LOOP('',(#8017,#8018,#8019,#8020,#8021,#8022,#8023,#8024,#8025,#8026,
#8027,#8028,#8029));
#4923=PLANE('',#4924);
#4924=AXIS2_PLACEMENT_3D('',#4925,#4926,#4927);
#4925=CARTESIAN_POINT('',(0.,0.,2.1));
#4926=DIRECTION('',(0.,0.,1.));
#4927=DIRECTION('',(1.,0.,0.));
#4928=FACE_BOUND('',#4929,.T.);
#4929=EDGE_LOOP('',(#8030,#8031,#8032,#8033));
#4930=SURFACE_OF_LINEAR_EXTRUSION('',#4931,#4932);
#4931=B_SPLINE_CURVE_WITH_KNOTS('',2,
(#8034,#8035,#8036),
.UNSPECIFIED.,.F.,.F.,
(3,3),
(0.,1.),
.UNSPECIFIED.);
#4932=VECTOR('',#4933,0.1);
#4933=DIRECTION('',(0.,0.,1.));
#4934=FACE_BOUND('',#4935,.T.);
#4935=EDGE_LOOP('',(#8037,#8038,#8039,#8040));
#4936=SURFACE_OF_LINEAR_EXTRUSION('',#4937,#4938);
#4937=B_SPLINE_CURVE_WITH_KNOTS('',2,
(#8041,#8042,#8043),
.UNSPECIFIED.,.F.,.F.,
(3,3),
(0.,1.),
.UNSPECIFIED.);
#4938=VECTOR('',#4939,0.1);
#4939=DIRECTION('',(0.,0.,1.));
#4940=FACE_BOUND('',#4941,.T.);
#4941=EDGE_LOOP('',(#8044,#8045,#8046,#8047));
#4942=PLANE('',#4943);
#4943=AXIS2_PLACEMENT_3D('',#4944,#4945,#4946);
#4944=CARTESIAN_POINT('',(18.5540248101324,12.4588702763068,2.));
#4945=DIRECTION('',(0.,-1.,0.));
#4946=DIRECTION('',(1.,0.,0.));
#4947=FACE_BOUND('',#4948,.T.);
#4948=EDGE_LOOP('',(#8048,#8049,#8050,#8051));
#4949=PLANE('',#4950);
#4950=AXIS2_PLACEMENT_3D('',#4951,#4952,#4953);
#4951=CARTESIAN_POINT('',(18.2052709114523,11.4326727995557,2.));
#4952=DIRECTION('',(0.946815827359506,-0.321775992052755,0.));
#4953=DIRECTION('',(0.321775992052755,0.946815827359506,0.));
#4954=FACE_BOUND('',#4955,.T.);
#4955=EDGE_LOOP('',(#8052,#8053,#8054,#8055));
#4956=SURFACE_OF_LINEAR_EXTRUSION('',#4957,#4958);
#4957=B_SPLINE_CURVE_WITH_KNOTS('',2,
(#8056,#8057,#8058),
.UNSPECIFIED.,.F.,.F.,
(3,3),
(0.,1.),
.UNSPECIFIED.);
#4958=VECTOR('',#4959,0.1);
#4959=DIRECTION('',(0.,0.,1.));
#4960=FACE_BOUND('',#4961,.T.);
#4961=EDGE_LOOP('',(#8059,#8060,#8061,#8062));
#4962=SURFACE_OF_LINEAR_EXTRUSION('',#4963,#4964);
#4963=B_SPLINE_CURVE_WITH_KNOTS('',2,
(#8063,#8064,#8065),
.UNSPECIFIED.,.F.,.F.,
(3,3),
(0.,1.),
.UNSPECIFIED.);
#4964=VECTOR('',#4965,0.1);
#4965=DIRECTION('',(0.,0.,1.));
#4966=FACE_BOUND('',#4967,.T.);
#4967=EDGE_LOOP('',(#8066,#8067,#8068,#8069));
#4968=PLANE('',#4969);
#4969=AXIS2_PLACEMENT_3D('',#4970,#4971,#4972);
#4970=CARTESIAN_POINT('',(18.4543375401833,12.5184842300466,2.));
#4971=DIRECTION('',(-0.946819024286829,0.321766585040362,0.));
#4972=DIRECTION('',(-0.321766585040362,-0.946819024286829,0.));
#4973=FACE_BOUND('',#4974,.T.);
#4974=EDGE_LOOP('',(#8070,#8071,#8072,#8073));
#4975=SURFACE_OF_LINEAR_EXTRUSION('',#4976,#4977);
#4976=B_SPLINE_CURVE_WITH_KNOTS('',2,
(#8074,#8075,#8076),
.UNSPECIFIED.,.F.,.F.,
(3,3),
(0.,1.),
.UNSPECIFIED.);
#4977=VECTOR('',#4978,0.1);
#4978=DIRECTION('',(0.,0.,1.));
#4979=FACE_BOUND('',#4980,.T.);
#4980=EDGE_LOOP('',(#8077,#8078,#8079,#8080));
#4981=PLANE('',#4982);
#4982=AXIS2_PLACEMENT_3D('',#4983,#4984,#4985);
#4983=CARTESIAN_POINT('',(18.8359438593258,12.5788147207513,2.));
#4984=DIRECTION('',(0.,1.,0.));
#4985=DIRECTION('',(-1.,0.,0.));
#4986=FACE_BOUND('',#4987,.T.);
#4987=EDGE_LOOP('',(#8081,#8082,#8083,#8084));
#4988=SURFACE_OF_LINEAR_EXTRUSION('',#4989,#4990);
#4989=B_SPLINE_CURVE_WITH_KNOTS('',2,
(#8085,#8086,#8087),
.UNSPECIFIED.,.F.,.F.,
(3,3),
(0.,1.),
.UNSPECIFIED.);
#4990=VECTOR('',#4991,0.1);
#4991=DIRECTION('',(0.,0.,1.));
#4992=FACE_BOUND('',#4993,.T.);
#4993=EDGE_LOOP('',(#8088,#8089,#8090,#8091));
#4994=SURFACE_OF_LINEAR_EXTRUSION('',#4995,#4996);
#4995=B_SPLINE_CURVE_WITH_KNOTS('',2,
(#8092,#8093,#8094),
.UNSPECIFIED.,.F.,.F.,
(3,3),
(0.,1.),
.UNSPECIFIED.);
#4996=VECTOR('',#4997,0.1);
#4997=DIRECTION('',(0.,0.,1.));
#4998=FACE_BOUND('',#4999,.T.);
#4999=EDGE_LOOP('',(#8095,#8096,#8097,#8098));
#5000=PLANE('',#5001);
#5001=AXIS2_PLACEMENT_3D('',#5002,#5003,#5004);
#5002=CARTESIAN_POINT('',(11.633021528718,11.4326176771868,2.));
#5003=DIRECTION('',(0.946817534790908,-0.32177096794532,0.));
#5004=DIRECTION('',(0.32177096794532,0.946817534790908,0.));
#5005=FACE_BOUND('',#5006,.T.);
#5006=EDGE_LOOP('',(#8099,#8100,#8101,#8102,#8103,#8104));
#5007=PLANE('',#5008);
#5008=AXIS2_PLACEMENT_3D('',#5009,#5010,#5011);
#5009=CARTESIAN_POINT('',(0.,0.,2.));
#5010=DIRECTION('',(0.,0.,1.));
#5011=DIRECTION('',(1.,0.,0.));
#5012=FACE_BOUND('',#5013,.T.);
#5013=EDGE_LOOP('',(#8105,#8106,#8107,#8108));
#5014=SURFACE_OF_LINEAR_EXTRUSION('',#5015,#5016);
#5015=B_SPLINE_CURVE_WITH_KNOTS('',2,
(#8109,#8110,#8111),
.UNSPECIFIED.,.F.,.F.,
(3,3),
(0.,1.),
.UNSPECIFIED.);
#5016=VECTOR('',#5017,0.1);
#5017=DIRECTION('',(0.,0.,1.));
#5018=FACE_BOUND('',#5019,.T.);
#5019=EDGE_LOOP('',(#8112,#8113,#8114,#8115,#8116,#8117));
#5020=PLANE('',#5021);
#5021=AXIS2_PLACEMENT_3D('',#5022,#5023,#5024);
#5022=CARTESIAN_POINT('',(0.,0.,2.1));
#5023=DIRECTION('',(0.,0.,1.));
#5024=DIRECTION('',(1.,0.,0.));
#5025=FACE_BOUND('',#5026,.T.);
#5026=EDGE_LOOP('',(#8118,#8119,#8120,#8121));
#5027=SURFACE_OF_LINEAR_EXTRUSION('',#5028,#5029);
#5028=B_SPLINE_CURVE_WITH_KNOTS('',2,
(#8122,#8123,#8124),
.UNSPECIFIED.,.F.,.F.,
(3,3),
(0.,1.),
.UNSPECIFIED.);
#5029=VECTOR('',#5030,0.1);
#5030=DIRECTION('',(0.,0.,1.));
#5031=FACE_BOUND('',#5032,.T.);
#5032=EDGE_LOOP('',(#8125,#8126,#8127,#8128));
#5033=SURFACE_OF_LINEAR_EXTRUSION('',#5034,#5035);
#5034=B_SPLINE_CURVE_WITH_KNOTS('',2,
(#8129,#8130,#8131),
.UNSPECIFIED.,.F.,.F.,
(3,3),
(0.,1.),
.UNSPECIFIED.);
#5035=VECTOR('',#5036,0.1);
#5036=DIRECTION('',(0.,0.,1.));
#5037=FACE_BOUND('',#5038,.T.);
#5038=EDGE_LOOP('',(#8132,#8133,#8134,#8135));
#5039=PLANE('',#5040);
#5040=AXIS2_PLACEMENT_3D('',#5041,#5042,#5043);
#5041=CARTESIAN_POINT('',(11.884044974629,12.5190078656357,2.));
#5042=DIRECTION('',(-0.946817534790907,0.321770967945321,0.));
#5043=DIRECTION('',(-0.321770967945321,-0.946817534790907,0.));
#5044=FACE_BOUND('',#5045,.T.);
#5045=EDGE_LOOP('',(#8136,#8137,#8138,#8139));
#5046=SURFACE_OF_LINEAR_EXTRUSION('',#5047,#5048);
#5047=B_SPLINE_CURVE_WITH_KNOTS('',2,
(#8140,#8141,#8142),
.UNSPECIFIED.,.F.,.F.,
(3,3),
(0.,1.),
.UNSPECIFIED.);
#5048=VECTOR('',#5049,0.1);
#5049=DIRECTION('',(0.,0.,1.));
#5050=FACE_BOUND('',#5051,.T.);
#5051=EDGE_LOOP('',(#8143,#8144,#8145,#8146));
#5052=SURFACE_OF_LINEAR_EXTRUSION('',#5053,#5054);
#5053=B_SPLINE_CURVE_WITH_KNOTS('',2,
(#8147,#8148,#8149),
.UNSPECIFIED.,.F.,.F.,
(3,3),
(0.,1.),
.UNSPECIFIED.);
#5054=VECTOR('',#5055,0.1);
#5055=DIRECTION('',(0.,0.,1.));
#5056=FACE_BOUND('',#5057,.T.);
#5057=EDGE_LOOP('',(#8150,#8151,#8152,#8153));
#5058=PLANE('',#5059);
#5059=AXIS2_PLACEMENT_3D('',#5060,#5061,#5062);
#5060=CARTESIAN_POINT('',(0.,0.,2.));
#5061=DIRECTION('',(0.,0.,1.));
#5062=DIRECTION('',(1.,0.,0.));
#5063=FACE_BOUND('',#5064,.T.);
#5064=EDGE_LOOP('',(#8154,#8155,#8156,#8157));
#5065=SURFACE_OF_LINEAR_EXTRUSION('',#5066,#5067);
#5066=B_SPLINE_CURVE_WITH_KNOTS('',2,
(#8158,#8159,#8160),
.UNSPECIFIED.,.F.,.F.,
(3,3),
(0.,1.),
.UNSPECIFIED.);
#5067=VECTOR('',#5068,0.1);
#5068=DIRECTION('',(0.,0.,1.));
#5069=FACE_BOUND('',#5070,.T.);
#5070=EDGE_LOOP('',(#8161,#8162,#8163,#8164));
#5071=PLANE('',#5072);
#5072=AXIS2_PLACEMENT_3D('',#5073,#5074,#5075);
#5073=CARTESIAN_POINT('',(0.,0.,2.1));
#5074=DIRECTION('',(0.,0.,1.));
#5075=DIRECTION('',(1.,0.,0.));
#5076=FACE_BOUND('',#5077,.T.);
#5077=EDGE_LOOP('',(#8165,#8166,#8167,#8168));
#5078=SURFACE_OF_LINEAR_EXTRUSION('',#5079,#5080);
#5079=B_SPLINE_CURVE_WITH_KNOTS('',2,
(#8169,#8170,#8171),
.UNSPECIFIED.,.F.,.F.,
(3,3),
(0.,1.),
.UNSPECIFIED.);
#5080=VECTOR('',#5081,0.1);
#5081=DIRECTION('',(0.,0.,1.));
#5082=FACE_BOUND('',#5083,.T.);
#5083=EDGE_LOOP('',(#8172,#8173,#8174,#8175));
#5084=SURFACE_OF_LINEAR_EXTRUSION('',#5085,#5086);
#5085=B_SPLINE_CURVE_WITH_KNOTS('',2,
(#8176,#8177,#8178),
.UNSPECIFIED.,.F.,.F.,
(3,3),
(0.,1.),
.UNSPECIFIED.);
#5086=VECTOR('',#5087,0.1);
#5087=DIRECTION('',(0.,0.,1.));
#5088=FACE_BOUND('',#5089,.T.);
#5089=EDGE_LOOP('',(#8179,#8180,#8181,#8182,#8183,#8184,#8185,#8186,#8187,#8188,
#8189));
#5090=FACE_BOUND('',#5091,.T.);
#5091=EDGE_LOOP('',(#8190,#8191,#8192));
#5092=PLANE('',#5093);
#5093=AXIS2_PLACEMENT_3D('',#5094,#5095,#5096);
#5094=CARTESIAN_POINT('',(0.,0.,2.));
#5095=DIRECTION('',(0.,0.,1.));
#5096=DIRECTION('',(1.,0.,0.));
#5097=FACE_BOUND('',#5098,.T.);
#5098=EDGE_LOOP('',(#8193,#8194,#8195,#8196,#8197,#8198,#8199,#8200,#8201,#8202,
#8203));
#5099=FACE_BOUND('',#5100,.T.);
#5100=EDGE_LOOP('',(#8204,#8205,#8206));
#5101=PLANE('',#5102);
#5102=AXIS2_PLACEMENT_3D('',#5103,#5104,#5105);
#5103=CARTESIAN_POINT('',(0.,0.,2.1));
#5104=DIRECTION('',(0.,0.,1.));
#5105=DIRECTION('',(1.,0.,0.));
#5106=FACE_BOUND('',#5107,.T.);
#5107=EDGE_LOOP('',(#8207,#8208,#8209,#8210));
#5108=PLANE('',#5109);
#5109=AXIS2_PLACEMENT_3D('',#5110,#5111,#5112);
#5110=CARTESIAN_POINT('',(19.2479600828962,8.88585519446433,2.));
#5111=DIRECTION('',(-0.774649099179668,0.632391313302237,0.));
#5112=DIRECTION('',(-0.632391313302237,-0.774649099179668,0.));
#5113=FACE_BOUND('',#5114,.T.);
#5114=EDGE_LOOP('',(#8211,#8212,#8213,#8214));
#5115=PLANE('',#5116);
#5116=AXIS2_PLACEMENT_3D('',#5117,#5118,#5119);
#5117=CARTESIAN_POINT('',(18.727612860674,6.71616161639324,2.));
#5118=DIRECTION('',(0.972425859446028,-0.233212237844959,0.));
#5119=DIRECTION('',(0.233212237844959,0.972425859446028,0.));
#5120=FACE_BOUND('',#5121,.T.);
#5121=EDGE_LOOP('',(#8215,#8216,#8217,#8218));
#5122=PLANE('',#5123);
#5123=AXIS2_PLACEMENT_3D('',#5124,#5125,#5126);
#5124=CARTESIAN_POINT('',(17.4767124654229,6.71616161639324,2.));
#5125=DIRECTION('',(0.,-1.,0.));
#5126=DIRECTION('',(1.,0.,0.));
#5127=FACE_BOUND('',#5128,.T.);
#5128=EDGE_LOOP('',(#8219,#8220,#8221,#8222));
#5129=PLANE('',#5130);
#5130=AXIS2_PLACEMENT_3D('',#5131,#5132,#5133);
#5131=CARTESIAN_POINT('',(19.8579073430541,6.71616161639324,2.));
#5132=DIRECTION('',(0.978098680176215,-0.208141710950845,0.));
#5133=DIRECTION('',(0.208141710950845,0.978098680176215,0.));
#5134=FACE_BOUND('',#5135,.T.);
#5135=EDGE_LOOP('',(#8223,#8224,#8225,#8226));
#5136=PLANE('',#5137);
#5137=AXIS2_PLACEMENT_3D('',#5138,#5139,#5140);
#5138=CARTESIAN_POINT('',(20.5540095469231,6.71616161639324,2.));
#5139=DIRECTION('',(0.,1.,0.));
#5140=DIRECTION('',(-1.,0.,0.));
#5141=FACE_BOUND('',#5142,.T.);
#5142=EDGE_LOOP('',(#8227,#8228,#8229,#8230));
#5143=PLANE('',#5144);
#5144=AXIS2_PLACEMENT_3D('',#5145,#5146,#5147);
#5145=CARTESIAN_POINT('',(20.3644741883784,5.8483282830599,2.));
#5146=DIRECTION('',(0.976971215372304,-0.213371142223972,0.));
#5147=DIRECTION('',(0.213371142223972,0.976971215372304,0.));
#5148=FACE_BOUND('',#5149,.T.);
#5149=EDGE_LOOP('',(#8231,#8232,#8233,#8234));
#5150=PLANE('',#5151);
#5151=AXIS2_PLACEMENT_3D('',#5152,#5153,#5154);
#5152=CARTESIAN_POINT('',(19.6718446399183,5.8483282830599,2.));
#5153=DIRECTION('',(0.,-1.,0.));
#5154=DIRECTION('',(1.,0.,0.));
#5155=FACE_BOUND('',#5156,.T.);
#5156=EDGE_LOOP('',(#8235,#8236,#8237,#8238));
#5157=PLANE('',#5158);
#5158=AXIS2_PLACEMENT_3D('',#5159,#5160,#5161);
#5159=CARTESIAN_POINT('',(19.4685288775606,4.86584217194879,2.));
#5160=DIRECTION('',(0.979251960101245,-0.202646486862887,0.));
#5161=DIRECTION('',(0.202646486862887,0.979251960101245,0.));
#5162=FACE_BOUND('',#5163,.T.);
#5163=EDGE_LOOP('',(#8239,#8240,#8241,#8242));
#5164=PLANE('',#5165);
#5165=AXIS2_PLACEMENT_3D('',#5166,#5167,#5168);
#5166=CARTESIAN_POINT('',(18.2486343303297,4.86584217194879,2.));
#5167=DIRECTION('',(0.,-1.,0.));
#5168=DIRECTION('',(1.,0.,0.));
#5169=FACE_BOUND('',#5170,.T.);
#5170=EDGE_LOOP('',(#8243,#8244,#8245,#8246));
#5171=PLANE('',#5172);
#5172=AXIS2_PLACEMENT_3D('',#5173,#5174,#5175);
#5173=CARTESIAN_POINT('',(18.4519500926874,5.8483282830599,2.));
#5174=DIRECTION('',(-0.979251960101245,0.202646486862883,0.));
#5175=DIRECTION('',(-0.202646486862883,-0.979251960101245,0.));
#5176=FACE_BOUND('',#5177,.T.);
#5177=EDGE_LOOP('',(#8247,#8248,#8249,#8250));
#5178=PLANE('',#5179);
#5179=AXIS2_PLACEMENT_3D('',#5180,#5181,#5182);
#5180=CARTESIAN_POINT('',(16.3436067691453,5.8483282830599,2.));
#5181=DIRECTION('',(0.,-1.,0.));
#5182=DIRECTION('',(1.,0.,0.));
#5183=FACE_BOUND('',#5184,.T.);
#5184=EDGE_LOOP('',(#8251,#8252,#8253,#8254));
#5185=PLANE('',#5186);
#5186=AXIS2_PLACEMENT_3D('',#5187,#5188,#5189);
#5187=CARTESIAN_POINT('',(16.484883247363,6.71616161639324,2.));
#5188=DIRECTION('',(-0.987007038264161,0.160677025168531,0.));
#5189=DIRECTION('',(-0.160677025168531,-0.987007038264161,0.));
#5190=FACE_BOUND('',#5191,.T.);
#5191=EDGE_LOOP('',(#8255,#8256,#8257,#8258));
#5192=PLANE('',#5193);
#5193=AXIS2_PLACEMENT_3D('',#5194,#5195,#5196);
#5194=CARTESIAN_POINT('',(19.0724531249942,9.76063383861546,2.));
#5195=DIRECTION('',(-0.761967909802995,0.64761478089251,0.));
#5196=DIRECTION('',(-0.64761478089251,-0.761967909802995,0.));
#5197=FACE_BOUND('',#5198,.T.);
#5198=EDGE_LOOP('',(#8259,#8260,#8261,#8262));
#5199=PLANE('',#5200);
#5200=AXIS2_PLACEMENT_3D('',#5201,#5202,#5203);
#5201=CARTESIAN_POINT('',(20.5057782277806,9.76063383861546,2.));
#5202=DIRECTION('',(0.,1.,0.));
#5203=DIRECTION('',(-1.,0.,0.));
#5204=ORIENTED_EDGE('',*,*,#8263,.T.);
#5205=ORIENTED_EDGE('',*,*,#8264,.T.);
#5206=ORIENTED_EDGE('',*,*,#8265,.T.);
#5207=ORIENTED_EDGE('',*,*,#8266,.T.);
#5208=ORIENTED_EDGE('',*,*,#8267,.T.);
#5209=ORIENTED_EDGE('',*,*,#8268,.T.);
#5210=ORIENTED_EDGE('',*,*,#8269,.T.);
#5211=ORIENTED_EDGE('',*,*,#8270,.T.);
#5212=ORIENTED_EDGE('',*,*,#8271,.T.);
#5213=ORIENTED_EDGE('',*,*,#8272,.T.);
#5214=ORIENTED_EDGE('',*,*,#8273,.T.);
#5215=ORIENTED_EDGE('',*,*,#8274,.T.);
#5216=ORIENTED_EDGE('',*,*,#8275,.T.);
#5217=ORIENTED_EDGE('',*,*,#8276,.T.);
#5218=ORIENTED_EDGE('',*,*,#8277,.T.);
#5219=ORIENTED_EDGE('',*,*,#8278,.T.);
#5220=ORIENTED_EDGE('',*,*,#8279,.T.);
#5221=ORIENTED_EDGE('',*,*,#8280,.T.);
#5222=ORIENTED_EDGE('',*,*,#8281,.T.);
#5223=ORIENTED_EDGE('',*,*,#8282,.T.);
#5224=ORIENTED_EDGE('',*,*,#8283,.T.);
#5225=ORIENTED_EDGE('',*,*,#8284,.T.);
#5226=ORIENTED_EDGE('',*,*,#8285,.T.);
#5227=ORIENTED_EDGE('',*,*,#8286,.T.);
#5228=ORIENTED_EDGE('',*,*,#8287,.T.);
#5229=ORIENTED_EDGE('',*,*,#8288,.F.);
#5230=ORIENTED_EDGE('',*,*,#8289,.T.);
#5231=ORIENTED_EDGE('',*,*,#8290,.F.);
#5232=ORIENTED_EDGE('',*,*,#8291,.T.);
#5233=ORIENTED_EDGE('',*,*,#8292,.F.);
#5234=ORIENTED_EDGE('',*,*,#8293,.T.);
#5235=ORIENTED_EDGE('',*,*,#8294,.F.);
#5236=ORIENTED_EDGE('',*,*,#8295,.T.);
#5237=ORIENTED_EDGE('',*,*,#8296,.F.);
#5238=ORIENTED_EDGE('',*,*,#8297,.T.);
#5239=ORIENTED_EDGE('',*,*,#8298,.F.);
#5240=ORIENTED_EDGE('',*,*,#8299,.T.);
#5241=ORIENTED_EDGE('',*,*,#8300,.F.);
#5242=ORIENTED_EDGE('',*,*,#8301,.T.);
#5243=ORIENTED_EDGE('',*,*,#8302,.F.);
#5244=ORIENTED_EDGE('',*,*,#8303,.T.);
#5245=ORIENTED_EDGE('',*,*,#8304,.F.);
#5246=ORIENTED_EDGE('',*,*,#8305,.T.);
#5247=ORIENTED_EDGE('',*,*,#8306,.F.);
#5248=ORIENTED_EDGE('',*,*,#8307,.T.);
#5249=ORIENTED_EDGE('',*,*,#8308,.F.);
#5250=ORIENTED_EDGE('',*,*,#8309,.T.);
#5251=ORIENTED_EDGE('',*,*,#8310,.F.);
#5252=ORIENTED_EDGE('',*,*,#8311,.T.);
#5253=ORIENTED_EDGE('',*,*,#8312,.T.);
#5254=ORIENTED_EDGE('',*,*,#8313,.T.);
#5255=ORIENTED_EDGE('',*,*,#8314,.F.);
#5256=ORIENTED_EDGE('',*,*,#8315,.T.);
#5257=ORIENTED_EDGE('',*,*,#8308,.T.);
#5258=ORIENTED_EDGE('',*,*,#8316,.T.);
#5259=ORIENTED_EDGE('',*,*,#8317,.T.);
#5260=ORIENTED_EDGE('',*,*,#8304,.T.);
#5261=ORIENTED_EDGE('',*,*,#8318,.T.);
#5262=ORIENTED_EDGE('',*,*,#8319,.T.);
#5263=ORIENTED_EDGE('',*,*,#8300,.T.);
#5264=ORIENTED_EDGE('',*,*,#8320,.T.);
#5265=ORIENTED_EDGE('',*,*,#8321,.T.);
#5266=ORIENTED_EDGE('',*,*,#8296,.T.);
#5267=ORIENTED_EDGE('',*,*,#8322,.T.);
#5268=ORIENTED_EDGE('',*,*,#8323,.T.);
#5269=ORIENTED_EDGE('',*,*,#8292,.T.);
#5270=ORIENTED_EDGE('',*,*,#8324,.T.);
#5271=ORIENTED_EDGE('',*,*,#8325,.T.);
#5272=ORIENTED_EDGE('',*,*,#8288,.T.);
#5273=ORIENTED_EDGE('',*,*,#8326,.T.);
#5274=ORIENTED_EDGE('',*,*,#8266,.F.);
#5275=ORIENTED_EDGE('',*,*,#8327,.T.);
#5276=ORIENTED_EDGE('',*,*,#8328,.T.);
#5277=ORIENTED_EDGE('',*,*,#8270,.F.);
#5278=ORIENTED_EDGE('',*,*,#8329,.T.);
#5279=ORIENTED_EDGE('',*,*,#8330,.T.);
#5280=ORIENTED_EDGE('',*,*,#8274,.F.);
#5281=ORIENTED_EDGE('',*,*,#8331,.T.);
#5282=ORIENTED_EDGE('',*,*,#8332,.T.);
#5283=ORIENTED_EDGE('',*,*,#8278,.F.);
#5284=ORIENTED_EDGE('',*,*,#8333,.T.);
#5285=ORIENTED_EDGE('',*,*,#8334,.T.);
#5286=ORIENTED_EDGE('',*,*,#8284,.F.);
#5287=ORIENTED_EDGE('',*,*,#8335,.T.);
#5288=ORIENTED_EDGE('',*,*,#8336,.T.);
#5289=ORIENTED_EDGE('',*,*,#8280,.F.);
#5290=ORIENTED_EDGE('',*,*,#8337,.T.);
#5291=ORIENTED_EDGE('',*,*,#8338,.F.);
#5292=ORIENTED_EDGE('',*,*,#8339,.T.);
#5293=ORIENTED_EDGE('',*,*,#8340,.T.);
#5294=ORIENTED_EDGE('',*,*,#8341,.T.);
#5295=ORIENTED_EDGE('',*,*,#8342,.F.);
#5296=ORIENTED_EDGE('',*,*,#8338,.T.);
#5297=ORIENTED_EDGE('',*,*,#8343,.T.);
#5298=ORIENTED_EDGE('',*,*,#8344,.F.);
#5299=ORIENTED_EDGE('',*,*,#8345,.T.);
#5300=ORIENTED_EDGE('',*,*,#8314,.T.);
#5301=ORIENTED_EDGE('',*,*,#8346,.T.);
#5302=ORIENTED_EDGE('',*,*,#8347,.T.);
#5303=ORIENTED_EDGE('',*,*,#8348,.F.);
#5304=ORIENTED_EDGE('',*,*,#8349,.T.);
#5305=ORIENTED_EDGE('',*,*,#8290,.T.);
#5306=ORIENTED_EDGE('',*,*,#8350,.T.);
#5307=ORIENTED_EDGE('',*,*,#8351,.T.);
#5308=ORIENTED_EDGE('',*,*,#8294,.T.);
#5309=ORIENTED_EDGE('',*,*,#8352,.T.);
#5310=ORIENTED_EDGE('',*,*,#8353,.T.);
#5311=ORIENTED_EDGE('',*,*,#8298,.T.);
#5312=ORIENTED_EDGE('',*,*,#8354,.T.);
#5313=ORIENTED_EDGE('',*,*,#8355,.T.);
#5314=ORIENTED_EDGE('',*,*,#8302,.T.);
#5315=ORIENTED_EDGE('',*,*,#8356,.T.);
#5316=ORIENTED_EDGE('',*,*,#8357,.T.);
#5317=ORIENTED_EDGE('',*,*,#8306,.T.);
#5318=ORIENTED_EDGE('',*,*,#8358,.T.);
#5319=ORIENTED_EDGE('',*,*,#8359,.T.);
#5320=ORIENTED_EDGE('',*,*,#8310,.T.);
#5321=ORIENTED_EDGE('',*,*,#8360,.T.);
#5322=ORIENTED_EDGE('',*,*,#8344,.T.);
#5323=ORIENTED_EDGE('',*,*,#8361,.T.);
#5324=ORIENTED_EDGE('',*,*,#8282,.F.);
#5325=ORIENTED_EDGE('',*,*,#8362,.T.);
#5326=ORIENTED_EDGE('',*,*,#8363,.T.);
#5327=ORIENTED_EDGE('',*,*,#8286,.F.);
#5328=ORIENTED_EDGE('',*,*,#8364,.T.);
#5329=ORIENTED_EDGE('',*,*,#8365,.T.);
#5330=ORIENTED_EDGE('',*,*,#8276,.F.);
#5331=ORIENTED_EDGE('',*,*,#8366,.T.);
#5332=ORIENTED_EDGE('',*,*,#8367,.T.);
#5333=ORIENTED_EDGE('',*,*,#8272,.F.);
#5334=ORIENTED_EDGE('',*,*,#8368,.T.);
#5335=ORIENTED_EDGE('',*,*,#8369,.T.);
#5336=ORIENTED_EDGE('',*,*,#8268,.F.);
#5337=ORIENTED_EDGE('',*,*,#8370,.T.);
#5338=ORIENTED_EDGE('',*,*,#8371,.T.);
#5339=ORIENTED_EDGE('',*,*,#8264,.F.);
#5340=ORIENTED_EDGE('',*,*,#8372,.F.);
#5341=ORIENTED_EDGE('',*,*,#8373,.T.);
#5342=ORIENTED_EDGE('',*,*,#8312,.F.);
#5343=ORIENTED_EDGE('',*,*,#8374,.T.);
#5344=ORIENTED_EDGE('',*,*,#8348,.T.);
#5345=ORIENTED_EDGE('',*,*,#8375,.T.);
#5346=ORIENTED_EDGE('',*,*,#8340,.F.);
#5347=ORIENTED_EDGE('',*,*,#8376,.F.);
#5348=ORIENTED_EDGE('',*,*,#8364,.F.);
#5349=ORIENTED_EDGE('',*,*,#8285,.F.);
#5350=ORIENTED_EDGE('',*,*,#8334,.F.);
#5351=ORIENTED_EDGE('',*,*,#8377,.T.);
#5352=ORIENTED_EDGE('',*,*,#8365,.F.);
#5353=ORIENTED_EDGE('',*,*,#8377,.F.);
#5354=ORIENTED_EDGE('',*,*,#8333,.F.);
#5355=ORIENTED_EDGE('',*,*,#8277,.F.);
#5356=ORIENTED_EDGE('',*,*,#8362,.F.);
#5357=ORIENTED_EDGE('',*,*,#8281,.F.);
#5358=ORIENTED_EDGE('',*,*,#8336,.F.);
#5359=ORIENTED_EDGE('',*,*,#8378,.T.);
#5360=ORIENTED_EDGE('',*,*,#8363,.F.);
#5361=ORIENTED_EDGE('',*,*,#8378,.F.);
#5362=ORIENTED_EDGE('',*,*,#8335,.F.);
#5363=ORIENTED_EDGE('',*,*,#8283,.F.);
#5364=ORIENTED_EDGE('',*,*,#8361,.F.);
#5365=ORIENTED_EDGE('',*,*,#8343,.F.);
#5366=ORIENTED_EDGE('',*,*,#8337,.F.);
#5367=ORIENTED_EDGE('',*,*,#8279,.F.);
#5368=ORIENTED_EDGE('',*,*,#8360,.F.);
#5369=ORIENTED_EDGE('',*,*,#8309,.F.);
#5370=ORIENTED_EDGE('',*,*,#8315,.F.);
#5371=ORIENTED_EDGE('',*,*,#8345,.F.);
#5372=ORIENTED_EDGE('',*,*,#8358,.F.);
#5373=ORIENTED_EDGE('',*,*,#8305,.F.);
#5374=ORIENTED_EDGE('',*,*,#8317,.F.);
#5375=ORIENTED_EDGE('',*,*,#8379,.T.);
#5376=ORIENTED_EDGE('',*,*,#8359,.F.);
#5377=ORIENTED_EDGE('',*,*,#8379,.F.);
#5378=ORIENTED_EDGE('',*,*,#8316,.F.);
#5379=ORIENTED_EDGE('',*,*,#8307,.F.);
#5380=ORIENTED_EDGE('',*,*,#8356,.F.);
#5381=ORIENTED_EDGE('',*,*,#8301,.F.);
#5382=ORIENTED_EDGE('',*,*,#8319,.F.);
#5383=ORIENTED_EDGE('',*,*,#8380,.T.);
#5384=ORIENTED_EDGE('',*,*,#8357,.F.);
#5385=ORIENTED_EDGE('',*,*,#8380,.F.);
#5386=ORIENTED_EDGE('',*,*,#8318,.F.);
#5387=ORIENTED_EDGE('',*,*,#8303,.F.);
#5388=ORIENTED_EDGE('',*,*,#8366,.F.);
#5389=ORIENTED_EDGE('',*,*,#8275,.F.);
#5390=ORIENTED_EDGE('',*,*,#8332,.F.);
#5391=ORIENTED_EDGE('',*,*,#8381,.T.);
#5392=ORIENTED_EDGE('',*,*,#8367,.F.);
#5393=ORIENTED_EDGE('',*,*,#8381,.F.);
#5394=ORIENTED_EDGE('',*,*,#8331,.F.);
#5395=ORIENTED_EDGE('',*,*,#8273,.F.);
#5396=ORIENTED_EDGE('',*,*,#8354,.F.);
#5397=ORIENTED_EDGE('',*,*,#8297,.F.);
#5398=ORIENTED_EDGE('',*,*,#8321,.F.);
#5399=ORIENTED_EDGE('',*,*,#8382,.T.);
#5400=ORIENTED_EDGE('',*,*,#8355,.F.);
#5401=ORIENTED_EDGE('',*,*,#8382,.F.);
#5402=ORIENTED_EDGE('',*,*,#8320,.F.);
#5403=ORIENTED_EDGE('',*,*,#8299,.F.);
#5404=ORIENTED_EDGE('',*,*,#8352,.F.);
#5405=ORIENTED_EDGE('',*,*,#8293,.F.);
#5406=ORIENTED_EDGE('',*,*,#8323,.F.);
#5407=ORIENTED_EDGE('',*,*,#8383,.T.);
#5408=ORIENTED_EDGE('',*,*,#8353,.F.);
#5409=ORIENTED_EDGE('',*,*,#8383,.F.);
#5410=ORIENTED_EDGE('',*,*,#8322,.F.);
#5411=ORIENTED_EDGE('',*,*,#8295,.F.);
#5412=ORIENTED_EDGE('',*,*,#8350,.F.);
#5413=ORIENTED_EDGE('',*,*,#8289,.F.);
#5414=ORIENTED_EDGE('',*,*,#8325,.F.);
#5415=ORIENTED_EDGE('',*,*,#8384,.T.);
#5416=ORIENTED_EDGE('',*,*,#8351,.F.);
#5417=ORIENTED_EDGE('',*,*,#8384,.F.);
#5418=ORIENTED_EDGE('',*,*,#8324,.F.);
#5419=ORIENTED_EDGE('',*,*,#8291,.F.);
#5420=ORIENTED_EDGE('',*,*,#8374,.F.);
#5421=ORIENTED_EDGE('',*,*,#8311,.F.);
#5422=ORIENTED_EDGE('',*,*,#8287,.F.);
#5423=ORIENTED_EDGE('',*,*,#8349,.F.);
#5424=ORIENTED_EDGE('',*,*,#8368,.F.);
#5425=ORIENTED_EDGE('',*,*,#8271,.F.);
#5426=ORIENTED_EDGE('',*,*,#8330,.F.);
#5427=ORIENTED_EDGE('',*,*,#8385,.T.);
#5428=ORIENTED_EDGE('',*,*,#8369,.F.);
#5429=ORIENTED_EDGE('',*,*,#8385,.F.);
#5430=ORIENTED_EDGE('',*,*,#8329,.F.);
#5431=ORIENTED_EDGE('',*,*,#8269,.F.);
#5432=ORIENTED_EDGE('',*,*,#8370,.F.);
#5433=ORIENTED_EDGE('',*,*,#8267,.F.);
#5434=ORIENTED_EDGE('',*,*,#8328,.F.);
#5435=ORIENTED_EDGE('',*,*,#8386,.T.);
#5436=ORIENTED_EDGE('',*,*,#8371,.F.);
#5437=ORIENTED_EDGE('',*,*,#8386,.F.);
#5438=ORIENTED_EDGE('',*,*,#8327,.F.);
#5439=ORIENTED_EDGE('',*,*,#8265,.F.);
#5440=ORIENTED_EDGE('',*,*,#8375,.F.);
#5441=ORIENTED_EDGE('',*,*,#8347,.F.);
#5442=ORIENTED_EDGE('',*,*,#8263,.F.);
#5443=ORIENTED_EDGE('',*,*,#8326,.F.);
#5444=ORIENTED_EDGE('',*,*,#8387,.F.);
#5445=ORIENTED_EDGE('',*,*,#8388,.F.);
#5446=ORIENTED_EDGE('',*,*,#8389,.F.);
#5447=ORIENTED_EDGE('',*,*,#8346,.F.);
#5448=ORIENTED_EDGE('',*,*,#8313,.F.);
#5449=ORIENTED_EDGE('',*,*,#8373,.F.);
#5450=ORIENTED_EDGE('',*,*,#8390,.F.);
#5451=ORIENTED_EDGE('',*,*,#8376,.T.);
#5452=ORIENTED_EDGE('',*,*,#8339,.F.);
#5453=ORIENTED_EDGE('',*,*,#8342,.T.);
#5454=ORIENTED_EDGE('',*,*,#8391,.F.);
#5455=ORIENTED_EDGE('',*,*,#8392,.T.);
#5456=ORIENTED_EDGE('',*,*,#8393,.T.);
#5457=ORIENTED_EDGE('',*,*,#8392,.F.);
#5458=ORIENTED_EDGE('',*,*,#8394,.F.);
#5459=ORIENTED_EDGE('',*,*,#8388,.T.);
#5460=ORIENTED_EDGE('',*,*,#8341,.F.);
#5461=ORIENTED_EDGE('',*,*,#8389,.T.);
#5462=ORIENTED_EDGE('',*,*,#8394,.T.);
#5463=ORIENTED_EDGE('',*,*,#8391,.T.);
#5464=ORIENTED_EDGE('',*,*,#8393,.F.);
#5465=ORIENTED_EDGE('',*,*,#8387,.T.);
#5466=ORIENTED_EDGE('',*,*,#8372,.T.);
#5467=ORIENTED_EDGE('',*,*,#8390,.T.);
#5468=ORIENTED_EDGE('',*,*,#8395,.F.);
#5469=ORIENTED_EDGE('',*,*,#8396,.F.);
#5470=ORIENTED_EDGE('',*,*,#8397,.T.);
#5471=ORIENTED_EDGE('',*,*,#8398,.T.);
#5472=ORIENTED_EDGE('',*,*,#8395,.T.);
#5473=ORIENTED_EDGE('',*,*,#8399,.T.);
#5474=ORIENTED_EDGE('',*,*,#8400,.F.);
#5475=ORIENTED_EDGE('',*,*,#8401,.F.);
#5476=ORIENTED_EDGE('',*,*,#8402,.F.);
#5477=ORIENTED_EDGE('',*,*,#8403,.F.);
#5478=ORIENTED_EDGE('',*,*,#8404,.T.);
#5479=ORIENTED_EDGE('',*,*,#8396,.T.);
#5480=ORIENTED_EDGE('',*,*,#8404,.F.);
#5481=ORIENTED_EDGE('',*,*,#8405,.F.);
#5482=ORIENTED_EDGE('',*,*,#8406,.F.);
#5483=ORIENTED_EDGE('',*,*,#8397,.F.);
#5484=ORIENTED_EDGE('',*,*,#8407,.F.);
#5485=ORIENTED_EDGE('',*,*,#8398,.F.);
#5486=ORIENTED_EDGE('',*,*,#8406,.T.);
#5487=ORIENTED_EDGE('',*,*,#8408,.T.);
#5488=ORIENTED_EDGE('',*,*,#8407,.T.);
#5489=ORIENTED_EDGE('',*,*,#8409,.T.);
#5490=ORIENTED_EDGE('',*,*,#8410,.F.);
#5491=ORIENTED_EDGE('',*,*,#8399,.F.);
#5492=ORIENTED_EDGE('',*,*,#8400,.T.);
#5493=ORIENTED_EDGE('',*,*,#8410,.T.);
#5494=ORIENTED_EDGE('',*,*,#8411,.T.);
#5495=ORIENTED_EDGE('',*,*,#8412,.T.);
#5496=ORIENTED_EDGE('',*,*,#8402,.T.);
#5497=ORIENTED_EDGE('',*,*,#8401,.T.);
#5498=ORIENTED_EDGE('',*,*,#8412,.F.);
#5499=ORIENTED_EDGE('',*,*,#8413,.F.);
#5500=ORIENTED_EDGE('',*,*,#8414,.F.);
#5501=ORIENTED_EDGE('',*,*,#8408,.F.);
#5502=ORIENTED_EDGE('',*,*,#8405,.T.);
#5503=ORIENTED_EDGE('',*,*,#8403,.T.);
#5504=ORIENTED_EDGE('',*,*,#8414,.T.);
#5505=ORIENTED_EDGE('',*,*,#8413,.T.);
#5506=ORIENTED_EDGE('',*,*,#8411,.F.);
#5507=ORIENTED_EDGE('',*,*,#8409,.F.);
#5508=ORIENTED_EDGE('',*,*,#8415,.F.);
#5509=ORIENTED_EDGE('',*,*,#8416,.F.);
#5510=ORIENTED_EDGE('',*,*,#8417,.T.);
#5511=ORIENTED_EDGE('',*,*,#8418,.T.);
#5512=ORIENTED_EDGE('',*,*,#8419,.F.);
#5513=ORIENTED_EDGE('',*,*,#8418,.F.);
#5514=ORIENTED_EDGE('',*,*,#8420,.T.);
#5515=ORIENTED_EDGE('',*,*,#8421,.T.);
#5516=ORIENTED_EDGE('',*,*,#8422,.F.);
#5517=ORIENTED_EDGE('',*,*,#8421,.F.);
#5518=ORIENTED_EDGE('',*,*,#8423,.T.);
#5519=ORIENTED_EDGE('',*,*,#8424,.T.);
#5520=ORIENTED_EDGE('',*,*,#8425,.F.);
#5521=ORIENTED_EDGE('',*,*,#8424,.F.);
#5522=ORIENTED_EDGE('',*,*,#8426,.T.);
#5523=ORIENTED_EDGE('',*,*,#8416,.T.);
#5524=ORIENTED_EDGE('',*,*,#8427,.T.);
#5525=ORIENTED_EDGE('',*,*,#8428,.T.);
#5526=ORIENTED_EDGE('',*,*,#8429,.T.);
#5527=ORIENTED_EDGE('',*,*,#8430,.T.);
#5528=ORIENTED_EDGE('',*,*,#8426,.F.);
#5529=ORIENTED_EDGE('',*,*,#8423,.F.);
#5530=ORIENTED_EDGE('',*,*,#8420,.F.);
#5531=ORIENTED_EDGE('',*,*,#8417,.F.);
#5532=ORIENTED_EDGE('',*,*,#8415,.T.);
#5533=ORIENTED_EDGE('',*,*,#8431,.T.);
#5534=ORIENTED_EDGE('',*,*,#8427,.F.);
#5535=ORIENTED_EDGE('',*,*,#8432,.F.);
#5536=ORIENTED_EDGE('',*,*,#8419,.T.);
#5537=ORIENTED_EDGE('',*,*,#8433,.T.);
#5538=ORIENTED_EDGE('',*,*,#8428,.F.);
#5539=ORIENTED_EDGE('',*,*,#8431,.F.);
#5540=ORIENTED_EDGE('',*,*,#8422,.T.);
#5541=ORIENTED_EDGE('',*,*,#8434,.T.);
#5542=ORIENTED_EDGE('',*,*,#8429,.F.);
#5543=ORIENTED_EDGE('',*,*,#8433,.F.);
#5544=ORIENTED_EDGE('',*,*,#8425,.T.);
#5545=ORIENTED_EDGE('',*,*,#8432,.T.);
#5546=ORIENTED_EDGE('',*,*,#8430,.F.);
#5547=ORIENTED_EDGE('',*,*,#8434,.F.);
#5548=ORIENTED_EDGE('',*,*,#8435,.F.);
#5549=ORIENTED_EDGE('',*,*,#8436,.F.);
#5550=ORIENTED_EDGE('',*,*,#8437,.T.);
#5551=ORIENTED_EDGE('',*,*,#8438,.T.);
#5552=ORIENTED_EDGE('',*,*,#8435,.T.);
#5553=ORIENTED_EDGE('',*,*,#8439,.T.);
#5554=ORIENTED_EDGE('',*,*,#8440,.F.);
#5555=ORIENTED_EDGE('',*,*,#8441,.F.);
#5556=ORIENTED_EDGE('',*,*,#8442,.F.);
#5557=ORIENTED_EDGE('',*,*,#8443,.F.);
#5558=ORIENTED_EDGE('',*,*,#8444,.T.);
#5559=ORIENTED_EDGE('',*,*,#8436,.T.);
#5560=ORIENTED_EDGE('',*,*,#8444,.F.);
#5561=ORIENTED_EDGE('',*,*,#8445,.F.);
#5562=ORIENTED_EDGE('',*,*,#8446,.F.);
#5563=ORIENTED_EDGE('',*,*,#8437,.F.);
#5564=ORIENTED_EDGE('',*,*,#8447,.F.);
#5565=ORIENTED_EDGE('',*,*,#8438,.F.);
#5566=ORIENTED_EDGE('',*,*,#8446,.T.);
#5567=ORIENTED_EDGE('',*,*,#8448,.T.);
#5568=ORIENTED_EDGE('',*,*,#8447,.T.);
#5569=ORIENTED_EDGE('',*,*,#8449,.T.);
#5570=ORIENTED_EDGE('',*,*,#8450,.F.);
#5571=ORIENTED_EDGE('',*,*,#8439,.F.);
#5572=ORIENTED_EDGE('',*,*,#8440,.T.);
#5573=ORIENTED_EDGE('',*,*,#8450,.T.);
#5574=ORIENTED_EDGE('',*,*,#8451,.T.);
#5575=ORIENTED_EDGE('',*,*,#8452,.T.);
#5576=ORIENTED_EDGE('',*,*,#8442,.T.);
#5577=ORIENTED_EDGE('',*,*,#8441,.T.);
#5578=ORIENTED_EDGE('',*,*,#8452,.F.);
#5579=ORIENTED_EDGE('',*,*,#8453,.F.);
#5580=ORIENTED_EDGE('',*,*,#8454,.F.);
#5581=ORIENTED_EDGE('',*,*,#8448,.F.);
#5582=ORIENTED_EDGE('',*,*,#8445,.T.);
#5583=ORIENTED_EDGE('',*,*,#8443,.T.);
#5584=ORIENTED_EDGE('',*,*,#8454,.T.);
#5585=ORIENTED_EDGE('',*,*,#8453,.T.);
#5586=ORIENTED_EDGE('',*,*,#8451,.F.);
#5587=ORIENTED_EDGE('',*,*,#8449,.F.);
#5588=ORIENTED_EDGE('',*,*,#8455,.F.);
#5589=ORIENTED_EDGE('',*,*,#8456,.F.);
#5590=ORIENTED_EDGE('',*,*,#8457,.T.);
#5591=ORIENTED_EDGE('',*,*,#8458,.T.);
#5592=ORIENTED_EDGE('',*,*,#8455,.T.);
#5593=ORIENTED_EDGE('',*,*,#8459,.T.);
#5594=ORIENTED_EDGE('',*,*,#8460,.F.);
#5595=ORIENTED_EDGE('',*,*,#8461,.F.);
#5596=ORIENTED_EDGE('',*,*,#8462,.F.);
#5597=ORIENTED_EDGE('',*,*,#8463,.F.);
#5598=ORIENTED_EDGE('',*,*,#8464,.T.);
#5599=ORIENTED_EDGE('',*,*,#8456,.T.);
#5600=ORIENTED_EDGE('',*,*,#8464,.F.);
#5601=ORIENTED_EDGE('',*,*,#8465,.F.);
#5602=ORIENTED_EDGE('',*,*,#8466,.F.);
#5603=ORIENTED_EDGE('',*,*,#8457,.F.);
#5604=ORIENTED_EDGE('',*,*,#8467,.F.);
#5605=ORIENTED_EDGE('',*,*,#8458,.F.);
#5606=ORIENTED_EDGE('',*,*,#8466,.T.);
#5607=ORIENTED_EDGE('',*,*,#8468,.T.);
#5608=ORIENTED_EDGE('',*,*,#8467,.T.);
#5609=ORIENTED_EDGE('',*,*,#8469,.T.);
#5610=ORIENTED_EDGE('',*,*,#8470,.F.);
#5611=ORIENTED_EDGE('',*,*,#8459,.F.);
#5612=ORIENTED_EDGE('',*,*,#8460,.T.);
#5613=ORIENTED_EDGE('',*,*,#8470,.T.);
#5614=ORIENTED_EDGE('',*,*,#8471,.T.);
#5615=ORIENTED_EDGE('',*,*,#8472,.T.);
#5616=ORIENTED_EDGE('',*,*,#8462,.T.);
#5617=ORIENTED_EDGE('',*,*,#8461,.T.);
#5618=ORIENTED_EDGE('',*,*,#8472,.F.);
#5619=ORIENTED_EDGE('',*,*,#8473,.F.);
#5620=ORIENTED_EDGE('',*,*,#8474,.F.);
#5621=ORIENTED_EDGE('',*,*,#8468,.F.);
#5622=ORIENTED_EDGE('',*,*,#8465,.T.);
#5623=ORIENTED_EDGE('',*,*,#8463,.T.);
#5624=ORIENTED_EDGE('',*,*,#8474,.T.);
#5625=ORIENTED_EDGE('',*,*,#8473,.T.);
#5626=ORIENTED_EDGE('',*,*,#8471,.F.);
#5627=ORIENTED_EDGE('',*,*,#8469,.F.);
#5628=ORIENTED_EDGE('',*,*,#8475,.F.);
#5629=ORIENTED_EDGE('',*,*,#8476,.F.);
#5630=ORIENTED_EDGE('',*,*,#8477,.T.);
#5631=ORIENTED_EDGE('',*,*,#8478,.T.);
#5632=ORIENTED_EDGE('',*,*,#8475,.T.);
#5633=ORIENTED_EDGE('',*,*,#8479,.T.);
#5634=ORIENTED_EDGE('',*,*,#8480,.F.);
#5635=ORIENTED_EDGE('',*,*,#8481,.F.);
#5636=ORIENTED_EDGE('',*,*,#8482,.F.);
#5637=ORIENTED_EDGE('',*,*,#8483,.F.);
#5638=ORIENTED_EDGE('',*,*,#8484,.T.);
#5639=ORIENTED_EDGE('',*,*,#8476,.T.);
#5640=ORIENTED_EDGE('',*,*,#8484,.F.);
#5641=ORIENTED_EDGE('',*,*,#8485,.F.);
#5642=ORIENTED_EDGE('',*,*,#8486,.F.);
#5643=ORIENTED_EDGE('',*,*,#8477,.F.);
#5644=ORIENTED_EDGE('',*,*,#8487,.F.);
#5645=ORIENTED_EDGE('',*,*,#8478,.F.);
#5646=ORIENTED_EDGE('',*,*,#8486,.T.);
#5647=ORIENTED_EDGE('',*,*,#8488,.T.);
#5648=ORIENTED_EDGE('',*,*,#8487,.T.);
#5649=ORIENTED_EDGE('',*,*,#8489,.T.);
#5650=ORIENTED_EDGE('',*,*,#8490,.F.);
#5651=ORIENTED_EDGE('',*,*,#8479,.F.);
#5652=ORIENTED_EDGE('',*,*,#8480,.T.);
#5653=ORIENTED_EDGE('',*,*,#8490,.T.);
#5654=ORIENTED_EDGE('',*,*,#8491,.T.);
#5655=ORIENTED_EDGE('',*,*,#8492,.T.);
#5656=ORIENTED_EDGE('',*,*,#8482,.T.);
#5657=ORIENTED_EDGE('',*,*,#8481,.T.);
#5658=ORIENTED_EDGE('',*,*,#8492,.F.);
#5659=ORIENTED_EDGE('',*,*,#8493,.F.);
#5660=ORIENTED_EDGE('',*,*,#8494,.F.);
#5661=ORIENTED_EDGE('',*,*,#8488,.F.);
#5662=ORIENTED_EDGE('',*,*,#8485,.T.);
#5663=ORIENTED_EDGE('',*,*,#8483,.T.);
#5664=ORIENTED_EDGE('',*,*,#8494,.T.);
#5665=ORIENTED_EDGE('',*,*,#8493,.T.);
#5666=ORIENTED_EDGE('',*,*,#8491,.F.);
#5667=ORIENTED_EDGE('',*,*,#8489,.F.);
#5668=ORIENTED_EDGE('',*,*,#8495,.F.);
#5669=ORIENTED_EDGE('',*,*,#8496,.F.);
#5670=ORIENTED_EDGE('',*,*,#8497,.T.);
#5671=ORIENTED_EDGE('',*,*,#8498,.T.);
#5672=ORIENTED_EDGE('',*,*,#8495,.T.);
#5673=ORIENTED_EDGE('',*,*,#8499,.T.);
#5674=ORIENTED_EDGE('',*,*,#8500,.F.);
#5675=ORIENTED_EDGE('',*,*,#8501,.F.);
#5676=ORIENTED_EDGE('',*,*,#8502,.F.);
#5677=ORIENTED_EDGE('',*,*,#8503,.F.);
#5678=ORIENTED_EDGE('',*,*,#8504,.T.);
#5679=ORIENTED_EDGE('',*,*,#8496,.T.);
#5680=ORIENTED_EDGE('',*,*,#8504,.F.);
#5681=ORIENTED_EDGE('',*,*,#8505,.F.);
#5682=ORIENTED_EDGE('',*,*,#8506,.F.);
#5683=ORIENTED_EDGE('',*,*,#8497,.F.);
#5684=ORIENTED_EDGE('',*,*,#8507,.F.);
#5685=ORIENTED_EDGE('',*,*,#8498,.F.);
#5686=ORIENTED_EDGE('',*,*,#8506,.T.);
#5687=ORIENTED_EDGE('',*,*,#8508,.T.);
#5688=ORIENTED_EDGE('',*,*,#8507,.T.);
#5689=ORIENTED_EDGE('',*,*,#8509,.T.);
#5690=ORIENTED_EDGE('',*,*,#8510,.F.);
#5691=ORIENTED_EDGE('',*,*,#8499,.F.);
#5692=ORIENTED_EDGE('',*,*,#8500,.T.);
#5693=ORIENTED_EDGE('',*,*,#8510,.T.);
#5694=ORIENTED_EDGE('',*,*,#8511,.T.);
#5695=ORIENTED_EDGE('',*,*,#8512,.T.);
#5696=ORIENTED_EDGE('',*,*,#8502,.T.);
#5697=ORIENTED_EDGE('',*,*,#8501,.T.);
#5698=ORIENTED_EDGE('',*,*,#8512,.F.);
#5699=ORIENTED_EDGE('',*,*,#8513,.F.);
#5700=ORIENTED_EDGE('',*,*,#8514,.F.);
#5701=ORIENTED_EDGE('',*,*,#8508,.F.);
#5702=ORIENTED_EDGE('',*,*,#8505,.T.);
#5703=ORIENTED_EDGE('',*,*,#8503,.T.);
#5704=ORIENTED_EDGE('',*,*,#8514,.T.);
#5705=ORIENTED_EDGE('',*,*,#8513,.T.);
#5706=ORIENTED_EDGE('',*,*,#8511,.F.);
#5707=ORIENTED_EDGE('',*,*,#8509,.F.);
#5708=ORIENTED_EDGE('',*,*,#8515,.F.);
#5709=ORIENTED_EDGE('',*,*,#8516,.F.);
#5710=ORIENTED_EDGE('',*,*,#8517,.T.);
#5711=ORIENTED_EDGE('',*,*,#8518,.T.);
#5712=ORIENTED_EDGE('',*,*,#8515,.T.);
#5713=ORIENTED_EDGE('',*,*,#8519,.T.);
#5714=ORIENTED_EDGE('',*,*,#8520,.F.);
#5715=ORIENTED_EDGE('',*,*,#8521,.F.);
#5716=ORIENTED_EDGE('',*,*,#8522,.F.);
#5717=ORIENTED_EDGE('',*,*,#8523,.F.);
#5718=ORIENTED_EDGE('',*,*,#8524,.T.);
#5719=ORIENTED_EDGE('',*,*,#8516,.T.);
#5720=ORIENTED_EDGE('',*,*,#8524,.F.);
#5721=ORIENTED_EDGE('',*,*,#8525,.F.);
#5722=ORIENTED_EDGE('',*,*,#8526,.F.);
#5723=ORIENTED_EDGE('',*,*,#8517,.F.);
#5724=ORIENTED_EDGE('',*,*,#8527,.F.);
#5725=ORIENTED_EDGE('',*,*,#8518,.F.);
#5726=ORIENTED_EDGE('',*,*,#8526,.T.);
#5727=ORIENTED_EDGE('',*,*,#8528,.T.);
#5728=ORIENTED_EDGE('',*,*,#8527,.T.);
#5729=ORIENTED_EDGE('',*,*,#8529,.T.);
#5730=ORIENTED_EDGE('',*,*,#8530,.F.);
#5731=ORIENTED_EDGE('',*,*,#8519,.F.);
#5732=ORIENTED_EDGE('',*,*,#8520,.T.);
#5733=ORIENTED_EDGE('',*,*,#8530,.T.);
#5734=ORIENTED_EDGE('',*,*,#8531,.T.);
#5735=ORIENTED_EDGE('',*,*,#8532,.T.);
#5736=ORIENTED_EDGE('',*,*,#8522,.T.);
#5737=ORIENTED_EDGE('',*,*,#8521,.T.);
#5738=ORIENTED_EDGE('',*,*,#8532,.F.);
#5739=ORIENTED_EDGE('',*,*,#8533,.F.);
#5740=ORIENTED_EDGE('',*,*,#8534,.F.);
#5741=ORIENTED_EDGE('',*,*,#8528,.F.);
#5742=ORIENTED_EDGE('',*,*,#8525,.T.);
#5743=ORIENTED_EDGE('',*,*,#8523,.T.);
#5744=ORIENTED_EDGE('',*,*,#8534,.T.);
#5745=ORIENTED_EDGE('',*,*,#8533,.T.);
#5746=ORIENTED_EDGE('',*,*,#8531,.F.);
#5747=ORIENTED_EDGE('',*,*,#8529,.F.);
#5748=ORIENTED_EDGE('',*,*,#8535,.F.);
#5749=ORIENTED_EDGE('',*,*,#8536,.F.);
#5750=ORIENTED_EDGE('',*,*,#8537,.T.);
#5751=ORIENTED_EDGE('',*,*,#8538,.T.);
#5752=ORIENTED_EDGE('',*,*,#8535,.T.);
#5753=ORIENTED_EDGE('',*,*,#8539,.T.);
#5754=ORIENTED_EDGE('',*,*,#8540,.F.);
#5755=ORIENTED_EDGE('',*,*,#8541,.F.);
#5756=ORIENTED_EDGE('',*,*,#8542,.F.);
#5757=ORIENTED_EDGE('',*,*,#8543,.F.);
#5758=ORIENTED_EDGE('',*,*,#8544,.T.);
#5759=ORIENTED_EDGE('',*,*,#8536,.T.);
#5760=ORIENTED_EDGE('',*,*,#8544,.F.);
#5761=ORIENTED_EDGE('',*,*,#8545,.F.);
#5762=ORIENTED_EDGE('',*,*,#8546,.F.);
#5763=ORIENTED_EDGE('',*,*,#8537,.F.);
#5764=ORIENTED_EDGE('',*,*,#8547,.F.);
#5765=ORIENTED_EDGE('',*,*,#8538,.F.);
#5766=ORIENTED_EDGE('',*,*,#8546,.T.);
#5767=ORIENTED_EDGE('',*,*,#8548,.T.);
#5768=ORIENTED_EDGE('',*,*,#8547,.T.);
#5769=ORIENTED_EDGE('',*,*,#8549,.T.);
#5770=ORIENTED_EDGE('',*,*,#8550,.F.);
#5771=ORIENTED_EDGE('',*,*,#8539,.F.);
#5772=ORIENTED_EDGE('',*,*,#8540,.T.);
#5773=ORIENTED_EDGE('',*,*,#8550,.T.);
#5774=ORIENTED_EDGE('',*,*,#8551,.T.);
#5775=ORIENTED_EDGE('',*,*,#8552,.T.);
#5776=ORIENTED_EDGE('',*,*,#8542,.T.);
#5777=ORIENTED_EDGE('',*,*,#8541,.T.);
#5778=ORIENTED_EDGE('',*,*,#8552,.F.);
#5779=ORIENTED_EDGE('',*,*,#8553,.F.);
#5780=ORIENTED_EDGE('',*,*,#8554,.F.);
#5781=ORIENTED_EDGE('',*,*,#8548,.F.);
#5782=ORIENTED_EDGE('',*,*,#8545,.T.);
#5783=ORIENTED_EDGE('',*,*,#8543,.T.);
#5784=ORIENTED_EDGE('',*,*,#8554,.T.);
#5785=ORIENTED_EDGE('',*,*,#8553,.T.);
#5786=ORIENTED_EDGE('',*,*,#8551,.F.);
#5787=ORIENTED_EDGE('',*,*,#8549,.F.);
#5788=ORIENTED_EDGE('',*,*,#8555,.F.);
#5789=ORIENTED_EDGE('',*,*,#8556,.F.);
#5790=ORIENTED_EDGE('',*,*,#8557,.T.);
#5791=ORIENTED_EDGE('',*,*,#8558,.T.);
#5792=ORIENTED_EDGE('',*,*,#8555,.T.);
#5793=ORIENTED_EDGE('',*,*,#8559,.T.);
#5794=ORIENTED_EDGE('',*,*,#8560,.F.);
#5795=ORIENTED_EDGE('',*,*,#8561,.F.);
#5796=ORIENTED_EDGE('',*,*,#8562,.F.);
#5797=ORIENTED_EDGE('',*,*,#8563,.F.);
#5798=ORIENTED_EDGE('',*,*,#8564,.T.);
#5799=ORIENTED_EDGE('',*,*,#8556,.T.);
#5800=ORIENTED_EDGE('',*,*,#8564,.F.);
#5801=ORIENTED_EDGE('',*,*,#8565,.F.);
#5802=ORIENTED_EDGE('',*,*,#8566,.F.);
#5803=ORIENTED_EDGE('',*,*,#8557,.F.);
#5804=ORIENTED_EDGE('',*,*,#8567,.F.);
#5805=ORIENTED_EDGE('',*,*,#8558,.F.);
#5806=ORIENTED_EDGE('',*,*,#8566,.T.);
#5807=ORIENTED_EDGE('',*,*,#8568,.T.);
#5808=ORIENTED_EDGE('',*,*,#8567,.T.);
#5809=ORIENTED_EDGE('',*,*,#8569,.T.);
#5810=ORIENTED_EDGE('',*,*,#8570,.F.);
#5811=ORIENTED_EDGE('',*,*,#8559,.F.);
#5812=ORIENTED_EDGE('',*,*,#8560,.T.);
#5813=ORIENTED_EDGE('',*,*,#8570,.T.);
#5814=ORIENTED_EDGE('',*,*,#8571,.T.);
#5815=ORIENTED_EDGE('',*,*,#8572,.T.);
#5816=ORIENTED_EDGE('',*,*,#8562,.T.);
#5817=ORIENTED_EDGE('',*,*,#8561,.T.);
#5818=ORIENTED_EDGE('',*,*,#8572,.F.);
#5819=ORIENTED_EDGE('',*,*,#8573,.F.);
#5820=ORIENTED_EDGE('',*,*,#8574,.F.);
#5821=ORIENTED_EDGE('',*,*,#8568,.F.);
#5822=ORIENTED_EDGE('',*,*,#8565,.T.);
#5823=ORIENTED_EDGE('',*,*,#8563,.T.);
#5824=ORIENTED_EDGE('',*,*,#8574,.T.);
#5825=ORIENTED_EDGE('',*,*,#8573,.T.);
#5826=ORIENTED_EDGE('',*,*,#8571,.F.);
#5827=ORIENTED_EDGE('',*,*,#8569,.F.);
#5828=ORIENTED_EDGE('',*,*,#8575,.F.);
#5829=ORIENTED_EDGE('',*,*,#8576,.F.);
#5830=ORIENTED_EDGE('',*,*,#8577,.T.);
#5831=ORIENTED_EDGE('',*,*,#8578,.T.);
#5832=ORIENTED_EDGE('',*,*,#8575,.T.);
#5833=ORIENTED_EDGE('',*,*,#8579,.T.);
#5834=ORIENTED_EDGE('',*,*,#8580,.F.);
#5835=ORIENTED_EDGE('',*,*,#8581,.F.);
#5836=ORIENTED_EDGE('',*,*,#8582,.F.);
#5837=ORIENTED_EDGE('',*,*,#8583,.F.);
#5838=ORIENTED_EDGE('',*,*,#8584,.T.);
#5839=ORIENTED_EDGE('',*,*,#8576,.T.);
#5840=ORIENTED_EDGE('',*,*,#8584,.F.);
#5841=ORIENTED_EDGE('',*,*,#8585,.F.);
#5842=ORIENTED_EDGE('',*,*,#8586,.F.);
#5843=ORIENTED_EDGE('',*,*,#8577,.F.);
#5844=ORIENTED_EDGE('',*,*,#8587,.F.);
#5845=ORIENTED_EDGE('',*,*,#8578,.F.);
#5846=ORIENTED_EDGE('',*,*,#8586,.T.);
#5847=ORIENTED_EDGE('',*,*,#8588,.T.);
#5848=ORIENTED_EDGE('',*,*,#8587,.T.);
#5849=ORIENTED_EDGE('',*,*,#8589,.T.);
#5850=ORIENTED_EDGE('',*,*,#8590,.F.);
#5851=ORIENTED_EDGE('',*,*,#8579,.F.);
#5852=ORIENTED_EDGE('',*,*,#8580,.T.);
#5853=ORIENTED_EDGE('',*,*,#8590,.T.);
#5854=ORIENTED_EDGE('',*,*,#8591,.T.);
#5855=ORIENTED_EDGE('',*,*,#8592,.T.);
#5856=ORIENTED_EDGE('',*,*,#8582,.T.);
#5857=ORIENTED_EDGE('',*,*,#8581,.T.);
#5858=ORIENTED_EDGE('',*,*,#8592,.F.);
#5859=ORIENTED_EDGE('',*,*,#8593,.F.);
#5860=ORIENTED_EDGE('',*,*,#8594,.F.);
#5861=ORIENTED_EDGE('',*,*,#8588,.F.);
#5862=ORIENTED_EDGE('',*,*,#8585,.T.);
#5863=ORIENTED_EDGE('',*,*,#8583,.T.);
#5864=ORIENTED_EDGE('',*,*,#8594,.T.);
#5865=ORIENTED_EDGE('',*,*,#8593,.T.);
#5866=ORIENTED_EDGE('',*,*,#8591,.F.);
#5867=ORIENTED_EDGE('',*,*,#8589,.F.);
#5868=ORIENTED_EDGE('',*,*,#8595,.F.);
#5869=ORIENTED_EDGE('',*,*,#8596,.F.);
#5870=ORIENTED_EDGE('',*,*,#8597,.T.);
#5871=ORIENTED_EDGE('',*,*,#8598,.T.);
#5872=ORIENTED_EDGE('',*,*,#8595,.T.);
#5873=ORIENTED_EDGE('',*,*,#8599,.T.);
#5874=ORIENTED_EDGE('',*,*,#8600,.F.);
#5875=ORIENTED_EDGE('',*,*,#8601,.F.);
#5876=ORIENTED_EDGE('',*,*,#8602,.F.);
#5877=ORIENTED_EDGE('',*,*,#8603,.F.);
#5878=ORIENTED_EDGE('',*,*,#8604,.T.);
#5879=ORIENTED_EDGE('',*,*,#8596,.T.);
#5880=ORIENTED_EDGE('',*,*,#8604,.F.);
#5881=ORIENTED_EDGE('',*,*,#8605,.F.);
#5882=ORIENTED_EDGE('',*,*,#8606,.F.);
#5883=ORIENTED_EDGE('',*,*,#8597,.F.);
#5884=ORIENTED_EDGE('',*,*,#8607,.F.);
#5885=ORIENTED_EDGE('',*,*,#8598,.F.);
#5886=ORIENTED_EDGE('',*,*,#8606,.T.);
#5887=ORIENTED_EDGE('',*,*,#8608,.T.);
#5888=ORIENTED_EDGE('',*,*,#8607,.T.);
#5889=ORIENTED_EDGE('',*,*,#8609,.T.);
#5890=ORIENTED_EDGE('',*,*,#8610,.F.);
#5891=ORIENTED_EDGE('',*,*,#8599,.F.);
#5892=ORIENTED_EDGE('',*,*,#8600,.T.);
#5893=ORIENTED_EDGE('',*,*,#8610,.T.);
#5894=ORIENTED_EDGE('',*,*,#8611,.T.);
#5895=ORIENTED_EDGE('',*,*,#8612,.T.);
#5896=ORIENTED_EDGE('',*,*,#8602,.T.);
#5897=ORIENTED_EDGE('',*,*,#8601,.T.);
#5898=ORIENTED_EDGE('',*,*,#8612,.F.);
#5899=ORIENTED_EDGE('',*,*,#8613,.F.);
#5900=ORIENTED_EDGE('',*,*,#8614,.F.);
#5901=ORIENTED_EDGE('',*,*,#8608,.F.);
#5902=ORIENTED_EDGE('',*,*,#8605,.T.);
#5903=ORIENTED_EDGE('',*,*,#8603,.T.);
#5904=ORIENTED_EDGE('',*,*,#8614,.T.);
#5905=ORIENTED_EDGE('',*,*,#8613,.T.);
#5906=ORIENTED_EDGE('',*,*,#8611,.F.);
#5907=ORIENTED_EDGE('',*,*,#8609,.F.);
#5908=ORIENTED_EDGE('',*,*,#8615,.F.);
#5909=ORIENTED_EDGE('',*,*,#8616,.F.);
#5910=ORIENTED_EDGE('',*,*,#8617,.T.);
#5911=ORIENTED_EDGE('',*,*,#8618,.T.);
#5912=ORIENTED_EDGE('',*,*,#8615,.T.);
#5913=ORIENTED_EDGE('',*,*,#8619,.T.);
#5914=ORIENTED_EDGE('',*,*,#8620,.F.);
#5915=ORIENTED_EDGE('',*,*,#8621,.F.);
#5916=ORIENTED_EDGE('',*,*,#8622,.F.);
#5917=ORIENTED_EDGE('',*,*,#8623,.F.);
#5918=ORIENTED_EDGE('',*,*,#8624,.T.);
#5919=ORIENTED_EDGE('',*,*,#8616,.T.);
#5920=ORIENTED_EDGE('',*,*,#8624,.F.);
#5921=ORIENTED_EDGE('',*,*,#8625,.F.);
#5922=ORIENTED_EDGE('',*,*,#8626,.F.);
#5923=ORIENTED_EDGE('',*,*,#8617,.F.);
#5924=ORIENTED_EDGE('',*,*,#8627,.F.);
#5925=ORIENTED_EDGE('',*,*,#8618,.F.);
#5926=ORIENTED_EDGE('',*,*,#8626,.T.);
#5927=ORIENTED_EDGE('',*,*,#8628,.T.);
#5928=ORIENTED_EDGE('',*,*,#8627,.T.);
#5929=ORIENTED_EDGE('',*,*,#8629,.T.);
#5930=ORIENTED_EDGE('',*,*,#8630,.F.);
#5931=ORIENTED_EDGE('',*,*,#8619,.F.);
#5932=ORIENTED_EDGE('',*,*,#8620,.T.);
#5933=ORIENTED_EDGE('',*,*,#8630,.T.);
#5934=ORIENTED_EDGE('',*,*,#8631,.T.);
#5935=ORIENTED_EDGE('',*,*,#8632,.T.);
#5936=ORIENTED_EDGE('',*,*,#8622,.T.);
#5937=ORIENTED_EDGE('',*,*,#8621,.T.);
#5938=ORIENTED_EDGE('',*,*,#8632,.F.);
#5939=ORIENTED_EDGE('',*,*,#8633,.F.);
#5940=ORIENTED_EDGE('',*,*,#8634,.F.);
#5941=ORIENTED_EDGE('',*,*,#8628,.F.);
#5942=ORIENTED_EDGE('',*,*,#8625,.T.);
#5943=ORIENTED_EDGE('',*,*,#8623,.T.);
#5944=ORIENTED_EDGE('',*,*,#8634,.T.);
#5945=ORIENTED_EDGE('',*,*,#8633,.T.);
#5946=ORIENTED_EDGE('',*,*,#8631,.F.);
#5947=ORIENTED_EDGE('',*,*,#8629,.F.);
#5948=ORIENTED_EDGE('',*,*,#8635,.F.);
#5949=ORIENTED_EDGE('',*,*,#8636,.F.);
#5950=ORIENTED_EDGE('',*,*,#8637,.T.);
#5951=ORIENTED_EDGE('',*,*,#8638,.F.);
#5952=ORIENTED_EDGE('',*,*,#8639,.F.);
#5953=ORIENTED_EDGE('',*,*,#8640,.F.);
#5954=ORIENTED_EDGE('',*,*,#8641,.F.);
#5955=ORIENTED_EDGE('',*,*,#8635,.T.);
#5956=ORIENTED_EDGE('',*,*,#8636,.T.);
#5957=ORIENTED_EDGE('',*,*,#8642,.F.);
#5958=ORIENTED_EDGE('',*,*,#8643,.F.);
#5959=ORIENTED_EDGE('',*,*,#8644,.F.);
#5960=ORIENTED_EDGE('',*,*,#8645,.F.);
#5961=ORIENTED_EDGE('',*,*,#8646,.F.);
#5962=ORIENTED_EDGE('',*,*,#8637,.F.);
#5963=ORIENTED_EDGE('',*,*,#8647,.F.);
#5964=ORIENTED_EDGE('',*,*,#8648,.F.);
#5965=ORIENTED_EDGE('',*,*,#8642,.T.);
#5966=ORIENTED_EDGE('',*,*,#8641,.T.);
#5967=ORIENTED_EDGE('',*,*,#8649,.T.);
#5968=ORIENTED_EDGE('',*,*,#8650,.F.);
#5969=ORIENTED_EDGE('',*,*,#8651,.F.);
#5970=ORIENTED_EDGE('',*,*,#8643,.T.);
#5971=ORIENTED_EDGE('',*,*,#8648,.T.);
#5972=ORIENTED_EDGE('',*,*,#8652,.F.);
#5973=ORIENTED_EDGE('',*,*,#8653,.F.);
#5974=ORIENTED_EDGE('',*,*,#8644,.T.);
#5975=ORIENTED_EDGE('',*,*,#8651,.T.);
#5976=ORIENTED_EDGE('',*,*,#8654,.F.);
#5977=ORIENTED_EDGE('',*,*,#8655,.T.);
#5978=ORIENTED_EDGE('',*,*,#8656,.F.);
#5979=ORIENTED_EDGE('',*,*,#8657,.F.);
#5980=ORIENTED_EDGE('',*,*,#8658,.F.);
#5981=ORIENTED_EDGE('',*,*,#8659,.T.);
#5982=ORIENTED_EDGE('',*,*,#8652,.T.);
#5983=ORIENTED_EDGE('',*,*,#8660,.F.);
#5984=ORIENTED_EDGE('',*,*,#8661,.F.);
#5985=ORIENTED_EDGE('',*,*,#8662,.F.);
#5986=ORIENTED_EDGE('',*,*,#8646,.T.);
#5987=ORIENTED_EDGE('',*,*,#8663,.F.);
#5988=ORIENTED_EDGE('',*,*,#8658,.T.);
#5989=ORIENTED_EDGE('',*,*,#8664,.F.);
#5990=ORIENTED_EDGE('',*,*,#8665,.F.);
#5991=ORIENTED_EDGE('',*,*,#8666,.F.);
#5992=ORIENTED_EDGE('',*,*,#8667,.F.);
#5993=ORIENTED_EDGE('',*,*,#8668,.T.);
#5994=ORIENTED_EDGE('',*,*,#8661,.T.);
#5995=ORIENTED_EDGE('',*,*,#8669,.F.);
#5996=ORIENTED_EDGE('',*,*,#8670,.F.);
#5997=ORIENTED_EDGE('',*,*,#8639,.T.);
#5998=ORIENTED_EDGE('',*,*,#8671,.F.);
#5999=ORIENTED_EDGE('',*,*,#8667,.T.);
#6000=ORIENTED_EDGE('',*,*,#8672,.F.);
#6001=ORIENTED_EDGE('',*,*,#8673,.T.);
#6002=ORIENTED_EDGE('',*,*,#8674,.F.);
#6003=ORIENTED_EDGE('',*,*,#8649,.F.);
#6004=ORIENTED_EDGE('',*,*,#8640,.T.);
#6005=ORIENTED_EDGE('',*,*,#8670,.T.);
#6006=ORIENTED_EDGE('',*,*,#8675,.T.);
#6007=ORIENTED_EDGE('',*,*,#8665,.T.);
#6008=ORIENTED_EDGE('',*,*,#8676,.T.);
#6009=ORIENTED_EDGE('',*,*,#8655,.F.);
#6010=ORIENTED_EDGE('',*,*,#8677,.T.);
#6011=ORIENTED_EDGE('',*,*,#8678,.T.);
#6012=ORIENTED_EDGE('',*,*,#8679,.T.);
#6013=ORIENTED_EDGE('',*,*,#8673,.F.);
#6014=ORIENTED_EDGE('',*,*,#8650,.T.);
#6015=ORIENTED_EDGE('',*,*,#8680,.T.);
#6016=ORIENTED_EDGE('',*,*,#8677,.F.);
#6017=ORIENTED_EDGE('',*,*,#8654,.T.);
#6018=ORIENTED_EDGE('',*,*,#8647,.T.);
#6019=ORIENTED_EDGE('',*,*,#8681,.T.);
#6020=ORIENTED_EDGE('',*,*,#8678,.F.);
#6021=ORIENTED_EDGE('',*,*,#8680,.F.);
#6022=ORIENTED_EDGE('',*,*,#8674,.T.);
#6023=ORIENTED_EDGE('',*,*,#8669,.T.);
#6024=ORIENTED_EDGE('',*,*,#8679,.F.);
#6025=ORIENTED_EDGE('',*,*,#8681,.F.);
#6026=ORIENTED_EDGE('',*,*,#8659,.F.);
#6027=ORIENTED_EDGE('',*,*,#8663,.T.);
#6028=ORIENTED_EDGE('',*,*,#8645,.T.);
#6029=ORIENTED_EDGE('',*,*,#8653,.T.);
#6030=ORIENTED_EDGE('',*,*,#8668,.F.);
#6031=ORIENTED_EDGE('',*,*,#8671,.T.);
#6032=ORIENTED_EDGE('',*,*,#8638,.T.);
#6033=ORIENTED_EDGE('',*,*,#8662,.T.);
#6034=ORIENTED_EDGE('',*,*,#8657,.T.);
#6035=ORIENTED_EDGE('',*,*,#8656,.T.);
#6036=ORIENTED_EDGE('',*,*,#8676,.F.);
#6037=ORIENTED_EDGE('',*,*,#8664,.T.);
#6038=ORIENTED_EDGE('',*,*,#8666,.T.);
#6039=ORIENTED_EDGE('',*,*,#8660,.T.);
#6040=ORIENTED_EDGE('',*,*,#8675,.F.);
#6041=ORIENTED_EDGE('',*,*,#8672,.T.);
#6042=ORIENTED_EDGE('',*,*,#8682,.F.);
#6043=ORIENTED_EDGE('',*,*,#8683,.T.);
#6044=ORIENTED_EDGE('',*,*,#8682,.T.);
#6045=ORIENTED_EDGE('',*,*,#8683,.F.);
#6046=ORIENTED_EDGE('',*,*,#8684,.F.);
#6047=ORIENTED_EDGE('',*,*,#8685,.F.);
#6048=ORIENTED_EDGE('',*,*,#8686,.F.);
#6049=ORIENTED_EDGE('',*,*,#8687,.F.);
#6050=ORIENTED_EDGE('',*,*,#8688,.F.);
#6051=ORIENTED_EDGE('',*,*,#8689,.F.);
#6052=ORIENTED_EDGE('',*,*,#8690,.F.);
#6053=ORIENTED_EDGE('',*,*,#8691,.F.);
#6054=ORIENTED_EDGE('',*,*,#8692,.F.);
#6055=ORIENTED_EDGE('',*,*,#8693,.F.);
#6056=ORIENTED_EDGE('',*,*,#8694,.F.);
#6057=ORIENTED_EDGE('',*,*,#8695,.F.);
#6058=ORIENTED_EDGE('',*,*,#8696,.F.);
#6059=ORIENTED_EDGE('',*,*,#8697,.F.);
#6060=ORIENTED_EDGE('',*,*,#8698,.F.);
#6061=ORIENTED_EDGE('',*,*,#8699,.F.);
#6062=ORIENTED_EDGE('',*,*,#8700,.F.);
#6063=ORIENTED_EDGE('',*,*,#8701,.F.);
#6064=ORIENTED_EDGE('',*,*,#8702,.T.);
#6065=ORIENTED_EDGE('',*,*,#8703,.T.);
#6066=ORIENTED_EDGE('',*,*,#8704,.T.);
#6067=ORIENTED_EDGE('',*,*,#8705,.T.);
#6068=ORIENTED_EDGE('',*,*,#8706,.T.);
#6069=ORIENTED_EDGE('',*,*,#8707,.T.);
#6070=ORIENTED_EDGE('',*,*,#8708,.T.);
#6071=ORIENTED_EDGE('',*,*,#8684,.T.);
#6072=ORIENTED_EDGE('',*,*,#8709,.T.);
#6073=ORIENTED_EDGE('',*,*,#8710,.F.);
#6074=ORIENTED_EDGE('',*,*,#8711,.F.);
#6075=CARTESIAN_POINT('',(14.1909594211102,9.79913626604481,2.));
#6076=CARTESIAN_POINT('',(14.0967842803881,9.79569114490513,2.));
#6077=CARTESIAN_POINT('',(14.007211803637,9.79569114490513,2.));
#6078=ORIENTED_EDGE('',*,*,#8685,.T.);
#6079=ORIENTED_EDGE('',*,*,#8711,.T.);
#6080=ORIENTED_EDGE('',*,*,#8712,.F.);
#6081=ORIENTED_EDGE('',*,*,#8713,.F.);
#6082=CARTESIAN_POINT('',(14.2920247502812,9.80258136026927,2.));
#6083=CARTESIAN_POINT('',(14.2851345618323,9.80258136026927,2.));
#6084=CARTESIAN_POINT('',(14.1909594211102,9.79913626604481,2.));
#6085=ORIENTED_EDGE('',*,*,#8686,.T.);
#6086=ORIENTED_EDGE('',*,*,#8713,.T.);
#6087=ORIENTED_EDGE('',*,*,#8714,.F.);
#6088=ORIENTED_EDGE('',*,*,#8715,.F.);
#6089=CARTESIAN_POINT('',(15.5438208571114,9.48729998178619,2.));
#6090=CARTESIAN_POINT('',(15.2255353633548,9.80258136026927,2.));
#6091=CARTESIAN_POINT('',(14.2920247502812,9.80258136026927,2.));
#6092=ORIENTED_EDGE('',*,*,#8687,.T.);
#6093=ORIENTED_EDGE('',*,*,#8715,.T.);
#6094=ORIENTED_EDGE('',*,*,#8716,.F.);
#6095=ORIENTED_EDGE('',*,*,#8717,.F.);
#6096=CARTESIAN_POINT('',(15.6278949583126,8.48286173716711,2.));
#6097=CARTESIAN_POINT('',(15.8621063508679,9.17201863021832,2.));
#6098=CARTESIAN_POINT('',(15.5438208571114,9.48729998178619,2.));
#6099=ORIENTED_EDGE('',*,*,#8688,.T.);
#6100=ORIENTED_EDGE('',*,*,#8717,.T.);
#6101=ORIENTED_EDGE('',*,*,#8718,.F.);
#6102=ORIENTED_EDGE('',*,*,#8719,.F.);
#6103=CARTESIAN_POINT('',(15.140717137089,7.73858330960932,2.));
#6104=CARTESIAN_POINT('',(15.4744917473481,8.03147154871819,2.));
#6105=CARTESIAN_POINT('',(15.6278949583126,8.48286173716711,2.));
#6106=ORIENTED_EDGE('',*,*,#8689,.T.);
#6107=ORIENTED_EDGE('',*,*,#8719,.T.);
#6108=ORIENTED_EDGE('',*,*,#8720,.F.);
#6109=ORIENTED_EDGE('',*,*,#8721,.F.);
#6110=CARTESIAN_POINT('',(14.3216250048102,7.33542444030284,2.));
#6111=CARTESIAN_POINT('',(14.8069424999146,7.44569507050045,2.));
#6112=CARTESIAN_POINT('',(15.140717137089,7.73858330960932,2.));
#6113=ORIENTED_EDGE('',*,*,#8690,.T.);
#6114=ORIENTED_EDGE('',*,*,#8721,.T.);
#6115=ORIENTED_EDGE('',*,*,#8722,.F.);
#6116=ORIENTED_EDGE('',*,*,#8723,.F.);
#6117=CARTESIAN_POINT('',(14.6010360400501,7.12874626727401,2.));
#6118=CARTESIAN_POINT('',(14.5233698065701,7.28030293271148,2.));
#6119=CARTESIAN_POINT('',(14.3216250048102,7.33542444030284,2.));
#6120=ORIENTED_EDGE('',*,*,#8691,.T.);
#6121=ORIENTED_EDGE('',*,*,#8723,.T.);
#6122=ORIENTED_EDGE('',*,*,#8724,.F.);
#6123=ORIENTED_EDGE('',*,*,#8725,.F.);
#6124=CARTESIAN_POINT('',(14.6702410975681,6.5569431211604,2.));
#6125=CARTESIAN_POINT('',(14.6787022466148,6.97718962875176,2.));
#6126=CARTESIAN_POINT('',(14.6010360400501,7.12874626727401,2.));
#6127=ORIENTED_EDGE('',*,*,#8692,.T.);
#6128=ORIENTED_EDGE('',*,*,#8725,.T.);
#6129=ORIENTED_EDGE('',*,*,#8726,.F.);
#6130=ORIENTED_EDGE('',*,*,#8727,.F.);
#6131=ORIENTED_EDGE('',*,*,#8693,.T.);
#6132=ORIENTED_EDGE('',*,*,#8727,.T.);
#6133=ORIENTED_EDGE('',*,*,#8728,.F.);
#6134=ORIENTED_EDGE('',*,*,#8729,.F.);
#6135=ORIENTED_EDGE('',*,*,#8694,.T.);
#6136=ORIENTED_EDGE('',*,*,#8729,.T.);
#6137=ORIENTED_EDGE('',*,*,#8730,.F.);
#6138=ORIENTED_EDGE('',*,*,#8731,.F.);
#6139=ORIENTED_EDGE('',*,*,#8695,.T.);
#6140=ORIENTED_EDGE('',*,*,#8731,.T.);
#6141=ORIENTED_EDGE('',*,*,#8732,.F.);
#6142=ORIENTED_EDGE('',*,*,#8733,.F.);
#6143=CARTESIAN_POINT('',(13.5096711116403,6.78589038131824,2.));
#6144=CARTESIAN_POINT('',(13.5950405885102,6.66710347970503,2.));
#6145=CARTESIAN_POINT('',(13.5696571144548,6.28839103109826,2.));
#6146=ORIENTED_EDGE('',*,*,#8696,.T.);
#6147=ORIENTED_EDGE('',*,*,#8733,.T.);
#6148=ORIENTED_EDGE('',*,*,#8734,.F.);
#6149=ORIENTED_EDGE('',*,*,#8735,.F.);
#6150=CARTESIAN_POINT('',(13.1797274252726,6.90467725601624,2.));
#6151=CARTESIAN_POINT('',(13.4243016616857,6.90467725601624,2.));
#6152=CARTESIAN_POINT('',(13.5096711116403,6.78589038131824,2.));
#6153=ORIENTED_EDGE('',*,*,#8697,.T.);
#6154=ORIENTED_EDGE('',*,*,#8735,.T.);
#6155=ORIENTED_EDGE('',*,*,#8736,.F.);
#6156=ORIENTED_EDGE('',*,*,#8737,.F.);
#6157=ORIENTED_EDGE('',*,*,#8698,.T.);
#6158=ORIENTED_EDGE('',*,*,#8737,.T.);
#6159=ORIENTED_EDGE('',*,*,#8738,.F.);
#6160=ORIENTED_EDGE('',*,*,#8739,.F.);
#6161=ORIENTED_EDGE('',*,*,#8699,.T.);
#6162=ORIENTED_EDGE('',*,*,#8739,.T.);
#6163=ORIENTED_EDGE('',*,*,#8740,.F.);
#6164=ORIENTED_EDGE('',*,*,#8741,.F.);
#6165=ORIENTED_EDGE('',*,*,#8700,.T.);
#6166=ORIENTED_EDGE('',*,*,#8741,.T.);
#6167=ORIENTED_EDGE('',*,*,#8742,.F.);
#6168=ORIENTED_EDGE('',*,*,#8743,.F.);
#6169=ORIENTED_EDGE('',*,*,#8701,.T.);
#6170=ORIENTED_EDGE('',*,*,#8743,.T.);
#6171=ORIENTED_EDGE('',*,*,#8744,.F.);
#6172=ORIENTED_EDGE('',*,*,#8709,.F.);
#6173=ORIENTED_EDGE('',*,*,#8745,.F.);
#6174=ORIENTED_EDGE('',*,*,#8746,.F.);
#6175=ORIENTED_EDGE('',*,*,#8702,.F.);
#6176=ORIENTED_EDGE('',*,*,#8747,.T.);
#6177=ORIENTED_EDGE('',*,*,#8748,.F.);
#6178=ORIENTED_EDGE('',*,*,#8749,.F.);
#6179=ORIENTED_EDGE('',*,*,#8703,.F.);
#6180=ORIENTED_EDGE('',*,*,#8746,.T.);
#6181=CARTESIAN_POINT('',(13.4848250806815,7.7213578115718,2.));
#6182=CARTESIAN_POINT('',(13.905071615188,7.7213578115718,2.));
#6183=CARTESIAN_POINT('',(14.1368163086512,7.86607938401401,2.));
#6184=ORIENTED_EDGE('',*,*,#8750,.F.);
#6185=ORIENTED_EDGE('',*,*,#8751,.F.);
#6186=ORIENTED_EDGE('',*,*,#8704,.F.);
#6187=ORIENTED_EDGE('',*,*,#8749,.T.);
#6188=CARTESIAN_POINT('',(14.1368163086512,7.86607938401401,2.));
#6189=CARTESIAN_POINT('',(14.3685609751992,8.01080095645621,2.));
#6190=CARTESIAN_POINT('',(14.4786386771058,8.33466750931601,2.));
#6191=ORIENTED_EDGE('',*,*,#8752,.F.);
#6192=ORIENTED_EDGE('',*,*,#8753,.F.);
#6193=ORIENTED_EDGE('',*,*,#8705,.F.);
#6194=ORIENTED_EDGE('',*,*,#8751,.T.);
#6195=CARTESIAN_POINT('',(14.4786386771058,8.33466750931601,2.));
#6196=CARTESIAN_POINT('',(14.5992445899767,8.68956747138038,2.));
#6197=CARTESIAN_POINT('',(14.4813671805348,8.83428904382259,2.));
#6198=ORIENTED_EDGE('',*,*,#8754,.F.);
#6199=ORIENTED_EDGE('',*,*,#8755,.F.);
#6200=ORIENTED_EDGE('',*,*,#8706,.F.);
#6201=ORIENTED_EDGE('',*,*,#8753,.T.);
#6202=CARTESIAN_POINT('',(14.4813671805348,8.83428904382259,2.));
#6203=CARTESIAN_POINT('',(14.3634897980081,8.97901058934958,2.));
#6204=CARTESIAN_POINT('',(13.9294628866037,8.97901058934958,2.));
#6205=ORIENTED_EDGE('',*,*,#8756,.F.);
#6206=ORIENTED_EDGE('',*,*,#8757,.F.);
#6207=ORIENTED_EDGE('',*,*,#8707,.F.);
#6208=ORIENTED_EDGE('',*,*,#8755,.T.);
#6209=ORIENTED_EDGE('',*,*,#8758,.F.);
#6210=ORIENTED_EDGE('',*,*,#8747,.F.);
#6211=ORIENTED_EDGE('',*,*,#8708,.F.);
#6212=ORIENTED_EDGE('',*,*,#8757,.T.);
#6213=ORIENTED_EDGE('',*,*,#8744,.T.);
#6214=ORIENTED_EDGE('',*,*,#8742,.T.);
#6215=ORIENTED_EDGE('',*,*,#8740,.T.);
#6216=ORIENTED_EDGE('',*,*,#8738,.T.);
#6217=ORIENTED_EDGE('',*,*,#8736,.T.);
#6218=ORIENTED_EDGE('',*,*,#8734,.T.);
#6219=ORIENTED_EDGE('',*,*,#8732,.T.);
#6220=ORIENTED_EDGE('',*,*,#8730,.T.);
#6221=ORIENTED_EDGE('',*,*,#8728,.T.);
#6222=ORIENTED_EDGE('',*,*,#8726,.T.);
#6223=ORIENTED_EDGE('',*,*,#8724,.T.);
#6224=ORIENTED_EDGE('',*,*,#8722,.T.);
#6225=ORIENTED_EDGE('',*,*,#8720,.T.);
#6226=ORIENTED_EDGE('',*,*,#8718,.T.);
#6227=ORIENTED_EDGE('',*,*,#8716,.T.);
#6228=ORIENTED_EDGE('',*,*,#8714,.T.);
#6229=ORIENTED_EDGE('',*,*,#8712,.T.);
#6230=ORIENTED_EDGE('',*,*,#8710,.T.);
#6231=ORIENTED_EDGE('',*,*,#8745,.T.);
#6232=ORIENTED_EDGE('',*,*,#8758,.T.);
#6233=ORIENTED_EDGE('',*,*,#8756,.T.);
#6234=ORIENTED_EDGE('',*,*,#8754,.T.);
#6235=ORIENTED_EDGE('',*,*,#8752,.T.);
#6236=ORIENTED_EDGE('',*,*,#8750,.T.);
#6237=ORIENTED_EDGE('',*,*,#8748,.T.);
#6238=ORIENTED_EDGE('',*,*,#8759,.T.);
#6239=ORIENTED_EDGE('',*,*,#8760,.T.);
#6240=ORIENTED_EDGE('',*,*,#8761,.F.);
#6241=ORIENTED_EDGE('',*,*,#8762,.F.);
#6242=ORIENTED_EDGE('',*,*,#8763,.T.);
#6243=ORIENTED_EDGE('',*,*,#8764,.T.);
#6244=ORIENTED_EDGE('',*,*,#8765,.F.);
#6245=ORIENTED_EDGE('',*,*,#8760,.F.);
#6246=ORIENTED_EDGE('',*,*,#8766,.T.);
#6247=ORIENTED_EDGE('',*,*,#8767,.T.);
#6248=ORIENTED_EDGE('',*,*,#8768,.F.);
#6249=ORIENTED_EDGE('',*,*,#8764,.F.);
#6250=ORIENTED_EDGE('',*,*,#8769,.T.);
#6251=ORIENTED_EDGE('',*,*,#8770,.T.);
#6252=ORIENTED_EDGE('',*,*,#8771,.F.);
#6253=ORIENTED_EDGE('',*,*,#8767,.F.);
#6254=ORIENTED_EDGE('',*,*,#8772,.T.);
#6255=ORIENTED_EDGE('',*,*,#8773,.T.);
#6256=ORIENTED_EDGE('',*,*,#8774,.F.);
#6257=ORIENTED_EDGE('',*,*,#8770,.F.);
#6258=ORIENTED_EDGE('',*,*,#8775,.T.);
#6259=ORIENTED_EDGE('',*,*,#8776,.T.);
#6260=ORIENTED_EDGE('',*,*,#8777,.F.);
#6261=ORIENTED_EDGE('',*,*,#8773,.F.);
#6262=ORIENTED_EDGE('',*,*,#8778,.T.);
#6263=ORIENTED_EDGE('',*,*,#8779,.T.);
#6264=ORIENTED_EDGE('',*,*,#8780,.F.);
#6265=ORIENTED_EDGE('',*,*,#8776,.F.);
#6266=ORIENTED_EDGE('',*,*,#8781,.T.);
#6267=ORIENTED_EDGE('',*,*,#8782,.T.);
#6268=ORIENTED_EDGE('',*,*,#8783,.F.);
#6269=ORIENTED_EDGE('',*,*,#8779,.F.);
#6270=ORIENTED_EDGE('',*,*,#8784,.T.);
#6271=ORIENTED_EDGE('',*,*,#8785,.T.);
#6272=ORIENTED_EDGE('',*,*,#8786,.F.);
#6273=ORIENTED_EDGE('',*,*,#8782,.F.);
#6274=ORIENTED_EDGE('',*,*,#8787,.T.);
#6275=ORIENTED_EDGE('',*,*,#8788,.T.);
#6276=ORIENTED_EDGE('',*,*,#8789,.F.);
#6277=ORIENTED_EDGE('',*,*,#8785,.F.);
#6278=ORIENTED_EDGE('',*,*,#8790,.T.);
#6279=ORIENTED_EDGE('',*,*,#8791,.T.);
#6280=ORIENTED_EDGE('',*,*,#8792,.F.);
#6281=ORIENTED_EDGE('',*,*,#8788,.F.);
#6282=ORIENTED_EDGE('',*,*,#8793,.T.);
#6283=ORIENTED_EDGE('',*,*,#8762,.T.);
#6284=ORIENTED_EDGE('',*,*,#8794,.F.);
#6285=ORIENTED_EDGE('',*,*,#8791,.F.);
#6286=ORIENTED_EDGE('',*,*,#8761,.T.);
#6287=ORIENTED_EDGE('',*,*,#8765,.T.);
#6288=ORIENTED_EDGE('',*,*,#8768,.T.);
#6289=ORIENTED_EDGE('',*,*,#8771,.T.);
#6290=ORIENTED_EDGE('',*,*,#8774,.T.);
#6291=ORIENTED_EDGE('',*,*,#8777,.T.);
#6292=ORIENTED_EDGE('',*,*,#8780,.T.);
#6293=ORIENTED_EDGE('',*,*,#8783,.T.);
#6294=ORIENTED_EDGE('',*,*,#8786,.T.);
#6295=ORIENTED_EDGE('',*,*,#8789,.T.);
#6296=ORIENTED_EDGE('',*,*,#8792,.T.);
#6297=ORIENTED_EDGE('',*,*,#8794,.T.);
#6298=ORIENTED_EDGE('',*,*,#8793,.F.);
#6299=ORIENTED_EDGE('',*,*,#8790,.F.);
#6300=ORIENTED_EDGE('',*,*,#8787,.F.);
#6301=ORIENTED_EDGE('',*,*,#8784,.F.);
#6302=ORIENTED_EDGE('',*,*,#8781,.F.);
#6303=ORIENTED_EDGE('',*,*,#8778,.F.);
#6304=ORIENTED_EDGE('',*,*,#8775,.F.);
#6305=ORIENTED_EDGE('',*,*,#8772,.F.);
#6306=ORIENTED_EDGE('',*,*,#8769,.F.);
#6307=ORIENTED_EDGE('',*,*,#8766,.F.);
#6308=ORIENTED_EDGE('',*,*,#8763,.F.);
#6309=ORIENTED_EDGE('',*,*,#8759,.F.);
#6310=ORIENTED_EDGE('',*,*,#8795,.F.);
#6311=ORIENTED_EDGE('',*,*,#8796,.F.);
#6312=ORIENTED_EDGE('',*,*,#8797,.F.);
#6313=ORIENTED_EDGE('',*,*,#8798,.F.);
#6314=ORIENTED_EDGE('',*,*,#8799,.F.);
#6315=ORIENTED_EDGE('',*,*,#8800,.F.);
#6316=ORIENTED_EDGE('',*,*,#8801,.F.);
#6317=ORIENTED_EDGE('',*,*,#8802,.F.);
#6318=ORIENTED_EDGE('',*,*,#8803,.F.);
#6319=ORIENTED_EDGE('',*,*,#8804,.F.);
#6320=ORIENTED_EDGE('',*,*,#8805,.F.);
#6321=ORIENTED_EDGE('',*,*,#8806,.F.);
#6322=ORIENTED_EDGE('',*,*,#8807,.F.);
#6323=ORIENTED_EDGE('',*,*,#8808,.F.);
#6324=ORIENTED_EDGE('',*,*,#8809,.F.);
#6325=ORIENTED_EDGE('',*,*,#8810,.F.);
#6326=ORIENTED_EDGE('',*,*,#8811,.F.);
#6327=ORIENTED_EDGE('',*,*,#8812,.F.);
#6328=ORIENTED_EDGE('',*,*,#8813,.T.);
#6329=ORIENTED_EDGE('',*,*,#8814,.T.);
#6330=ORIENTED_EDGE('',*,*,#8815,.T.);
#6331=ORIENTED_EDGE('',*,*,#8816,.T.);
#6332=ORIENTED_EDGE('',*,*,#8817,.T.);
#6333=ORIENTED_EDGE('',*,*,#8818,.T.);
#6334=ORIENTED_EDGE('',*,*,#8819,.T.);
#6335=ORIENTED_EDGE('',*,*,#8820,.T.);
#6336=ORIENTED_EDGE('',*,*,#8795,.T.);
#6337=ORIENTED_EDGE('',*,*,#8821,.T.);
#6338=ORIENTED_EDGE('',*,*,#8822,.F.);
#6339=ORIENTED_EDGE('',*,*,#8823,.F.);
#6340=CARTESIAN_POINT('',(9.21255280525851,11.4314325731711,2.));
#6341=CARTESIAN_POINT('',(9.21787203310962,11.44711464488,2.));
#6342=CARTESIAN_POINT('',(9.21439937770072,11.462796716589,2.));
#6343=ORIENTED_EDGE('',*,*,#8796,.T.);
#6344=ORIENTED_EDGE('',*,*,#8823,.T.);
#6345=ORIENTED_EDGE('',*,*,#8824,.F.);
#6346=ORIENTED_EDGE('',*,*,#8825,.F.);
#6347=CARTESIAN_POINT('',(9.17987953249502,11.389802050041,2.));
#6348=CARTESIAN_POINT('',(9.20433970687173,11.4072893524155,2.));
#6349=CARTESIAN_POINT('',(9.21255280525851,11.4314325731711,2.));
#6350=ORIENTED_EDGE('',*,*,#8797,.T.);
#6351=ORIENTED_EDGE('',*,*,#8825,.T.);
#6352=ORIENTED_EDGE('',*,*,#8826,.F.);
#6353=ORIENTED_EDGE('',*,*,#8827,.F.);
#6354=CARTESIAN_POINT('',(9.13033905709171,11.3723147207513,2.));
#6355=CARTESIAN_POINT('',(9.15541933120308,11.3723147207513,2.));
#6356=CARTESIAN_POINT('',(9.17987953249502,11.389802050041,2.));
#6357=ORIENTED_EDGE('',*,*,#8798,.T.);
#6358=ORIENTED_EDGE('',*,*,#8827,.T.);
#6359=ORIENTED_EDGE('',*,*,#8828,.F.);
#6360=ORIENTED_EDGE('',*,*,#8829,.F.);
#6361=CARTESIAN_POINT('',(9.09158862390503,11.402466198969,2.));
#6362=CARTESIAN_POINT('',(9.09925049860303,11.3723147207513,2.));
#6363=CARTESIAN_POINT('',(9.13033905709171,11.3723147207513,2.));
#6364=ORIENTED_EDGE('',*,*,#8799,.T.);
#6365=ORIENTED_EDGE('',*,*,#8829,.T.);
#6366=ORIENTED_EDGE('',*,*,#8830,.F.);
#6367=ORIENTED_EDGE('',*,*,#8831,.F.);
#6368=ORIENTED_EDGE('',*,*,#8800,.T.);
#6369=ORIENTED_EDGE('',*,*,#8831,.T.);
#6370=ORIENTED_EDGE('',*,*,#8832,.F.);
#6371=ORIENTED_EDGE('',*,*,#8833,.F.);
#6372=ORIENTED_EDGE('',*,*,#8801,.T.);
#6373=ORIENTED_EDGE('',*,*,#8833,.T.);
#6374=ORIENTED_EDGE('',*,*,#8834,.F.);
#6375=ORIENTED_EDGE('',*,*,#8835,.F.);
#6376=ORIENTED_EDGE('',*,*,#8802,.T.);
#6377=ORIENTED_EDGE('',*,*,#8835,.T.);
#6378=ORIENTED_EDGE('',*,*,#8836,.F.);
#6379=ORIENTED_EDGE('',*,*,#8837,.F.);
#6380=CARTESIAN_POINT('',(8.4075304423142,11.3723147207513,2.));
#6381=CARTESIAN_POINT('',(8.46750266453642,11.3723147207513,2.));
#6382=CARTESIAN_POINT('',(8.48800788969176,11.4326176771868,2.));
#6383=ORIENTED_EDGE('',*,*,#8803,.T.);
#6384=ORIENTED_EDGE('',*,*,#8837,.T.);
#6385=ORIENTED_EDGE('',*,*,#8838,.F.);
#6386=ORIENTED_EDGE('',*,*,#8839,.F.);
#6387=CARTESIAN_POINT('',(8.36803588406288,11.4325901160023,2.));
#6388=CARTESIAN_POINT('',(8.34755822009197,11.3723147207513,2.));
#6389=CARTESIAN_POINT('',(8.4075304423142,11.3723147207513,2.));
#6390=ORIENTED_EDGE('',*,*,#8804,.T.);
#6391=ORIENTED_EDGE('',*,*,#8839,.T.);
#6392=ORIENTED_EDGE('',*,*,#8840,.F.);
#6393=ORIENTED_EDGE('',*,*,#8841,.F.);
#6394=ORIENTED_EDGE('',*,*,#8805,.T.);
#6395=ORIENTED_EDGE('',*,*,#8841,.T.);
#6396=ORIENTED_EDGE('',*,*,#8842,.F.);
#6397=ORIENTED_EDGE('',*,*,#8843,.F.);
#6398=CARTESIAN_POINT('',(8.9815109219985,13.060356387418,2.));
#6399=CARTESIAN_POINT('',(8.92123552674745,13.060356387418,2.));
#6400=CARTESIAN_POINT('',(8.90075788969176,13.0000810190821,2.));
#6401=ORIENTED_EDGE('',*,*,#8806,.T.);
#6402=ORIENTED_EDGE('',*,*,#8843,.T.);
#6403=ORIENTED_EDGE('',*,*,#8844,.F.);
#6404=ORIENTED_EDGE('',*,*,#8845,.F.);
#6405=ORIENTED_EDGE('',*,*,#8807,.T.);
#6406=ORIENTED_EDGE('',*,*,#8845,.T.);
#6407=ORIENTED_EDGE('',*,*,#8846,.F.);
#6408=ORIENTED_EDGE('',*,*,#8847,.F.);
#6409=CARTESIAN_POINT('',(9.6242279459806,12.9548813494823,2.));
#6410=CARTESIAN_POINT('',(9.55400312463832,13.060356387418,2.));
#6411=CARTESIAN_POINT('',(9.40335597828734,13.060356387418,2.));
#6412=ORIENTED_EDGE('',*,*,#8808,.T.);
#6413=ORIENTED_EDGE('',*,*,#8847,.T.);
#6414=ORIENTED_EDGE('',*,*,#8848,.F.);
#6415=ORIENTED_EDGE('',*,*,#8849,.F.);
#6416=CARTESIAN_POINT('',(9.64324486717623,12.6987591651957,2.));
#6417=CARTESIAN_POINT('',(9.69445276732289,12.8494063115467,2.));
#6418=CARTESIAN_POINT('',(9.6242279459806,12.9548813494823,2.));
#6419=ORIENTED_EDGE('',*,*,#8809,.T.);
#6420=ORIENTED_EDGE('',*,*,#8849,.T.);
#6421=ORIENTED_EDGE('',*,*,#8850,.F.);
#6422=ORIENTED_EDGE('',*,*,#8851,.F.);
#6423=ORIENTED_EDGE('',*,*,#8810,.T.);
#6424=ORIENTED_EDGE('',*,*,#8851,.T.);
#6425=ORIENTED_EDGE('',*,*,#8852,.F.);
#6426=ORIENTED_EDGE('',*,*,#8853,.F.);
#6427=CARTESIAN_POINT('',(9.36331019634724,12.1985175309545,2.));
#6428=CARTESIAN_POINT('',(9.5076459122073,12.2997620078244,2.));
#6429=CARTESIAN_POINT('',(9.5613067039386,12.4576851722912,2.));
#6430=ORIENTED_EDGE('',*,*,#8811,.T.);
#6431=ORIENTED_EDGE('',*,*,#8853,.T.);
#6432=ORIENTED_EDGE('',*,*,#8854,.F.);
#6433=ORIENTED_EDGE('',*,*,#8855,.F.);
#6434=CARTESIAN_POINT('',(9.05981106272059,12.0972730540846,2.));
#6435=CARTESIAN_POINT('',(9.21897445357196,12.0972730540846,2.));
#6436=CARTESIAN_POINT('',(9.36331019634724,12.1985175309545,2.));
#6437=ORIENTED_EDGE('',*,*,#8812,.T.);
#6438=ORIENTED_EDGE('',*,*,#8855,.T.);
#6439=ORIENTED_EDGE('',*,*,#8856,.F.);
#6440=ORIENTED_EDGE('',*,*,#8821,.F.);
#6441=ORIENTED_EDGE('',*,*,#8857,.F.);
#6442=ORIENTED_EDGE('',*,*,#8858,.F.);
#6443=ORIENTED_EDGE('',*,*,#8813,.F.);
#6444=ORIENTED_EDGE('',*,*,#8859,.T.);
#6445=CARTESIAN_POINT('',(9.11691694867636,12.2172174985291,2.));
#6446=CARTESIAN_POINT('',(9.2171554423142,12.2172174985291,2.));
#6447=CARTESIAN_POINT('',(9.31219876034612,12.2872494184955,2.));
#6448=ORIENTED_EDGE('',*,*,#8860,.F.);
#6449=ORIENTED_EDGE('',*,*,#8861,.F.);
#6450=ORIENTED_EDGE('',*,*,#8814,.F.);
#6451=ORIENTED_EDGE('',*,*,#8858,.T.);
#6452=CARTESIAN_POINT('',(9.31219876034612,12.2872494184955,2.));
#6453=CARTESIAN_POINT('',(9.40724205146283,12.3572813115467,2.));
#6454=CARTESIAN_POINT('',(9.44130713712528,12.4574646828157,2.));
#6455=ORIENTED_EDGE('',*,*,#8862,.F.);
#6456=ORIENTED_EDGE('',*,*,#8863,.F.);
#6457=ORIENTED_EDGE('',*,*,#8815,.F.);
#6458=ORIENTED_EDGE('',*,*,#8861,.T.);
#6459=ORIENTED_EDGE('',*,*,#8864,.F.);
#6460=ORIENTED_EDGE('',*,*,#8865,.F.);
#6461=ORIENTED_EDGE('',*,*,#8816,.F.);
#6462=ORIENTED_EDGE('',*,*,#8863,.T.);
#6463=CARTESIAN_POINT('',(9.52335554510066,12.6989520934868,2.));
#6464=CARTESIAN_POINT('',(9.55742065767834,12.7991630528554,2.));
#6465=CARTESIAN_POINT('',(9.51018148734527,12.8697875113721,2.));
#6466=ORIENTED_EDGE('',*,*,#8866,.F.);
#6467=ORIENTED_EDGE('',*,*,#8867,.F.);
#6468=ORIENTED_EDGE('',*,*,#8817,.F.);
#6469=ORIENTED_EDGE('',*,*,#8865,.T.);
#6470=CARTESIAN_POINT('',(9.51018148734527,12.8697875113721,2.));
#6471=CARTESIAN_POINT('',(9.46294234392741,12.9404119429735,2.));
#6472=CARTESIAN_POINT('',(9.36270385028958,12.9404119429735,2.));
#6473=ORIENTED_EDGE('',*,*,#8868,.F.);
#6474=ORIENTED_EDGE('',*,*,#8869,.F.);
#6475=ORIENTED_EDGE('',*,*,#8818,.F.);
#6476=ORIENTED_EDGE('',*,*,#8867,.T.);
#6477=ORIENTED_EDGE('',*,*,#8870,.F.);
#6478=ORIENTED_EDGE('',*,*,#8871,.F.);
#6479=ORIENTED_EDGE('',*,*,#8819,.F.);
#6480=ORIENTED_EDGE('',*,*,#8869,.T.);
#6481=ORIENTED_EDGE('',*,*,#8872,.F.);
#6482=ORIENTED_EDGE('',*,*,#8859,.F.);
#6483=ORIENTED_EDGE('',*,*,#8820,.F.);
#6484=ORIENTED_EDGE('',*,*,#8871,.T.);
#6485=ORIENTED_EDGE('',*,*,#8856,.T.);
#6486=ORIENTED_EDGE('',*,*,#8854,.T.);
#6487=ORIENTED_EDGE('',*,*,#8852,.T.);
#6488=ORIENTED_EDGE('',*,*,#8850,.T.);
#6489=ORIENTED_EDGE('',*,*,#8848,.T.);
#6490=ORIENTED_EDGE('',*,*,#8846,.T.);
#6491=ORIENTED_EDGE('',*,*,#8844,.T.);
#6492=ORIENTED_EDGE('',*,*,#8842,.T.);
#6493=ORIENTED_EDGE('',*,*,#8840,.T.);
#6494=ORIENTED_EDGE('',*,*,#8838,.T.);
#6495=ORIENTED_EDGE('',*,*,#8836,.T.);
#6496=ORIENTED_EDGE('',*,*,#8834,.T.);
#6497=ORIENTED_EDGE('',*,*,#8832,.T.);
#6498=ORIENTED_EDGE('',*,*,#8830,.T.);
#6499=ORIENTED_EDGE('',*,*,#8828,.T.);
#6500=ORIENTED_EDGE('',*,*,#8826,.T.);
#6501=ORIENTED_EDGE('',*,*,#8824,.T.);
#6502=ORIENTED_EDGE('',*,*,#8822,.T.);
#6503=ORIENTED_EDGE('',*,*,#8857,.T.);
#6504=ORIENTED_EDGE('',*,*,#8872,.T.);
#6505=ORIENTED_EDGE('',*,*,#8870,.T.);
#6506=ORIENTED_EDGE('',*,*,#8868,.T.);
#6507=ORIENTED_EDGE('',*,*,#8866,.T.);
#6508=ORIENTED_EDGE('',*,*,#8864,.T.);
#6509=ORIENTED_EDGE('',*,*,#8862,.T.);
#6510=ORIENTED_EDGE('',*,*,#8860,.T.);
#6511=ORIENTED_EDGE('',*,*,#8873,.F.);
#6512=ORIENTED_EDGE('',*,*,#8874,.F.);
#6513=ORIENTED_EDGE('',*,*,#8875,.F.);
#6514=ORIENTED_EDGE('',*,*,#8876,.F.);
#6515=ORIENTED_EDGE('',*,*,#8877,.F.);
#6516=ORIENTED_EDGE('',*,*,#8878,.F.);
#6517=ORIENTED_EDGE('',*,*,#8879,.F.);
#6518=ORIENTED_EDGE('',*,*,#8880,.F.);
#6519=ORIENTED_EDGE('',*,*,#8881,.F.);
#6520=ORIENTED_EDGE('',*,*,#8882,.F.);
#6521=ORIENTED_EDGE('',*,*,#8883,.F.);
#6522=ORIENTED_EDGE('',*,*,#8884,.F.);
#6523=ORIENTED_EDGE('',*,*,#8885,.T.);
#6524=ORIENTED_EDGE('',*,*,#8886,.T.);
#6525=ORIENTED_EDGE('',*,*,#8887,.T.);
#6526=ORIENTED_EDGE('',*,*,#8888,.T.);
#6527=ORIENTED_EDGE('',*,*,#8889,.T.);
#6528=ORIENTED_EDGE('',*,*,#8890,.T.);
#6529=ORIENTED_EDGE('',*,*,#8891,.T.);
#6530=ORIENTED_EDGE('',*,*,#8892,.T.);
#6531=ORIENTED_EDGE('',*,*,#8873,.T.);
#6532=ORIENTED_EDGE('',*,*,#8893,.T.);
#6533=ORIENTED_EDGE('',*,*,#8894,.F.);
#6534=ORIENTED_EDGE('',*,*,#8895,.F.);
#6535=CARTESIAN_POINT('',(11.7293464566604,13.060356387418,2.));
#6536=CARTESIAN_POINT('',(11.6693742344382,13.060356387418,2.));
#6537=CARTESIAN_POINT('',(11.648924158567,13.0001637026354,2.));
#6538=ORIENTED_EDGE('',*,*,#8874,.T.);
#6539=ORIENTED_EDGE('',*,*,#8895,.T.);
#6540=ORIENTED_EDGE('',*,*,#8896,.F.);
#6541=ORIENTED_EDGE('',*,*,#8897,.F.);
#6542=CARTESIAN_POINT('',(11.768841041827,13.0000810190821,2.));
#6543=CARTESIAN_POINT('',(11.7893186788827,13.060356387418,2.));
#6544=CARTESIAN_POINT('',(11.7293464566604,13.060356387418,2.));
#6545=ORIENTED_EDGE('',*,*,#8875,.T.);
#6546=ORIENTED_EDGE('',*,*,#8897,.T.);
#6547=ORIENTED_EDGE('',*,*,#8898,.F.);
#6548=ORIENTED_EDGE('',*,*,#8899,.F.);
#6549=ORIENTED_EDGE('',*,*,#8876,.T.);
#6550=ORIENTED_EDGE('',*,*,#8899,.T.);
#6551=ORIENTED_EDGE('',*,*,#8900,.F.);
#6552=ORIENTED_EDGE('',*,*,#8901,.F.);
#6553=CARTESIAN_POINT('',(11.1552281979692,11.3723147207513,2.));
#6554=CARTESIAN_POINT('',(11.2156413722272,11.3723147207513,2.));
#6555=CARTESIAN_POINT('',(11.2361190361981,11.4325901160023,2.));
#6556=ORIENTED_EDGE('',*,*,#8877,.T.);
#6557=ORIENTED_EDGE('',*,*,#8901,.T.);
#6558=ORIENTED_EDGE('',*,*,#8902,.F.);
#6559=ORIENTED_EDGE('',*,*,#8903,.F.);
#6560=ORIENTED_EDGE('',*,*,#8878,.T.);
#6561=ORIENTED_EDGE('',*,*,#8903,.T.);
#6562=ORIENTED_EDGE('',*,*,#8904,.F.);
#6563=ORIENTED_EDGE('',*,*,#8905,.F.);
#6564=CARTESIAN_POINT('',(10.5859606000783,11.4428978374913,2.));
#6565=CARTESIAN_POINT('',(10.6332548927802,11.3723147207513,2.));
#6566=CARTESIAN_POINT('',(10.733548508787,11.3723147207513,2.));
#6567=ORIENTED_EDGE('',*,*,#8879,.T.);
#6568=ORIENTED_EDGE('',*,*,#8905,.T.);
#6569=ORIENTED_EDGE('',*,*,#8906,.F.);
#6570=ORIENTED_EDGE('',*,*,#8907,.F.);
#6571=CARTESIAN_POINT('',(10.5726763245004,11.6136092300466,2.));
#6572=CARTESIAN_POINT('',(10.5386663342916,11.5134809542313,2.));
#6573=CARTESIAN_POINT('',(10.5859606000783,11.4428978374913,2.));
#6574=ORIENTED_EDGE('',*,*,#8880,.T.);
#6575=ORIENTED_EDGE('',*,*,#8907,.T.);
#6576=ORIENTED_EDGE('',*,*,#8908,.F.);
#6577=ORIENTED_EDGE('',*,*,#8909,.F.);
#6578=ORIENTED_EDGE('',*,*,#8881,.T.);
#6579=ORIENTED_EDGE('',*,*,#8909,.T.);
#6580=ORIENTED_EDGE('',*,*,#8910,.F.);
#6581=ORIENTED_EDGE('',*,*,#8911,.F.);
#6582=CARTESIAN_POINT('',(10.9475027268469,12.5082316309265,2.));
#6583=CARTESIAN_POINT('',(10.8527212400671,12.4376485141865,2.));
#6584=CARTESIAN_POINT('',(10.8187112767735,12.3375202383712,2.));
#6585=ORIENTED_EDGE('',*,*,#8882,.T.);
#6586=ORIENTED_EDGE('',*,*,#8911,.T.);
#6587=ORIENTED_EDGE('',*,*,#8912,.F.);
#6588=ORIENTED_EDGE('',*,*,#8913,.F.);
#6589=CARTESIAN_POINT('',(11.1439282738404,12.5788147207513,2.));
#6590=CARTESIAN_POINT('',(11.0422841867114,12.5788147207513,2.));
#6591=CARTESIAN_POINT('',(10.9475027268469,12.5082316309265,2.));
#6592=ORIENTED_EDGE('',*,*,#8883,.T.);
#6593=ORIENTED_EDGE('',*,*,#8913,.T.);
#6594=ORIENTED_EDGE('',*,*,#8914,.F.);
#6595=ORIENTED_EDGE('',*,*,#8915,.F.);
#6596=ORIENTED_EDGE('',*,*,#8884,.T.);
#6597=ORIENTED_EDGE('',*,*,#8915,.T.);
#6598=ORIENTED_EDGE('',*,*,#8916,.F.);
#6599=ORIENTED_EDGE('',*,*,#8893,.F.);
#6600=ORIENTED_EDGE('',*,*,#8917,.F.);
#6601=ORIENTED_EDGE('',*,*,#8918,.F.);
#6602=ORIENTED_EDGE('',*,*,#8885,.F.);
#6603=ORIENTED_EDGE('',*,*,#8919,.T.);
#6604=CARTESIAN_POINT('',(11.1023666536714,12.4588702763068,2.));
#6605=CARTESIAN_POINT('',(11.0526470305692,12.4588702763068,2.));
#6606=CARTESIAN_POINT('',(11.0041538532594,12.4232204494544,2.));
#6607=ORIENTED_EDGE('',*,*,#8920,.F.);
#6608=ORIENTED_EDGE('',*,*,#8921,.F.);
#6609=ORIENTED_EDGE('',*,*,#8886,.F.);
#6610=ORIENTED_EDGE('',*,*,#8918,.T.);
#6611=CARTESIAN_POINT('',(11.0041538532594,12.4232204494544,2.));
#6612=CARTESIAN_POINT('',(10.9556607028648,12.3875705956866,2.));
#6613=CARTESIAN_POINT('',(10.9388210614094,12.3380439008756,2.));
#6614=ORIENTED_EDGE('',*,*,#8922,.F.);
#6615=ORIENTED_EDGE('',*,*,#8923,.F.);
#6616=ORIENTED_EDGE('',*,*,#8887,.F.);
#6617=ORIENTED_EDGE('',*,*,#8921,.T.);
#6618=ORIENTED_EDGE('',*,*,#8924,.F.);
#6619=ORIENTED_EDGE('',*,*,#8925,.F.);
#6620=ORIENTED_EDGE('',*,*,#8888,.F.);
#6621=ORIENTED_EDGE('',*,*,#8923,.T.);
#6622=CARTESIAN_POINT('',(10.6924554018382,11.6130855675422,2.));
#6623=CARTESIAN_POINT('',(10.675615787298,11.5635588727311,2.));
#6624=CARTESIAN_POINT('',(10.6998830333837,11.5279090189634,2.));
#6625=ORIENTED_EDGE('',*,*,#8926,.F.);
#6626=ORIENTED_EDGE('',*,*,#8927,.F.);
#6627=ORIENTED_EDGE('',*,*,#8889,.F.);
#6628=ORIENTED_EDGE('',*,*,#8925,.T.);
#6629=CARTESIAN_POINT('',(10.6998830333837,11.5279090189634,2.));
#6630=CARTESIAN_POINT('',(10.7241502794693,11.4922591651957,2.));
#6631=CARTESIAN_POINT('',(10.7738699025714,11.4922591651957,2.));
#6632=ORIENTED_EDGE('',*,*,#8928,.F.);
#6633=ORIENTED_EDGE('',*,*,#8929,.F.);
#6634=ORIENTED_EDGE('',*,*,#8890,.F.);
#6635=ORIENTED_EDGE('',*,*,#8927,.T.);
#6636=ORIENTED_EDGE('',*,*,#8930,.F.);
#6637=ORIENTED_EDGE('',*,*,#8931,.F.);
#6638=ORIENTED_EDGE('',*,*,#8891,.F.);
#6639=ORIENTED_EDGE('',*,*,#8929,.T.);
#6640=ORIENTED_EDGE('',*,*,#8932,.F.);
#6641=ORIENTED_EDGE('',*,*,#8919,.F.);
#6642=ORIENTED_EDGE('',*,*,#8892,.F.);
#6643=ORIENTED_EDGE('',*,*,#8931,.T.);
#6644=ORIENTED_EDGE('',*,*,#8916,.T.);
#6645=ORIENTED_EDGE('',*,*,#8914,.T.);
#6646=ORIENTED_EDGE('',*,*,#8912,.T.);
#6647=ORIENTED_EDGE('',*,*,#8910,.T.);
#6648=ORIENTED_EDGE('',*,*,#8908,.T.);
#6649=ORIENTED_EDGE('',*,*,#8906,.T.);
#6650=ORIENTED_EDGE('',*,*,#8904,.T.);
#6651=ORIENTED_EDGE('',*,*,#8902,.T.);
#6652=ORIENTED_EDGE('',*,*,#8900,.T.);
#6653=ORIENTED_EDGE('',*,*,#8898,.T.);
#6654=ORIENTED_EDGE('',*,*,#8896,.T.);
#6655=ORIENTED_EDGE('',*,*,#8894,.T.);
#6656=ORIENTED_EDGE('',*,*,#8917,.T.);
#6657=ORIENTED_EDGE('',*,*,#8932,.T.);
#6658=ORIENTED_EDGE('',*,*,#8930,.T.);
#6659=ORIENTED_EDGE('',*,*,#8928,.T.);
#6660=ORIENTED_EDGE('',*,*,#8926,.T.);
#6661=ORIENTED_EDGE('',*,*,#8924,.T.);
#6662=ORIENTED_EDGE('',*,*,#8922,.T.);
#6663=ORIENTED_EDGE('',*,*,#8920,.T.);
#6664=ORIENTED_EDGE('',*,*,#8933,.T.);
#6665=ORIENTED_EDGE('',*,*,#8934,.T.);
#6666=ORIENTED_EDGE('',*,*,#8935,.F.);
#6667=ORIENTED_EDGE('',*,*,#8936,.F.);
#6668=ORIENTED_EDGE('',*,*,#8937,.F.);
#6669=ORIENTED_EDGE('',*,*,#8938,.F.);
#6670=ORIENTED_EDGE('',*,*,#8939,.F.);
#6671=ORIENTED_EDGE('',*,*,#8940,.F.);
#6672=ORIENTED_EDGE('',*,*,#8941,.F.);
#6673=ORIENTED_EDGE('',*,*,#8942,.F.);
#6674=ORIENTED_EDGE('',*,*,#8943,.F.);
#6675=ORIENTED_EDGE('',*,*,#8944,.F.);
#6676=ORIENTED_EDGE('',*,*,#8945,.F.);
#6677=ORIENTED_EDGE('',*,*,#8946,.F.);
#6678=ORIENTED_EDGE('',*,*,#8947,.F.);
#6679=ORIENTED_EDGE('',*,*,#8948,.F.);
#6680=ORIENTED_EDGE('',*,*,#8949,.F.);
#6681=ORIENTED_EDGE('',*,*,#8950,.F.);
#6682=ORIENTED_EDGE('',*,*,#8951,.F.);
#6683=ORIENTED_EDGE('',*,*,#8952,.F.);
#6684=ORIENTED_EDGE('',*,*,#8953,.F.);
#6685=ORIENTED_EDGE('',*,*,#8954,.F.);
#6686=ORIENTED_EDGE('',*,*,#8955,.F.);
#6687=ORIENTED_EDGE('',*,*,#8933,.F.);
#6688=ORIENTED_EDGE('',*,*,#8955,.T.);
#6689=ORIENTED_EDGE('',*,*,#8956,.T.);
#6690=ORIENTED_EDGE('',*,*,#8957,.F.);
#6691=ORIENTED_EDGE('',*,*,#8934,.F.);
#6692=ORIENTED_EDGE('',*,*,#8935,.T.);
#6693=ORIENTED_EDGE('',*,*,#8957,.T.);
#6694=ORIENTED_EDGE('',*,*,#8958,.T.);
#6695=ORIENTED_EDGE('',*,*,#8959,.T.);
#6696=ORIENTED_EDGE('',*,*,#8960,.T.);
#6697=ORIENTED_EDGE('',*,*,#8961,.T.);
#6698=ORIENTED_EDGE('',*,*,#8962,.T.);
#6699=ORIENTED_EDGE('',*,*,#8963,.T.);
#6700=ORIENTED_EDGE('',*,*,#8964,.T.);
#6701=ORIENTED_EDGE('',*,*,#8965,.T.);
#6702=ORIENTED_EDGE('',*,*,#8966,.T.);
#6703=ORIENTED_EDGE('',*,*,#8967,.T.);
#6704=ORIENTED_EDGE('',*,*,#8968,.T.);
#6705=ORIENTED_EDGE('',*,*,#8969,.T.);
#6706=ORIENTED_EDGE('',*,*,#8970,.T.);
#6707=ORIENTED_EDGE('',*,*,#8971,.T.);
#6708=ORIENTED_EDGE('',*,*,#8972,.T.);
#6709=ORIENTED_EDGE('',*,*,#8973,.T.);
#6710=ORIENTED_EDGE('',*,*,#8974,.T.);
#6711=ORIENTED_EDGE('',*,*,#8975,.T.);
#6712=ORIENTED_EDGE('',*,*,#8937,.T.);
#6713=ORIENTED_EDGE('',*,*,#8936,.T.);
#6714=ORIENTED_EDGE('',*,*,#8975,.F.);
#6715=ORIENTED_EDGE('',*,*,#8976,.F.);
#6716=ORIENTED_EDGE('',*,*,#8938,.T.);
#6717=ORIENTED_EDGE('',*,*,#8976,.T.);
#6718=ORIENTED_EDGE('',*,*,#8974,.F.);
#6719=ORIENTED_EDGE('',*,*,#8977,.F.);
#6720=CARTESIAN_POINT('',(12.934137505366,11.3736652187888,2.));
#6721=CARTESIAN_POINT('',(12.9941097275883,11.3736652187888,2.));
#6722=CARTESIAN_POINT('',(13.0145873915592,11.4339681752243,2.));
#6723=ORIENTED_EDGE('',*,*,#8939,.T.);
#6724=ORIENTED_EDGE('',*,*,#8977,.T.);
#6725=ORIENTED_EDGE('',*,*,#8973,.F.);
#6726=ORIENTED_EDGE('',*,*,#8978,.F.);
#6727=CARTESIAN_POINT('',(12.8946429471147,11.4339681752243,2.));
#6728=CARTESIAN_POINT('',(12.8741652831438,11.3736652187888,2.));
#6729=CARTESIAN_POINT('',(12.934137505366,11.3736652187888,2.));
#6730=ORIENTED_EDGE('',*,*,#8940,.T.);
#6731=ORIENTED_EDGE('',*,*,#8978,.T.);
#6732=ORIENTED_EDGE('',*,*,#8972,.F.);
#6733=ORIENTED_EDGE('',*,*,#8979,.F.);
#6734=ORIENTED_EDGE('',*,*,#8941,.T.);
#6735=ORIENTED_EDGE('',*,*,#8979,.T.);
#6736=ORIENTED_EDGE('',*,*,#8971,.F.);
#6737=ORIENTED_EDGE('',*,*,#8980,.F.);
#6738=CARTESIAN_POINT('',(13.3439385124615,12.5788147207513,2.));
#6739=CARTESIAN_POINT('',(13.2837182395793,12.5788147207513,2.));
#6740=CARTESIAN_POINT('',(13.2627445012037,12.5170786096402,2.));
#6741=ORIENTED_EDGE('',*,*,#8942,.T.);
#6742=ORIENTED_EDGE('',*,*,#8980,.T.);
#6743=ORIENTED_EDGE('',*,*,#8970,.F.);
#6744=ORIENTED_EDGE('',*,*,#8981,.F.);
#6745=ORIENTED_EDGE('',*,*,#8943,.T.);
#6746=ORIENTED_EDGE('',*,*,#8981,.T.);
#6747=ORIENTED_EDGE('',*,*,#8969,.F.);
#6748=ORIENTED_EDGE('',*,*,#8982,.F.);
#6749=CARTESIAN_POINT('',(14.2730256361782,12.5076115042766,2.));
#6750=CARTESIAN_POINT('',(14.2259380792748,12.5788147207513,2.));
#6751=CARTESIAN_POINT('',(14.1268571284682,12.5788147207513,2.));
#6752=ORIENTED_EDGE('',*,*,#8944,.T.);
#6753=ORIENTED_EDGE('',*,*,#8982,.T.);
#6754=ORIENTED_EDGE('',*,*,#8968,.F.);
#6755=ORIENTED_EDGE('',*,*,#8983,.F.);
#6756=CARTESIAN_POINT('',(14.2864890863702,12.3374375548179,2.));
#6757=CARTESIAN_POINT('',(14.3201131930817,12.4364082608868,2.));
#6758=CARTESIAN_POINT('',(14.2730256361782,12.5076115042766,2.));
#6759=ORIENTED_EDGE('',*,*,#8945,.T.);
#6760=ORIENTED_EDGE('',*,*,#8983,.T.);
#6761=ORIENTED_EDGE('',*,*,#8967,.F.);
#6762=ORIENTED_EDGE('',*,*,#8984,.F.);
#6763=ORIENTED_EDGE('',*,*,#8946,.T.);
#6764=ORIENTED_EDGE('',*,*,#8984,.T.);
#6765=ORIENTED_EDGE('',*,*,#8966,.F.);
#6766=ORIENTED_EDGE('',*,*,#8985,.F.);
#6767=CARTESIAN_POINT('',(13.8985161874528,11.3723147207513,2.));
#6768=CARTESIAN_POINT('',(13.958488409675,11.3723147207513,2.));
#6769=CARTESIAN_POINT('',(13.9788833900926,11.4322869429735,2.));
#6770=ORIENTED_EDGE('',*,*,#8947,.T.);
#6771=ORIENTED_EDGE('',*,*,#8985,.T.);
#6772=ORIENTED_EDGE('',*,*,#8965,.F.);
#6773=ORIENTED_EDGE('',*,*,#8986,.F.);
#6774=CARTESIAN_POINT('',(13.8590491903859,11.4326727995557,2.));
#6775=CARTESIAN_POINT('',(13.8385439652306,11.3723147207513,2.));
#6776=CARTESIAN_POINT('',(13.8985161874528,11.3723147207513,2.));
#6777=ORIENTED_EDGE('',*,*,#8948,.T.);
#6778=ORIENTED_EDGE('',*,*,#8986,.T.);
#6779=ORIENTED_EDGE('',*,*,#8964,.F.);
#6780=ORIENTED_EDGE('',*,*,#8987,.F.);
#6781=ORIENTED_EDGE('',*,*,#8949,.T.);
#6782=ORIENTED_EDGE('',*,*,#8987,.T.);
#6783=ORIENTED_EDGE('',*,*,#8963,.F.);
#6784=ORIENTED_EDGE('',*,*,#8988,.F.);
#6785=CARTESIAN_POINT('',(14.1599713801827,12.423261791231,2.));
#6786=CARTESIAN_POINT('',(14.1836047459415,12.38765327924,2.));
#6787=CARTESIAN_POINT('',(14.1667651044861,12.3381541456133,2.));
#6788=ORIENTED_EDGE('',*,*,#8950,.T.);
#6789=ORIENTED_EDGE('',*,*,#8988,.T.);
#6790=ORIENTED_EDGE('',*,*,#8962,.F.);
#6791=ORIENTED_EDGE('',*,*,#8989,.F.);
#6792=CARTESIAN_POINT('',(14.0866735406059,12.4588702763068,2.));
#6793=CARTESIAN_POINT('',(14.1363380413392,12.4588702763068,2.));
#6794=CARTESIAN_POINT('',(14.1599713801827,12.423261791231,2.));
#6795=ORIENTED_EDGE('',*,*,#8951,.T.);
#6796=ORIENTED_EDGE('',*,*,#8989,.T.);
#6797=ORIENTED_EDGE('',*,*,#8961,.F.);
#6798=ORIENTED_EDGE('',*,*,#8990,.F.);
#6799=ORIENTED_EDGE('',*,*,#8952,.T.);
#6800=ORIENTED_EDGE('',*,*,#8990,.T.);
#6801=ORIENTED_EDGE('',*,*,#8960,.F.);
#6802=ORIENTED_EDGE('',*,*,#8991,.F.);
#6803=ORIENTED_EDGE('',*,*,#8953,.T.);
#6804=ORIENTED_EDGE('',*,*,#8991,.T.);
#6805=ORIENTED_EDGE('',*,*,#8959,.F.);
#6806=ORIENTED_EDGE('',*,*,#8992,.F.);
#6807=CARTESIAN_POINT('',(13.4152106318972,11.3723147207513,2.));
#6808=CARTESIAN_POINT('',(13.4751828541195,11.3723147207513,2.));
#6809=CARTESIAN_POINT('',(13.4956880792748,11.4326727995557,2.));
#6810=ORIENTED_EDGE('',*,*,#8954,.T.);
#6811=ORIENTED_EDGE('',*,*,#8992,.T.);
#6812=ORIENTED_EDGE('',*,*,#8958,.F.);
#6813=ORIENTED_EDGE('',*,*,#8956,.F.);
#6814=CARTESIAN_POINT('',(13.3757436348304,11.4326727995557,2.));
#6815=CARTESIAN_POINT('',(13.355238409675,11.3723147207513,2.));
#6816=CARTESIAN_POINT('',(13.4152106318972,11.3723147207513,2.));
#6817=ORIENTED_EDGE('',*,*,#8993,.F.);
#6818=ORIENTED_EDGE('',*,*,#8994,.F.);
#6819=ORIENTED_EDGE('',*,*,#8995,.F.);
#6820=ORIENTED_EDGE('',*,*,#8996,.F.);
#6821=ORIENTED_EDGE('',*,*,#8997,.F.);
#6822=ORIENTED_EDGE('',*,*,#8998,.F.);
#6823=ORIENTED_EDGE('',*,*,#8999,.F.);
#6824=ORIENTED_EDGE('',*,*,#9000,.F.);
#6825=ORIENTED_EDGE('',*,*,#9001,.F.);
#6826=ORIENTED_EDGE('',*,*,#9002,.F.);
#6827=ORIENTED_EDGE('',*,*,#9003,.F.);
#6828=ORIENTED_EDGE('',*,*,#9004,.F.);
#6829=ORIENTED_EDGE('',*,*,#9005,.F.);
#6830=ORIENTED_EDGE('',*,*,#9006,.F.);
#6831=ORIENTED_EDGE('',*,*,#9007,.T.);
#6832=ORIENTED_EDGE('',*,*,#9008,.T.);
#6833=ORIENTED_EDGE('',*,*,#9009,.T.);
#6834=ORIENTED_EDGE('',*,*,#9010,.T.);
#6835=ORIENTED_EDGE('',*,*,#9011,.T.);
#6836=ORIENTED_EDGE('',*,*,#9012,.T.);
#6837=ORIENTED_EDGE('',*,*,#9013,.T.);
#6838=ORIENTED_EDGE('',*,*,#9014,.T.);
#6839=ORIENTED_EDGE('',*,*,#9015,.T.);
#6840=ORIENTED_EDGE('',*,*,#9016,.T.);
#6841=ORIENTED_EDGE('',*,*,#8993,.T.);
#6842=ORIENTED_EDGE('',*,*,#9017,.T.);
#6843=ORIENTED_EDGE('',*,*,#9018,.F.);
#6844=ORIENTED_EDGE('',*,*,#9019,.F.);
#6845=CARTESIAN_POINT('',(10.1685804705027,11.4530953411577,2.));
#6846=CARTESIAN_POINT('',(10.2146620710893,11.3687869429735,2.));
#6847=CARTESIAN_POINT('',(10.2665038784781,11.3687869429735,2.));
#6848=ORIENTED_EDGE('',*,*,#8994,.T.);
#6849=ORIENTED_EDGE('',*,*,#9019,.T.);
#6850=ORIENTED_EDGE('',*,*,#9020,.F.);
#6851=ORIENTED_EDGE('',*,*,#9021,.F.);
#6852=CARTESIAN_POINT('',(9.96033133687607,11.3723147207513,2.));
#6853=CARTESIAN_POINT('',(10.0700231822005,11.3723147207513,2.));
#6854=CARTESIAN_POINT('',(10.1685804705027,11.4530953411577,2.));
#6855=ORIENTED_EDGE('',*,*,#8995,.T.);
#6856=ORIENTED_EDGE('',*,*,#9021,.T.);
#6857=ORIENTED_EDGE('',*,*,#9022,.F.);
#6858=ORIENTED_EDGE('',*,*,#9023,.F.);
#6859=ORIENTED_EDGE('',*,*,#8996,.T.);
#6860=ORIENTED_EDGE('',*,*,#9023,.T.);
#6861=ORIENTED_EDGE('',*,*,#9024,.F.);
#6862=ORIENTED_EDGE('',*,*,#9025,.F.);
#6863=CARTESIAN_POINT('',(9.57271676027154,11.4428978374913,2.));
#6864=CARTESIAN_POINT('',(9.6192393398092,11.3723147207513,2.));
#6865=CARTESIAN_POINT('',(9.71928490515596,11.3723147207513,2.));
#6866=ORIENTED_EDGE('',*,*,#8997,.T.);
#6867=ORIENTED_EDGE('',*,*,#9025,.T.);
#6868=ORIENTED_EDGE('',*,*,#9026,.F.);
#6869=ORIENTED_EDGE('',*,*,#9027,.F.);
#6870=CARTESIAN_POINT('',(9.56020417094269,11.6136092300466,2.));
#6871=CARTESIAN_POINT('',(9.52619418073389,11.5134809542313,2.));
#6872=CARTESIAN_POINT('',(9.57271676027154,11.4428978374913,2.));
#6873=ORIENTED_EDGE('',*,*,#8998,.T.);
#6874=ORIENTED_EDGE('',*,*,#9027,.T.);
#6875=ORIENTED_EDGE('',*,*,#9028,.F.);
#6876=ORIENTED_EDGE('',*,*,#9029,.F.);
#6877=ORIENTED_EDGE('',*,*,#8999,.T.);
#6878=ORIENTED_EDGE('',*,*,#9029,.T.);
#6879=ORIENTED_EDGE('',*,*,#9030,.F.);
#6880=ORIENTED_EDGE('',*,*,#9031,.F.);
#6881=CARTESIAN_POINT('',(9.93515457170394,12.5076252848688,2.));
#6882=CARTESIAN_POINT('',(9.83983566874284,12.4364358220712,2.));
#6883=CARTESIAN_POINT('',(9.80623912321586,12.3375202383712,2.));
#6884=ORIENTED_EDGE('',*,*,#9000,.T.);
#6885=ORIENTED_EDGE('',*,*,#9031,.T.);
#6886=ORIENTED_EDGE('',*,*,#9032,.F.);
#6887=ORIENTED_EDGE('',*,*,#9033,.F.);
#6888=CARTESIAN_POINT('',(10.1293063748117,12.5788147207513,2.));
#6889=CARTESIAN_POINT('',(10.030473474665,12.5788147207513,2.));
#6890=CARTESIAN_POINT('',(9.93515457170394,12.5076252848688,2.));
#6891=ORIENTED_EDGE('',*,*,#9001,.T.);
#6892=ORIENTED_EDGE('',*,*,#9033,.T.);
#6893=ORIENTED_EDGE('',*,*,#9034,.F.);
#6894=ORIENTED_EDGE('',*,*,#9035,.F.);
#6895=ORIENTED_EDGE('',*,*,#9002,.T.);
#6896=ORIENTED_EDGE('',*,*,#9035,.T.);
#6897=ORIENTED_EDGE('',*,*,#9036,.F.);
#6898=ORIENTED_EDGE('',*,*,#9037,.F.);
#6899=CARTESIAN_POINT('',(10.5909216281115,12.5184842300466,2.));
#6900=CARTESIAN_POINT('',(10.6114268263516,12.5788147207513,2.));
#6901=CARTESIAN_POINT('',(10.5511514311005,12.5788147207513,2.));
#6902=ORIENTED_EDGE('',*,*,#9003,.T.);
#6903=ORIENTED_EDGE('',*,*,#9037,.T.);
#6904=ORIENTED_EDGE('',*,*,#9038,.F.);
#6905=ORIENTED_EDGE('',*,*,#9039,.F.);
#6906=ORIENTED_EDGE('',*,*,#9004,.T.);
#6907=ORIENTED_EDGE('',*,*,#9039,.T.);
#6908=ORIENTED_EDGE('',*,*,#9040,.F.);
#6909=ORIENTED_EDGE('',*,*,#9041,.F.);
#6910=CARTESIAN_POINT('',(10.3227829558159,11.4882077518288,2.));
#6911=CARTESIAN_POINT('',(10.2518691048626,11.5207845604468,2.));
#6912=CARTESIAN_POINT('',(10.2825993410384,11.6112665562845,2.));
#6913=ORIENTED_EDGE('',*,*,#9005,.T.);
#6914=ORIENTED_EDGE('',*,*,#9041,.T.);
#6915=ORIENTED_EDGE('',*,*,#9042,.F.);
#6916=ORIENTED_EDGE('',*,*,#9043,.F.);
#6917=CARTESIAN_POINT('',(10.3469261765716,11.4315152567244,2.));
#6918=CARTESIAN_POINT('',(10.3604585028095,11.471340549189,2.));
#6919=CARTESIAN_POINT('',(10.3227829558159,11.4882077518288,2.));
#6920=ORIENTED_EDGE('',*,*,#9006,.T.);
#6921=ORIENTED_EDGE('',*,*,#9043,.T.);
#6922=ORIENTED_EDGE('',*,*,#9044,.F.);
#6923=ORIENTED_EDGE('',*,*,#9017,.F.);
#6924=CARTESIAN_POINT('',(10.2665038784781,11.3687869429735,2.));
#6925=CARTESIAN_POINT('',(10.3255941427983,11.3687869429735,2.));
#6926=CARTESIAN_POINT('',(10.3469261765716,11.4315152567244,2.));
#6927=ORIENTED_EDGE('',*,*,#9045,.F.);
#6928=ORIENTED_EDGE('',*,*,#9046,.F.);
#6929=ORIENTED_EDGE('',*,*,#9007,.F.);
#6930=ORIENTED_EDGE('',*,*,#9047,.T.);
#6931=ORIENTED_EDGE('',*,*,#9048,.F.);
#6932=ORIENTED_EDGE('',*,*,#9049,.F.);
#6933=ORIENTED_EDGE('',*,*,#9008,.F.);
#6934=ORIENTED_EDGE('',*,*,#9046,.T.);
#6935=CARTESIAN_POINT('',(10.0882408559626,12.4588702763068,2.));
#6936=CARTESIAN_POINT('',(10.0387141611515,12.4588702763068,2.));
#6937=CARTESIAN_POINT('',(9.99095135522929,12.4232204494544,2.));
#6938=ORIENTED_EDGE('',*,*,#9050,.F.);
#6939=ORIENTED_EDGE('',*,*,#9051,.F.);
#6940=ORIENTED_EDGE('',*,*,#9009,.F.);
#6941=ORIENTED_EDGE('',*,*,#9049,.T.);
#6942=CARTESIAN_POINT('',(9.99095135522929,12.4232204494544,2.));
#6943=CARTESIAN_POINT('',(9.94318854930709,12.3875705956866,2.));
#6944=CARTESIAN_POINT('',(9.92634890785172,12.3380439008756,2.));
#6945=ORIENTED_EDGE('',*,*,#9052,.F.);
#6946=ORIENTED_EDGE('',*,*,#9053,.F.);
#6947=ORIENTED_EDGE('',*,*,#9010,.F.);
#6948=ORIENTED_EDGE('',*,*,#9051,.T.);
#6949=ORIENTED_EDGE('',*,*,#9054,.F.);
#6950=ORIENTED_EDGE('',*,*,#9055,.F.);
#6951=ORIENTED_EDGE('',*,*,#9011,.F.);
#6952=ORIENTED_EDGE('',*,*,#9053,.T.);
#6953=CARTESIAN_POINT('',(9.6799832482805,11.6130855675422,2.));
#6954=CARTESIAN_POINT('',(9.66314363374034,11.5635588727311,2.));
#6955=CARTESIAN_POINT('',(9.68668050843834,11.5279090189634,2.));
#6956=ORIENTED_EDGE('',*,*,#9056,.F.);
#6957=ORIENTED_EDGE('',*,*,#9057,.F.);
#6958=ORIENTED_EDGE('',*,*,#9012,.F.);
#6959=ORIENTED_EDGE('',*,*,#9055,.T.);
#6960=CARTESIAN_POINT('',(9.68668050843834,11.5279090189634,2.));
#6961=CARTESIAN_POINT('',(9.71021741005156,11.4922591651957,2.));
#6962=CARTESIAN_POINT('',(9.75974410486264,11.4922591651957,2.));
#6963=ORIENTED_EDGE('',*,*,#9058,.F.);
#6964=ORIENTED_EDGE('',*,*,#9059,.F.);
#6965=ORIENTED_EDGE('',*,*,#9013,.F.);
#6966=ORIENTED_EDGE('',*,*,#9057,.T.);
#6967=ORIENTED_EDGE('',*,*,#9060,.F.);
#6968=ORIENTED_EDGE('',*,*,#9061,.F.);
#6969=ORIENTED_EDGE('',*,*,#9014,.F.);
#6970=ORIENTED_EDGE('',*,*,#9059,.T.);
#6971=CARTESIAN_POINT('',(10.0013968826404,11.4922591651957,2.));
#6972=CARTESIAN_POINT('',(10.0509235774515,11.4922591651957,2.));
#6973=CARTESIAN_POINT('',(10.0986863833737,11.5279090189634,2.));
#6974=ORIENTED_EDGE('',*,*,#9062,.F.);
#6975=ORIENTED_EDGE('',*,*,#9063,.F.);
#6976=ORIENTED_EDGE('',*,*,#9015,.F.);
#6977=ORIENTED_EDGE('',*,*,#9061,.T.);
#6978=CARTESIAN_POINT('',(10.0986863833737,11.5279090189634,2.));
#6979=CARTESIAN_POINT('',(10.1464491892959,11.5635588727311,2.));
#6980=CARTESIAN_POINT('',(10.1632888038361,11.6130855675422,2.));
#6981=ORIENTED_EDGE('',*,*,#9064,.F.);
#6982=ORIENTED_EDGE('',*,*,#9047,.F.);
#6983=ORIENTED_EDGE('',*,*,#9016,.F.);
#6984=ORIENTED_EDGE('',*,*,#9063,.T.);
#6985=ORIENTED_EDGE('',*,*,#9044,.T.);
#6986=ORIENTED_EDGE('',*,*,#9042,.T.);
#6987=ORIENTED_EDGE('',*,*,#9040,.T.);
#6988=ORIENTED_EDGE('',*,*,#9038,.T.);
#6989=ORIENTED_EDGE('',*,*,#9036,.T.);
#6990=ORIENTED_EDGE('',*,*,#9034,.T.);
#6991=ORIENTED_EDGE('',*,*,#9032,.T.);
#6992=ORIENTED_EDGE('',*,*,#9030,.T.);
#6993=ORIENTED_EDGE('',*,*,#9028,.T.);
#6994=ORIENTED_EDGE('',*,*,#9026,.T.);
#6995=ORIENTED_EDGE('',*,*,#9024,.T.);
#6996=ORIENTED_EDGE('',*,*,#9022,.T.);
#6997=ORIENTED_EDGE('',*,*,#9020,.T.);
#6998=ORIENTED_EDGE('',*,*,#9018,.T.);
#6999=ORIENTED_EDGE('',*,*,#9045,.T.);
#7000=ORIENTED_EDGE('',*,*,#9064,.T.);
#7001=ORIENTED_EDGE('',*,*,#9062,.T.);
#7002=ORIENTED_EDGE('',*,*,#9060,.T.);
#7003=ORIENTED_EDGE('',*,*,#9058,.T.);
#7004=ORIENTED_EDGE('',*,*,#9056,.T.);
#7005=ORIENTED_EDGE('',*,*,#9054,.T.);
#7006=ORIENTED_EDGE('',*,*,#9052,.T.);
#7007=ORIENTED_EDGE('',*,*,#9050,.T.);
#7008=ORIENTED_EDGE('',*,*,#9048,.T.);
#7009=ORIENTED_EDGE('',*,*,#9065,.F.);
#7010=ORIENTED_EDGE('',*,*,#9066,.F.);
#7011=ORIENTED_EDGE('',*,*,#9067,.F.);
#7012=ORIENTED_EDGE('',*,*,#9068,.F.);
#7013=ORIENTED_EDGE('',*,*,#9069,.F.);
#7014=ORIENTED_EDGE('',*,*,#9070,.F.);
#7015=ORIENTED_EDGE('',*,*,#9071,.F.);
#7016=ORIENTED_EDGE('',*,*,#9072,.F.);
#7017=ORIENTED_EDGE('',*,*,#9073,.F.);
#7018=ORIENTED_EDGE('',*,*,#9074,.F.);
#7019=ORIENTED_EDGE('',*,*,#9075,.F.);
#7020=ORIENTED_EDGE('',*,*,#9076,.F.);
#7021=ORIENTED_EDGE('',*,*,#9077,.F.);
#7022=ORIENTED_EDGE('',*,*,#9078,.F.);
#7023=ORIENTED_EDGE('',*,*,#9079,.T.);
#7024=ORIENTED_EDGE('',*,*,#9080,.T.);
#7025=ORIENTED_EDGE('',*,*,#9081,.T.);
#7026=ORIENTED_EDGE('',*,*,#9082,.T.);
#7027=ORIENTED_EDGE('',*,*,#9083,.T.);
#7028=ORIENTED_EDGE('',*,*,#9084,.T.);
#7029=ORIENTED_EDGE('',*,*,#9085,.T.);
#7030=ORIENTED_EDGE('',*,*,#9086,.T.);
#7031=ORIENTED_EDGE('',*,*,#9087,.T.);
#7032=ORIENTED_EDGE('',*,*,#9088,.T.);
#7033=ORIENTED_EDGE('',*,*,#9065,.T.);
#7034=ORIENTED_EDGE('',*,*,#9089,.T.);
#7035=ORIENTED_EDGE('',*,*,#9090,.F.);
#7036=ORIENTED_EDGE('',*,*,#9091,.F.);
#7037=CARTESIAN_POINT('',(14.9787050167922,11.4530953411577,2.));
#7038=CARTESIAN_POINT('',(15.0247866173788,11.3687869429735,2.));
#7039=CARTESIAN_POINT('',(15.0766284247675,11.3687869429735,2.));
#7040=ORIENTED_EDGE('',*,*,#9066,.T.);
#7041=ORIENTED_EDGE('',*,*,#9091,.T.);
#7042=ORIENTED_EDGE('',*,*,#9092,.F.);
#7043=ORIENTED_EDGE('',*,*,#9093,.F.);
#7044=CARTESIAN_POINT('',(14.7704558831655,11.3723147207513,2.));
#7045=CARTESIAN_POINT('',(14.8801477284899,11.3723147207513,2.));
#7046=CARTESIAN_POINT('',(14.9787050167922,11.4530953411577,2.));
#7047=ORIENTED_EDGE('',*,*,#9067,.T.);
#7048=ORIENTED_EDGE('',*,*,#9093,.T.);
#7049=ORIENTED_EDGE('',*,*,#9094,.F.);
#7050=ORIENTED_EDGE('',*,*,#9095,.F.);
#7051=ORIENTED_EDGE('',*,*,#9068,.T.);
#7052=ORIENTED_EDGE('',*,*,#9095,.T.);
#7053=ORIENTED_EDGE('',*,*,#9096,.F.);
#7054=ORIENTED_EDGE('',*,*,#9097,.F.);
#7055=CARTESIAN_POINT('',(14.382841306561,11.4428978374913,2.));
#7056=CARTESIAN_POINT('',(14.4293638860986,11.3723147207513,2.));
#7057=CARTESIAN_POINT('',(14.5294094514454,11.3723147207513,2.));
#7058=ORIENTED_EDGE('',*,*,#9069,.T.);
#7059=ORIENTED_EDGE('',*,*,#9097,.T.);
#7060=ORIENTED_EDGE('',*,*,#9098,.F.);
#7061=ORIENTED_EDGE('',*,*,#9099,.F.);
#7062=CARTESIAN_POINT('',(14.3703287172321,11.6136092300466,2.));
#7063=CARTESIAN_POINT('',(14.3363187270233,11.5134809542313,2.));
#7064=CARTESIAN_POINT('',(14.382841306561,11.4428978374913,2.));
#7065=ORIENTED_EDGE('',*,*,#9070,.T.);
#7066=ORIENTED_EDGE('',*,*,#9099,.T.);
#7067=ORIENTED_EDGE('',*,*,#9100,.F.);
#7068=ORIENTED_EDGE('',*,*,#9101,.F.);
#7069=ORIENTED_EDGE('',*,*,#9071,.T.);
#7070=ORIENTED_EDGE('',*,*,#9101,.T.);
#7071=ORIENTED_EDGE('',*,*,#9102,.F.);
#7072=ORIENTED_EDGE('',*,*,#9103,.F.);
#7073=CARTESIAN_POINT('',(14.7452791179934,12.5076252848688,2.));
#7074=CARTESIAN_POINT('',(14.6499602150323,12.4364358220712,2.));
#7075=CARTESIAN_POINT('',(14.6163636695053,12.3375202383712,2.));
#7076=ORIENTED_EDGE('',*,*,#9072,.T.);
#7077=ORIENTED_EDGE('',*,*,#9103,.T.);
#7078=ORIENTED_EDGE('',*,*,#9104,.F.);
#7079=ORIENTED_EDGE('',*,*,#9105,.F.);
#7080=CARTESIAN_POINT('',(14.9394309211011,12.5788147207513,2.));
#7081=CARTESIAN_POINT('',(14.8405980209545,12.5788147207513,2.));
#7082=CARTESIAN_POINT('',(14.7452791179934,12.5076252848688,2.));
#7083=ORIENTED_EDGE('',*,*,#9073,.T.);
#7084=ORIENTED_EDGE('',*,*,#9105,.T.);
#7085=ORIENTED_EDGE('',*,*,#9106,.F.);
#7086=ORIENTED_EDGE('',*,*,#9107,.F.);
#7087=ORIENTED_EDGE('',*,*,#9074,.T.);
#7088=ORIENTED_EDGE('',*,*,#9107,.T.);
#7089=ORIENTED_EDGE('',*,*,#9108,.F.);
#7090=ORIENTED_EDGE('',*,*,#9109,.F.);
#7091=CARTESIAN_POINT('',(15.4010461744009,12.5184842300466,2.));
#7092=CARTESIAN_POINT('',(15.421551372641,12.5788147207513,2.));
#7093=CARTESIAN_POINT('',(15.36127597739,12.5788147207513,2.));
#7094=ORIENTED_EDGE('',*,*,#9075,.T.);
#7095=ORIENTED_EDGE('',*,*,#9109,.T.);
#7096=ORIENTED_EDGE('',*,*,#9110,.F.);
#7097=ORIENTED_EDGE('',*,*,#9111,.F.);
#7098=ORIENTED_EDGE('',*,*,#9076,.T.);
#7099=ORIENTED_EDGE('',*,*,#9111,.T.);
#7100=ORIENTED_EDGE('',*,*,#9112,.F.);
#7101=ORIENTED_EDGE('',*,*,#9113,.F.);
#7102=CARTESIAN_POINT('',(15.1329075021054,11.4882077518288,2.));
#7103=CARTESIAN_POINT('',(15.0619936511521,11.5207845604468,2.));
#7104=CARTESIAN_POINT('',(15.0927238873278,11.6112665562845,2.));
#7105=ORIENTED_EDGE('',*,*,#9077,.T.);
#7106=ORIENTED_EDGE('',*,*,#9113,.T.);
#7107=ORIENTED_EDGE('',*,*,#9114,.F.);
#7108=ORIENTED_EDGE('',*,*,#9115,.F.);
#7109=CARTESIAN_POINT('',(15.157050722861,11.4315152567244,2.));
#7110=CARTESIAN_POINT('',(15.1705830490989,11.471340549189,2.));
#7111=CARTESIAN_POINT('',(15.1329075021054,11.4882077518288,2.));
#7112=ORIENTED_EDGE('',*,*,#9078,.T.);
#7113=ORIENTED_EDGE('',*,*,#9115,.T.);
#7114=ORIENTED_EDGE('',*,*,#9116,.F.);
#7115=ORIENTED_EDGE('',*,*,#9089,.F.);
#7116=CARTESIAN_POINT('',(15.0766284247675,11.3687869429735,2.));
#7117=CARTESIAN_POINT('',(15.1357186890877,11.3687869429735,2.));
#7118=CARTESIAN_POINT('',(15.157050722861,11.4315152567244,2.));
#7119=ORIENTED_EDGE('',*,*,#9117,.F.);
#7120=ORIENTED_EDGE('',*,*,#9118,.F.);
#7121=ORIENTED_EDGE('',*,*,#9079,.F.);
#7122=ORIENTED_EDGE('',*,*,#9119,.T.);
#7123=ORIENTED_EDGE('',*,*,#9120,.F.);
#7124=ORIENTED_EDGE('',*,*,#9121,.F.);
#7125=ORIENTED_EDGE('',*,*,#9080,.F.);
#7126=ORIENTED_EDGE('',*,*,#9118,.T.);
#7127=CARTESIAN_POINT('',(14.898365402252,12.4588702763068,2.));
#7128=CARTESIAN_POINT('',(14.8488387074409,12.4588702763068,2.));
#7129=CARTESIAN_POINT('',(14.8010759015187,12.4232204494544,2.));
#7130=ORIENTED_EDGE('',*,*,#9122,.F.);
#7131=ORIENTED_EDGE('',*,*,#9123,.F.);
#7132=ORIENTED_EDGE('',*,*,#9081,.F.);
#7133=ORIENTED_EDGE('',*,*,#9121,.T.);
#7134=CARTESIAN_POINT('',(14.8010759015187,12.4232204494544,2.));
#7135=CARTESIAN_POINT('',(14.7533130955965,12.3875705956866,2.));
#7136=CARTESIAN_POINT('',(14.7364734541412,12.3380439008756,2.));
#7137=ORIENTED_EDGE('',*,*,#9124,.F.);
#7138=ORIENTED_EDGE('',*,*,#9125,.F.);
#7139=ORIENTED_EDGE('',*,*,#9082,.F.);
#7140=ORIENTED_EDGE('',*,*,#9123,.T.);
#7141=ORIENTED_EDGE('',*,*,#9126,.F.);
#7142=ORIENTED_EDGE('',*,*,#9127,.F.);
#7143=ORIENTED_EDGE('',*,*,#9083,.F.);
#7144=ORIENTED_EDGE('',*,*,#9125,.T.);
#7145=CARTESIAN_POINT('',(14.4901077945699,11.6130855675422,2.));
#7146=CARTESIAN_POINT('',(14.4732681800298,11.5635588727311,2.));
#7147=CARTESIAN_POINT('',(14.4968050547278,11.5279090189634,2.));
#7148=ORIENTED_EDGE('',*,*,#9128,.F.);
#7149=ORIENTED_EDGE('',*,*,#9129,.F.);
#7150=ORIENTED_EDGE('',*,*,#9084,.F.);
#7151=ORIENTED_EDGE('',*,*,#9127,.T.);
#7152=CARTESIAN_POINT('',(14.4968050547278,11.5279090189634,2.));
#7153=CARTESIAN_POINT('',(14.520341956341,11.4922591651957,2.));
#7154=CARTESIAN_POINT('',(14.5698686511521,11.4922591651957,2.));
#7155=ORIENTED_EDGE('',*,*,#9130,.F.);
#7156=ORIENTED_EDGE('',*,*,#9131,.F.);
#7157=ORIENTED_EDGE('',*,*,#9085,.F.);
#7158=ORIENTED_EDGE('',*,*,#9129,.T.);
#7159=ORIENTED_EDGE('',*,*,#9132,.F.);
#7160=ORIENTED_EDGE('',*,*,#9133,.F.);
#7161=ORIENTED_EDGE('',*,*,#9086,.F.);
#7162=ORIENTED_EDGE('',*,*,#9131,.T.);
#7163=CARTESIAN_POINT('',(14.8115214289299,11.4922591651957,2.));
#7164=CARTESIAN_POINT('',(14.861048123741,11.4922591651957,2.));
#7165=CARTESIAN_POINT('',(14.9088109296631,11.5279090189634,2.));
#7166=ORIENTED_EDGE('',*,*,#9134,.F.);
#7167=ORIENTED_EDGE('',*,*,#9135,.F.);
#7168=ORIENTED_EDGE('',*,*,#9087,.F.);
#7169=ORIENTED_EDGE('',*,*,#9133,.T.);
#7170=CARTESIAN_POINT('',(14.9088109296631,11.5279090189634,2.));
#7171=CARTESIAN_POINT('',(14.9565737355853,11.5635588727311,2.));
#7172=CARTESIAN_POINT('',(14.9734133501255,11.6130855675422,2.));
#7173=ORIENTED_EDGE('',*,*,#9136,.F.);
#7174=ORIENTED_EDGE('',*,*,#9119,.F.);
#7175=ORIENTED_EDGE('',*,*,#9088,.F.);
#7176=ORIENTED_EDGE('',*,*,#9135,.T.);
#7177=ORIENTED_EDGE('',*,*,#9116,.T.);
#7178=ORIENTED_EDGE('',*,*,#9114,.T.);
#7179=ORIENTED_EDGE('',*,*,#9112,.T.);
#7180=ORIENTED_EDGE('',*,*,#9110,.T.);
#7181=ORIENTED_EDGE('',*,*,#9108,.T.);
#7182=ORIENTED_EDGE('',*,*,#9106,.T.);
#7183=ORIENTED_EDGE('',*,*,#9104,.T.);
#7184=ORIENTED_EDGE('',*,*,#9102,.T.);
#7185=ORIENTED_EDGE('',*,*,#9100,.T.);
#7186=ORIENTED_EDGE('',*,*,#9098,.T.);
#7187=ORIENTED_EDGE('',*,*,#9096,.T.);
#7188=ORIENTED_EDGE('',*,*,#9094,.T.);
#7189=ORIENTED_EDGE('',*,*,#9092,.T.);
#7190=ORIENTED_EDGE('',*,*,#9090,.T.);
#7191=ORIENTED_EDGE('',*,*,#9117,.T.);
#7192=ORIENTED_EDGE('',*,*,#9136,.T.);
#7193=ORIENTED_EDGE('',*,*,#9134,.T.);
#7194=ORIENTED_EDGE('',*,*,#9132,.T.);
#7195=ORIENTED_EDGE('',*,*,#9130,.T.);
#7196=ORIENTED_EDGE('',*,*,#9128,.T.);
#7197=ORIENTED_EDGE('',*,*,#9126,.T.);
#7198=ORIENTED_EDGE('',*,*,#9124,.T.);
#7199=ORIENTED_EDGE('',*,*,#9122,.T.);
#7200=ORIENTED_EDGE('',*,*,#9120,.T.);
#7201=ORIENTED_EDGE('',*,*,#9137,.T.);
#7202=ORIENTED_EDGE('',*,*,#9138,.T.);
#7203=ORIENTED_EDGE('',*,*,#9139,.F.);
#7204=ORIENTED_EDGE('',*,*,#9140,.F.);
#7205=ORIENTED_EDGE('',*,*,#9141,.F.);
#7206=ORIENTED_EDGE('',*,*,#9142,.F.);
#7207=ORIENTED_EDGE('',*,*,#9143,.F.);
#7208=ORIENTED_EDGE('',*,*,#9144,.F.);
#7209=ORIENTED_EDGE('',*,*,#9145,.F.);
#7210=ORIENTED_EDGE('',*,*,#9146,.F.);
#7211=ORIENTED_EDGE('',*,*,#9147,.F.);
#7212=ORIENTED_EDGE('',*,*,#9148,.F.);
#7213=ORIENTED_EDGE('',*,*,#9149,.F.);
#7214=ORIENTED_EDGE('',*,*,#9150,.F.);
#7215=ORIENTED_EDGE('',*,*,#9151,.F.);
#7216=ORIENTED_EDGE('',*,*,#9152,.F.);
#7217=ORIENTED_EDGE('',*,*,#9153,.F.);
#7218=ORIENTED_EDGE('',*,*,#9154,.F.);
#7219=ORIENTED_EDGE('',*,*,#9155,.F.);
#7220=ORIENTED_EDGE('',*,*,#9137,.F.);
#7221=ORIENTED_EDGE('',*,*,#9155,.T.);
#7222=ORIENTED_EDGE('',*,*,#9156,.T.);
#7223=ORIENTED_EDGE('',*,*,#9157,.F.);
#7224=ORIENTED_EDGE('',*,*,#9138,.F.);
#7225=ORIENTED_EDGE('',*,*,#9139,.T.);
#7226=ORIENTED_EDGE('',*,*,#9157,.T.);
#7227=ORIENTED_EDGE('',*,*,#9158,.T.);
#7228=ORIENTED_EDGE('',*,*,#9159,.T.);
#7229=ORIENTED_EDGE('',*,*,#9160,.T.);
#7230=ORIENTED_EDGE('',*,*,#9161,.T.);
#7231=ORIENTED_EDGE('',*,*,#9162,.T.);
#7232=ORIENTED_EDGE('',*,*,#9163,.T.);
#7233=ORIENTED_EDGE('',*,*,#9164,.T.);
#7234=ORIENTED_EDGE('',*,*,#9165,.T.);
#7235=ORIENTED_EDGE('',*,*,#9166,.T.);
#7236=ORIENTED_EDGE('',*,*,#9167,.T.);
#7237=ORIENTED_EDGE('',*,*,#9168,.T.);
#7238=ORIENTED_EDGE('',*,*,#9169,.T.);
#7239=ORIENTED_EDGE('',*,*,#9170,.T.);
#7240=ORIENTED_EDGE('',*,*,#9171,.T.);
#7241=ORIENTED_EDGE('',*,*,#9141,.T.);
#7242=ORIENTED_EDGE('',*,*,#9140,.T.);
#7243=ORIENTED_EDGE('',*,*,#9171,.F.);
#7244=ORIENTED_EDGE('',*,*,#9172,.F.);
#7245=CARTESIAN_POINT('',(17.1746087402075,12.5188424985291,2.));
#7246=CARTESIAN_POINT('',(17.1949761594407,12.5788147207513,2.));
#7247=CARTESIAN_POINT('',(17.1346732030052,12.5788147207513,2.));
#7248=ORIENTED_EDGE('',*,*,#9142,.T.);
#7249=ORIENTED_EDGE('',*,*,#9172,.T.);
#7250=ORIENTED_EDGE('',*,*,#9170,.F.);
#7251=ORIENTED_EDGE('',*,*,#9173,.F.);
#7252=CARTESIAN_POINT('',(17.0939108302697,12.4588702763068,2.));
#7253=CARTESIAN_POINT('',(17.1542137867052,12.4588702763068,2.));
#7254=CARTESIAN_POINT('',(17.1746087402075,12.5188424985291,2.));
#7255=ORIENTED_EDGE('',*,*,#9143,.T.);
#7256=ORIENTED_EDGE('',*,*,#9173,.T.);
#7257=ORIENTED_EDGE('',*,*,#9169,.F.);
#7258=ORIENTED_EDGE('',*,*,#9174,.F.);
#7259=ORIENTED_EDGE('',*,*,#9144,.T.);
#7260=ORIENTED_EDGE('',*,*,#9174,.T.);
#7261=ORIENTED_EDGE('',*,*,#9168,.F.);
#7262=ORIENTED_EDGE('',*,*,#9175,.F.);
#7263=ORIENTED_EDGE('',*,*,#9145,.T.);
#7264=ORIENTED_EDGE('',*,*,#9175,.T.);
#7265=ORIENTED_EDGE('',*,*,#9167,.F.);
#7266=ORIENTED_EDGE('',*,*,#9176,.F.);
#7267=CARTESIAN_POINT('',(16.4826130720743,11.3723147207513,2.));
#7268=CARTESIAN_POINT('',(16.5425852942965,11.3723147207513,2.));
#7269=CARTESIAN_POINT('',(16.5630905194519,11.4326727995557,2.));
#7270=ORIENTED_EDGE('',*,*,#9146,.T.);
#7271=ORIENTED_EDGE('',*,*,#9176,.T.);
#7272=ORIENTED_EDGE('',*,*,#9166,.F.);
#7273=ORIENTED_EDGE('',*,*,#9177,.F.);
#7274=CARTESIAN_POINT('',(16.4431460750074,11.4326727995557,2.));
#7275=CARTESIAN_POINT('',(16.4226408498521,11.3723147207513,2.));
#7276=CARTESIAN_POINT('',(16.4826130720743,11.3723147207513,2.));
#7277=ORIENTED_EDGE('',*,*,#9147,.T.);
#7278=ORIENTED_EDGE('',*,*,#9177,.T.);
#7279=ORIENTED_EDGE('',*,*,#9165,.F.);
#7280=ORIENTED_EDGE('',*,*,#9178,.F.);
#7281=ORIENTED_EDGE('',*,*,#9148,.T.);
#7282=ORIENTED_EDGE('',*,*,#9178,.T.);
#7283=ORIENTED_EDGE('',*,*,#9164,.F.);
#7284=ORIENTED_EDGE('',*,*,#9179,.F.);
#7285=CARTESIAN_POINT('',(16.715970067912,12.4624807376379,2.));
#7286=CARTESIAN_POINT('',(16.7291992480363,12.4588702763068,2.));
#7287=CARTESIAN_POINT('',(16.7918999736875,12.4588702763068,2.));
#7288=ORIENTED_EDGE('',*,*,#9149,.T.);
#7289=ORIENTED_EDGE('',*,*,#9179,.T.);
#7290=ORIENTED_EDGE('',*,*,#9163,.F.);
#7291=ORIENTED_EDGE('',*,*,#9180,.F.);
#7292=CARTESIAN_POINT('',(16.694141959734,12.5188700597135,2.));
#7293=CARTESIAN_POINT('',(16.6786527894009,12.4732845604468,2.));
#7294=CARTESIAN_POINT('',(16.715970067912,12.4624807376379,2.));
#7295=ORIENTED_EDGE('',*,*,#9150,.T.);
#7296=ORIENTED_EDGE('',*,*,#9180,.T.);
#7297=ORIENTED_EDGE('',*,*,#9162,.F.);
#7298=ORIENTED_EDGE('',*,*,#9181,.F.);
#7299=CARTESIAN_POINT('',(16.7543070833321,12.5752869429735,2.));
#7300=CARTESIAN_POINT('',(16.7096311031518,12.5644831470799,2.));
#7301=CARTESIAN_POINT('',(16.694141959734,12.5188700597135,2.));
#7302=ORIENTED_EDGE('',*,*,#9151,.T.);
#7303=ORIENTED_EDGE('',*,*,#9181,.T.);
#7304=ORIENTED_EDGE('',*,*,#9161,.F.);
#7305=ORIENTED_EDGE('',*,*,#9182,.F.);
#7306=CARTESIAN_POINT('',(16.832662346423,12.5788147207513,2.));
#7307=CARTESIAN_POINT('',(16.7699616207718,12.5788147207513,2.));
#7308=CARTESIAN_POINT('',(16.7543070833321,12.5752869429735,2.));
#7309=ORIENTED_EDGE('',*,*,#9152,.T.);
#7310=ORIENTED_EDGE('',*,*,#9182,.T.);
#7311=ORIENTED_EDGE('',*,*,#9160,.F.);
#7312=ORIENTED_EDGE('',*,*,#9183,.F.);
#7313=ORIENTED_EDGE('',*,*,#9153,.T.);
#7314=ORIENTED_EDGE('',*,*,#9183,.T.);
#7315=ORIENTED_EDGE('',*,*,#9159,.F.);
#7316=ORIENTED_EDGE('',*,*,#9184,.F.);
#7317=CARTESIAN_POINT('',(17.0562903787298,13.060356387418,2.));
#7318=CARTESIAN_POINT('',(16.9963181565076,13.060356387418,2.));
#7319=CARTESIAN_POINT('',(16.9758680806363,13.0001637026354,2.));
#7320=ORIENTED_EDGE('',*,*,#9154,.T.);
#7321=ORIENTED_EDGE('',*,*,#9184,.T.);
#7322=ORIENTED_EDGE('',*,*,#9158,.F.);
#7323=ORIENTED_EDGE('',*,*,#9156,.F.);
#7324=CARTESIAN_POINT('',(17.0958125250808,13.0001637026354,2.));
#7325=CARTESIAN_POINT('',(17.116262600952,13.060356387418,2.));
#7326=CARTESIAN_POINT('',(17.0562903787298,13.060356387418,2.));
#7327=ORIENTED_EDGE('',*,*,#9185,.T.);
#7328=ORIENTED_EDGE('',*,*,#9186,.T.);
#7329=ORIENTED_EDGE('',*,*,#9187,.F.);
#7330=ORIENTED_EDGE('',*,*,#9188,.F.);
#7331=CARTESIAN_POINT('',(16.3505557441399,12.3535606054779,2.));
#7332=CARTESIAN_POINT('',(16.3754017750988,12.3717231568711,2.));
#7333=CARTESIAN_POINT('',(16.3836424615852,12.3959490611801,2.));
#7334=ORIENTED_EDGE('',*,*,#9189,.F.);
#7335=ORIENTED_EDGE('',*,*,#9190,.F.);
#7336=ORIENTED_EDGE('',*,*,#9191,.F.);
#7337=ORIENTED_EDGE('',*,*,#9192,.F.);
#7338=ORIENTED_EDGE('',*,*,#9193,.F.);
#7339=ORIENTED_EDGE('',*,*,#9194,.F.);
#7340=ORIENTED_EDGE('',*,*,#9195,.F.);
#7341=ORIENTED_EDGE('',*,*,#9196,.F.);
#7342=ORIENTED_EDGE('',*,*,#9197,.F.);
#7343=ORIENTED_EDGE('',*,*,#9198,.F.);
#7344=ORIENTED_EDGE('',*,*,#9199,.F.);
#7345=ORIENTED_EDGE('',*,*,#9200,.F.);
#7346=ORIENTED_EDGE('',*,*,#9201,.F.);
#7347=ORIENTED_EDGE('',*,*,#9202,.F.);
#7348=ORIENTED_EDGE('',*,*,#9203,.F.);
#7349=ORIENTED_EDGE('',*,*,#9204,.F.);
#7350=ORIENTED_EDGE('',*,*,#9205,.F.);
#7351=ORIENTED_EDGE('',*,*,#9206,.F.);
#7352=ORIENTED_EDGE('',*,*,#9207,.F.);
#7353=ORIENTED_EDGE('',*,*,#9208,.F.);
#7354=ORIENTED_EDGE('',*,*,#9209,.F.);
#7355=ORIENTED_EDGE('',*,*,#9210,.F.);
#7356=ORIENTED_EDGE('',*,*,#9211,.F.);
#7357=ORIENTED_EDGE('',*,*,#9212,.F.);
#7358=ORIENTED_EDGE('',*,*,#9213,.F.);
#7359=ORIENTED_EDGE('',*,*,#9214,.F.);
#7360=ORIENTED_EDGE('',*,*,#9215,.F.);
#7361=ORIENTED_EDGE('',*,*,#9216,.F.);
#7362=ORIENTED_EDGE('',*,*,#9217,.F.);
#7363=ORIENTED_EDGE('',*,*,#9218,.F.);
#7364=ORIENTED_EDGE('',*,*,#9219,.F.);
#7365=ORIENTED_EDGE('',*,*,#9185,.F.);
#7366=ORIENTED_EDGE('',*,*,#9219,.T.);
#7367=ORIENTED_EDGE('',*,*,#9220,.T.);
#7368=ORIENTED_EDGE('',*,*,#9221,.F.);
#7369=ORIENTED_EDGE('',*,*,#9186,.F.);
#7370=CARTESIAN_POINT('',(16.3836424615852,12.3959490611801,2.));
#7371=CARTESIAN_POINT('',(16.3898160592387,12.4141116125733,2.));
#7372=CARTESIAN_POINT('',(16.3831463602653,12.4334868291666,2.));
#7373=ORIENTED_EDGE('',*,*,#9187,.T.);
#7374=ORIENTED_EDGE('',*,*,#9221,.T.);
#7375=ORIENTED_EDGE('',*,*,#9222,.T.);
#7376=ORIENTED_EDGE('',*,*,#9223,.T.);
#7377=ORIENTED_EDGE('',*,*,#9224,.T.);
#7378=ORIENTED_EDGE('',*,*,#9225,.T.);
#7379=ORIENTED_EDGE('',*,*,#9226,.T.);
#7380=ORIENTED_EDGE('',*,*,#9227,.T.);
#7381=ORIENTED_EDGE('',*,*,#9228,.T.);
#7382=ORIENTED_EDGE('',*,*,#9229,.T.);
#7383=ORIENTED_EDGE('',*,*,#9230,.T.);
#7384=ORIENTED_EDGE('',*,*,#9231,.T.);
#7385=ORIENTED_EDGE('',*,*,#9232,.T.);
#7386=ORIENTED_EDGE('',*,*,#9233,.T.);
#7387=ORIENTED_EDGE('',*,*,#9234,.T.);
#7388=ORIENTED_EDGE('',*,*,#9235,.T.);
#7389=ORIENTED_EDGE('',*,*,#9236,.T.);
#7390=ORIENTED_EDGE('',*,*,#9237,.T.);
#7391=ORIENTED_EDGE('',*,*,#9238,.T.);
#7392=ORIENTED_EDGE('',*,*,#9239,.T.);
#7393=ORIENTED_EDGE('',*,*,#9240,.T.);
#7394=ORIENTED_EDGE('',*,*,#9241,.T.);
#7395=ORIENTED_EDGE('',*,*,#9242,.T.);
#7396=ORIENTED_EDGE('',*,*,#9243,.T.);
#7397=ORIENTED_EDGE('',*,*,#9244,.T.);
#7398=ORIENTED_EDGE('',*,*,#9245,.T.);
#7399=ORIENTED_EDGE('',*,*,#9246,.T.);
#7400=ORIENTED_EDGE('',*,*,#9247,.T.);
#7401=ORIENTED_EDGE('',*,*,#9248,.T.);
#7402=ORIENTED_EDGE('',*,*,#9249,.T.);
#7403=ORIENTED_EDGE('',*,*,#9250,.T.);
#7404=ORIENTED_EDGE('',*,*,#9251,.T.);
#7405=ORIENTED_EDGE('',*,*,#9189,.T.);
#7406=ORIENTED_EDGE('',*,*,#9188,.T.);
#7407=ORIENTED_EDGE('',*,*,#9251,.F.);
#7408=ORIENTED_EDGE('',*,*,#9252,.F.);
#7409=CARTESIAN_POINT('',(16.3015940536098,12.3353980540846,2.));
#7410=CARTESIAN_POINT('',(16.3257097131811,12.3353980540846,2.));
#7411=CARTESIAN_POINT('',(16.3505557441399,12.3535606054779,2.));
#7412=ORIENTED_EDGE('',*,*,#9190,.T.);
#7413=ORIENTED_EDGE('',*,*,#9252,.T.);
#7414=ORIENTED_EDGE('',*,*,#9250,.F.);
#7415=ORIENTED_EDGE('',*,*,#9253,.F.);
#7416=CARTESIAN_POINT('',(16.2620719341741,12.3610571399844,2.));
#7417=CARTESIAN_POINT('',(16.2762657019233,12.3353980540846,2.));
#7418=CARTESIAN_POINT('',(16.3015940536098,12.3353980540846,2.));
#7419=ORIENTED_EDGE('',*,*,#9191,.T.);
#7420=ORIENTED_EDGE('',*,*,#9253,.T.);
#7421=ORIENTED_EDGE('',*,*,#9249,.F.);
#7422=ORIENTED_EDGE('',*,*,#9254,.F.);
#7423=CARTESIAN_POINT('',(16.0987468313876,12.4588702763068,2.));
#7424=CARTESIAN_POINT('',(16.2108915952119,12.4588702763068,2.));
#7425=CARTESIAN_POINT('',(16.2620719341741,12.3610571399844,2.));
#7426=ORIENTED_EDGE('',*,*,#9192,.T.);
#7427=ORIENTED_EDGE('',*,*,#9254,.T.);
#7428=ORIENTED_EDGE('',*,*,#9248,.F.);
#7429=ORIENTED_EDGE('',*,*,#9255,.F.);
#7430=ORIENTED_EDGE('',*,*,#9193,.T.);
#7431=ORIENTED_EDGE('',*,*,#9255,.T.);
#7432=ORIENTED_EDGE('',*,*,#9247,.F.);
#7433=ORIENTED_EDGE('',*,*,#9256,.F.);
#7434=CARTESIAN_POINT('',(15.820355559972,12.4184248571924,2.));
#7435=CARTESIAN_POINT('',(15.8744848918388,12.4588702763068,2.));
#7436=CARTESIAN_POINT('',(15.9335751830742,12.4588702763068,2.));
#7437=ORIENTED_EDGE('',*,*,#9194,.T.);
#7438=ORIENTED_EDGE('',*,*,#9256,.T.);
#7439=ORIENTED_EDGE('',*,*,#9246,.F.);
#7440=ORIENTED_EDGE('',*,*,#9257,.F.);
#7441=CARTESIAN_POINT('',(15.746106859532,12.3188340513889,2.));
#7442=CARTESIAN_POINT('',(15.7662262281052,12.3779794380779,2.));
#7443=CARTESIAN_POINT('',(15.820355559972,12.4184248571924,2.));
#7444=ORIENTED_EDGE('',*,*,#9195,.T.);
#7445=ORIENTED_EDGE('',*,*,#9257,.T.);
#7446=ORIENTED_EDGE('',*,*,#9245,.F.);
#7447=ORIENTED_EDGE('',*,*,#9258,.F.);
#7448=CARTESIAN_POINT('',(15.7618440536098,12.2125873002889,2.));
#7449=CARTESIAN_POINT('',(15.7243614079921,12.254837950069,2.));
#7450=CARTESIAN_POINT('',(15.746106859532,12.3188340513889,2.));
#7451=ORIENTED_EDGE('',*,*,#9196,.T.);
#7452=ORIENTED_EDGE('',*,*,#9258,.T.);
#7453=ORIENTED_EDGE('',*,*,#9244,.F.);
#7454=ORIENTED_EDGE('',*,*,#9259,.F.);
#7455=ORIENTED_EDGE('',*,*,#9197,.T.);
#7456=ORIENTED_EDGE('',*,*,#9259,.T.);
#7457=ORIENTED_EDGE('',*,*,#9243,.F.);
#7458=ORIENTED_EDGE('',*,*,#9260,.F.);
#7459=CARTESIAN_POINT('',(16.1252051647209,11.6354924605934,2.));
#7460=CARTESIAN_POINT('',(16.1662431493009,11.7562361793866,2.));
#7461=CARTESIAN_POINT('',(16.0972585543431,11.8334889951,2.));
#7462=ORIENTED_EDGE('',*,*,#9198,.T.);
#7463=ORIENTED_EDGE('',*,*,#9260,.T.);
#7464=ORIENTED_EDGE('',*,*,#9242,.F.);
#7465=ORIENTED_EDGE('',*,*,#9261,.F.);
#7466=CARTESIAN_POINT('',(15.9864642885564,11.4489749979145,2.));
#7467=CARTESIAN_POINT('',(16.0878878862099,11.5256352750776,2.));
#7468=CARTESIAN_POINT('',(16.1252051647209,11.6354924605934,2.));
#7469=ORIENTED_EDGE('',*,*,#9199,.T.);
#7470=ORIENTED_EDGE('',*,*,#9261,.T.);
#7471=ORIENTED_EDGE('',*,*,#9241,.F.);
#7472=ORIENTED_EDGE('',*,*,#9262,.F.);
#7473=CARTESIAN_POINT('',(15.7753212574788,11.3723147207513,2.));
#7474=CARTESIAN_POINT('',(15.8850406639877,11.3723147207513,2.));
#7475=CARTESIAN_POINT('',(15.9864642885564,11.4489749979145,2.));
#7476=ORIENTED_EDGE('',*,*,#9200,.T.);
#7477=ORIENTED_EDGE('',*,*,#9262,.T.);
#7478=ORIENTED_EDGE('',*,*,#9240,.F.);
#7479=ORIENTED_EDGE('',*,*,#9263,.F.);
#7480=ORIENTED_EDGE('',*,*,#9201,.T.);
#7481=ORIENTED_EDGE('',*,*,#9263,.T.);
#7482=ORIENTED_EDGE('',*,*,#9239,.F.);
#7483=ORIENTED_EDGE('',*,*,#9264,.F.);
#7484=CARTESIAN_POINT('',(15.4588410213031,11.4097146828157,2.));
#7485=CARTESIAN_POINT('',(15.5257309931587,11.3723147207513,2.));
#7486=CARTESIAN_POINT('',(15.610122047981,11.3723147207513,2.));
#7487=ORIENTED_EDGE('',*,*,#9202,.T.);
#7488=ORIENTED_EDGE('',*,*,#9264,.T.);
#7489=ORIENTED_EDGE('',*,*,#9238,.F.);
#7490=ORIENTED_EDGE('',*,*,#9265,.F.);
#7491=CARTESIAN_POINT('',(15.3663195247321,11.5170638543779,2.));
#7492=CARTESIAN_POINT('',(15.3879822927187,11.449512441011,2.));
#7493=CARTESIAN_POINT('',(15.4588410213031,11.4097146828157,2.));
#7494=ORIENTED_EDGE('',*,*,#9203,.T.);
#7495=ORIENTED_EDGE('',*,*,#9265,.T.);
#7496=ORIENTED_EDGE('',*,*,#9237,.F.);
#7497=ORIENTED_EDGE('',*,*,#9266,.F.);
#7498=CARTESIAN_POINT('',(15.3657683279586,11.5544362552579,2.));
#7499=CARTESIAN_POINT('',(15.3596222645743,11.536356387418,2.));
#7500=CARTESIAN_POINT('',(15.3663195247321,11.5170638543779,2.));
#7501=ORIENTED_EDGE('',*,*,#9204,.T.);
#7502=ORIENTED_EDGE('',*,*,#9266,.T.);
#7503=ORIENTED_EDGE('',*,*,#9236,.F.);
#7504=ORIENTED_EDGE('',*,*,#9267,.F.);
#7505=CARTESIAN_POINT('',(15.3987861155276,11.5966455632612,2.));
#7506=CARTESIAN_POINT('',(15.3739538651609,11.5785519417443,2.));
#7507=CARTESIAN_POINT('',(15.3657683279586,11.5544362552579,2.));
#7508=ORIENTED_EDGE('',*,*,#9205,.T.);
#7509=ORIENTED_EDGE('',*,*,#9267,.T.);
#7510=ORIENTED_EDGE('',*,*,#9235,.F.);
#7511=ORIENTED_EDGE('',*,*,#9268,.F.);
#7512=CARTESIAN_POINT('',(15.4477340254654,11.6147392116934,2.));
#7513=CARTESIAN_POINT('',(15.4236183658942,11.6147392116934,2.));
#7514=CARTESIAN_POINT('',(15.3987861155276,11.5966455632612,2.));
#7515=ORIENTED_EDGE('',*,*,#9206,.T.);
#7516=ORIENTED_EDGE('',*,*,#9268,.T.);
#7517=ORIENTED_EDGE('',*,*,#9234,.F.);
#7518=ORIENTED_EDGE('',*,*,#9269,.F.);
#7519=CARTESIAN_POINT('',(15.4873664165542,11.5894108600068,2.));
#7520=CARTESIAN_POINT('',(15.473062377152,11.6147392116934,2.));
#7521=CARTESIAN_POINT('',(15.4477340254654,11.6147392116934,2.));
#7522=ORIENTED_EDGE('',*,*,#9207,.T.);
#7523=ORIENTED_EDGE('',*,*,#9269,.T.);
#7524=ORIENTED_EDGE('',*,*,#9233,.F.);
#7525=ORIENTED_EDGE('',*,*,#9270,.F.);
#7526=CARTESIAN_POINT('',(15.6508844207165,11.4922591651957,2.));
#7527=CARTESIAN_POINT('',(15.5387396838074,11.4922591651957,2.));
#7528=CARTESIAN_POINT('',(15.4873664165542,11.5894108600068,2.));
#7529=ORIENTED_EDGE('',*,*,#9208,.T.);
#7530=ORIENTED_EDGE('',*,*,#9270,.T.);
#7531=ORIENTED_EDGE('',*,*,#9232,.F.);
#7532=ORIENTED_EDGE('',*,*,#9271,.F.);
#7533=ORIENTED_EDGE('',*,*,#9209,.T.);
#7534=ORIENTED_EDGE('',*,*,#9271,.T.);
#7535=ORIENTED_EDGE('',*,*,#9231,.F.);
#7536=ORIENTED_EDGE('',*,*,#9272,.F.);
#7537=CARTESIAN_POINT('',(15.9282972969997,11.5333109303679,2.));
#7538=CARTESIAN_POINT('',(15.8739612562497,11.4922591651957,2.));
#7539=CARTESIAN_POINT('',(15.8160836302144,11.4922591651957,2.));
#7540=ORIENTED_EDGE('',*,*,#9210,.T.);
#7541=ORIENTED_EDGE('',*,*,#9272,.T.);
#7542=ORIENTED_EDGE('',*,*,#9230,.F.);
#7543=ORIENTED_EDGE('',*,*,#9273,.F.);
#7544=CARTESIAN_POINT('',(16.0023392885564,11.6322954170289,2.));
#7545=CARTESIAN_POINT('',(15.9826333377498,11.57436269554,2.));
#7546=CARTESIAN_POINT('',(15.9282972969997,11.5333109303679,2.));
#7547=ORIENTED_EDGE('',*,*,#9211,.T.);
#7548=ORIENTED_EDGE('',*,*,#9273,.T.);
#7549=ORIENTED_EDGE('',*,*,#9229,.F.);
#7550=ORIENTED_EDGE('',*,*,#9274,.F.);
#7551=CARTESIAN_POINT('',(15.9878147596787,11.7385421681289,2.));
#7552=CARTESIAN_POINT('',(16.0244981309476,11.6975041835489,2.));
#7553=CARTESIAN_POINT('',(16.0023392885564,11.6322954170289,2.));
#7554=ORIENTED_EDGE('',*,*,#9212,.T.);
#7555=ORIENTED_EDGE('',*,*,#9274,.T.);
#7556=ORIENTED_EDGE('',*,*,#9228,.F.);
#7557=ORIENTED_EDGE('',*,*,#9275,.F.);
#7558=ORIENTED_EDGE('',*,*,#9213,.T.);
#7559=ORIENTED_EDGE('',*,*,#9275,.T.);
#7560=ORIENTED_EDGE('',*,*,#9227,.F.);
#7561=ORIENTED_EDGE('',*,*,#9276,.F.);
#7562=CARTESIAN_POINT('',(15.6244536485676,12.3156370078244,2.));
#7563=CARTESIAN_POINT('',(15.5838290817543,12.1961059542313,2.));
#7564=CARTESIAN_POINT('',(15.6524002589454,12.1176404733178,2.));
#7565=ORIENTED_EDGE('',*,*,#9214,.T.);
#7566=ORIENTED_EDGE('',*,*,#9276,.T.);
#7567=ORIENTED_EDGE('',*,*,#9226,.F.);
#7568=ORIENTED_EDGE('',*,*,#9277,.F.);
#7569=CARTESIAN_POINT('',(15.7631807441399,12.5021544705033,2.));
#7570=CARTESIAN_POINT('',(15.6617709270786,12.4254941933401,2.));
#7571=CARTESIAN_POINT('',(15.6244536485676,12.3156370078244,2.));
#7572=ORIENTED_EDGE('',*,*,#9215,.T.);
#7573=ORIENTED_EDGE('',*,*,#9277,.T.);
#7574=ORIENTED_EDGE('',*,*,#9225,.F.);
#7575=ORIENTED_EDGE('',*,*,#9278,.F.);
#7576=CARTESIAN_POINT('',(15.9743375558097,12.5788147207513,2.));
#7577=CARTESIAN_POINT('',(15.8645905881164,12.5788147207513,2.));
#7578=CARTESIAN_POINT('',(15.7631807441399,12.5021544705033,2.));
#7579=ORIENTED_EDGE('',*,*,#9216,.T.);
#7580=ORIENTED_EDGE('',*,*,#9278,.T.);
#7581=ORIENTED_EDGE('',*,*,#9224,.F.);
#7582=ORIENTED_EDGE('',*,*,#9279,.F.);
#7583=ORIENTED_EDGE('',*,*,#9217,.T.);
#7584=ORIENTED_EDGE('',*,*,#9279,.T.);
#7585=ORIENTED_EDGE('',*,*,#9223,.F.);
#7586=ORIENTED_EDGE('',*,*,#9280,.F.);
#7587=CARTESIAN_POINT('',(16.2903217175807,12.5400642875646,2.));
#7588=CARTESIAN_POINT('',(16.2239278201298,12.5788147207513,2.));
#7589=CARTESIAN_POINT('',(16.1395092041231,12.5788147207513,2.));
#7590=ORIENTED_EDGE('',*,*,#9218,.T.);
#7591=ORIENTED_EDGE('',*,*,#9280,.T.);
#7592=ORIENTED_EDGE('',*,*,#9222,.F.);
#7593=ORIENTED_EDGE('',*,*,#9220,.F.);
#7594=CARTESIAN_POINT('',(16.3831463602653,12.4334868291666,2.));
#7595=CARTESIAN_POINT('',(16.3611528580655,12.5001011891778,2.));
#7596=CARTESIAN_POINT('',(16.2903217175807,12.5400642875646,2.));
#7597=ORIENTED_EDGE('',*,*,#9281,.F.);
#7598=ORIENTED_EDGE('',*,*,#9282,.F.);
#7599=ORIENTED_EDGE('',*,*,#9283,.F.);
#7600=ORIENTED_EDGE('',*,*,#9284,.F.);
#7601=ORIENTED_EDGE('',*,*,#9285,.F.);
#7602=ORIENTED_EDGE('',*,*,#9286,.F.);
#7603=ORIENTED_EDGE('',*,*,#9287,.F.);
#7604=ORIENTED_EDGE('',*,*,#9288,.F.);
#7605=ORIENTED_EDGE('',*,*,#9289,.F.);
#7606=ORIENTED_EDGE('',*,*,#9290,.F.);
#7607=ORIENTED_EDGE('',*,*,#9291,.F.);
#7608=ORIENTED_EDGE('',*,*,#9292,.F.);
#7609=ORIENTED_EDGE('',*,*,#9293,.T.);
#7610=ORIENTED_EDGE('',*,*,#9294,.T.);
#7611=ORIENTED_EDGE('',*,*,#9295,.T.);
#7612=ORIENTED_EDGE('',*,*,#9296,.T.);
#7613=ORIENTED_EDGE('',*,*,#9297,.T.);
#7614=ORIENTED_EDGE('',*,*,#9298,.T.);
#7615=ORIENTED_EDGE('',*,*,#9299,.T.);
#7616=ORIENTED_EDGE('',*,*,#9300,.T.);
#7617=ORIENTED_EDGE('',*,*,#9301,.T.);
#7618=ORIENTED_EDGE('',*,*,#9302,.T.);
#7619=ORIENTED_EDGE('',*,*,#9303,.T.);
#7620=ORIENTED_EDGE('',*,*,#9304,.T.);
#7621=ORIENTED_EDGE('',*,*,#9281,.T.);
#7622=ORIENTED_EDGE('',*,*,#9305,.T.);
#7623=ORIENTED_EDGE('',*,*,#9306,.F.);
#7624=ORIENTED_EDGE('',*,*,#9307,.F.);
#7625=CARTESIAN_POINT('',(12.3551134783396,11.3723147207513,2.));
#7626=CARTESIAN_POINT('',(12.4554071212615,11.3723147207513,2.));
#7627=CARTESIAN_POINT('',(12.5500783363883,11.4428978374913,2.));
#7628=ORIENTED_EDGE('',*,*,#9282,.T.);
#7629=ORIENTED_EDGE('',*,*,#9307,.T.);
#7630=ORIENTED_EDGE('',*,*,#9308,.F.);
#7631=ORIENTED_EDGE('',*,*,#9309,.F.);
#7632=ORIENTED_EDGE('',*,*,#9283,.T.);
#7633=ORIENTED_EDGE('',*,*,#9309,.T.);
#7634=ORIENTED_EDGE('',*,*,#9310,.F.);
#7635=ORIENTED_EDGE('',*,*,#9311,.F.);
#7636=CARTESIAN_POINT('',(11.966479164826,11.4428978374913,2.));
#7637=CARTESIAN_POINT('',(12.0131670845551,11.3723147207513,2.));
#7638=CARTESIAN_POINT('',(12.1134607005618,11.3723147207513,2.));
#7639=ORIENTED_EDGE('',*,*,#9284,.T.);
#7640=ORIENTED_EDGE('',*,*,#9311,.T.);
#7641=ORIENTED_EDGE('',*,*,#9312,.F.);
#7642=ORIENTED_EDGE('',*,*,#9313,.F.);
#7643=CARTESIAN_POINT('',(11.9538012083905,11.6136092300466,2.));
#7644=CARTESIAN_POINT('',(11.9197912181817,11.5134809542313,2.));
#7645=CARTESIAN_POINT('',(11.966479164826,11.4428978374913,2.));
#7646=ORIENTED_EDGE('',*,*,#9285,.T.);
#7647=ORIENTED_EDGE('',*,*,#9313,.T.);
#7648=ORIENTED_EDGE('',*,*,#9314,.F.);
#7649=ORIENTED_EDGE('',*,*,#9315,.F.);
#7650=ORIENTED_EDGE('',*,*,#9286,.T.);
#7651=ORIENTED_EDGE('',*,*,#9315,.T.);
#7652=ORIENTED_EDGE('',*,*,#9316,.F.);
#7653=ORIENTED_EDGE('',*,*,#9317,.F.);
#7654=CARTESIAN_POINT('',(12.3289169762584,12.5076252848688,2.));
#7655=CARTESIAN_POINT('',(12.2334327061907,12.4364358220712,2.));
#7656=CARTESIAN_POINT('',(12.1998361606637,12.3375202383712,2.));
#7657=ORIENTED_EDGE('',*,*,#9287,.T.);
#7658=ORIENTED_EDGE('',*,*,#9317,.T.);
#7659=ORIENTED_EDGE('',*,*,#9318,.F.);
#7660=ORIENTED_EDGE('',*,*,#9319,.F.);
#7661=CARTESIAN_POINT('',(12.5234821971327,12.5788147207513,2.));
#7662=CARTESIAN_POINT('',(12.4244012463261,12.5788147207513,2.));
#7663=CARTESIAN_POINT('',(12.3289169762584,12.5076252848688,2.));
#7664=ORIENTED_EDGE('',*,*,#9288,.T.);
#7665=ORIENTED_EDGE('',*,*,#9319,.T.);
#7666=ORIENTED_EDGE('',*,*,#9320,.F.);
#7667=ORIENTED_EDGE('',*,*,#9321,.F.);
#7668=ORIENTED_EDGE('',*,*,#9289,.T.);
#7669=ORIENTED_EDGE('',*,*,#9321,.T.);
#7670=ORIENTED_EDGE('',*,*,#9322,.F.);
#7671=ORIENTED_EDGE('',*,*,#9323,.F.);
#7672=CARTESIAN_POINT('',(12.9113034826206,12.5076252848688,2.));
#7673=CARTESIAN_POINT('',(12.8642159257171,12.5788147207513,2.));
#7674=CARTESIAN_POINT('',(12.7651349749105,12.5788147207513,2.));
#7675=ORIENTED_EDGE('',*,*,#9290,.T.);
#7676=ORIENTED_EDGE('',*,*,#9323,.T.);
#7677=ORIENTED_EDGE('',*,*,#9324,.F.);
#7678=ORIENTED_EDGE('',*,*,#9325,.F.);
#7679=CARTESIAN_POINT('',(12.924794493997,12.3375202383712,2.));
#7680=CARTESIAN_POINT('',(12.958391039524,12.4364358220712,2.));
#7681=CARTESIAN_POINT('',(12.9113034826206,12.5076252848688,2.));
#7682=ORIENTED_EDGE('',*,*,#9291,.T.);
#7683=ORIENTED_EDGE('',*,*,#9325,.T.);
#7684=ORIENTED_EDGE('',*,*,#9326,.F.);
#7685=ORIENTED_EDGE('',*,*,#9327,.F.);
#7686=ORIENTED_EDGE('',*,*,#9292,.T.);
#7687=ORIENTED_EDGE('',*,*,#9327,.T.);
#7688=ORIENTED_EDGE('',*,*,#9328,.F.);
#7689=ORIENTED_EDGE('',*,*,#9305,.F.);
#7690=CARTESIAN_POINT('',(12.5500783363883,11.4428978374913,2.));
#7691=CARTESIAN_POINT('',(12.644749551515,11.5134809542313,2.));
#7692=CARTESIAN_POINT('',(12.6787595417238,11.6136092300466,2.));
#7693=ORIENTED_EDGE('',*,*,#9329,.F.);
#7694=ORIENTED_EDGE('',*,*,#9330,.F.);
#7695=ORIENTED_EDGE('',*,*,#9293,.F.);
#7696=ORIENTED_EDGE('',*,*,#9331,.T.);
#7697=CARTESIAN_POINT('',(12.805015389744,12.3380439008756,2.));
#7698=CARTESIAN_POINT('',(12.8218550311994,12.3875705956866,2.));
#7699=CARTESIAN_POINT('',(12.7981941042562,12.4232204494544,2.));
#7700=ORIENTED_EDGE('',*,*,#9332,.F.);
#7701=ORIENTED_EDGE('',*,*,#9333,.F.);
#7702=ORIENTED_EDGE('',*,*,#9294,.F.);
#7703=ORIENTED_EDGE('',*,*,#9330,.T.);
#7704=CARTESIAN_POINT('',(12.7981941042562,12.4232204494544,2.));
#7705=CARTESIAN_POINT('',(12.7745332042282,12.4588702763068,2.));
#7706=CARTESIAN_POINT('',(12.724813581126,12.4588702763068,2.));
#7707=ORIENTED_EDGE('',*,*,#9334,.F.);
#7708=ORIENTED_EDGE('',*,*,#9335,.F.);
#7709=ORIENTED_EDGE('',*,*,#9295,.F.);
#7710=ORIENTED_EDGE('',*,*,#9333,.T.);
#7711=ORIENTED_EDGE('',*,*,#9336,.F.);
#7712=ORIENTED_EDGE('',*,*,#9337,.F.);
#7713=ORIENTED_EDGE('',*,*,#9296,.F.);
#7714=ORIENTED_EDGE('',*,*,#9335,.T.);
#7715=CARTESIAN_POINT('',(12.4822788454462,12.4588702763068,2.));
#7716=CARTESIAN_POINT('',(12.4325592492593,12.4588702763068,2.));
#7717=CARTESIAN_POINT('',(12.3846724180071,12.4232204494544,2.));
#7718=ORIENTED_EDGE('',*,*,#9338,.F.);
#7719=ORIENTED_EDGE('',*,*,#9339,.F.);
#7720=ORIENTED_EDGE('',*,*,#9297,.F.);
#7721=ORIENTED_EDGE('',*,*,#9337,.T.);
#7722=CARTESIAN_POINT('',(12.3846724180071,12.4232204494544,2.));
#7723=CARTESIAN_POINT('',(12.3367855867549,12.3875705956866,2.));
#7724=CARTESIAN_POINT('',(12.3199459452995,12.3380439008756,2.));
#7725=ORIENTED_EDGE('',*,*,#9340,.F.);
#7726=ORIENTED_EDGE('',*,*,#9341,.F.);
#7727=ORIENTED_EDGE('',*,*,#9298,.F.);
#7728=ORIENTED_EDGE('',*,*,#9339,.T.);
#7729=ORIENTED_EDGE('',*,*,#9342,.F.);
#7730=ORIENTED_EDGE('',*,*,#9343,.F.);
#7731=ORIENTED_EDGE('',*,*,#9299,.F.);
#7732=ORIENTED_EDGE('',*,*,#9341,.T.);
#7733=CARTESIAN_POINT('',(12.0735802857283,11.6130855675422,2.));
#7734=CARTESIAN_POINT('',(12.0567406711882,11.5635588727311,2.));
#7735=CARTESIAN_POINT('',(12.0804015712161,11.5279090189634,2.));
#7736=ORIENTED_EDGE('',*,*,#9344,.F.);
#7737=ORIENTED_EDGE('',*,*,#9345,.F.);
#7738=ORIENTED_EDGE('',*,*,#9300,.F.);
#7739=ORIENTED_EDGE('',*,*,#9343,.T.);
#7740=CARTESIAN_POINT('',(12.0804015712161,11.5279090189634,2.));
#7741=CARTESIAN_POINT('',(12.1040624981593,11.4922591651957,2.));
#7742=CARTESIAN_POINT('',(12.1537821212615,11.4922591651957,2.));
#7743=ORIENTED_EDGE('',*,*,#9346,.F.);
#7744=ORIENTED_EDGE('',*,*,#9347,.F.);
#7745=ORIENTED_EDGE('',*,*,#9301,.F.);
#7746=ORIENTED_EDGE('',*,*,#9345,.T.);
#7747=ORIENTED_EDGE('',*,*,#9348,.F.);
#7748=ORIENTED_EDGE('',*,*,#9349,.F.);
#7749=ORIENTED_EDGE('',*,*,#9302,.F.);
#7750=ORIENTED_EDGE('',*,*,#9347,.T.);
#7751=CARTESIAN_POINT('',(12.3963168300261,11.4922591651957,2.));
#7752=CARTESIAN_POINT('',(12.4460364531283,11.4922591651957,2.));
#7753=CARTESIAN_POINT('',(12.4939232843804,11.5279090189634,2.));
#7754=ORIENTED_EDGE('',*,*,#9350,.F.);
#7755=ORIENTED_EDGE('',*,*,#9351,.F.);
#7756=ORIENTED_EDGE('',*,*,#9303,.F.);
#7757=ORIENTED_EDGE('',*,*,#9349,.T.);
#7758=CARTESIAN_POINT('',(12.4939232843804,11.5279090189634,2.));
#7759=CARTESIAN_POINT('',(12.5418101156326,11.5635588727311,2.));
#7760=CARTESIAN_POINT('',(12.5586497301728,11.6130855675422,2.));
#7761=ORIENTED_EDGE('',*,*,#9352,.F.);
#7762=ORIENTED_EDGE('',*,*,#9331,.F.);
#7763=ORIENTED_EDGE('',*,*,#9304,.F.);
#7764=ORIENTED_EDGE('',*,*,#9351,.T.);
#7765=ORIENTED_EDGE('',*,*,#9328,.T.);
#7766=ORIENTED_EDGE('',*,*,#9326,.T.);
#7767=ORIENTED_EDGE('',*,*,#9324,.T.);
#7768=ORIENTED_EDGE('',*,*,#9322,.T.);
#7769=ORIENTED_EDGE('',*,*,#9320,.T.);
#7770=ORIENTED_EDGE('',*,*,#9318,.T.);
#7771=ORIENTED_EDGE('',*,*,#9316,.T.);
#7772=ORIENTED_EDGE('',*,*,#9314,.T.);
#7773=ORIENTED_EDGE('',*,*,#9312,.T.);
#7774=ORIENTED_EDGE('',*,*,#9310,.T.);
#7775=ORIENTED_EDGE('',*,*,#9308,.T.);
#7776=ORIENTED_EDGE('',*,*,#9306,.T.);
#7777=ORIENTED_EDGE('',*,*,#9329,.T.);
#7778=ORIENTED_EDGE('',*,*,#9352,.T.);
#7779=ORIENTED_EDGE('',*,*,#9350,.T.);
#7780=ORIENTED_EDGE('',*,*,#9348,.T.);
#7781=ORIENTED_EDGE('',*,*,#9346,.T.);
#7782=ORIENTED_EDGE('',*,*,#9344,.T.);
#7783=ORIENTED_EDGE('',*,*,#9342,.T.);
#7784=ORIENTED_EDGE('',*,*,#9340,.T.);
#7785=ORIENTED_EDGE('',*,*,#9338,.T.);
#7786=ORIENTED_EDGE('',*,*,#9336,.T.);
#7787=ORIENTED_EDGE('',*,*,#9334,.T.);
#7788=ORIENTED_EDGE('',*,*,#9332,.T.);
#7789=ORIENTED_EDGE('',*,*,#9353,.F.);
#7790=ORIENTED_EDGE('',*,*,#9354,.F.);
#7791=ORIENTED_EDGE('',*,*,#9355,.F.);
#7792=ORIENTED_EDGE('',*,*,#9356,.F.);
#7793=ORIENTED_EDGE('',*,*,#9357,.F.);
#7794=ORIENTED_EDGE('',*,*,#9358,.F.);
#7795=ORIENTED_EDGE('',*,*,#9359,.F.);
#7796=ORIENTED_EDGE('',*,*,#9360,.F.);
#7797=ORIENTED_EDGE('',*,*,#9361,.F.);
#7798=ORIENTED_EDGE('',*,*,#9362,.F.);
#7799=ORIENTED_EDGE('',*,*,#9363,.F.);
#7800=ORIENTED_EDGE('',*,*,#9364,.F.);
#7801=ORIENTED_EDGE('',*,*,#9365,.F.);
#7802=ORIENTED_EDGE('',*,*,#9366,.F.);
#7803=ORIENTED_EDGE('',*,*,#9367,.F.);
#7804=ORIENTED_EDGE('',*,*,#9368,.F.);
#7805=ORIENTED_EDGE('',*,*,#9369,.F.);
#7806=ORIENTED_EDGE('',*,*,#9370,.F.);
#7807=ORIENTED_EDGE('',*,*,#9371,.T.);
#7808=ORIENTED_EDGE('',*,*,#9372,.T.);
#7809=ORIENTED_EDGE('',*,*,#9373,.T.);
#7810=ORIENTED_EDGE('',*,*,#9374,.T.);
#7811=ORIENTED_EDGE('',*,*,#9375,.T.);
#7812=ORIENTED_EDGE('',*,*,#9376,.T.);
#7813=ORIENTED_EDGE('',*,*,#9377,.T.);
#7814=ORIENTED_EDGE('',*,*,#9378,.T.);
#7815=ORIENTED_EDGE('',*,*,#9353,.T.);
#7816=ORIENTED_EDGE('',*,*,#9379,.T.);
#7817=ORIENTED_EDGE('',*,*,#9380,.F.);
#7818=ORIENTED_EDGE('',*,*,#9381,.F.);
#7819=CARTESIAN_POINT('',(17.2707681644034,11.5277849936335,2.));
#7820=CARTESIAN_POINT('',(17.247782486479,11.5633108220712,2.));
#7821=CARTESIAN_POINT('',(17.2645669786503,11.6126997109601,2.));
#7822=ORIENTED_EDGE('',*,*,#9354,.T.);
#7823=ORIENTED_EDGE('',*,*,#9381,.T.);
#7824=ORIENTED_EDGE('',*,*,#9382,.F.);
#7825=ORIENTED_EDGE('',*,*,#9383,.F.);
#7826=CARTESIAN_POINT('',(17.3433356595078,11.4922591651957,2.));
#7827=CARTESIAN_POINT('',(17.2937538423279,11.4922591651957,2.));
#7828=CARTESIAN_POINT('',(17.2707681644034,11.5277849936335,2.));
#7829=ORIENTED_EDGE('',*,*,#9355,.T.);
#7830=ORIENTED_EDGE('',*,*,#9383,.T.);
#7831=ORIENTED_EDGE('',*,*,#9384,.F.);
#7832=ORIENTED_EDGE('',*,*,#9385,.F.);
#7833=ORIENTED_EDGE('',*,*,#9356,.T.);
#7834=ORIENTED_EDGE('',*,*,#9385,.T.);
#7835=ORIENTED_EDGE('',*,*,#9386,.F.);
#7836=ORIENTED_EDGE('',*,*,#9387,.F.);
#7837=CARTESIAN_POINT('',(17.8065218464902,11.4322869429735,2.));
#7838=CARTESIAN_POINT('',(17.8268892388081,11.4922591651957,2.));
#7839=CARTESIAN_POINT('',(17.7664485033656,11.4922591651957,2.));
#7840=ORIENTED_EDGE('',*,*,#9357,.T.);
#7841=ORIENTED_EDGE('',*,*,#9387,.T.);
#7842=ORIENTED_EDGE('',*,*,#9388,.F.);
#7843=ORIENTED_EDGE('',*,*,#9389,.F.);
#7844=CARTESIAN_POINT('',(17.7257688141834,11.3723147207513,2.));
#7845=CARTESIAN_POINT('',(17.7861268660726,11.3723147207513,2.));
#7846=CARTESIAN_POINT('',(17.8065218464902,11.4322869429735,2.));
#7847=ORIENTED_EDGE('',*,*,#9358,.T.);
#7848=ORIENTED_EDGE('',*,*,#9389,.T.);
#7849=ORIENTED_EDGE('',*,*,#9390,.F.);
#7850=ORIENTED_EDGE('',*,*,#9391,.F.);
#7851=ORIENTED_EDGE('',*,*,#9359,.T.);
#7852=ORIENTED_EDGE('',*,*,#9391,.T.);
#7853=ORIENTED_EDGE('',*,*,#9392,.F.);
#7854=ORIENTED_EDGE('',*,*,#9393,.F.);
#7855=CARTESIAN_POINT('',(17.1569421952436,11.4428565226298,2.));
#7856=CARTESIAN_POINT('',(17.2029962346458,11.3723147207513,2.));
#7857=CARTESIAN_POINT('',(17.3031796059147,11.3723147207513,2.));
#7858=ORIENTED_EDGE('',*,*,#9360,.T.);
#7859=ORIENTED_EDGE('',*,*,#9393,.T.);
#7860=ORIENTED_EDGE('',*,*,#9394,.F.);
#7861=ORIENTED_EDGE('',*,*,#9395,.F.);
#7862=CARTESIAN_POINT('',(17.1448981460502,11.6134989853088,2.));
#7863=CARTESIAN_POINT('',(17.1108881558414,11.5133982975932,2.));
#7864=CARTESIAN_POINT('',(17.1569421952436,11.4428565226298,2.));
#7865=ORIENTED_EDGE('',*,*,#9361,.T.);
#7866=ORIENTED_EDGE('',*,*,#9395,.T.);
#7867=ORIENTED_EDGE('',*,*,#9396,.F.);
#7868=ORIENTED_EDGE('',*,*,#9397,.F.);
#7869=ORIENTED_EDGE('',*,*,#9362,.T.);
#7870=ORIENTED_EDGE('',*,*,#9397,.T.);
#7871=ORIENTED_EDGE('',*,*,#9398,.F.);
#7872=ORIENTED_EDGE('',*,*,#9399,.F.);
#7873=CARTESIAN_POINT('',(17.5188563710869,12.5059027377566,2.));
#7874=CARTESIAN_POINT('',(17.4240060082613,12.4347546167356,2.));
#7875=CARTESIAN_POINT('',(17.3903818746346,12.3358665942201,2.));
#7876=ORIENTED_EDGE('',*,*,#9363,.T.);
#7877=ORIENTED_EDGE('',*,*,#9399,.T.);
#7878=ORIENTED_EDGE('',*,*,#9400,.F.);
#7879=ORIENTED_EDGE('',*,*,#9401,.F.);
#7880=CARTESIAN_POINT('',(17.7127876847191,12.5770508318624,2.));
#7881=CARTESIAN_POINT('',(17.6137067339125,12.5770508318624,2.));
#7882=CARTESIAN_POINT('',(17.5188563710869,12.5059027377566,2.));
#7883=ORIENTED_EDGE('',*,*,#9364,.T.);
#7884=ORIENTED_EDGE('',*,*,#9401,.T.);
#7885=ORIENTED_EDGE('',*,*,#9402,.F.);
#7886=ORIENTED_EDGE('',*,*,#9403,.F.);
#7887=ORIENTED_EDGE('',*,*,#9365,.T.);
#7888=ORIENTED_EDGE('',*,*,#9403,.T.);
#7889=ORIENTED_EDGE('',*,*,#9404,.F.);
#7890=ORIENTED_EDGE('',*,*,#9405,.F.);
#7891=CARTESIAN_POINT('',(18.1026209097558,12.5063850584843,2.));
#7892=CARTESIAN_POINT('',(18.0559467706189,12.5770508318624,2.));
#7893=CARTESIAN_POINT('',(17.955653127697,12.5770508318624,2.));
#7894=ORIENTED_EDGE('',*,*,#9366,.T.);
#7895=ORIENTED_EDGE('',*,*,#9405,.T.);
#7896=ORIENTED_EDGE('',*,*,#9406,.F.);
#7897=ORIENTED_EDGE('',*,*,#9407,.F.);
#7898=CARTESIAN_POINT('',(18.1152024020457,12.3354531764535,2.));
#7899=CARTESIAN_POINT('',(18.1492950758079,12.435719258191,2.));
#7900=CARTESIAN_POINT('',(18.1026209097558,12.5063850584843,2.));
#7901=ORIENTED_EDGE('',*,*,#9367,.T.);
#7902=ORIENTED_EDGE('',*,*,#9407,.T.);
#7903=ORIENTED_EDGE('',*,*,#9408,.F.);
#7904=ORIENTED_EDGE('',*,*,#9409,.F.);
#7905=ORIENTED_EDGE('',*,*,#9368,.T.);
#7906=ORIENTED_EDGE('',*,*,#9409,.T.);
#7907=ORIENTED_EDGE('',*,*,#9410,.F.);
#7908=ORIENTED_EDGE('',*,*,#9411,.F.);
#7909=CARTESIAN_POINT('',(17.9102054343525,11.9138286096402,2.));
#7910=CARTESIAN_POINT('',(17.9719139842792,11.9138286096402,2.));
#7911=CARTESIAN_POINT('',(17.9924467706189,11.9742418108134,2.));
#7912=ORIENTED_EDGE('',*,*,#9369,.T.);
#7913=ORIENTED_EDGE('',*,*,#9411,.T.);
#7914=ORIENTED_EDGE('',*,*,#9412,.F.);
#7915=ORIENTED_EDGE('',*,*,#9413,.F.);
#7916=ORIENTED_EDGE('',*,*,#9370,.T.);
#7917=ORIENTED_EDGE('',*,*,#9413,.T.);
#7918=ORIENTED_EDGE('',*,*,#9414,.F.);
#7919=ORIENTED_EDGE('',*,*,#9379,.F.);
#7920=ORIENTED_EDGE('',*,*,#9415,.F.);
#7921=ORIENTED_EDGE('',*,*,#9416,.F.);
#7922=ORIENTED_EDGE('',*,*,#9371,.F.);
#7923=ORIENTED_EDGE('',*,*,#9417,.T.);
#7924=ORIENTED_EDGE('',*,*,#9418,.F.);
#7925=ORIENTED_EDGE('',*,*,#9419,.F.);
#7926=ORIENTED_EDGE('',*,*,#9372,.F.);
#7927=ORIENTED_EDGE('',*,*,#9416,.T.);
#7928=CARTESIAN_POINT('',(17.9955060082613,12.3361422060645,2.));
#7929=CARTESIAN_POINT('',(18.0123456228014,12.3857515844289,2.));
#7930=CARTESIAN_POINT('',(17.9886985033656,12.421428999381,2.));
#7931=ORIENTED_EDGE('',*,*,#9420,.F.);
#7932=ORIENTED_EDGE('',*,*,#9421,.F.);
#7933=ORIENTED_EDGE('',*,*,#9373,.F.);
#7934=ORIENTED_EDGE('',*,*,#9419,.T.);
#7935=CARTESIAN_POINT('',(17.9886985033656,12.421428999381,2.));
#7936=CARTESIAN_POINT('',(17.9650513570147,12.457106387418,2.));
#7937=CARTESIAN_POINT('',(17.9153317339125,12.457106387418,2.));
#7938=ORIENTED_EDGE('',*,*,#9422,.F.);
#7939=ORIENTED_EDGE('',*,*,#9423,.F.);
#7940=ORIENTED_EDGE('',*,*,#9374,.F.);
#7941=ORIENTED_EDGE('',*,*,#9421,.T.);
#7942=ORIENTED_EDGE('',*,*,#9424,.F.);
#7943=ORIENTED_EDGE('',*,*,#9425,.F.);
#7944=ORIENTED_EDGE('',*,*,#9375,.F.);
#7945=ORIENTED_EDGE('',*,*,#9423,.T.);
#7946=CARTESIAN_POINT('',(17.6715843330326,12.457106387418,2.));
#7947=CARTESIAN_POINT('',(17.6218647368456,12.457106387418,2.));
#7948=CARTESIAN_POINT('',(17.5745704441437,12.421428999381,2.));
#7949=ORIENTED_EDGE('',*,*,#9426,.F.);
#7950=ORIENTED_EDGE('',*,*,#9427,.F.);
#7951=ORIENTED_EDGE('',*,*,#9376,.F.);
#7952=ORIENTED_EDGE('',*,*,#9425,.T.);
#7953=CARTESIAN_POINT('',(17.5745704441437,12.421428999381,2.));
#7954=CARTESIAN_POINT('',(17.527276178357,12.3857515844289,2.));
#7955=CARTESIAN_POINT('',(17.5104365638168,12.3361422060645,2.));
#7956=ORIENTED_EDGE('',*,*,#9428,.F.);
#7957=ORIENTED_EDGE('',*,*,#9429,.F.);
#7958=ORIENTED_EDGE('',*,*,#9377,.F.);
#7959=ORIENTED_EDGE('',*,*,#9427,.T.);
#7960=ORIENTED_EDGE('',*,*,#9430,.F.);
#7961=ORIENTED_EDGE('',*,*,#9417,.F.);
#7962=ORIENTED_EDGE('',*,*,#9378,.F.);
#7963=ORIENTED_EDGE('',*,*,#9429,.T.);
#7964=ORIENTED_EDGE('',*,*,#9414,.T.);
#7965=ORIENTED_EDGE('',*,*,#9412,.T.);
#7966=ORIENTED_EDGE('',*,*,#9410,.T.);
#7967=ORIENTED_EDGE('',*,*,#9408,.T.);
#7968=ORIENTED_EDGE('',*,*,#9406,.T.);
#7969=ORIENTED_EDGE('',*,*,#9404,.T.);
#7970=ORIENTED_EDGE('',*,*,#9402,.T.);
#7971=ORIENTED_EDGE('',*,*,#9400,.T.);
#7972=ORIENTED_EDGE('',*,*,#9398,.T.);
#7973=ORIENTED_EDGE('',*,*,#9396,.T.);
#7974=ORIENTED_EDGE('',*,*,#9394,.T.);
#7975=ORIENTED_EDGE('',*,*,#9392,.T.);
#7976=ORIENTED_EDGE('',*,*,#9390,.T.);
#7977=ORIENTED_EDGE('',*,*,#9388,.T.);
#7978=ORIENTED_EDGE('',*,*,#9386,.T.);
#7979=ORIENTED_EDGE('',*,*,#9384,.T.);
#7980=ORIENTED_EDGE('',*,*,#9382,.T.);
#7981=ORIENTED_EDGE('',*,*,#9380,.T.);
#7982=ORIENTED_EDGE('',*,*,#9415,.T.);
#7983=ORIENTED_EDGE('',*,*,#9430,.T.);
#7984=ORIENTED_EDGE('',*,*,#9428,.T.);
#7985=ORIENTED_EDGE('',*,*,#9426,.T.);
#7986=ORIENTED_EDGE('',*,*,#9424,.T.);
#7987=ORIENTED_EDGE('',*,*,#9422,.T.);
#7988=ORIENTED_EDGE('',*,*,#9420,.T.);
#7989=ORIENTED_EDGE('',*,*,#9418,.T.);
#7990=ORIENTED_EDGE('',*,*,#9431,.T.);
#7991=ORIENTED_EDGE('',*,*,#9432,.T.);
#7992=ORIENTED_EDGE('',*,*,#9433,.F.);
#7993=ORIENTED_EDGE('',*,*,#9434,.F.);
#7994=CARTESIAN_POINT('',(18.9286307230034,12.3334688250043,2.));
#7995=CARTESIAN_POINT('',(18.9913314486546,12.3334688250043,2.));
#7996=CARTESIAN_POINT('',(19.0109822770924,12.3913464241244,2.));
#7997=ORIENTED_EDGE('',*,*,#9435,.F.);
#7998=ORIENTED_EDGE('',*,*,#9436,.F.);
#7999=ORIENTED_EDGE('',*,*,#9437,.F.);
#8000=ORIENTED_EDGE('',*,*,#9438,.F.);
#8001=ORIENTED_EDGE('',*,*,#9439,.F.);
#8002=ORIENTED_EDGE('',*,*,#9440,.F.);
#8003=ORIENTED_EDGE('',*,*,#9441,.F.);
#8004=ORIENTED_EDGE('',*,*,#9442,.F.);
#8005=ORIENTED_EDGE('',*,*,#9443,.F.);
#8006=ORIENTED_EDGE('',*,*,#9444,.F.);
#8007=ORIENTED_EDGE('',*,*,#9445,.F.);
#8008=ORIENTED_EDGE('',*,*,#9446,.F.);
#8009=ORIENTED_EDGE('',*,*,#9431,.F.);
#8010=ORIENTED_EDGE('',*,*,#9446,.T.);
#8011=ORIENTED_EDGE('',*,*,#9447,.T.);
#8012=ORIENTED_EDGE('',*,*,#9448,.F.);
#8013=ORIENTED_EDGE('',*,*,#9432,.F.);
#8014=CARTESIAN_POINT('',(19.0109822770924,12.3913464241244,2.));
#8015=CARTESIAN_POINT('',(19.0146754219768,12.4022053693021,2.));
#8016=CARTESIAN_POINT('',(19.0147305443456,12.4130642875646,2.));
#8017=ORIENTED_EDGE('',*,*,#9433,.T.);
#8018=ORIENTED_EDGE('',*,*,#9448,.T.);
#8019=ORIENTED_EDGE('',*,*,#9449,.T.);
#8020=ORIENTED_EDGE('',*,*,#9450,.T.);
#8021=ORIENTED_EDGE('',*,*,#9451,.T.);
#8022=ORIENTED_EDGE('',*,*,#9452,.T.);
#8023=ORIENTED_EDGE('',*,*,#9453,.T.);
#8024=ORIENTED_EDGE('',*,*,#9454,.T.);
#8025=ORIENTED_EDGE('',*,*,#9455,.T.);
#8026=ORIENTED_EDGE('',*,*,#9456,.T.);
#8027=ORIENTED_EDGE('',*,*,#9457,.T.);
#8028=ORIENTED_EDGE('',*,*,#9458,.T.);
#8029=ORIENTED_EDGE('',*,*,#9459,.T.);
#8030=ORIENTED_EDGE('',*,*,#9435,.T.);
#8031=ORIENTED_EDGE('',*,*,#9434,.T.);
#8032=ORIENTED_EDGE('',*,*,#9459,.F.);
#8033=ORIENTED_EDGE('',*,*,#9460,.F.);
#8034=CARTESIAN_POINT('',(18.8817911898447,12.3961695506556,2.));
#8035=CARTESIAN_POINT('',(18.8972665795855,12.3334688250043,2.));
#8036=CARTESIAN_POINT('',(18.9286307230034,12.3334688250043,2.));
#8037=ORIENTED_EDGE('',*,*,#9436,.T.);
#8038=ORIENTED_EDGE('',*,*,#9460,.T.);
#8039=ORIENTED_EDGE('',*,*,#9458,.F.);
#8040=ORIENTED_EDGE('',*,*,#9461,.F.);
#8041=CARTESIAN_POINT('',(18.7951814865902,12.4588702763068,2.));
#8042=CARTESIAN_POINT('',(18.866315827019,12.4588702763068,2.));
#8043=CARTESIAN_POINT('',(18.8817911898447,12.3961695506556,2.));
#8044=ORIENTED_EDGE('',*,*,#9437,.T.);
#8045=ORIENTED_EDGE('',*,*,#9461,.T.);
#8046=ORIENTED_EDGE('',*,*,#9457,.F.);
#8047=ORIENTED_EDGE('',*,*,#9462,.F.);
#8048=ORIENTED_EDGE('',*,*,#9438,.T.);
#8049=ORIENTED_EDGE('',*,*,#9462,.T.);
#8050=ORIENTED_EDGE('',*,*,#9456,.F.);
#8051=ORIENTED_EDGE('',*,*,#9463,.F.);
#8052=ORIENTED_EDGE('',*,*,#9439,.T.);
#8053=ORIENTED_EDGE('',*,*,#9463,.T.);
#8054=ORIENTED_EDGE('',*,*,#9455,.F.);
#8055=ORIENTED_EDGE('',*,*,#9464,.F.);
#8056=CARTESIAN_POINT('',(18.1247934640747,11.3723147207513,2.));
#8057=CARTESIAN_POINT('',(18.1847656862969,11.3723147207513,2.));
#8058=CARTESIAN_POINT('',(18.2052709114523,11.4326727995557,2.));
#8059=ORIENTED_EDGE('',*,*,#9440,.T.);
#8060=ORIENTED_EDGE('',*,*,#9464,.T.);
#8061=ORIENTED_EDGE('',*,*,#9454,.F.);
#8062=ORIENTED_EDGE('',*,*,#9465,.F.);
#8063=CARTESIAN_POINT('',(18.0853264670078,11.4326452383712,2.));
#8064=CARTESIAN_POINT('',(18.0648212418525,11.3723147207513,2.));
#8065=CARTESIAN_POINT('',(18.1247934640747,11.3723147207513,2.));
#8066=ORIENTED_EDGE('',*,*,#9441,.T.);
#8067=ORIENTED_EDGE('',*,*,#9465,.T.);
#8068=ORIENTED_EDGE('',*,*,#9453,.F.);
#8069=ORIENTED_EDGE('',*,*,#9466,.F.);
#8070=ORIENTED_EDGE('',*,*,#9442,.T.);
#8071=ORIENTED_EDGE('',*,*,#9466,.T.);
#8072=ORIENTED_EDGE('',*,*,#9452,.F.);
#8073=ORIENTED_EDGE('',*,*,#9467,.F.);
#8074=CARTESIAN_POINT('',(18.5348149606457,12.5788147207513,2.));
#8075=CARTESIAN_POINT('',(18.4748427384234,12.5788147207513,2.));
#8076=CARTESIAN_POINT('',(18.4543375401833,12.5184842300466,2.));
#8077=ORIENTED_EDGE('',*,*,#9443,.T.);
#8078=ORIENTED_EDGE('',*,*,#9467,.T.);
#8079=ORIENTED_EDGE('',*,*,#9451,.F.);
#8080=ORIENTED_EDGE('',*,*,#9468,.F.);
#8081=ORIENTED_EDGE('',*,*,#9444,.T.);
#8082=ORIENTED_EDGE('',*,*,#9468,.T.);
#8083=ORIENTED_EDGE('',*,*,#9450,.F.);
#8084=ORIENTED_EDGE('',*,*,#9469,.F.);
#8085=CARTESIAN_POINT('',(18.9655483643401,12.5326366829343,2.));
#8086=CARTESIAN_POINT('',(18.9143266836012,12.5788147207513,2.));
#8087=CARTESIAN_POINT('',(18.8359438593258,12.5788147207513,2.));
#8088=ORIENTED_EDGE('',*,*,#9445,.T.);
#8089=ORIENTED_EDGE('',*,*,#9469,.T.);
#8090=ORIENTED_EDGE('',*,*,#9449,.F.);
#8091=ORIENTED_EDGE('',*,*,#9447,.F.);
#8092=CARTESIAN_POINT('',(19.0147305443456,12.4130642875646,2.));
#8093=CARTESIAN_POINT('',(19.0167700450789,12.4864586182022,2.));
#8094=CARTESIAN_POINT('',(18.9655483643401,12.5326366829343,2.));
#8095=ORIENTED_EDGE('',*,*,#9470,.T.);
#8096=ORIENTED_EDGE('',*,*,#9471,.T.);
#8097=ORIENTED_EDGE('',*,*,#9472,.F.);
#8098=ORIENTED_EDGE('',*,*,#9473,.F.);
#8099=ORIENTED_EDGE('',*,*,#9474,.F.);
#8100=ORIENTED_EDGE('',*,*,#9475,.F.);
#8101=ORIENTED_EDGE('',*,*,#9476,.F.);
#8102=ORIENTED_EDGE('',*,*,#9477,.F.);
#8103=ORIENTED_EDGE('',*,*,#9478,.F.);
#8104=ORIENTED_EDGE('',*,*,#9470,.F.);
#8105=ORIENTED_EDGE('',*,*,#9478,.T.);
#8106=ORIENTED_EDGE('',*,*,#9479,.T.);
#8107=ORIENTED_EDGE('',*,*,#9480,.F.);
#8108=ORIENTED_EDGE('',*,*,#9471,.F.);
#8109=CARTESIAN_POINT('',(12.0022255301845,12.5190078656357,2.));
#8110=CARTESIAN_POINT('',(12.0222897494736,12.5780981568711,2.));
#8111=CARTESIAN_POINT('',(11.9625931390958,12.5780981568711,2.));
#8112=ORIENTED_EDGE('',*,*,#9472,.T.);
#8113=ORIENTED_EDGE('',*,*,#9480,.T.);
#8114=ORIENTED_EDGE('',*,*,#9481,.T.);
#8115=ORIENTED_EDGE('',*,*,#9482,.T.);
#8116=ORIENTED_EDGE('',*,*,#9483,.T.);
#8117=ORIENTED_EDGE('',*,*,#9484,.T.);
#8118=ORIENTED_EDGE('',*,*,#9474,.T.);
#8119=ORIENTED_EDGE('',*,*,#9473,.T.);
#8120=ORIENTED_EDGE('',*,*,#9484,.F.);
#8121=ORIENTED_EDGE('',*,*,#9485,.F.);
#8122=CARTESIAN_POINT('',(11.5528196931848,11.3723147207513,2.));
#8123=CARTESIAN_POINT('',(11.6125163035626,11.3723147207513,2.));
#8124=CARTESIAN_POINT('',(11.633021528718,11.4326176771868,2.));
#8125=ORIENTED_EDGE('',*,*,#9475,.T.);
#8126=ORIENTED_EDGE('',*,*,#9485,.T.);
#8127=ORIENTED_EDGE('',*,*,#9483,.F.);
#8128=ORIENTED_EDGE('',*,*,#9486,.F.);
#8129=CARTESIAN_POINT('',(11.5148409731624,11.4326176771868,2.));
#8130=CARTESIAN_POINT('',(11.4943357480071,11.3723147207513,2.));
#8131=CARTESIAN_POINT('',(11.5528196931848,11.3723147207513,2.));
#8132=ORIENTED_EDGE('',*,*,#9476,.T.);
#8133=ORIENTED_EDGE('',*,*,#9486,.T.);
#8134=ORIENTED_EDGE('',*,*,#9482,.F.);
#8135=ORIENTED_EDGE('',*,*,#9487,.F.);
#8136=ORIENTED_EDGE('',*,*,#9477,.T.);
#8137=ORIENTED_EDGE('',*,*,#9487,.T.);
#8138=ORIENTED_EDGE('',*,*,#9481,.F.);
#8139=ORIENTED_EDGE('',*,*,#9479,.F.);
#8140=CARTESIAN_POINT('',(11.9625931390958,12.5780981568711,2.));
#8141=CARTESIAN_POINT('',(11.9041091939181,12.5780981568711,2.));
#8142=CARTESIAN_POINT('',(11.884044974629,12.5190078656357,2.));
#8143=ORIENTED_EDGE('',*,*,#9488,.T.);
#8144=ORIENTED_EDGE('',*,*,#9489,.T.);
#8145=ORIENTED_EDGE('',*,*,#9490,.F.);
#8146=ORIENTED_EDGE('',*,*,#9491,.F.);
#8147=CARTESIAN_POINT('',(12.1657159731624,13.0000810190821,2.));
#8148=CARTESIAN_POINT('',(12.1861936102181,13.060356387418,2.));
#8149=CARTESIAN_POINT('',(12.1262213879959,13.060356387418,2.));
#8150=ORIENTED_EDGE('',*,*,#9492,.F.);
#8151=ORIENTED_EDGE('',*,*,#9493,.F.);
#8152=ORIENTED_EDGE('',*,*,#9494,.F.);
#8153=ORIENTED_EDGE('',*,*,#9488,.F.);
#8154=ORIENTED_EDGE('',*,*,#9494,.T.);
#8155=ORIENTED_EDGE('',*,*,#9495,.T.);
#8156=ORIENTED_EDGE('',*,*,#9496,.F.);
#8157=ORIENTED_EDGE('',*,*,#9489,.F.);
#8158=CARTESIAN_POINT('',(12.1262213879959,13.060356387418,2.));
#8159=CARTESIAN_POINT('',(12.0662491657737,13.060356387418,2.));
#8160=CARTESIAN_POINT('',(12.045771528718,13.0000810190821,2.));
#8161=ORIENTED_EDGE('',*,*,#9490,.T.);
#8162=ORIENTED_EDGE('',*,*,#9496,.T.);
#8163=ORIENTED_EDGE('',*,*,#9497,.T.);
#8164=ORIENTED_EDGE('',*,*,#9498,.T.);
#8165=ORIENTED_EDGE('',*,*,#9492,.T.);
#8166=ORIENTED_EDGE('',*,*,#9491,.T.);
#8167=ORIENTED_EDGE('',*,*,#9498,.F.);
#8168=ORIENTED_EDGE('',*,*,#9499,.F.);
#8169=CARTESIAN_POINT('',(12.0856519435514,12.9409907278467,2.));
#8170=CARTESIAN_POINT('',(12.1456241657737,12.9409907278467,2.));
#8171=CARTESIAN_POINT('',(12.1657159731624,13.0000810190821,2.));
#8172=ORIENTED_EDGE('',*,*,#9493,.T.);
#8173=ORIENTED_EDGE('',*,*,#9499,.T.);
#8174=ORIENTED_EDGE('',*,*,#9497,.F.);
#8175=ORIENTED_EDGE('',*,*,#9495,.F.);
#8176=CARTESIAN_POINT('',(12.045771528718,13.0000810190821,2.));
#8177=CARTESIAN_POINT('',(12.0256797213292,12.9409907278467,2.));
#8178=CARTESIAN_POINT('',(12.0856519435514,12.9409907278467,2.));
#8179=ORIENTED_EDGE('',*,*,#9500,.F.);
#8180=ORIENTED_EDGE('',*,*,#9501,.F.);
#8181=ORIENTED_EDGE('',*,*,#9502,.F.);
#8182=ORIENTED_EDGE('',*,*,#9503,.F.);
#8183=ORIENTED_EDGE('',*,*,#9504,.F.);
#8184=ORIENTED_EDGE('',*,*,#9505,.F.);
#8185=ORIENTED_EDGE('',*,*,#9506,.F.);
#8186=ORIENTED_EDGE('',*,*,#9507,.F.);
#8187=ORIENTED_EDGE('',*,*,#9508,.F.);
#8188=ORIENTED_EDGE('',*,*,#9509,.F.);
#8189=ORIENTED_EDGE('',*,*,#9510,.F.);
#8190=ORIENTED_EDGE('',*,*,#9511,.T.);
#8191=ORIENTED_EDGE('',*,*,#9512,.T.);
#8192=ORIENTED_EDGE('',*,*,#9513,.T.);
#8193=ORIENTED_EDGE('',*,*,#9514,.T.);
#8194=ORIENTED_EDGE('',*,*,#9515,.T.);
#8195=ORIENTED_EDGE('',*,*,#9516,.T.);
#8196=ORIENTED_EDGE('',*,*,#9517,.T.);
#8197=ORIENTED_EDGE('',*,*,#9518,.T.);
#8198=ORIENTED_EDGE('',*,*,#9519,.T.);
#8199=ORIENTED_EDGE('',*,*,#9520,.T.);
#8200=ORIENTED_EDGE('',*,*,#9521,.T.);
#8201=ORIENTED_EDGE('',*,*,#9522,.T.);
#8202=ORIENTED_EDGE('',*,*,#9523,.T.);
#8203=ORIENTED_EDGE('',*,*,#9524,.T.);
#8204=ORIENTED_EDGE('',*,*,#9525,.T.);
#8205=ORIENTED_EDGE('',*,*,#9526,.T.);
#8206=ORIENTED_EDGE('',*,*,#9527,.T.);
#8207=ORIENTED_EDGE('',*,*,#9526,.F.);
#8208=ORIENTED_EDGE('',*,*,#9528,.F.);
#8209=ORIENTED_EDGE('',*,*,#9513,.F.);
#8210=ORIENTED_EDGE('',*,*,#9529,.T.);
#8211=ORIENTED_EDGE('',*,*,#9527,.F.);
#8212=ORIENTED_EDGE('',*,*,#9529,.F.);
#8213=ORIENTED_EDGE('',*,*,#9512,.F.);
#8214=ORIENTED_EDGE('',*,*,#9530,.T.);
#8215=ORIENTED_EDGE('',*,*,#9525,.F.);
#8216=ORIENTED_EDGE('',*,*,#9530,.F.);
#8217=ORIENTED_EDGE('',*,*,#9511,.F.);
#8218=ORIENTED_EDGE('',*,*,#9528,.T.);
#8219=ORIENTED_EDGE('',*,*,#9500,.T.);
#8220=ORIENTED_EDGE('',*,*,#9531,.T.);
#8221=ORIENTED_EDGE('',*,*,#9524,.F.);
#8222=ORIENTED_EDGE('',*,*,#9532,.F.);
#8223=ORIENTED_EDGE('',*,*,#9501,.T.);
#8224=ORIENTED_EDGE('',*,*,#9532,.T.);
#8225=ORIENTED_EDGE('',*,*,#9523,.F.);
#8226=ORIENTED_EDGE('',*,*,#9533,.F.);
#8227=ORIENTED_EDGE('',*,*,#9502,.T.);
#8228=ORIENTED_EDGE('',*,*,#9533,.T.);
#8229=ORIENTED_EDGE('',*,*,#9522,.F.);
#8230=ORIENTED_EDGE('',*,*,#9534,.F.);
#8231=ORIENTED_EDGE('',*,*,#9503,.T.);
#8232=ORIENTED_EDGE('',*,*,#9534,.T.);
#8233=ORIENTED_EDGE('',*,*,#9521,.F.);
#8234=ORIENTED_EDGE('',*,*,#9535,.F.);
#8235=ORIENTED_EDGE('',*,*,#9504,.T.);
#8236=ORIENTED_EDGE('',*,*,#9535,.T.);
#8237=ORIENTED_EDGE('',*,*,#9520,.F.);
#8238=ORIENTED_EDGE('',*,*,#9536,.F.);
#8239=ORIENTED_EDGE('',*,*,#9505,.T.);
#8240=ORIENTED_EDGE('',*,*,#9536,.T.);
#8241=ORIENTED_EDGE('',*,*,#9519,.F.);
#8242=ORIENTED_EDGE('',*,*,#9537,.F.);
#8243=ORIENTED_EDGE('',*,*,#9506,.T.);
#8244=ORIENTED_EDGE('',*,*,#9537,.T.);
#8245=ORIENTED_EDGE('',*,*,#9518,.F.);
#8246=ORIENTED_EDGE('',*,*,#9538,.F.);
#8247=ORIENTED_EDGE('',*,*,#9507,.T.);
#8248=ORIENTED_EDGE('',*,*,#9538,.T.);
#8249=ORIENTED_EDGE('',*,*,#9517,.F.);
#8250=ORIENTED_EDGE('',*,*,#9539,.F.);
#8251=ORIENTED_EDGE('',*,*,#9508,.T.);
#8252=ORIENTED_EDGE('',*,*,#9539,.T.);
#8253=ORIENTED_EDGE('',*,*,#9516,.F.);
#8254=ORIENTED_EDGE('',*,*,#9540,.F.);
#8255=ORIENTED_EDGE('',*,*,#9509,.T.);
#8256=ORIENTED_EDGE('',*,*,#9540,.T.);
#8257=ORIENTED_EDGE('',*,*,#9515,.F.);
#8258=ORIENTED_EDGE('',*,*,#9541,.F.);
#8259=ORIENTED_EDGE('',*,*,#9510,.T.);
#8260=ORIENTED_EDGE('',*,*,#9541,.T.);
#8261=ORIENTED_EDGE('',*,*,#9514,.F.);
#8262=ORIENTED_EDGE('',*,*,#9531,.F.);
#8263=EDGE_CURVE('',#9542,#9543,#9544,.F.);
#8264=EDGE_CURVE('',#9543,#9545,#9546,.T.);
#8265=EDGE_CURVE('',#9545,#9547,#9548,.F.);
#8266=EDGE_CURVE('',#9547,#9542,#9549,.T.);
#8267=EDGE_CURVE('',#9550,#9551,#9552,.F.);
#8268=EDGE_CURVE('',#9551,#9553,#9554,.T.);
#8269=EDGE_CURVE('',#9553,#9555,#9556,.F.);
#8270=EDGE_CURVE('',#9555,#9550,#9557,.T.);
#8271=EDGE_CURVE('',#9558,#9559,#9560,.F.);
#8272=EDGE_CURVE('',#9559,#9561,#9562,.T.);
#8273=EDGE_CURVE('',#9561,#9563,#9564,.F.);
#8274=EDGE_CURVE('',#9563,#9558,#9565,.T.);
#8275=EDGE_CURVE('',#9566,#9567,#9568,.F.);
#8276=EDGE_CURVE('',#9567,#9569,#9570,.T.);
#8277=EDGE_CURVE('',#9569,#9571,#9572,.F.);
#8278=EDGE_CURVE('',#9571,#9566,#9573,.T.);
#8279=EDGE_CURVE('',#9574,#9575,#9576,.F.);
#8280=EDGE_CURVE('',#9575,#9577,#9578,.T.);
#8281=EDGE_CURVE('',#9577,#9579,#9580,.F.);
#8282=EDGE_CURVE('',#9579,#9574,#9581,.T.);
#8283=EDGE_CURVE('',#9582,#9583,#9584,.F.);
#8284=EDGE_CURVE('',#9583,#9585,#9586,.T.);
#8285=EDGE_CURVE('',#9585,#9587,#9588,.F.);
#8286=EDGE_CURVE('',#9587,#9582,#9589,.T.);
#8287=EDGE_CURVE('',#9590,#9591,#9592,.T.);
#8288=EDGE_CURVE('',#9593,#9591,#9594,.T.);
#8289=EDGE_CURVE('',#9593,#9595,#9596,.T.);
#8290=EDGE_CURVE('',#9590,#9595,#9597,.T.);
#8291=EDGE_CURVE('',#9598,#9599,#9600,.T.);
#8292=EDGE_CURVE('',#9601,#9599,#9602,.T.);
#8293=EDGE_CURVE('',#9601,#9603,#9604,.T.);
#8294=EDGE_CURVE('',#9598,#9603,#9605,.T.);
#8295=EDGE_CURVE('',#9606,#9607,#9608,.T.);
#8296=EDGE_CURVE('',#9609,#9607,#9610,.T.);
#8297=EDGE_CURVE('',#9609,#9611,#9612,.T.);
#8298=EDGE_CURVE('',#9606,#9611,#9613,.T.);
#8299=EDGE_CURVE('',#9614,#9615,#9616,.T.);
#8300=EDGE_CURVE('',#9617,#9615,#9618,.T.);
#8301=EDGE_CURVE('',#9617,#9619,#9620,.T.);
#8302=EDGE_CURVE('',#9614,#9619,#9621,.T.);
#8303=EDGE_CURVE('',#9622,#9623,#9624,.T.);
#8304=EDGE_CURVE('',#9625,#9623,#9626,.T.);
#8305=EDGE_CURVE('',#9625,#9627,#9628,.T.);
#8306=EDGE_CURVE('',#9622,#9627,#9629,.T.);
#8307=EDGE_CURVE('',#9630,#9631,#9632,.T.);
#8308=EDGE_CURVE('',#9633,#9631,#9634,.T.);
#8309=EDGE_CURVE('',#9633,#9635,#9636,.T.);
#8310=EDGE_CURVE('',#9630,#9635,#9637,.T.);
#8311=EDGE_CURVE('',#9591,#9638,#9639,.F.);
#8312=EDGE_CURVE('',#9638,#9640,#9641,.T.);
#8313=EDGE_CURVE('',#9640,#9642,#9643,.F.);
#8314=EDGE_CURVE('',#9644,#9642,#9645,.T.);
#8315=EDGE_CURVE('',#9644,#9633,#9646,.F.);
#8316=EDGE_CURVE('',#9631,#9647,#9648,.F.);
#8317=EDGE_CURVE('',#9647,#9625,#9649,.F.);
#8318=EDGE_CURVE('',#9623,#9650,#9651,.F.);
#8319=EDGE_CURVE('',#9650,#9617,#9652,.F.);
#8320=EDGE_CURVE('',#9615,#9653,#9654,.F.);
#8321=EDGE_CURVE('',#9653,#9609,#9655,.F.);
#8322=EDGE_CURVE('',#9607,#9656,#9657,.F.);
#8323=EDGE_CURVE('',#9656,#9601,#9658,.F.);
#8324=EDGE_CURVE('',#9599,#9659,#9660,.F.);
#8325=EDGE_CURVE('',#9659,#9593,#9661,.F.);
#8326=EDGE_CURVE('',#9662,#9542,#9663,.F.);
#8327=EDGE_CURVE('',#9547,#9664,#9665,.F.);
#8328=EDGE_CURVE('',#9664,#9550,#9666,.F.);
#8329=EDGE_CURVE('',#9555,#9667,#9668,.F.);
#8330=EDGE_CURVE('',#9667,#9558,#9669,.F.);
#8331=EDGE_CURVE('',#9563,#9670,#9671,.F.);
#8332=EDGE_CURVE('',#9670,#9566,#9672,.F.);
#8333=EDGE_CURVE('',#9571,#9673,#9674,.F.);
#8334=EDGE_CURVE('',#9673,#9585,#9675,.F.);
#8335=EDGE_CURVE('',#9583,#9676,#9677,.F.);
#8336=EDGE_CURVE('',#9676,#9577,#9678,.F.);
#8337=EDGE_CURVE('',#9575,#9679,#9680,.F.);
#8338=EDGE_CURVE('',#9681,#9679,#9682,.T.);
#8339=EDGE_CURVE('',#9681,#9683,#9684,.T.);
#8340=EDGE_CURVE('',#9683,#9662,#9685,.T.);
#8341=EDGE_CURVE('',#9686,#9687,#9688,.T.);
#8342=EDGE_CURVE('',#9681,#9687,#9689,.T.);
#8343=EDGE_CURVE('',#9679,#9690,#9691,.F.);
#8344=EDGE_CURVE('',#9692,#9690,#9693,.T.);
#8345=EDGE_CURVE('',#9692,#9644,#9694,.F.);
#8346=EDGE_CURVE('',#9642,#9686,#9695,.T.);
#8347=EDGE_CURVE('',#9543,#9696,#9697,.F.);
#8348=EDGE_CURVE('',#9698,#9696,#9699,.T.);
#8349=EDGE_CURVE('',#9698,#9590,#9700,.F.);
#8350=EDGE_CURVE('',#9595,#9701,#9702,.F.);
#8351=EDGE_CURVE('',#9701,#9598,#9703,.F.);
#8352=EDGE_CURVE('',#9603,#9704,#9705,.F.);
#8353=EDGE_CURVE('',#9704,#9606,#9706,.F.);
#8354=EDGE_CURVE('',#9611,#9707,#9708,.F.);
#8355=EDGE_CURVE('',#9707,#9614,#9709,.F.);
#8356=EDGE_CURVE('',#9619,#9710,#9711,.F.);
#8357=EDGE_CURVE('',#9710,#9622,#9712,.F.);
#8358=EDGE_CURVE('',#9627,#9713,#9714,.F.);
#8359=EDGE_CURVE('',#9713,#9630,#9715,.F.);
#8360=EDGE_CURVE('',#9635,#9692,#9716,.F.);
#8361=EDGE_CURVE('',#9690,#9574,#9717,.F.);
#8362=EDGE_CURVE('',#9579,#9718,#9719,.F.);
#8363=EDGE_CURVE('',#9718,#9582,#9720,.F.);
#8364=EDGE_CURVE('',#9587,#9721,#9722,.F.);
#8365=EDGE_CURVE('',#9721,#9569,#9723,.F.);
#8366=EDGE_CURVE('',#9567,#9724,#9725,.F.);
#8367=EDGE_CURVE('',#9724,#9561,#9726,.F.);
#8368=EDGE_CURVE('',#9559,#9727,#9728,.F.);
#8369=EDGE_CURVE('',#9727,#9553,#9729,.F.);
#8370=EDGE_CURVE('',#9551,#9730,#9731,.F.);
#8371=EDGE_CURVE('',#9730,#9545,#9732,.F.);
#8372=EDGE_CURVE('',#9733,#9734,#9735,.T.);
#8373=EDGE_CURVE('',#9733,#9640,#9736,.T.);
#8374=EDGE_CURVE('',#9638,#9698,#9737,.F.);
#8375=EDGE_CURVE('',#9696,#9662,#9738,.F.);
#8376=EDGE_CURVE('',#9734,#9683,#9739,.T.);
#8377=EDGE_CURVE('',#9673,#9721,#9740,.T.);
#8378=EDGE_CURVE('',#9676,#9718,#9741,.T.);
#8379=EDGE_CURVE('',#9647,#9713,#9742,.T.);
#8380=EDGE_CURVE('',#9650,#9710,#9743,.T.);
#8381=EDGE_CURVE('',#9670,#9724,#9744,.T.);
#8382=EDGE_CURVE('',#9653,#9707,#9745,.T.);
#8383=EDGE_CURVE('',#9656,#9704,#9746,.T.);
#8384=EDGE_CURVE('',#9659,#9701,#9747,.T.);
#8385=EDGE_CURVE('',#9667,#9727,#9748,.T.);
#8386=EDGE_CURVE('',#9664,#9730,#9749,.T.);
#8387=EDGE_CURVE('',#9750,#9733,#9751,.F.);
#8388=EDGE_CURVE('',#9752,#9750,#9753,.T.);
#8389=EDGE_CURVE('',#9686,#9752,#9754,.F.);
#8390=EDGE_CURVE('',#9734,#9755,#9756,.F.);
#8391=EDGE_CURVE('',#9757,#9687,#9758,.F.);
#8392=EDGE_CURVE('',#9757,#9755,#9759,.T.);
#8393=EDGE_CURVE('',#9750,#9755,#9760,.T.);
#8394=EDGE_CURVE('',#9752,#9757,#9761,.T.);
#8395=EDGE_CURVE('',#9762,#9763,#9764,.T.);
#8396=EDGE_CURVE('',#9765,#9762,#9766,.T.);
#8397=EDGE_CURVE('',#9765,#9767,#9768,.T.);
#8398=EDGE_CURVE('',#9767,#9763,#9769,.T.);
#8399=EDGE_CURVE('',#9763,#9770,#9771,.T.);
#8400=EDGE_CURVE('',#9772,#9770,#9773,.T.);
#8401=EDGE_CURVE('',#9762,#9772,#9774,.T.);
#8402=EDGE_CURVE('',#9775,#9762,#9776,.T.);
#8403=EDGE_CURVE('',#9777,#9775,#9778,.T.);
#8404=EDGE_CURVE('',#9777,#9765,#9779,.T.);
#8405=EDGE_CURVE('',#9780,#9777,#9781,.T.);
#8406=EDGE_CURVE('',#9767,#9780,#9782,.T.);
#8407=EDGE_CURVE('',#9763,#9783,#9784,.T.);
#8408=EDGE_CURVE('',#9780,#9783,#9785,.T.);
#8409=EDGE_CURVE('',#9783,#9786,#9787,.T.);
#8410=EDGE_CURVE('',#9770,#9786,#9788,.T.);
#8411=EDGE_CURVE('',#9786,#9789,#9790,.T.);
#8412=EDGE_CURVE('',#9789,#9772,#9791,.T.);
#8413=EDGE_CURVE('',#9775,#9789,#9792,.T.);
#8414=EDGE_CURVE('',#9783,#9775,#9793,.T.);
#8415=EDGE_CURVE('',#9794,#9795,#9796,.T.);
#8416=EDGE_CURVE('',#9797,#9794,#9798,.T.);
#8417=EDGE_CURVE('',#9797,#9799,#9800,.T.);
#8418=EDGE_CURVE('',#9799,#9795,#9801,.T.);
#8419=EDGE_CURVE('',#9795,#9802,#9803,.T.);
#8420=EDGE_CURVE('',#9799,#9804,#9805,.T.);
#8421=EDGE_CURVE('',#9804,#9802,#9806,.T.);
#8422=EDGE_CURVE('',#9802,#9807,#9808,.T.);
#8423=EDGE_CURVE('',#9804,#9809,#9810,.T.);
#8424=EDGE_CURVE('',#9809,#9807,#9811,.T.);
#8425=EDGE_CURVE('',#9807,#9794,#9812,.T.);
#8426=EDGE_CURVE('',#9809,#9797,#9813,.T.);
#8427=EDGE_CURVE('',#9814,#9815,#9816,.T.);
#8428=EDGE_CURVE('',#9815,#9817,#9818,.T.);
#8429=EDGE_CURVE('',#9817,#9819,#9820,.T.);
#8430=EDGE_CURVE('',#9819,#9814,#9821,.T.);
#8431=EDGE_CURVE('',#9795,#9815,#9822,.T.);
#8432=EDGE_CURVE('',#9794,#9814,#9823,.T.);
#8433=EDGE_CURVE('',#9802,#9817,#9824,.T.);
#8434=EDGE_CURVE('',#9807,#9819,#9825,.T.);
#8435=EDGE_CURVE('',#9826,#9827,#9828,.T.);
#8436=EDGE_CURVE('',#9829,#9826,#9830,.T.);
#8437=EDGE_CURVE('',#9829,#9831,#9832,.T.);
#8438=EDGE_CURVE('',#9831,#9827,#9833,.T.);
#8439=EDGE_CURVE('',#9827,#9834,#9835,.T.);
#8440=EDGE_CURVE('',#9836,#9834,#9837,.T.);
#8441=EDGE_CURVE('',#9826,#9836,#9838,.T.);
#8442=EDGE_CURVE('',#9839,#9826,#9840,.T.);
#8443=EDGE_CURVE('',#9841,#9839,#9842,.T.);
#8444=EDGE_CURVE('',#9841,#9829,#9843,.T.);
#8445=EDGE_CURVE('',#9844,#9841,#9845,.T.);
#8446=EDGE_CURVE('',#9831,#9844,#9846,.T.);
#8447=EDGE_CURVE('',#9827,#9847,#9848,.T.);
#8448=EDGE_CURVE('',#9844,#9847,#9849,.T.);
#8449=EDGE_CURVE('',#9847,#9850,#9851,.T.);
#8450=EDGE_CURVE('',#9834,#9850,#9852,.T.);
#8451=EDGE_CURVE('',#9850,#9853,#9854,.T.);
#8452=EDGE_CURVE('',#9853,#9836,#9855,.T.);
#8453=EDGE_CURVE('',#9839,#9853,#9856,.T.);
#8454=EDGE_CURVE('',#9847,#9839,#9857,.T.);
#8455=EDGE_CURVE('',#9858,#9859,#9860,.T.);
#8456=EDGE_CURVE('',#9861,#9858,#9862,.T.);
#8457=EDGE_CURVE('',#9861,#9863,#9864,.T.);
#8458=EDGE_CURVE('',#9863,#9859,#9865,.T.);
#8459=EDGE_CURVE('',#9859,#9866,#9867,.T.);
#8460=EDGE_CURVE('',#9868,#9866,#9869,.T.);
#8461=EDGE_CURVE('',#9858,#9868,#9870,.T.);
#8462=EDGE_CURVE('',#9871,#9858,#9872,.T.);
#8463=EDGE_CURVE('',#9873,#9871,#9874,.T.);
#8464=EDGE_CURVE('',#9873,#9861,#9875,.T.);
#8465=EDGE_CURVE('',#9876,#9873,#9877,.T.);
#8466=EDGE_CURVE('',#9863,#9876,#9878,.T.);
#8467=EDGE_CURVE('',#9859,#9879,#9880,.T.);
#8468=EDGE_CURVE('',#9876,#9879,#9881,.T.);
#8469=EDGE_CURVE('',#9879,#9882,#9883,.T.);
#8470=EDGE_CURVE('',#9866,#9882,#9884,.T.);
#8471=EDGE_CURVE('',#9882,#9885,#9886,.T.);
#8472=EDGE_CURVE('',#9885,#9868,#9887,.T.);
#8473=EDGE_CURVE('',#9871,#9885,#9888,.T.);
#8474=EDGE_CURVE('',#9879,#9871,#9889,.T.);
#8475=EDGE_CURVE('',#9890,#9891,#9892,.T.);
#8476=EDGE_CURVE('',#9893,#9890,#9894,.T.);
#8477=EDGE_CURVE('',#9893,#9895,#9896,.T.);
#8478=EDGE_CURVE('',#9895,#9891,#9897,.T.);
#8479=EDGE_CURVE('',#9891,#9898,#9899,.T.);
#8480=EDGE_CURVE('',#9900,#9898,#9901,.T.);
#8481=EDGE_CURVE('',#9890,#9900,#9902,.T.);
#8482=EDGE_CURVE('',#9903,#9890,#9904,.T.);
#8483=EDGE_CURVE('',#9905,#9903,#9906,.T.);
#8484=EDGE_CURVE('',#9905,#9893,#9907,.T.);
#8485=EDGE_CURVE('',#9908,#9905,#9909,.T.);
#8486=EDGE_CURVE('',#9895,#9908,#9910,.T.);
#8487=EDGE_CURVE('',#9891,#9911,#9912,.T.);
#8488=EDGE_CURVE('',#9908,#9911,#9913,.T.);
#8489=EDGE_CURVE('',#9911,#9914,#9915,.T.);
#8490=EDGE_CURVE('',#9898,#9914,#9916,.T.);
#8491=EDGE_CURVE('',#9914,#9917,#9918,.T.);
#8492=EDGE_CURVE('',#9917,#9900,#9919,.T.);
#8493=EDGE_CURVE('',#9903,#9917,#9920,.T.);
#8494=EDGE_CURVE('',#9911,#9903,#9921,.T.);
#8495=EDGE_CURVE('',#9922,#9923,#9924,.T.);
#8496=EDGE_CURVE('',#9925,#9922,#9926,.T.);
#8497=EDGE_CURVE('',#9925,#9927,#9928,.T.);
#8498=EDGE_CURVE('',#9927,#9923,#9929,.T.);
#8499=EDGE_CURVE('',#9923,#9930,#9931,.T.);
#8500=EDGE_CURVE('',#9932,#9930,#9933,.T.);
#8501=EDGE_CURVE('',#9922,#9932,#9934,.T.);
#8502=EDGE_CURVE('',#9935,#9922,#9936,.T.);
#8503=EDGE_CURVE('',#9937,#9935,#9938,.T.);
#8504=EDGE_CURVE('',#9937,#9925,#9939,.T.);
#8505=EDGE_CURVE('',#9940,#9937,#9941,.T.);
#8506=EDGE_CURVE('',#9927,#9940,#9942,.T.);
#8507=EDGE_CURVE('',#9923,#9943,#9944,.T.);
#8508=EDGE_CURVE('',#9940,#9943,#9945,.T.);
#8509=EDGE_CURVE('',#9943,#9946,#9947,.T.);
#8510=EDGE_CURVE('',#9930,#9946,#9948,.T.);
#8511=EDGE_CURVE('',#9946,#9949,#9950,.T.);
#8512=EDGE_CURVE('',#9949,#9932,#9951,.T.);
#8513=EDGE_CURVE('',#9935,#9949,#9952,.T.);
#8514=EDGE_CURVE('',#9943,#9935,#9953,.T.);
#8515=EDGE_CURVE('',#9954,#9955,#9956,.T.);
#8516=EDGE_CURVE('',#9957,#9954,#9958,.T.);
#8517=EDGE_CURVE('',#9957,#9959,#9960,.T.);
#8518=EDGE_CURVE('',#9959,#9955,#9961,.T.);
#8519=EDGE_CURVE('',#9955,#9962,#9963,.T.);
#8520=EDGE_CURVE('',#9964,#9962,#9965,.T.);
#8521=EDGE_CURVE('',#9954,#9964,#9966,.T.);
#8522=EDGE_CURVE('',#9967,#9954,#9968,.T.);
#8523=EDGE_CURVE('',#9969,#9967,#9970,.T.);
#8524=EDGE_CURVE('',#9969,#9957,#9971,.T.);
#8525=EDGE_CURVE('',#9972,#9969,#9973,.T.);
#8526=EDGE_CURVE('',#9959,#9972,#9974,.T.);
#8527=EDGE_CURVE('',#9955,#9975,#9976,.T.);
#8528=EDGE_CURVE('',#9972,#9975,#9977,.T.);
#8529=EDGE_CURVE('',#9975,#9978,#9979,.T.);
#8530=EDGE_CURVE('',#9962,#9978,#9980,.T.);
#8531=EDGE_CURVE('',#9978,#9981,#9982,.T.);
#8532=EDGE_CURVE('',#9981,#9964,#9983,.T.);
#8533=EDGE_CURVE('',#9967,#9981,#9984,.T.);
#8534=EDGE_CURVE('',#9975,#9967,#9985,.T.);
#8535=EDGE_CURVE('',#9986,#9987,#9988,.T.);
#8536=EDGE_CURVE('',#9989,#9986,#9990,.T.);
#8537=EDGE_CURVE('',#9989,#9991,#9992,.T.);
#8538=EDGE_CURVE('',#9991,#9987,#9993,.T.);
#8539=EDGE_CURVE('',#9987,#9994,#9995,.T.);
#8540=EDGE_CURVE('',#9996,#9994,#9997,.T.);
#8541=EDGE_CURVE('',#9986,#9996,#9998,.T.);
#8542=EDGE_CURVE('',#9999,#9986,#10000,.T.);
#8543=EDGE_CURVE('',#10001,#9999,#10002,.T.);
#8544=EDGE_CURVE('',#10001,#9989,#10003,.T.);
#8545=EDGE_CURVE('',#10004,#10001,#10005,.T.);
#8546=EDGE_CURVE('',#9991,#10004,#10006,.T.);
#8547=EDGE_CURVE('',#9987,#10007,#10008,.T.);
#8548=EDGE_CURVE('',#10004,#10007,#10009,.T.);
#8549=EDGE_CURVE('',#10007,#10010,#10011,.T.);
#8550=EDGE_CURVE('',#9994,#10010,#10012,.T.);
#8551=EDGE_CURVE('',#10010,#10013,#10014,.T.);
#8552=EDGE_CURVE('',#10013,#9996,#10015,.T.);
#8553=EDGE_CURVE('',#9999,#10013,#10016,.T.);
#8554=EDGE_CURVE('',#10007,#9999,#10017,.T.);
#8555=EDGE_CURVE('',#10018,#10019,#10020,.T.);
#8556=EDGE_CURVE('',#10021,#10018,#10022,.T.);
#8557=EDGE_CURVE('',#10021,#10023,#10024,.T.);
#8558=EDGE_CURVE('',#10023,#10019,#10025,.T.);
#8559=EDGE_CURVE('',#10019,#10026,#10027,.T.);
#8560=EDGE_CURVE('',#10028,#10026,#10029,.T.);
#8561=EDGE_CURVE('',#10018,#10028,#10030,.T.);
#8562=EDGE_CURVE('',#10031,#10018,#10032,.T.);
#8563=EDGE_CURVE('',#10033,#10031,#10034,.T.);
#8564=EDGE_CURVE('',#10033,#10021,#10035,.T.);
#8565=EDGE_CURVE('',#10036,#10033,#10037,.T.);
#8566=EDGE_CURVE('',#10023,#10036,#10038,.T.);
#8567=EDGE_CURVE('',#10019,#10039,#10040,.T.);
#8568=EDGE_CURVE('',#10036,#10039,#10041,.T.);
#8569=EDGE_CURVE('',#10039,#10042,#10043,.T.);
#8570=EDGE_CURVE('',#10026,#10042,#10044,.T.);
#8571=EDGE_CURVE('',#10042,#10045,#10046,.T.);
#8572=EDGE_CURVE('',#10045,#10028,#10047,.T.);
#8573=EDGE_CURVE('',#10031,#10045,#10048,.T.);
#8574=EDGE_CURVE('',#10039,#10031,#10049,.T.);
#8575=EDGE_CURVE('',#10050,#10051,#10052,.T.);
#8576=EDGE_CURVE('',#10053,#10050,#10054,.T.);
#8577=EDGE_CURVE('',#10053,#10055,#10056,.T.);
#8578=EDGE_CURVE('',#10055,#10051,#10057,.T.);
#8579=EDGE_CURVE('',#10051,#10058,#10059,.T.);
#8580=EDGE_CURVE('',#10060,#10058,#10061,.T.);
#8581=EDGE_CURVE('',#10050,#10060,#10062,.T.);
#8582=EDGE_CURVE('',#10063,#10050,#10064,.T.);
#8583=EDGE_CURVE('',#10065,#10063,#10066,.T.);
#8584=EDGE_CURVE('',#10065,#10053,#10067,.T.);
#8585=EDGE_CURVE('',#10068,#10065,#10069,.T.);
#8586=EDGE_CURVE('',#10055,#10068,#10070,.T.);
#8587=EDGE_CURVE('',#10051,#10071,#10072,.T.);
#8588=EDGE_CURVE('',#10068,#10071,#10073,.T.);
#8589=EDGE_CURVE('',#10071,#10074,#10075,.T.);
#8590=EDGE_CURVE('',#10058,#10074,#10076,.T.);
#8591=EDGE_CURVE('',#10074,#10077,#10078,.T.);
#8592=EDGE_CURVE('',#10077,#10060,#10079,.T.);
#8593=EDGE_CURVE('',#10063,#10077,#10080,.T.);
#8594=EDGE_CURVE('',#10071,#10063,#10081,.T.);
#8595=EDGE_CURVE('',#10082,#10083,#10084,.T.);
#8596=EDGE_CURVE('',#10085,#10082,#10086,.T.);
#8597=EDGE_CURVE('',#10085,#10087,#10088,.T.);
#8598=EDGE_CURVE('',#10087,#10083,#10089,.T.);
#8599=EDGE_CURVE('',#10083,#10090,#10091,.T.);
#8600=EDGE_CURVE('',#10092,#10090,#10093,.T.);
#8601=EDGE_CURVE('',#10082,#10092,#10094,.T.);
#8602=EDGE_CURVE('',#10095,#10082,#10096,.T.);
#8603=EDGE_CURVE('',#10097,#10095,#10098,.T.);
#8604=EDGE_CURVE('',#10097,#10085,#10099,.T.);
#8605=EDGE_CURVE('',#10100,#10097,#10101,.T.);
#8606=EDGE_CURVE('',#10087,#10100,#10102,.T.);
#8607=EDGE_CURVE('',#10083,#10103,#10104,.T.);
#8608=EDGE_CURVE('',#10100,#10103,#10105,.T.);
#8609=EDGE_CURVE('',#10103,#10106,#10107,.T.);
#8610=EDGE_CURVE('',#10090,#10106,#10108,.T.);
#8611=EDGE_CURVE('',#10106,#10109,#10110,.T.);
#8612=EDGE_CURVE('',#10109,#10092,#10111,.T.);
#8613=EDGE_CURVE('',#10095,#10109,#10112,.T.);
#8614=EDGE_CURVE('',#10103,#10095,#10113,.T.);
#8615=EDGE_CURVE('',#10114,#10115,#10116,.T.);
#8616=EDGE_CURVE('',#10117,#10114,#10118,.T.);
#8617=EDGE_CURVE('',#10117,#10119,#10120,.T.);
#8618=EDGE_CURVE('',#10119,#10115,#10121,.T.);
#8619=EDGE_CURVE('',#10115,#10122,#10123,.T.);
#8620=EDGE_CURVE('',#10124,#10122,#10125,.T.);
#8621=EDGE_CURVE('',#10114,#10124,#10126,.T.);
#8622=EDGE_CURVE('',#10127,#10114,#10128,.T.);
#8623=EDGE_CURVE('',#10129,#10127,#10130,.T.);
#8624=EDGE_CURVE('',#10129,#10117,#10131,.T.);
#8625=EDGE_CURVE('',#10132,#10129,#10133,.T.);
#8626=EDGE_CURVE('',#10119,#10132,#10134,.T.);
#8627=EDGE_CURVE('',#10115,#10135,#10136,.T.);
#8628=EDGE_CURVE('',#10132,#10135,#10137,.T.);
#8629=EDGE_CURVE('',#10135,#10138,#10139,.T.);
#8630=EDGE_CURVE('',#10122,#10138,#10140,.T.);
#8631=EDGE_CURVE('',#10138,#10141,#10142,.T.);
#8632=EDGE_CURVE('',#10141,#10124,#10143,.T.);
#8633=EDGE_CURVE('',#10127,#10141,#10144,.T.);
#8634=EDGE_CURVE('',#10135,#10127,#10145,.T.);
#8635=EDGE_CURVE('',#10146,#10147,#10148,.T.);
#8636=EDGE_CURVE('',#10147,#10146,#10149,.T.);
#8637=EDGE_CURVE('',#10150,#10150,#10151,.T.);
#8638=EDGE_CURVE('',#10152,#10153,#10154,.T.);
#8639=EDGE_CURVE('',#10155,#10152,#10156,.T.);
#8640=EDGE_CURVE('',#10157,#10155,#10158,.T.);
#8641=EDGE_CURVE('',#10146,#10157,#10159,.T.);
#8642=EDGE_CURVE('',#10160,#10146,#10161,.T.);
#8643=EDGE_CURVE('',#10162,#10160,#10163,.T.);
#8644=EDGE_CURVE('',#10164,#10162,#10165,.T.);
#8645=EDGE_CURVE('',#10166,#10164,#10167,.T.);
#8646=EDGE_CURVE('',#10153,#10166,#10168,.T.);
#8647=EDGE_CURVE('',#10169,#10170,#10171,.T.);
#8648=EDGE_CURVE('',#10160,#10169,#10172,.T.);
#8649=EDGE_CURVE('',#10157,#10170,#10173,.T.);
#8650=EDGE_CURVE('',#10174,#10169,#10175,.T.);
#8651=EDGE_CURVE('',#10162,#10174,#10176,.T.);
#8652=EDGE_CURVE('',#10177,#10178,#10179,.T.);
#8653=EDGE_CURVE('',#10164,#10177,#10180,.F.);
#8654=EDGE_CURVE('',#10181,#10174,#10182,.F.);
#8655=EDGE_CURVE('',#10181,#10183,#10184,.F.);
#8656=EDGE_CURVE('',#10178,#10183,#10185,.F.);
#8657=EDGE_CURVE('',#10186,#10178,#10187,.T.);
#8658=EDGE_CURVE('',#10188,#10186,#10189,.T.);
#8659=EDGE_CURVE('',#10188,#10177,#10190,.T.);
#8660=EDGE_CURVE('',#10191,#10192,#10193,.F.);
#8661=EDGE_CURVE('',#10194,#10191,#10195,.T.);
#8662=EDGE_CURVE('',#10153,#10194,#10196,.F.);
#8663=EDGE_CURVE('',#10188,#10166,#10197,.F.);
#8664=EDGE_CURVE('',#10198,#10186,#10199,.F.);
#8665=EDGE_CURVE('',#10192,#10198,#10200,.T.);
#8666=EDGE_CURVE('',#10201,#10191,#10202,.T.);
#8667=EDGE_CURVE('',#10203,#10201,#10204,.T.);
#8668=EDGE_CURVE('',#10203,#10194,#10205,.T.);
#8669=EDGE_CURVE('',#10206,#10207,#10208,.F.);
#8670=EDGE_CURVE('',#10155,#10206,#10209,.T.);
#8671=EDGE_CURVE('',#10203,#10152,#10210,.F.);
#8672=EDGE_CURVE('',#10211,#10201,#10212,.F.);
#8673=EDGE_CURVE('',#10211,#10207,#10213,.T.);
#8674=EDGE_CURVE('',#10170,#10206,#10214,.T.);
#8675=EDGE_CURVE('',#10211,#10192,#10215,.T.);
#8676=EDGE_CURVE('',#10198,#10183,#10216,.T.);
#8677=EDGE_CURVE('',#10181,#10217,#10218,.T.);
#8678=EDGE_CURVE('',#10217,#10219,#10220,.T.);
#8679=EDGE_CURVE('',#10219,#10207,#10221,.T.);
#8680=EDGE_CURVE('',#10169,#10217,#10222,.T.);
#8681=EDGE_CURVE('',#10170,#10219,#10223,.T.);
#8682=EDGE_CURVE('',#10224,#10224,#10225,.T.);
#8683=EDGE_CURVE('',#10226,#10226,#10227,.T.);
#8684=EDGE_CURVE('',#10228,#10229,#10230,.T.);
#8685=EDGE_CURVE('',#10231,#10228,#10232,.T.);
#8686=EDGE_CURVE('',#10233,#10231,#10234,.T.);
#8687=EDGE_CURVE('',#10235,#10233,#10236,.T.);
#8688=EDGE_CURVE('',#10237,#10235,#10238,.T.);
#8689=EDGE_CURVE('',#10239,#10237,#10240,.T.);
#8690=EDGE_CURVE('',#10241,#10239,#10242,.T.);
#8691=EDGE_CURVE('',#10243,#10241,#10244,.T.);
#8692=EDGE_CURVE('',#10245,#10243,#10246,.T.);
#8693=EDGE_CURVE('',#10247,#10245,#10248,.T.);
#8694=EDGE_CURVE('',#10249,#10247,#10250,.T.);
#8695=EDGE_CURVE('',#10251,#10249,#10252,.T.);
#8696=EDGE_CURVE('',#10253,#10251,#10254,.T.);
#8697=EDGE_CURVE('',#10255,#10253,#10256,.T.);
#8698=EDGE_CURVE('',#10257,#10255,#10258,.T.);
#8699=EDGE_CURVE('',#10259,#10257,#10260,.T.);
#8700=EDGE_CURVE('',#10261,#10259,#10262,.T.);
#8701=EDGE_CURVE('',#10229,#10261,#10263,.T.);
#8702=EDGE_CURVE('',#10264,#10265,#10266,.T.);
#8703=EDGE_CURVE('',#10265,#10267,#10268,.T.);
#8704=EDGE_CURVE('',#10267,#10269,#10270,.T.);
#8705=EDGE_CURVE('',#10269,#10271,#10272,.T.);
#8706=EDGE_CURVE('',#10271,#10273,#10274,.T.);
#8707=EDGE_CURVE('',#10273,#10275,#10276,.T.);
#8708=EDGE_CURVE('',#10275,#10264,#10277,.T.);
#8709=EDGE_CURVE('',#10229,#10278,#10279,.T.);
#8710=EDGE_CURVE('',#10280,#10278,#10281,.T.);
#8711=EDGE_CURVE('',#10228,#10280,#10282,.T.);
#8712=EDGE_CURVE('',#10283,#10280,#10284,.T.);
#8713=EDGE_CURVE('',#10231,#10283,#10285,.T.);
#8714=EDGE_CURVE('',#10286,#10283,#10287,.T.);
#8715=EDGE_CURVE('',#10233,#10286,#10288,.T.);
#8716=EDGE_CURVE('',#10289,#10286,#10290,.T.);
#8717=EDGE_CURVE('',#10235,#10289,#10291,.T.);
#8718=EDGE_CURVE('',#10292,#10289,#10293,.T.);
#8719=EDGE_CURVE('',#10237,#10292,#10294,.T.);
#8720=EDGE_CURVE('',#10295,#10292,#10296,.T.);
#8721=EDGE_CURVE('',#10239,#10295,#10297,.T.);
#8722=EDGE_CURVE('',#10298,#10295,#10299,.T.);
#8723=EDGE_CURVE('',#10241,#10298,#10300,.T.);
#8724=EDGE_CURVE('',#10301,#10298,#10302,.T.);
#8725=EDGE_CURVE('',#10243,#10301,#10303,.T.);
#8726=EDGE_CURVE('',#10304,#10301,#10305,.T.);
#8727=EDGE_CURVE('',#10245,#10304,#10306,.T.);
#8728=EDGE_CURVE('',#10307,#10304,#10308,.T.);
#8729=EDGE_CURVE('',#10247,#10307,#10309,.T.);
#8730=EDGE_CURVE('',#10310,#10307,#10311,.T.);
#8731=EDGE_CURVE('',#10249,#10310,#10312,.T.);
#8732=EDGE_CURVE('',#10313,#10310,#10314,.T.);
#8733=EDGE_CURVE('',#10251,#10313,#10315,.T.);
#8734=EDGE_CURVE('',#10316,#10313,#10317,.T.);
#8735=EDGE_CURVE('',#10253,#10316,#10318,.T.);
#8736=EDGE_CURVE('',#10319,#10316,#10320,.T.);
#8737=EDGE_CURVE('',#10255,#10319,#10321,.T.);
#8738=EDGE_CURVE('',#10322,#10319,#10323,.T.);
#8739=EDGE_CURVE('',#10257,#10322,#10324,.T.);
#8740=EDGE_CURVE('',#10325,#10322,#10326,.T.);
#8741=EDGE_CURVE('',#10259,#10325,#10327,.T.);
#8742=EDGE_CURVE('',#10328,#10325,#10329,.T.);
#8743=EDGE_CURVE('',#10261,#10328,#10330,.T.);
#8744=EDGE_CURVE('',#10278,#10328,#10331,.T.);
#8745=EDGE_CURVE('',#10332,#10333,#10334,.F.);
#8746=EDGE_CURVE('',#10265,#10332,#10335,.T.);
#8747=EDGE_CURVE('',#10264,#10333,#10336,.T.);
#8748=EDGE_CURVE('',#10337,#10332,#10338,.F.);
#8749=EDGE_CURVE('',#10267,#10337,#10339,.T.);
#8750=EDGE_CURVE('',#10340,#10337,#10341,.F.);
#8751=EDGE_CURVE('',#10269,#10340,#10342,.T.);
#8752=EDGE_CURVE('',#10343,#10340,#10344,.F.);
#8753=EDGE_CURVE('',#10271,#10343,#10345,.T.);
#8754=EDGE_CURVE('',#10346,#10343,#10347,.F.);
#8755=EDGE_CURVE('',#10273,#10346,#10348,.T.);
#8756=EDGE_CURVE('',#10349,#10346,#10350,.F.);
#8757=EDGE_CURVE('',#10275,#10349,#10351,.T.);
#8758=EDGE_CURVE('',#10333,#10349,#10352,.F.);
#8759=EDGE_CURVE('',#10353,#10354,#10355,.T.);
#8760=EDGE_CURVE('',#10354,#10356,#10357,.T.);
#8761=EDGE_CURVE('',#10358,#10356,#10359,.T.);
#8762=EDGE_CURVE('',#10353,#10358,#10360,.T.);
#8763=EDGE_CURVE('',#10354,#10361,#10362,.T.);
#8764=EDGE_CURVE('',#10361,#10363,#10364,.T.);
#8765=EDGE_CURVE('',#10356,#10363,#10365,.T.);
#8766=EDGE_CURVE('',#10361,#10366,#10367,.T.);
#8767=EDGE_CURVE('',#10366,#10368,#10369,.T.);
#8768=EDGE_CURVE('',#10363,#10368,#10370,.T.);
#8769=EDGE_CURVE('',#10366,#10371,#10372,.T.);
#8770=EDGE_CURVE('',#10371,#10373,#10374,.T.);
#8771=EDGE_CURVE('',#10368,#10373,#10375,.T.);
#8772=EDGE_CURVE('',#10371,#10376,#10377,.T.);
#8773=EDGE_CURVE('',#10376,#10378,#10379,.T.);
#8774=EDGE_CURVE('',#10373,#10378,#10380,.T.);
#8775=EDGE_CURVE('',#10376,#10381,#10382,.T.);
#8776=EDGE_CURVE('',#10381,#10383,#10384,.T.);
#8777=EDGE_CURVE('',#10378,#10383,#10385,.T.);
#8778=EDGE_CURVE('',#10381,#10386,#10387,.T.);
#8779=EDGE_CURVE('',#10386,#10388,#10389,.T.);
#8780=EDGE_CURVE('',#10383,#10388,#10390,.T.);
#8781=EDGE_CURVE('',#10386,#10391,#10392,.T.);
#8782=EDGE_CURVE('',#10391,#10393,#10394,.T.);
#8783=EDGE_CURVE('',#10388,#10393,#10395,.T.);
#8784=EDGE_CURVE('',#10391,#10396,#10397,.T.);
#8785=EDGE_CURVE('',#10396,#10398,#10399,.T.);
#8786=EDGE_CURVE('',#10393,#10398,#10400,.T.);
#8787=EDGE_CURVE('',#10396,#10401,#10402,.T.);
#8788=EDGE_CURVE('',#10401,#10403,#10404,.T.);
#8789=EDGE_CURVE('',#10398,#10403,#10405,.T.);
#8790=EDGE_CURVE('',#10401,#10406,#10407,.T.);
#8791=EDGE_CURVE('',#10406,#10408,#10409,.T.);
#8792=EDGE_CURVE('',#10403,#10408,#10410,.T.);
#8793=EDGE_CURVE('',#10406,#10353,#10411,.T.);
#8794=EDGE_CURVE('',#10408,#10358,#10412,.T.);
#8795=EDGE_CURVE('',#10413,#10414,#10415,.T.);
#8796=EDGE_CURVE('',#10416,#10413,#10417,.T.);
#8797=EDGE_CURVE('',#10418,#10416,#10419,.T.);
#8798=EDGE_CURVE('',#10420,#10418,#10421,.T.);
#8799=EDGE_CURVE('',#10422,#10420,#10423,.T.);
#8800=EDGE_CURVE('',#10424,#10422,#10425,.T.);
#8801=EDGE_CURVE('',#10426,#10424,#10427,.T.);
#8802=EDGE_CURVE('',#10428,#10426,#10429,.T.);
#8803=EDGE_CURVE('',#10430,#10428,#10431,.T.);
#8804=EDGE_CURVE('',#10432,#10430,#10433,.T.);
#8805=EDGE_CURVE('',#10434,#10432,#10435,.T.);
#8806=EDGE_CURVE('',#10436,#10434,#10437,.T.);
#8807=EDGE_CURVE('',#10438,#10436,#10439,.T.);
#8808=EDGE_CURVE('',#10440,#10438,#10441,.T.);
#8809=EDGE_CURVE('',#10442,#10440,#10443,.T.);
#8810=EDGE_CURVE('',#10444,#10442,#10445,.T.);
#8811=EDGE_CURVE('',#10446,#10444,#10447,.T.);
#8812=EDGE_CURVE('',#10414,#10446,#10448,.T.);
#8813=EDGE_CURVE('',#10449,#10450,#10451,.T.);
#8814=EDGE_CURVE('',#10450,#10452,#10453,.T.);
#8815=EDGE_CURVE('',#10452,#10454,#10455,.T.);
#8816=EDGE_CURVE('',#10454,#10456,#10457,.T.);
#8817=EDGE_CURVE('',#10456,#10458,#10459,.T.);
#8818=EDGE_CURVE('',#10458,#10460,#10461,.T.);
#8819=EDGE_CURVE('',#10460,#10462,#10463,.T.);
#8820=EDGE_CURVE('',#10462,#10449,#10464,.T.);
#8821=EDGE_CURVE('',#10414,#10465,#10466,.T.);
#8822=EDGE_CURVE('',#10467,#10465,#10468,.T.);
#8823=EDGE_CURVE('',#10413,#10467,#10469,.T.);
#8824=EDGE_CURVE('',#10470,#10467,#10471,.T.);
#8825=EDGE_CURVE('',#10416,#10470,#10472,.T.);
#8826=EDGE_CURVE('',#10473,#10470,#10474,.T.);
#8827=EDGE_CURVE('',#10418,#10473,#10475,.T.);
#8828=EDGE_CURVE('',#10476,#10473,#10477,.T.);
#8829=EDGE_CURVE('',#10420,#10476,#10478,.T.);
#8830=EDGE_CURVE('',#10479,#10476,#10480,.T.);
#8831=EDGE_CURVE('',#10422,#10479,#10481,.T.);
#8832=EDGE_CURVE('',#10482,#10479,#10483,.T.);
#8833=EDGE_CURVE('',#10424,#10482,#10484,.T.);
#8834=EDGE_CURVE('',#10485,#10482,#10486,.T.);
#8835=EDGE_CURVE('',#10426,#10485,#10487,.T.);
#8836=EDGE_CURVE('',#10488,#10485,#10489,.T.);
#8837=EDGE_CURVE('',#10428,#10488,#10490,.T.);
#8838=EDGE_CURVE('',#10491,#10488,#10492,.T.);
#8839=EDGE_CURVE('',#10430,#10491,#10493,.T.);
#8840=EDGE_CURVE('',#10494,#10491,#10495,.T.);
#8841=EDGE_CURVE('',#10432,#10494,#10496,.T.);
#8842=EDGE_CURVE('',#10497,#10494,#10498,.T.);
#8843=EDGE_CURVE('',#10434,#10497,#10499,.T.);
#8844=EDGE_CURVE('',#10500,#10497,#10501,.T.);
#8845=EDGE_CURVE('',#10436,#10500,#10502,.T.);
#8846=EDGE_CURVE('',#10503,#10500,#10504,.T.);
#8847=EDGE_CURVE('',#10438,#10503,#10505,.T.);
#8848=EDGE_CURVE('',#10506,#10503,#10507,.T.);
#8849=EDGE_CURVE('',#10440,#10506,#10508,.T.);
#8850=EDGE_CURVE('',#10509,#10506,#10510,.T.);
#8851=EDGE_CURVE('',#10442,#10509,#10511,.T.);
#8852=EDGE_CURVE('',#10512,#10509,#10513,.T.);
#8853=EDGE_CURVE('',#10444,#10512,#10514,.T.);
#8854=EDGE_CURVE('',#10515,#10512,#10516,.T.);
#8855=EDGE_CURVE('',#10446,#10515,#10517,.T.);
#8856=EDGE_CURVE('',#10465,#10515,#10518,.T.);
#8857=EDGE_CURVE('',#10519,#10520,#10521,.F.);
#8858=EDGE_CURVE('',#10450,#10519,#10522,.T.);
#8859=EDGE_CURVE('',#10449,#10520,#10523,.T.);
#8860=EDGE_CURVE('',#10524,#10519,#10525,.F.);
#8861=EDGE_CURVE('',#10452,#10524,#10526,.T.);
#8862=EDGE_CURVE('',#10527,#10524,#10528,.F.);
#8863=EDGE_CURVE('',#10454,#10527,#10529,.T.);
#8864=EDGE_CURVE('',#10530,#10527,#10531,.F.);
#8865=EDGE_CURVE('',#10456,#10530,#10532,.T.);
#8866=EDGE_CURVE('',#10533,#10530,#10534,.F.);
#8867=EDGE_CURVE('',#10458,#10533,#10535,.T.);
#8868=EDGE_CURVE('',#10536,#10533,#10537,.F.);
#8869=EDGE_CURVE('',#10460,#10536,#10538,.T.);
#8870=EDGE_CURVE('',#10539,#10536,#10540,.F.);
#8871=EDGE_CURVE('',#10462,#10539,#10541,.T.);
#8872=EDGE_CURVE('',#10520,#10539,#10542,.F.);
#8873=EDGE_CURVE('',#10543,#10544,#10545,.T.);
#8874=EDGE_CURVE('',#10546,#10543,#10547,.T.);
#8875=EDGE_CURVE('',#10548,#10546,#10549,.T.);
#8876=EDGE_CURVE('',#10550,#10548,#10551,.T.);
#8877=EDGE_CURVE('',#10552,#10550,#10553,.T.);
#8878=EDGE_CURVE('',#10554,#10552,#10555,.T.);
#8879=EDGE_CURVE('',#10556,#10554,#10557,.T.);
#8880=EDGE_CURVE('',#10558,#10556,#10559,.T.);
#8881=EDGE_CURVE('',#10560,#10558,#10561,.T.);
#8882=EDGE_CURVE('',#10562,#10560,#10563,.T.);
#8883=EDGE_CURVE('',#10564,#10562,#10565,.T.);
#8884=EDGE_CURVE('',#10544,#10564,#10566,.T.);
#8885=EDGE_CURVE('',#10567,#10568,#10569,.T.);
#8886=EDGE_CURVE('',#10568,#10570,#10571,.T.);
#8887=EDGE_CURVE('',#10570,#10572,#10573,.T.);
#8888=EDGE_CURVE('',#10572,#10574,#10575,.T.);
#8889=EDGE_CURVE('',#10574,#10576,#10577,.T.);
#8890=EDGE_CURVE('',#10576,#10578,#10579,.T.);
#8891=EDGE_CURVE('',#10578,#10580,#10581,.T.);
#8892=EDGE_CURVE('',#10580,#10567,#10582,.T.);
#8893=EDGE_CURVE('',#10544,#10583,#10584,.T.);
#8894=EDGE_CURVE('',#10585,#10583,#10586,.T.);
#8895=EDGE_CURVE('',#10543,#10585,#10587,.T.);
#8896=EDGE_CURVE('',#10588,#10585,#10589,.T.);
#8897=EDGE_CURVE('',#10546,#10588,#10590,.T.);
#8898=EDGE_CURVE('',#10591,#10588,#10592,.T.);
#8899=EDGE_CURVE('',#10548,#10591,#10593,.T.);
#8900=EDGE_CURVE('',#10594,#10591,#10595,.T.);
#8901=EDGE_CURVE('',#10550,#10594,#10596,.T.);
#8902=EDGE_CURVE('',#10597,#10594,#10598,.T.);
#8903=EDGE_CURVE('',#10552,#10597,#10599,.T.);
#8904=EDGE_CURVE('',#10600,#10597,#10601,.T.);
#8905=EDGE_CURVE('',#10554,#10600,#10602,.T.);
#8906=EDGE_CURVE('',#10603,#10600,#10604,.T.);
#8907=EDGE_CURVE('',#10556,#10603,#10605,.T.);
#8908=EDGE_CURVE('',#10606,#10603,#10607,.T.);
#8909=EDGE_CURVE('',#10558,#10606,#10608,.T.);
#8910=EDGE_CURVE('',#10609,#10606,#10610,.T.);
#8911=EDGE_CURVE('',#10560,#10609,#10611,.T.);
#8912=EDGE_CURVE('',#10612,#10609,#10613,.T.);
#8913=EDGE_CURVE('',#10562,#10612,#10614,.T.);
#8914=EDGE_CURVE('',#10615,#10612,#10616,.T.);
#8915=EDGE_CURVE('',#10564,#10615,#10617,.T.);
#8916=EDGE_CURVE('',#10583,#10615,#10618,.T.);
#8917=EDGE_CURVE('',#10619,#10620,#10621,.F.);
#8918=EDGE_CURVE('',#10568,#10619,#10622,.T.);
#8919=EDGE_CURVE('',#10567,#10620,#10623,.T.);
#8920=EDGE_CURVE('',#10624,#10619,#10625,.F.);
#8921=EDGE_CURVE('',#10570,#10624,#10626,.T.);
#8922=EDGE_CURVE('',#10627,#10624,#10628,.F.);
#8923=EDGE_CURVE('',#10572,#10627,#10629,.T.);
#8924=EDGE_CURVE('',#10630,#10627,#10631,.F.);
#8925=EDGE_CURVE('',#10574,#10630,#10632,.T.);
#8926=EDGE_CURVE('',#10633,#10630,#10634,.F.);
#8927=EDGE_CURVE('',#10576,#10633,#10635,.T.);
#8928=EDGE_CURVE('',#10636,#10633,#10637,.F.);
#8929=EDGE_CURVE('',#10578,#10636,#10638,.T.);
#8930=EDGE_CURVE('',#10639,#10636,#10640,.F.);
#8931=EDGE_CURVE('',#10580,#10639,#10641,.T.);
#8932=EDGE_CURVE('',#10620,#10639,#10642,.F.);
#8933=EDGE_CURVE('',#10643,#10644,#10645,.T.);
#8934=EDGE_CURVE('',#10644,#10646,#10647,.T.);
#8935=EDGE_CURVE('',#10648,#10646,#10649,.T.);
#8936=EDGE_CURVE('',#10643,#10648,#10650,.T.);
#8937=EDGE_CURVE('',#10651,#10643,#10652,.T.);
#8938=EDGE_CURVE('',#10653,#10651,#10654,.T.);
#8939=EDGE_CURVE('',#10655,#10653,#10656,.T.);
#8940=EDGE_CURVE('',#10657,#10655,#10658,.T.);
#8941=EDGE_CURVE('',#10659,#10657,#10660,.T.);
#8942=EDGE_CURVE('',#10661,#10659,#10662,.T.);
#8943=EDGE_CURVE('',#10663,#10661,#10664,.T.);
#8944=EDGE_CURVE('',#10665,#10663,#10666,.T.);
#8945=EDGE_CURVE('',#10667,#10665,#10668,.T.);
#8946=EDGE_CURVE('',#10669,#10667,#10670,.T.);
#8947=EDGE_CURVE('',#10671,#10669,#10672,.T.);
#8948=EDGE_CURVE('',#10673,#10671,#10674,.T.);
#8949=EDGE_CURVE('',#10675,#10673,#10676,.T.);
#8950=EDGE_CURVE('',#10677,#10675,#10678,.T.);
#8951=EDGE_CURVE('',#10679,#10677,#10680,.T.);
#8952=EDGE_CURVE('',#10681,#10679,#10682,.T.);
#8953=EDGE_CURVE('',#10683,#10681,#10684,.T.);
#8954=EDGE_CURVE('',#10685,#10683,#10686,.T.);
#8955=EDGE_CURVE('',#10644,#10685,#10687,.T.);
#8956=EDGE_CURVE('',#10685,#10688,#10689,.T.);
#8957=EDGE_CURVE('',#10646,#10688,#10690,.T.);
#8958=EDGE_CURVE('',#10688,#10691,#10692,.T.);
#8959=EDGE_CURVE('',#10691,#10693,#10694,.T.);
#8960=EDGE_CURVE('',#10693,#10695,#10696,.T.);
#8961=EDGE_CURVE('',#10695,#10697,#10698,.T.);
#8962=EDGE_CURVE('',#10697,#10699,#10700,.T.);
#8963=EDGE_CURVE('',#10699,#10701,#10702,.T.);
#8964=EDGE_CURVE('',#10701,#10703,#10704,.T.);
#8965=EDGE_CURVE('',#10703,#10705,#10706,.T.);
#8966=EDGE_CURVE('',#10705,#10707,#10708,.T.);
#8967=EDGE_CURVE('',#10707,#10709,#10710,.T.);
#8968=EDGE_CURVE('',#10709,#10711,#10712,.T.);
#8969=EDGE_CURVE('',#10711,#10713,#10714,.T.);
#8970=EDGE_CURVE('',#10713,#10715,#10716,.T.);
#8971=EDGE_CURVE('',#10715,#10717,#10718,.T.);
#8972=EDGE_CURVE('',#10717,#10719,#10720,.T.);
#8973=EDGE_CURVE('',#10719,#10721,#10722,.T.);
#8974=EDGE_CURVE('',#10721,#10723,#10724,.T.);
#8975=EDGE_CURVE('',#10723,#10648,#10725,.T.);
#8976=EDGE_CURVE('',#10651,#10723,#10726,.T.);
#8977=EDGE_CURVE('',#10653,#10721,#10727,.T.);
#8978=EDGE_CURVE('',#10655,#10719,#10728,.T.);
#8979=EDGE_CURVE('',#10657,#10717,#10729,.T.);
#8980=EDGE_CURVE('',#10659,#10715,#10730,.T.);
#8981=EDGE_CURVE('',#10661,#10713,#10731,.T.);
#8982=EDGE_CURVE('',#10663,#10711,#10732,.T.);
#8983=EDGE_CURVE('',#10665,#10709,#10733,.T.);
#8984=EDGE_CURVE('',#10667,#10707,#10734,.T.);
#8985=EDGE_CURVE('',#10669,#10705,#10735,.T.);
#8986=EDGE_CURVE('',#10671,#10703,#10736,.T.);
#8987=EDGE_CURVE('',#10673,#10701,#10737,.T.);
#8988=EDGE_CURVE('',#10675,#10699,#10738,.T.);
#8989=EDGE_CURVE('',#10677,#10697,#10739,.T.);
#8990=EDGE_CURVE('',#10679,#10695,#10740,.T.);
#8991=EDGE_CURVE('',#10681,#10693,#10741,.T.);
#8992=EDGE_CURVE('',#10683,#10691,#10742,.T.);
#8993=EDGE_CURVE('',#10743,#10744,#10745,.T.);
#8994=EDGE_CURVE('',#10746,#10743,#10747,.T.);
#8995=EDGE_CURVE('',#10748,#10746,#10749,.T.);
#8996=EDGE_CURVE('',#10750,#10748,#10751,.T.);
#8997=EDGE_CURVE('',#10752,#10750,#10753,.T.);
#8998=EDGE_CURVE('',#10754,#10752,#10755,.T.);
#8999=EDGE_CURVE('',#10756,#10754,#10757,.T.);
#9000=EDGE_CURVE('',#10758,#10756,#10759,.T.);
#9001=EDGE_CURVE('',#10760,#10758,#10761,.T.);
#9002=EDGE_CURVE('',#10762,#10760,#10763,.T.);
#9003=EDGE_CURVE('',#10764,#10762,#10765,.T.);
#9004=EDGE_CURVE('',#10766,#10764,#10767,.T.);
#9005=EDGE_CURVE('',#10768,#10766,#10769,.T.);
#9006=EDGE_CURVE('',#10744,#10768,#10770,.T.);
#9007=EDGE_CURVE('',#10771,#10772,#10773,.T.);
#9008=EDGE_CURVE('',#10772,#10774,#10775,.T.);
#9009=EDGE_CURVE('',#10774,#10776,#10777,.T.);
#9010=EDGE_CURVE('',#10776,#10778,#10779,.T.);
#9011=EDGE_CURVE('',#10778,#10780,#10781,.T.);
#9012=EDGE_CURVE('',#10780,#10782,#10783,.T.);
#9013=EDGE_CURVE('',#10782,#10784,#10785,.T.);
#9014=EDGE_CURVE('',#10784,#10786,#10787,.T.);
#9015=EDGE_CURVE('',#10786,#10788,#10789,.T.);
#9016=EDGE_CURVE('',#10788,#10771,#10790,.T.);
#9017=EDGE_CURVE('',#10744,#10791,#10792,.T.);
#9018=EDGE_CURVE('',#10793,#10791,#10794,.T.);
#9019=EDGE_CURVE('',#10743,#10793,#10795,.T.);
#9020=EDGE_CURVE('',#10796,#10793,#10797,.T.);
#9021=EDGE_CURVE('',#10746,#10796,#10798,.T.);
#9022=EDGE_CURVE('',#10799,#10796,#10800,.T.);
#9023=EDGE_CURVE('',#10748,#10799,#10801,.T.);
#9024=EDGE_CURVE('',#10802,#10799,#10803,.T.);
#9025=EDGE_CURVE('',#10750,#10802,#10804,.T.);
#9026=EDGE_CURVE('',#10805,#10802,#10806,.T.);
#9027=EDGE_CURVE('',#10752,#10805,#10807,.T.);
#9028=EDGE_CURVE('',#10808,#10805,#10809,.T.);
#9029=EDGE_CURVE('',#10754,#10808,#10810,.T.);
#9030=EDGE_CURVE('',#10811,#10808,#10812,.T.);
#9031=EDGE_CURVE('',#10756,#10811,#10813,.T.);
#9032=EDGE_CURVE('',#10814,#10811,#10815,.T.);
#9033=EDGE_CURVE('',#10758,#10814,#10816,.T.);
#9034=EDGE_CURVE('',#10817,#10814,#10818,.T.);
#9035=EDGE_CURVE('',#10760,#10817,#10819,.T.);
#9036=EDGE_CURVE('',#10820,#10817,#10821,.T.);
#9037=EDGE_CURVE('',#10762,#10820,#10822,.T.);
#9038=EDGE_CURVE('',#10823,#10820,#10824,.T.);
#9039=EDGE_CURVE('',#10764,#10823,#10825,.T.);
#9040=EDGE_CURVE('',#10826,#10823,#10827,.T.);
#9041=EDGE_CURVE('',#10766,#10826,#10828,.T.);
#9042=EDGE_CURVE('',#10829,#10826,#10830,.T.);
#9043=EDGE_CURVE('',#10768,#10829,#10831,.T.);
#9044=EDGE_CURVE('',#10791,#10829,#10832,.T.);
#9045=EDGE_CURVE('',#10833,#10834,#10835,.F.);
#9046=EDGE_CURVE('',#10772,#10833,#10836,.T.);
#9047=EDGE_CURVE('',#10771,#10834,#10837,.T.);
#9048=EDGE_CURVE('',#10838,#10833,#10839,.F.);
#9049=EDGE_CURVE('',#10774,#10838,#10840,.T.);
#9050=EDGE_CURVE('',#10841,#10838,#10842,.F.);
#9051=EDGE_CURVE('',#10776,#10841,#10843,.T.);
#9052=EDGE_CURVE('',#10844,#10841,#10845,.F.);
#9053=EDGE_CURVE('',#10778,#10844,#10846,.T.);
#9054=EDGE_CURVE('',#10847,#10844,#10848,.F.);
#9055=EDGE_CURVE('',#10780,#10847,#10849,.T.);
#9056=EDGE_CURVE('',#10850,#10847,#10851,.F.);
#9057=EDGE_CURVE('',#10782,#10850,#10852,.T.);
#9058=EDGE_CURVE('',#10853,#10850,#10854,.F.);
#9059=EDGE_CURVE('',#10784,#10853,#10855,.T.);
#9060=EDGE_CURVE('',#10856,#10853,#10857,.F.);
#9061=EDGE_CURVE('',#10786,#10856,#10858,.T.);
#9062=EDGE_CURVE('',#10859,#10856,#10860,.F.);
#9063=EDGE_CURVE('',#10788,#10859,#10861,.T.);
#9064=EDGE_CURVE('',#10834,#10859,#10862,.F.);
#9065=EDGE_CURVE('',#10863,#10864,#10865,.T.);
#9066=EDGE_CURVE('',#10866,#10863,#10867,.T.);
#9067=EDGE_CURVE('',#10868,#10866,#10869,.T.);
#9068=EDGE_CURVE('',#10870,#10868,#10871,.T.);
#9069=EDGE_CURVE('',#10872,#10870,#10873,.T.);
#9070=EDGE_CURVE('',#10874,#10872,#10875,.T.);
#9071=EDGE_CURVE('',#10876,#10874,#10877,.T.);
#9072=EDGE_CURVE('',#10878,#10876,#10879,.T.);
#9073=EDGE_CURVE('',#10880,#10878,#10881,.T.);
#9074=EDGE_CURVE('',#10882,#10880,#10883,.T.);
#9075=EDGE_CURVE('',#10884,#10882,#10885,.T.);
#9076=EDGE_CURVE('',#10886,#10884,#10887,.T.);
#9077=EDGE_CURVE('',#10888,#10886,#10889,.T.);
#9078=EDGE_CURVE('',#10864,#10888,#10890,.T.);
#9079=EDGE_CURVE('',#10891,#10892,#10893,.T.);
#9080=EDGE_CURVE('',#10892,#10894,#10895,.T.);
#9081=EDGE_CURVE('',#10894,#10896,#10897,.T.);
#9082=EDGE_CURVE('',#10896,#10898,#10899,.T.);
#9083=EDGE_CURVE('',#10898,#10900,#10901,.T.);
#9084=EDGE_CURVE('',#10900,#10902,#10903,.T.);
#9085=EDGE_CURVE('',#10902,#10904,#10905,.T.);
#9086=EDGE_CURVE('',#10904,#10906,#10907,.T.);
#9087=EDGE_CURVE('',#10906,#10908,#10909,.T.);
#9088=EDGE_CURVE('',#10908,#10891,#10910,.T.);
#9089=EDGE_CURVE('',#10864,#10911,#10912,.T.);
#9090=EDGE_CURVE('',#10913,#10911,#10914,.T.);
#9091=EDGE_CURVE('',#10863,#10913,#10915,.T.);
#9092=EDGE_CURVE('',#10916,#10913,#10917,.T.);
#9093=EDGE_CURVE('',#10866,#10916,#10918,.T.);
#9094=EDGE_CURVE('',#10919,#10916,#10920,.T.);
#9095=EDGE_CURVE('',#10868,#10919,#10921,.T.);
#9096=EDGE_CURVE('',#10922,#10919,#10923,.T.);
#9097=EDGE_CURVE('',#10870,#10922,#10924,.T.);
#9098=EDGE_CURVE('',#10925,#10922,#10926,.T.);
#9099=EDGE_CURVE('',#10872,#10925,#10927,.T.);
#9100=EDGE_CURVE('',#10928,#10925,#10929,.T.);
#9101=EDGE_CURVE('',#10874,#10928,#10930,.T.);
#9102=EDGE_CURVE('',#10931,#10928,#10932,.T.);
#9103=EDGE_CURVE('',#10876,#10931,#10933,.T.);
#9104=EDGE_CURVE('',#10934,#10931,#10935,.T.);
#9105=EDGE_CURVE('',#10878,#10934,#10936,.T.);
#9106=EDGE_CURVE('',#10937,#10934,#10938,.T.);
#9107=EDGE_CURVE('',#10880,#10937,#10939,.T.);
#9108=EDGE_CURVE('',#10940,#10937,#10941,.T.);
#9109=EDGE_CURVE('',#10882,#10940,#10942,.T.);
#9110=EDGE_CURVE('',#10943,#10940,#10944,.T.);
#9111=EDGE_CURVE('',#10884,#10943,#10945,.T.);
#9112=EDGE_CURVE('',#10946,#10943,#10947,.T.);
#9113=EDGE_CURVE('',#10886,#10946,#10948,.T.);
#9114=EDGE_CURVE('',#10949,#10946,#10950,.T.);
#9115=EDGE_CURVE('',#10888,#10949,#10951,.T.);
#9116=EDGE_CURVE('',#10911,#10949,#10952,.T.);
#9117=EDGE_CURVE('',#10953,#10954,#10955,.F.);
#9118=EDGE_CURVE('',#10892,#10953,#10956,.T.);
#9119=EDGE_CURVE('',#10891,#10954,#10957,.T.);
#9120=EDGE_CURVE('',#10958,#10953,#10959,.F.);
#9121=EDGE_CURVE('',#10894,#10958,#10960,.T.);
#9122=EDGE_CURVE('',#10961,#10958,#10962,.F.);
#9123=EDGE_CURVE('',#10896,#10961,#10963,.T.);
#9124=EDGE_CURVE('',#10964,#10961,#10965,.F.);
#9125=EDGE_CURVE('',#10898,#10964,#10966,.T.);
#9126=EDGE_CURVE('',#10967,#10964,#10968,.F.);
#9127=EDGE_CURVE('',#10900,#10967,#10969,.T.);
#9128=EDGE_CURVE('',#10970,#10967,#10971,.F.);
#9129=EDGE_CURVE('',#10902,#10970,#10972,.T.);
#9130=EDGE_CURVE('',#10973,#10970,#10974,.F.);
#9131=EDGE_CURVE('',#10904,#10973,#10975,.T.);
#9132=EDGE_CURVE('',#10976,#10973,#10977,.F.);
#9133=EDGE_CURVE('',#10906,#10976,#10978,.T.);
#9134=EDGE_CURVE('',#10979,#10976,#10980,.F.);
#9135=EDGE_CURVE('',#10908,#10979,#10981,.T.);
#9136=EDGE_CURVE('',#10954,#10979,#10982,.F.);
#9137=EDGE_CURVE('',#10983,#10984,#10985,.T.);
#9138=EDGE_CURVE('',#10984,#10986,#10987,.T.);
#9139=EDGE_CURVE('',#10988,#10986,#10989,.T.);
#9140=EDGE_CURVE('',#10983,#10988,#10990,.T.);
#9141=EDGE_CURVE('',#10991,#10983,#10992,.T.);
#9142=EDGE_CURVE('',#10993,#10991,#10994,.T.);
#9143=EDGE_CURVE('',#10995,#10993,#10996,.T.);
#9144=EDGE_CURVE('',#10997,#10995,#10998,.T.);
#9145=EDGE_CURVE('',#10999,#10997,#11000,.T.);
#9146=EDGE_CURVE('',#11001,#10999,#11002,.T.);
#9147=EDGE_CURVE('',#11003,#11001,#11004,.T.);
#9148=EDGE_CURVE('',#11005,#11003,#11006,.T.);
#9149=EDGE_CURVE('',#11007,#11005,#11008,.T.);
#9150=EDGE_CURVE('',#11009,#11007,#11010,.T.);
#9151=EDGE_CURVE('',#11011,#11009,#11012,.T.);
#9152=EDGE_CURVE('',#11013,#11011,#11014,.T.);
#9153=EDGE_CURVE('',#11015,#11013,#11016,.T.);
#9154=EDGE_CURVE('',#11017,#11015,#11018,.T.);
#9155=EDGE_CURVE('',#10984,#11017,#11019,.T.);
#9156=EDGE_CURVE('',#11017,#11020,#11021,.T.);
#9157=EDGE_CURVE('',#10986,#11020,#11022,.T.);
#9158=EDGE_CURVE('',#11020,#11023,#11024,.T.);
#9159=EDGE_CURVE('',#11023,#11025,#11026,.T.);
#9160=EDGE_CURVE('',#11025,#11027,#11028,.T.);
#9161=EDGE_CURVE('',#11027,#11029,#11030,.T.);
#9162=EDGE_CURVE('',#11029,#11031,#11032,.T.);
#9163=EDGE_CURVE('',#11031,#11033,#11034,.T.);
#9164=EDGE_CURVE('',#11033,#11035,#11036,.T.);
#9165=EDGE_CURVE('',#11035,#11037,#11038,.T.);
#9166=EDGE_CURVE('',#11037,#11039,#11040,.T.);
#9167=EDGE_CURVE('',#11039,#11041,#11042,.T.);
#9168=EDGE_CURVE('',#11041,#11043,#11044,.T.);
#9169=EDGE_CURVE('',#11043,#11045,#11046,.T.);
#9170=EDGE_CURVE('',#11045,#11047,#11048,.T.);
#9171=EDGE_CURVE('',#11047,#10988,#11049,.T.);
#9172=EDGE_CURVE('',#10991,#11047,#11050,.T.);
#9173=EDGE_CURVE('',#10993,#11045,#11051,.T.);
#9174=EDGE_CURVE('',#10995,#11043,#11052,.T.);
#9175=EDGE_CURVE('',#10997,#11041,#11053,.T.);
#9176=EDGE_CURVE('',#10999,#11039,#11054,.T.);
#9177=EDGE_CURVE('',#11001,#11037,#11055,.T.);
#9178=EDGE_CURVE('',#11003,#11035,#11056,.T.);
#9179=EDGE_CURVE('',#11005,#11033,#11057,.T.);
#9180=EDGE_CURVE('',#11007,#11031,#11058,.T.);
#9181=EDGE_CURVE('',#11009,#11029,#11059,.T.);
#9182=EDGE_CURVE('',#11011,#11027,#11060,.T.);
#9183=EDGE_CURVE('',#11013,#11025,#11061,.T.);
#9184=EDGE_CURVE('',#11015,#11023,#11062,.T.);
#9185=EDGE_CURVE('',#11063,#11064,#11065,.T.);
#9186=EDGE_CURVE('',#11064,#11066,#11067,.T.);
#9187=EDGE_CURVE('',#11068,#11066,#11069,.T.);
#9188=EDGE_CURVE('',#11063,#11068,#11070,.T.);
#9189=EDGE_CURVE('',#11071,#11063,#11072,.T.);
#9190=EDGE_CURVE('',#11073,#11071,#11074,.T.);
#9191=EDGE_CURVE('',#11075,#11073,#11076,.T.);
#9192=EDGE_CURVE('',#11077,#11075,#11078,.T.);
#9193=EDGE_CURVE('',#11079,#11077,#11080,.T.);
#9194=EDGE_CURVE('',#11081,#11079,#11082,.T.);
#9195=EDGE_CURVE('',#11083,#11081,#11084,.T.);
#9196=EDGE_CURVE('',#11085,#11083,#11086,.T.);
#9197=EDGE_CURVE('',#11087,#11085,#11088,.T.);
#9198=EDGE_CURVE('',#11089,#11087,#11090,.T.);
#9199=EDGE_CURVE('',#11091,#11089,#11092,.T.);
#9200=EDGE_CURVE('',#11093,#11091,#11094,.T.);
#9201=EDGE_CURVE('',#11095,#11093,#11096,.T.);
#9202=EDGE_CURVE('',#11097,#11095,#11098,.T.);
#9203=EDGE_CURVE('',#11099,#11097,#11100,.T.);
#9204=EDGE_CURVE('',#11101,#11099,#11102,.T.);
#9205=EDGE_CURVE('',#11103,#11101,#11104,.T.);
#9206=EDGE_CURVE('',#11105,#11103,#11106,.T.);
#9207=EDGE_CURVE('',#11107,#11105,#11108,.T.);
#9208=EDGE_CURVE('',#11109,#11107,#11110,.T.);
#9209=EDGE_CURVE('',#11111,#11109,#11112,.T.);
#9210=EDGE_CURVE('',#11113,#11111,#11114,.T.);
#9211=EDGE_CURVE('',#11115,#11113,#11116,.T.);
#9212=EDGE_CURVE('',#11117,#11115,#11118,.T.);
#9213=EDGE_CURVE('',#11119,#11117,#11120,.T.);
#9214=EDGE_CURVE('',#11121,#11119,#11122,.T.);
#9215=EDGE_CURVE('',#11123,#11121,#11124,.T.);
#9216=EDGE_CURVE('',#11125,#11123,#11126,.T.);
#9217=EDGE_CURVE('',#11127,#11125,#11128,.T.);
#9218=EDGE_CURVE('',#11129,#11127,#11130,.T.);
#9219=EDGE_CURVE('',#11064,#11129,#11131,.T.);
#9220=EDGE_CURVE('',#11129,#11132,#11133,.T.);
#9221=EDGE_CURVE('',#11066,#11132,#11134,.T.);
#9222=EDGE_CURVE('',#11132,#11135,#11136,.T.);
#9223=EDGE_CURVE('',#11135,#11137,#11138,.T.);
#9224=EDGE_CURVE('',#11137,#11139,#11140,.T.);
#9225=EDGE_CURVE('',#11139,#11141,#11142,.T.);
#9226=EDGE_CURVE('',#11141,#11143,#11144,.T.);
#9227=EDGE_CURVE('',#11143,#11145,#11146,.T.);
#9228=EDGE_CURVE('',#11145,#11147,#11148,.T.);
#9229=EDGE_CURVE('',#11147,#11149,#11150,.T.);
#9230=EDGE_CURVE('',#11149,#11151,#11152,.T.);
#9231=EDGE_CURVE('',#11151,#11153,#11154,.T.);
#9232=EDGE_CURVE('',#11153,#11155,#11156,.T.);
#9233=EDGE_CURVE('',#11155,#11157,#11158,.T.);
#9234=EDGE_CURVE('',#11157,#11159,#11160,.T.);
#9235=EDGE_CURVE('',#11159,#11161,#11162,.T.);
#9236=EDGE_CURVE('',#11161,#11163,#11164,.T.);
#9237=EDGE_CURVE('',#11163,#11165,#11166,.T.);
#9238=EDGE_CURVE('',#11165,#11167,#11168,.T.);
#9239=EDGE_CURVE('',#11167,#11169,#11170,.T.);
#9240=EDGE_CURVE('',#11169,#11171,#11172,.T.);
#9241=EDGE_CURVE('',#11171,#11173,#11174,.T.);
#9242=EDGE_CURVE('',#11173,#11175,#11176,.T.);
#9243=EDGE_CURVE('',#11175,#11177,#11178,.T.);
#9244=EDGE_CURVE('',#11177,#11179,#11180,.T.);
#9245=EDGE_CURVE('',#11179,#11181,#11182,.T.);
#9246=EDGE_CURVE('',#11181,#11183,#11184,.T.);
#9247=EDGE_CURVE('',#11183,#11185,#11186,.T.);
#9248=EDGE_CURVE('',#11185,#11187,#11188,.T.);
#9249=EDGE_CURVE('',#11187,#11189,#11190,.T.);
#9250=EDGE_CURVE('',#11189,#11191,#11192,.T.);
#9251=EDGE_CURVE('',#11191,#11068,#11193,.T.);
#9252=EDGE_CURVE('',#11071,#11191,#11194,.T.);
#9253=EDGE_CURVE('',#11073,#11189,#11195,.T.);
#9254=EDGE_CURVE('',#11075,#11187,#11196,.T.);
#9255=EDGE_CURVE('',#11077,#11185,#11197,.T.);
#9256=EDGE_CURVE('',#11079,#11183,#11198,.T.);
#9257=EDGE_CURVE('',#11081,#11181,#11199,.T.);
#9258=EDGE_CURVE('',#11083,#11179,#11200,.T.);
#9259=EDGE_CURVE('',#11085,#11177,#11201,.T.);
#9260=EDGE_CURVE('',#11087,#11175,#11202,.T.);
#9261=EDGE_CURVE('',#11089,#11173,#11203,.T.);
#9262=EDGE_CURVE('',#11091,#11171,#11204,.T.);
#9263=EDGE_CURVE('',#11093,#11169,#11205,.T.);
#9264=EDGE_CURVE('',#11095,#11167,#11206,.T.);
#9265=EDGE_CURVE('',#11097,#11165,#11207,.T.);
#9266=EDGE_CURVE('',#11099,#11163,#11208,.T.);
#9267=EDGE_CURVE('',#11101,#11161,#11209,.T.);
#9268=EDGE_CURVE('',#11103,#11159,#11210,.T.);
#9269=EDGE_CURVE('',#11105,#11157,#11211,.T.);
#9270=EDGE_CURVE('',#11107,#11155,#11212,.T.);
#9271=EDGE_CURVE('',#11109,#11153,#11213,.T.);
#9272=EDGE_CURVE('',#11111,#11151,#11214,.T.);
#9273=EDGE_CURVE('',#11113,#11149,#11215,.T.);
#9274=EDGE_CURVE('',#11115,#11147,#11216,.T.);
#9275=EDGE_CURVE('',#11117,#11145,#11217,.T.);
#9276=EDGE_CURVE('',#11119,#11143,#11218,.T.);
#9277=EDGE_CURVE('',#11121,#11141,#11219,.T.);
#9278=EDGE_CURVE('',#11123,#11139,#11220,.T.);
#9279=EDGE_CURVE('',#11125,#11137,#11221,.T.);
#9280=EDGE_CURVE('',#11127,#11135,#11222,.T.);
#9281=EDGE_CURVE('',#11223,#11224,#11225,.T.);
#9282=EDGE_CURVE('',#11226,#11223,#11227,.T.);
#9283=EDGE_CURVE('',#11228,#11226,#11229,.T.);
#9284=EDGE_CURVE('',#11230,#11228,#11231,.T.);
#9285=EDGE_CURVE('',#11232,#11230,#11233,.T.);
#9286=EDGE_CURVE('',#11234,#11232,#11235,.T.);
#9287=EDGE_CURVE('',#11236,#11234,#11237,.T.);
#9288=EDGE_CURVE('',#11238,#11236,#11239,.T.);
#9289=EDGE_CURVE('',#11240,#11238,#11241,.T.);
#9290=EDGE_CURVE('',#11242,#11240,#11243,.T.);
#9291=EDGE_CURVE('',#11244,#11242,#11245,.T.);
#9292=EDGE_CURVE('',#11224,#11244,#11246,.T.);
#9293=EDGE_CURVE('',#11247,#11248,#11249,.T.);
#9294=EDGE_CURVE('',#11248,#11250,#11251,.T.);
#9295=EDGE_CURVE('',#11250,#11252,#11253,.T.);
#9296=EDGE_CURVE('',#11252,#11254,#11255,.T.);
#9297=EDGE_CURVE('',#11254,#11256,#11257,.T.);
#9298=EDGE_CURVE('',#11256,#11258,#11259,.T.);
#9299=EDGE_CURVE('',#11258,#11260,#11261,.T.);
#9300=EDGE_CURVE('',#11260,#11262,#11263,.T.);
#9301=EDGE_CURVE('',#11262,#11264,#11265,.T.);
#9302=EDGE_CURVE('',#11264,#11266,#11267,.T.);
#9303=EDGE_CURVE('',#11266,#11268,#11269,.T.);
#9304=EDGE_CURVE('',#11268,#11247,#11270,.T.);
#9305=EDGE_CURVE('',#11224,#11271,#11272,.T.);
#9306=EDGE_CURVE('',#11273,#11271,#11274,.T.);
#9307=EDGE_CURVE('',#11223,#11273,#11275,.T.);
#9308=EDGE_CURVE('',#11276,#11273,#11277,.T.);
#9309=EDGE_CURVE('',#11226,#11276,#11278,.T.);
#9310=EDGE_CURVE('',#11279,#11276,#11280,.T.);
#9311=EDGE_CURVE('',#11228,#11279,#11281,.T.);
#9312=EDGE_CURVE('',#11282,#11279,#11283,.T.);
#9313=EDGE_CURVE('',#11230,#11282,#11284,.T.);
#9314=EDGE_CURVE('',#11285,#11282,#11286,.T.);
#9315=EDGE_CURVE('',#11232,#11285,#11287,.T.);
#9316=EDGE_CURVE('',#11288,#11285,#11289,.T.);
#9317=EDGE_CURVE('',#11234,#11288,#11290,.T.);
#9318=EDGE_CURVE('',#11291,#11288,#11292,.T.);
#9319=EDGE_CURVE('',#11236,#11291,#11293,.T.);
#9320=EDGE_CURVE('',#11294,#11291,#11295,.T.);
#9321=EDGE_CURVE('',#11238,#11294,#11296,.T.);
#9322=EDGE_CURVE('',#11297,#11294,#11298,.T.);
#9323=EDGE_CURVE('',#11240,#11297,#11299,.T.);
#9324=EDGE_CURVE('',#11300,#11297,#11301,.T.);
#9325=EDGE_CURVE('',#11242,#11300,#11302,.T.);
#9326=EDGE_CURVE('',#11303,#11300,#11304,.T.);
#9327=EDGE_CURVE('',#11244,#11303,#11305,.T.);
#9328=EDGE_CURVE('',#11271,#11303,#11306,.T.);
#9329=EDGE_CURVE('',#11307,#11308,#11309,.F.);
#9330=EDGE_CURVE('',#11248,#11307,#11310,.T.);
#9331=EDGE_CURVE('',#11247,#11308,#11311,.T.);
#9332=EDGE_CURVE('',#11312,#11307,#11313,.F.);
#9333=EDGE_CURVE('',#11250,#11312,#11314,.T.);
#9334=EDGE_CURVE('',#11315,#11312,#11316,.F.);
#9335=EDGE_CURVE('',#11252,#11315,#11317,.T.);
#9336=EDGE_CURVE('',#11318,#11315,#11319,.F.);
#9337=EDGE_CURVE('',#11254,#11318,#11320,.T.);
#9338=EDGE_CURVE('',#11321,#11318,#11322,.F.);
#9339=EDGE_CURVE('',#11256,#11321,#11323,.T.);
#9340=EDGE_CURVE('',#11324,#11321,#11325,.F.);
#9341=EDGE_CURVE('',#11258,#11324,#11326,.T.);
#9342=EDGE_CURVE('',#11327,#11324,#11328,.F.);
#9343=EDGE_CURVE('',#11260,#11327,#11329,.T.);
#9344=EDGE_CURVE('',#11330,#11327,#11331,.F.);
#9345=EDGE_CURVE('',#11262,#11330,#11332,.T.);
#9346=EDGE_CURVE('',#11333,#11330,#11334,.F.);
#9347=EDGE_CURVE('',#11264,#11333,#11335,.T.);
#9348=EDGE_CURVE('',#11336,#11333,#11337,.F.);
#9349=EDGE_CURVE('',#11266,#11336,#11338,.T.);
#9350=EDGE_CURVE('',#11339,#11336,#11340,.F.);
#9351=EDGE_CURVE('',#11268,#11339,#11341,.T.);
#9352=EDGE_CURVE('',#11308,#11339,#11342,.F.);
#9353=EDGE_CURVE('',#11343,#11344,#11345,.T.);
#9354=EDGE_CURVE('',#11346,#11343,#11347,.T.);
#9355=EDGE_CURVE('',#11348,#11346,#11349,.T.);
#9356=EDGE_CURVE('',#11350,#11348,#11351,.T.);
#9357=EDGE_CURVE('',#11352,#11350,#11353,.T.);
#9358=EDGE_CURVE('',#11354,#11352,#11355,.T.);
#9359=EDGE_CURVE('',#11356,#11354,#11357,.T.);
#9360=EDGE_CURVE('',#11358,#11356,#11359,.T.);
#9361=EDGE_CURVE('',#11360,#11358,#11361,.T.);
#9362=EDGE_CURVE('',#11362,#11360,#11363,.T.);
#9363=EDGE_CURVE('',#11364,#11362,#11365,.T.);
#9364=EDGE_CURVE('',#11366,#11364,#11367,.T.);
#9365=EDGE_CURVE('',#11368,#11366,#11369,.T.);
#9366=EDGE_CURVE('',#11370,#11368,#11371,.T.);
#9367=EDGE_CURVE('',#11372,#11370,#11373,.T.);
#9368=EDGE_CURVE('',#11374,#11372,#11375,.T.);
#9369=EDGE_CURVE('',#11376,#11374,#11377,.T.);
#9370=EDGE_CURVE('',#11344,#11376,#11378,.T.);
#9371=EDGE_CURVE('',#11379,#11380,#11381,.T.);
#9372=EDGE_CURVE('',#11380,#11382,#11383,.T.);
#9373=EDGE_CURVE('',#11382,#11384,#11385,.T.);
#9374=EDGE_CURVE('',#11384,#11386,#11387,.T.);
#9375=EDGE_CURVE('',#11386,#11388,#11389,.T.);
#9376=EDGE_CURVE('',#11388,#11390,#11391,.T.);
#9377=EDGE_CURVE('',#11390,#11392,#11393,.T.);
#9378=EDGE_CURVE('',#11392,#11379,#11394,.T.);
#9379=EDGE_CURVE('',#11344,#11395,#11396,.T.);
#9380=EDGE_CURVE('',#11397,#11395,#11398,.T.);
#9381=EDGE_CURVE('',#11343,#11397,#11399,.T.);
#9382=EDGE_CURVE('',#11400,#11397,#11401,.T.);
#9383=EDGE_CURVE('',#11346,#11400,#11402,.T.);
#9384=EDGE_CURVE('',#11403,#11400,#11404,.T.);
#9385=EDGE_CURVE('',#11348,#11403,#11405,.T.);
#9386=EDGE_CURVE('',#11406,#11403,#11407,.T.);
#9387=EDGE_CURVE('',#11350,#11406,#11408,.T.);
#9388=EDGE_CURVE('',#11409,#11406,#11410,.T.);
#9389=EDGE_CURVE('',#11352,#11409,#11411,.T.);
#9390=EDGE_CURVE('',#11412,#11409,#11413,.T.);
#9391=EDGE_CURVE('',#11354,#11412,#11414,.T.);
#9392=EDGE_CURVE('',#11415,#11412,#11416,.T.);
#9393=EDGE_CURVE('',#11356,#11415,#11417,.T.);
#9394=EDGE_CURVE('',#11418,#11415,#11419,.T.);
#9395=EDGE_CURVE('',#11358,#11418,#11420,.T.);
#9396=EDGE_CURVE('',#11421,#11418,#11422,.T.);
#9397=EDGE_CURVE('',#11360,#11421,#11423,.T.);
#9398=EDGE_CURVE('',#11424,#11421,#11425,.T.);
#9399=EDGE_CURVE('',#11362,#11424,#11426,.T.);
#9400=EDGE_CURVE('',#11427,#11424,#11428,.T.);
#9401=EDGE_CURVE('',#11364,#11427,#11429,.T.);
#9402=EDGE_CURVE('',#11430,#11427,#11431,.T.);
#9403=EDGE_CURVE('',#11366,#11430,#11432,.T.);
#9404=EDGE_CURVE('',#11433,#11430,#11434,.T.);
#9405=EDGE_CURVE('',#11368,#11433,#11435,.T.);
#9406=EDGE_CURVE('',#11436,#11433,#11437,.T.);
#9407=EDGE_CURVE('',#11370,#11436,#11438,.T.);
#9408=EDGE_CURVE('',#11439,#11436,#11440,.T.);
#9409=EDGE_CURVE('',#11372,#11439,#11441,.T.);
#9410=EDGE_CURVE('',#11442,#11439,#11443,.T.);
#9411=EDGE_CURVE('',#11374,#11442,#11444,.T.);
#9412=EDGE_CURVE('',#11445,#11442,#11446,.T.);
#9413=EDGE_CURVE('',#11376,#11445,#11447,.T.);
#9414=EDGE_CURVE('',#11395,#11445,#11448,.T.);
#9415=EDGE_CURVE('',#11449,#11450,#11451,.F.);
#9416=EDGE_CURVE('',#11380,#11449,#11452,.T.);
#9417=EDGE_CURVE('',#11379,#11450,#11453,.T.);
#9418=EDGE_CURVE('',#11454,#11449,#11455,.F.);
#9419=EDGE_CURVE('',#11382,#11454,#11456,.T.);
#9420=EDGE_CURVE('',#11457,#11454,#11458,.F.);
#9421=EDGE_CURVE('',#11384,#11457,#11459,.T.);
#9422=EDGE_CURVE('',#11460,#11457,#11461,.F.);
#9423=EDGE_CURVE('',#11386,#11460,#11462,.T.);
#9424=EDGE_CURVE('',#11463,#11460,#11464,.F.);
#9425=EDGE_CURVE('',#11388,#11463,#11465,.T.);
#9426=EDGE_CURVE('',#11466,#11463,#11467,.F.);
#9427=EDGE_CURVE('',#11390,#11466,#11468,.T.);
#9428=EDGE_CURVE('',#11469,#11466,#11470,.F.);
#9429=EDGE_CURVE('',#11392,#11469,#11471,.T.);
#9430=EDGE_CURVE('',#11450,#11469,#11472,.F.);
#9431=EDGE_CURVE('',#11473,#11474,#11475,.T.);
#9432=EDGE_CURVE('',#11474,#11476,#11477,.T.);
#9433=EDGE_CURVE('',#11478,#11476,#11479,.T.);
#9434=EDGE_CURVE('',#11473,#11478,#11480,.T.);
#9435=EDGE_CURVE('',#11481,#11473,#11482,.T.);
#9436=EDGE_CURVE('',#11483,#11481,#11484,.T.);
#9437=EDGE_CURVE('',#11485,#11483,#11486,.T.);
#9438=EDGE_CURVE('',#11487,#11485,#11488,.T.);
#9439=EDGE_CURVE('',#11489,#11487,#11490,.T.);
#9440=EDGE_CURVE('',#11491,#11489,#11492,.T.);
#9441=EDGE_CURVE('',#11493,#11491,#11494,.T.);
#9442=EDGE_CURVE('',#11495,#11493,#11496,.T.);
#9443=EDGE_CURVE('',#11497,#11495,#11498,.T.);
#9444=EDGE_CURVE('',#11499,#11497,#11500,.T.);
#9445=EDGE_CURVE('',#11501,#11499,#11502,.T.);
#9446=EDGE_CURVE('',#11474,#11501,#11503,.T.);
#9447=EDGE_CURVE('',#11501,#11504,#11505,.T.);
#9448=EDGE_CURVE('',#11476,#11504,#11506,.T.);
#9449=EDGE_CURVE('',#11504,#11507,#11508,.T.);
#9450=EDGE_CURVE('',#11507,#11509,#11510,.T.);
#9451=EDGE_CURVE('',#11509,#11511,#11512,.T.);
#9452=EDGE_CURVE('',#11511,#11513,#11514,.T.);
#9453=EDGE_CURVE('',#11513,#11515,#11516,.T.);
#9454=EDGE_CURVE('',#11515,#11517,#11518,.T.);
#9455=EDGE_CURVE('',#11517,#11519,#11520,.T.);
#9456=EDGE_CURVE('',#11519,#11521,#11522,.T.);
#9457=EDGE_CURVE('',#11521,#11523,#11524,.T.);
#9458=EDGE_CURVE('',#11523,#11525,#11526,.T.);
#9459=EDGE_CURVE('',#11525,#11478,#11527,.T.);
#9460=EDGE_CURVE('',#11481,#11525,#11528,.T.);
#9461=EDGE_CURVE('',#11483,#11523,#11529,.T.);
#9462=EDGE_CURVE('',#11485,#11521,#11530,.T.);
#9463=EDGE_CURVE('',#11487,#11519,#11531,.T.);
#9464=EDGE_CURVE('',#11489,#11517,#11532,.T.);
#9465=EDGE_CURVE('',#11491,#11515,#11533,.T.);
#9466=EDGE_CURVE('',#11493,#11513,#11534,.T.);
#9467=EDGE_CURVE('',#11495,#11511,#11535,.T.);
#9468=EDGE_CURVE('',#11497,#11509,#11536,.T.);
#9469=EDGE_CURVE('',#11499,#11507,#11537,.T.);
#9470=EDGE_CURVE('',#11538,#11539,#11540,.T.);
#9471=EDGE_CURVE('',#11539,#11541,#11542,.T.);
#9472=EDGE_CURVE('',#11543,#11541,#11544,.T.);
#9473=EDGE_CURVE('',#11538,#11543,#11545,.T.);
#9474=EDGE_CURVE('',#11546,#11538,#11547,.T.);
#9475=EDGE_CURVE('',#11548,#11546,#11549,.T.);
#9476=EDGE_CURVE('',#11550,#11548,#11551,.T.);
#9477=EDGE_CURVE('',#11552,#11550,#11553,.T.);
#9478=EDGE_CURVE('',#11539,#11552,#11554,.T.);
#9479=EDGE_CURVE('',#11552,#11555,#11556,.T.);
#9480=EDGE_CURVE('',#11541,#11555,#11557,.T.);
#9481=EDGE_CURVE('',#11555,#11558,#11559,.T.);
#9482=EDGE_CURVE('',#11558,#11560,#11561,.T.);
#9483=EDGE_CURVE('',#11560,#11562,#11563,.T.);
#9484=EDGE_CURVE('',#11562,#11543,#11564,.T.);
#9485=EDGE_CURVE('',#11546,#11562,#11565,.T.);
#9486=EDGE_CURVE('',#11548,#11560,#11566,.T.);
#9487=EDGE_CURVE('',#11550,#11558,#11567,.T.);
#9488=EDGE_CURVE('',#11568,#11569,#11570,.T.);
#9489=EDGE_CURVE('',#11569,#11571,#11572,.T.);
#9490=EDGE_CURVE('',#11573,#11571,#11574,.T.);
#9491=EDGE_CURVE('',#11568,#11573,#11575,.T.);
#9492=EDGE_CURVE('',#11576,#11568,#11577,.T.);
#9493=EDGE_CURVE('',#11578,#11576,#11579,.T.);
#9494=EDGE_CURVE('',#11569,#11578,#11580,.T.);
#9495=EDGE_CURVE('',#11578,#11581,#11582,.T.);
#9496=EDGE_CURVE('',#11571,#11581,#11583,.T.);
#9497=EDGE_CURVE('',#11581,#11584,#11585,.T.);
#9498=EDGE_CURVE('',#11584,#11573,#11586,.T.);
#9499=EDGE_CURVE('',#11576,#11584,#11587,.T.);
#9500=EDGE_CURVE('',#11588,#11589,#11590,.T.);
#9501=EDGE_CURVE('',#11591,#11588,#11592,.T.);
#9502=EDGE_CURVE('',#11593,#11591,#11594,.T.);
#9503=EDGE_CURVE('',#11595,#11593,#11596,.T.);
#9504=EDGE_CURVE('',#11597,#11595,#11598,.T.);
#9505=EDGE_CURVE('',#11599,#11597,#11600,.T.);
#9506=EDGE_CURVE('',#11601,#11599,#11602,.T.);
#9507=EDGE_CURVE('',#11603,#11601,#11604,.T.);
#9508=EDGE_CURVE('',#11605,#11603,#11606,.T.);
#9509=EDGE_CURVE('',#11607,#11605,#11608,.T.);
#9510=EDGE_CURVE('',#11589,#11607,#11609,.T.);
#9511=EDGE_CURVE('',#11610,#11611,#11612,.T.);
#9512=EDGE_CURVE('',#11611,#11613,#11614,.T.);
#9513=EDGE_CURVE('',#11613,#11610,#11615,.T.);
#9514=EDGE_CURVE('',#11616,#11617,#11618,.T.);
#9515=EDGE_CURVE('',#11617,#11619,#11620,.T.);
#9516=EDGE_CURVE('',#11619,#11621,#11622,.T.);
#9517=EDGE_CURVE('',#11621,#11623,#11624,.T.);
#9518=EDGE_CURVE('',#11623,#11625,#11626,.T.);
#9519=EDGE_CURVE('',#11625,#11627,#11628,.T.);
#9520=EDGE_CURVE('',#11627,#11629,#11630,.T.);
#9521=EDGE_CURVE('',#11629,#11631,#11632,.T.);
#9522=EDGE_CURVE('',#11631,#11633,#11634,.T.);
#9523=EDGE_CURVE('',#11633,#11635,#11636,.T.);
#9524=EDGE_CURVE('',#11635,#11616,#11637,.T.);
#9525=EDGE_CURVE('',#11638,#11639,#11640,.F.);
#9526=EDGE_CURVE('',#11639,#11641,#11642,.F.);
#9527=EDGE_CURVE('',#11641,#11638,#11643,.F.);
#9528=EDGE_CURVE('',#11610,#11639,#11644,.T.);
#9529=EDGE_CURVE('',#11613,#11641,#11645,.T.);
#9530=EDGE_CURVE('',#11611,#11638,#11646,.T.);
#9531=EDGE_CURVE('',#11589,#11616,#11647,.T.);
#9532=EDGE_CURVE('',#11588,#11635,#11648,.T.);
#9533=EDGE_CURVE('',#11591,#11633,#11649,.T.);
#9534=EDGE_CURVE('',#11593,#11631,#11650,.T.);
#9535=EDGE_CURVE('',#11595,#11629,#11651,.T.);
#9536=EDGE_CURVE('',#11597,#11627,#11652,.T.);
#9537=EDGE_CURVE('',#11599,#11625,#11653,.T.);
#9538=EDGE_CURVE('',#11601,#11623,#11654,.T.);
#9539=EDGE_CURVE('',#11603,#11621,#11655,.T.);
#9540=EDGE_CURVE('',#11605,#11619,#11656,.T.);
#9541=EDGE_CURVE('',#11607,#11617,#11657,.T.);
#9542=VERTEX_POINT('',#11658);
#9543=VERTEX_POINT('',#11659);
#9544=LINE('',#11660,#11661);
#9545=VERTEX_POINT('',#11663);
#9546=LINE('',#11664,#11665);
#9547=VERTEX_POINT('',#11667);
#9548=LINE('',#11668,#11669);
#9549=LINE('',#11671,#11672);
#9550=VERTEX_POINT('',#11674);
#9551=VERTEX_POINT('',#11675);
#9552=LINE('',#11676,#11677);
#9553=VERTEX_POINT('',#11679);
#9554=LINE('',#11680,#11681);
#9555=VERTEX_POINT('',#11683);
#9556=LINE('',#11684,#11685);
#9557=LINE('',#11687,#11688);
#9558=VERTEX_POINT('',#11690);
#9559=VERTEX_POINT('',#11691);
#9560=LINE('',#11692,#11693);
#9561=VERTEX_POINT('',#11695);
#9562=LINE('',#11696,#11697);
#9563=VERTEX_POINT('',#11699);
#9564=LINE('',#11700,#11701);
#9565=LINE('',#11703,#11704);
#9566=VERTEX_POINT('',#11706);
#9567=VERTEX_POINT('',#11707);
#9568=LINE('',#11708,#11709);
#9569=VERTEX_POINT('',#11711);
#9570=LINE('',#11712,#11713);
#9571=VERTEX_POINT('',#11715);
#9572=LINE('',#11716,#11717);
#9573=LINE('',#11719,#11720);
#9574=VERTEX_POINT('',#11722);
#9575=VERTEX_POINT('',#11723);
#9576=LINE('',#11724,#11725);
#9577=VERTEX_POINT('',#11727);
#9578=LINE('',#11728,#11729);
#9579=VERTEX_POINT('',#11731);
#9580=LINE('',#11732,#11733);
#9581=LINE('',#11735,#11736);
#9582=VERTEX_POINT('',#11738);
#9583=VERTEX_POINT('',#11739);
#9584=LINE('',#11740,#11741);
#9585=VERTEX_POINT('',#11743);
#9586=LINE('',#11744,#11745);
#9587=VERTEX_POINT('',#11747);
#9588=LINE('',#11748,#11749);
#9589=LINE('',#11751,#11752);
#9590=VERTEX_POINT('',#11754);
#9591=VERTEX_POINT('',#11755);
#9592=LINE('',#11756,#11757);
#9593=VERTEX_POINT('',#11759);
#9594=LINE('',#11760,#11761);
#9595=VERTEX_POINT('',#11763);
#9596=LINE('',#11764,#11765);
#9597=LINE('',#11767,#11768);
#9598=VERTEX_POINT('',#11770);
#9599=VERTEX_POINT('',#11771);
#9600=LINE('',#11772,#11773);
#9601=VERTEX_POINT('',#11775);
#9602=LINE('',#11776,#11777);
#9603=VERTEX_POINT('',#11779);
#9604=LINE('',#11780,#11781);
#9605=LINE('',#11783,#11784);
#9606=VERTEX_POINT('',#11786);
#9607=VERTEX_POINT('',#11787);
#9608=LINE('',#11788,#11789);
#9609=VERTEX_POINT('',#11791);
#9610=LINE('',#11792,#11793);
#9611=VERTEX_POINT('',#11795);
#9612=LINE('',#11796,#11797);
#9613=LINE('',#11799,#11800);
#9614=VERTEX_POINT('',#11802);
#9615=VERTEX_POINT('',#11803);
#9616=LINE('',#11804,#11805);
#9617=VERTEX_POINT('',#11807);
#9618=LINE('',#11808,#11809);
#9619=VERTEX_POINT('',#11811);
#9620=LINE('',#11812,#11813);
#9621=LINE('',#11815,#11816);
#9622=VERTEX_POINT('',#11818);
#9623=VERTEX_POINT('',#11819);
#9624=LINE('',#11820,#11821);
#9625=VERTEX_POINT('',#11823);
#9626=LINE('',#11824,#11825);
#9627=VERTEX_POINT('',#11827);
#9628=LINE('',#11828,#11829);
#9629=LINE('',#11831,#11832);
#9630=VERTEX_POINT('',#11834);
#9631=VERTEX_POINT('',#11835);
#9632=LINE('',#11836,#11837);
#9633=VERTEX_POINT('',#11839);
#9634=LINE('',#11840,#11841);
#9635=VERTEX_POINT('',#11843);
#9636=LINE('',#11844,#11845);
#9637=LINE('',#11847,#11848);
#9638=VERTEX_POINT('',#11850);
#9639=LINE('',#11851,#11852);
#9640=VERTEX_POINT('',#11854);
#9641=LINE('',#11855,#11856);
#9642=VERTEX_POINT('',#11858);
#9643=LINE('',#11859,#11860);
#9644=VERTEX_POINT('',#11862);
#9645=LINE('',#11863,#11864);
#9646=LINE('',#11866,#11867);
#9647=VERTEX_POINT('',#11869);
#9648=LINE('',#11870,#11871);
#9649=LINE('',#11873,#11874);
#9650=VERTEX_POINT('',#11876);
#9651=LINE('',#11877,#11878);
#9652=LINE('',#11880,#11881);
#9653=VERTEX_POINT('',#11883);
#9654=LINE('',#11884,#11885);
#9655=LINE('',#11887,#11888);
#9656=VERTEX_POINT('',#11890);
#9657=LINE('',#11891,#11892);
#9658=LINE('',#11894,#11895);
#9659=VERTEX_POINT('',#11897);
#9660=LINE('',#11898,#11899);
#9661=LINE('',#11901,#11902);
#9662=VERTEX_POINT('',#11904);
#9663=LINE('',#11905,#11906);
#9664=VERTEX_POINT('',#11908);
#9665=LINE('',#11909,#11910);
#9666=LINE('',#11912,#11913);
#9667=VERTEX_POINT('',#11915);
#9668=LINE('',#11916,#11917);
#9669=LINE('',#11919,#11920);
#9670=VERTEX_POINT('',#11922);
#9671=LINE('',#11923,#11924);
#9672=LINE('',#11926,#11927);
#9673=VERTEX_POINT('',#11929);
#9674=LINE('',#11930,#11931);
#9675=LINE('',#11933,#11934);
#9676=VERTEX_POINT('',#11936);
#9677=LINE('',#11937,#11938);
#9678=LINE('',#11940,#11941);
#9679=VERTEX_POINT('',#11943);
#9680=LINE('',#11944,#11945);
#9681=VERTEX_POINT('',#11947);
#9682=LINE('',#11948,#11949);
#9683=VERTEX_POINT('',#11951);
#9684=LINE('',#11952,#11953);
#9685=LINE('',#11955,#11956);
#9686=VERTEX_POINT('',#11958);
#9687=VERTEX_POINT('',#11959);
#9688=LINE('',#11960,#11961);
#9689=LINE('',#11963,#11964);
#9690=VERTEX_POINT('',#11966);
#9691=LINE('',#11967,#11968);
#9692=VERTEX_POINT('',#11970);
#9693=LINE('',#11971,#11972);
#9694=LINE('',#11974,#11975);
#9695=LINE('',#11977,#11978);
#9696=VERTEX_POINT('',#11980);
#9697=LINE('',#11981,#11982);
#9698=VERTEX_POINT('',#11984);
#9699=LINE('',#11985,#11986);
#9700=LINE('',#11988,#11989);
#9701=VERTEX_POINT('',#11991);
#9702=LINE('',#11992,#11993);
#9703=LINE('',#11995,#11996);
#9704=VERTEX_POINT('',#11998);
#9705=LINE('',#11999,#12000);
#9706=LINE('',#12002,#12003);
#9707=VERTEX_POINT('',#12005);
#9708=LINE('',#12006,#12007);
#9709=LINE('',#12009,#12010);
#9710=VERTEX_POINT('',#12012);
#9711=LINE('',#12013,#12014);
#9712=LINE('',#12016,#12017);
#9713=VERTEX_POINT('',#12019);
#9714=LINE('',#12020,#12021);
#9715=LINE('',#12023,#12024);
#9716=LINE('',#12026,#12027);
#9717=LINE('',#12029,#12030);
#9718=VERTEX_POINT('',#12032);
#9719=LINE('',#12033,#12034);
#9720=LINE('',#12036,#12037);
#9721=VERTEX_POINT('',#12039);
#9722=LINE('',#12040,#12041);
#9723=LINE('',#12043,#12044);
#9724=VERTEX_POINT('',#12046);
#9725=LINE('',#12047,#12048);
#9726=LINE('',#12050,#12051);
#9727=VERTEX_POINT('',#12053);
#9728=LINE('',#12054,#12055);
#9729=LINE('',#12057,#12058);
#9730=VERTEX_POINT('',#12060);
#9731=LINE('',#12061,#12062);
#9732=LINE('',#12064,#12065);
#9733=VERTEX_POINT('',#12067);
#9734=VERTEX_POINT('',#12068);
#9735=LINE('',#12069,#12070);
#9736=LINE('',#12072,#12073);
#9737=LINE('',#12075,#12076);
#9738=LINE('',#12078,#12079);
#9739=LINE('',#12081,#12082);
#9740=LINE('',#12084,#12085);
#9741=LINE('',#12087,#12088);
#9742=LINE('',#12090,#12091);
#9743=LINE('',#12093,#12094);
#9744=LINE('',#12096,#12097);
#9745=LINE('',#12099,#12100);
#9746=LINE('',#12102,#12103);
#9747=LINE('',#12105,#12106);
#9748=LINE('',#12108,#12109);
#9749=LINE('',#12111,#12112);
#9750=VERTEX_POINT('',#12114);
#9751=CIRCLE('',#12115,1.);
#9752=VERTEX_POINT('',#12119);
#9753=LINE('',#12120,#12121);
#9754=CIRCLE('',#12123,1.);
#9755=VERTEX_POINT('',#12127);
#9756=CIRCLE('',#12128,1.);
#9757=VERTEX_POINT('',#12132);
#9758=CIRCLE('',#12133,1.);
#9759=LINE('',#12137,#12138);
#9760=LINE('',#12140,#12141);
#9761=LINE('',#12143,#12144);
#9762=VERTEX_POINT('',#12146);
#9763=VERTEX_POINT('',#12147);
#9764=LINE('',#12148,#12149);
#9765=VERTEX_POINT('',#12151);
#9766=LINE('',#12152,#12153);
#9767=VERTEX_POINT('',#12155);
#9768=LINE('',#12156,#12157);
#9769=LINE('',#12159,#12160);
#9770=VERTEX_POINT('',#12162);
#9771=LINE('',#12163,#12164);
#9772=VERTEX_POINT('',#12166);
#9773=LINE('',#12167,#12168);
#9774=LINE('',#12170,#12171);
#9775=VERTEX_POINT('',#12173);
#9776=LINE('',#12174,#12175);
#9777=VERTEX_POINT('',#12177);
#9778=LINE('',#12178,#12179);
#9779=LINE('',#12181,#12182);
#9780=VERTEX_POINT('',#12184);
#9781=LINE('',#12185,#12186);
#9782=LINE('',#12188,#12189);
#9783=VERTEX_POINT('',#12191);
#9784=LINE('',#12192,#12193);
#9785=LINE('',#12195,#12196);
#9786=VERTEX_POINT('',#12198);
#9787=LINE('',#12199,#12200);
#9788=LINE('',#12202,#12203);
#9789=VERTEX_POINT('',#12205);
#9790=LINE('',#12206,#12207);
#9791=LINE('',#12209,#12210);
#9792=LINE('',#12212,#12213);
#9793=LINE('',#12215,#12216);
#9794=VERTEX_POINT('',#12218);
#9795=VERTEX_POINT('',#12219);
#9796=LINE('',#12220,#12221);
#9797=VERTEX_POINT('',#12223);
#9798=LINE('',#12224,#12225);
#9799=VERTEX_POINT('',#12227);
#9800=LINE('',#12228,#12229);
#9801=LINE('',#12231,#12232);
#9802=VERTEX_POINT('',#12234);
#9803=LINE('',#12235,#12236);
#9804=VERTEX_POINT('',#12238);
#9805=LINE('',#12239,#12240);
#9806=LINE('',#12242,#12243);
#9807=VERTEX_POINT('',#12245);
#9808=LINE('',#12246,#12247);
#9809=VERTEX_POINT('',#12249);
#9810=LINE('',#12250,#12251);
#9811=LINE('',#12253,#12254);
#9812=LINE('',#12256,#12257);
#9813=LINE('',#12259,#12260);
#9814=VERTEX_POINT('',#12262);
#9815=VERTEX_POINT('',#12263);
#9816=LINE('',#12264,#12265);
#9817=VERTEX_POINT('',#12267);
#9818=LINE('',#12268,#12269);
#9819=VERTEX_POINT('',#12271);
#9820=LINE('',#12272,#12273);
#9821=LINE('',#12275,#12276);
#9822=LINE('',#12278,#12279);
#9823=LINE('',#12281,#12282);
#9824=LINE('',#12284,#12285);
#9825=LINE('',#12287,#12288);
#9826=VERTEX_POINT('',#12290);
#9827=VERTEX_POINT('',#12291);
#9828=LINE('',#12292,#12293);
#9829=VERTEX_POINT('',#12295);
#9830=LINE('',#12296,#12297);
#9831=VERTEX_POINT('',#12299);
#9832=LINE('',#12300,#12301);
#9833=LINE('',#12303,#12304);
#9834=VERTEX_POINT('',#12306);
#9835=LINE('',#12307,#12308);
#9836=VERTEX_POINT('',#12310);
#9837=LINE('',#12311,#12312);
#9838=LINE('',#12314,#12315);
#9839=VERTEX_POINT('',#12317);
#9840=LINE('',#12318,#12319);
#9841=VERTEX_POINT('',#12321);
#9842=LINE('',#12322,#12323);
#9843=LINE('',#12325,#12326);
#9844=VERTEX_POINT('',#12328);
#9845=LINE('',#12329,#12330);
#9846=LINE('',#12332,#12333);
#9847=VERTEX_POINT('',#12335);
#9848=LINE('',#12336,#12337);
#9849=LINE('',#12339,#12340);
#9850=VERTEX_POINT('',#12342);
#9851=LINE('',#12343,#12344);
#9852=LINE('',#12346,#12347);
#9853=VERTEX_POINT('',#12349);
#9854=LINE('',#12350,#12351);
#9855=LINE('',#12353,#12354);
#9856=LINE('',#12356,#12357);
#9857=LINE('',#12359,#12360);
#9858=VERTEX_POINT('',#12362);
#9859=VERTEX_POINT('',#12363);
#9860=LINE('',#12364,#12365);
#9861=VERTEX_POINT('',#12367);
#9862=LINE('',#12368,#12369);
#9863=VERTEX_POINT('',#12371);
#9864=LINE('',#12372,#12373);
#9865=LINE('',#12375,#12376);
#9866=VERTEX_POINT('',#12378);
#9867=LINE('',#12379,#12380);
#9868=VERTEX_POINT('',#12382);
#9869=LINE('',#12383,#12384);
#9870=LINE('',#12386,#12387);
#9871=VERTEX_POINT('',#12389);
#9872=LINE('',#12390,#12391);
#9873=VERTEX_POINT('',#12393);
#9874=LINE('',#12394,#12395);
#9875=LINE('',#12397,#12398);
#9876=VERTEX_POINT('',#12400);
#9877=LINE('',#12401,#12402);
#9878=LINE('',#12404,#12405);
#9879=VERTEX_POINT('',#12407);
#9880=LINE('',#12408,#12409);
#9881=LINE('',#12411,#12412);
#9882=VERTEX_POINT('',#12414);
#9883=LINE('',#12415,#12416);
#9884=LINE('',#12418,#12419);
#9885=VERTEX_POINT('',#12421);
#9886=LINE('',#12422,#12423);
#9887=LINE('',#12425,#12426);
#9888=LINE('',#12428,#12429);
#9889=LINE('',#12431,#12432);
#9890=VERTEX_POINT('',#12434);
#9891=VERTEX_POINT('',#12435);
#9892=LINE('',#12436,#12437);
#9893=VERTEX_POINT('',#12439);
#9894=LINE('',#12440,#12441);
#9895=VERTEX_POINT('',#12443);
#9896=LINE('',#12444,#12445);
#9897=LINE('',#12447,#12448);
#9898=VERTEX_POINT('',#12450);
#9899=LINE('',#12451,#12452);
#9900=VERTEX_POINT('',#12454);
#9901=LINE('',#12455,#12456);
#9902=LINE('',#12458,#12459);
#9903=VERTEX_POINT('',#12461);
#9904=LINE('',#12462,#12463);
#9905=VERTEX_POINT('',#12465);
#9906=LINE('',#12466,#12467);
#9907=LINE('',#12469,#12470);
#9908=VERTEX_POINT('',#12472);
#9909=LINE('',#12473,#12474);
#9910=LINE('',#12476,#12477);
#9911=VERTEX_POINT('',#12479);
#9912=LINE('',#12480,#12481);
#9913=LINE('',#12483,#12484);
#9914=VERTEX_POINT('',#12486);
#9915=LINE('',#12487,#12488);
#9916=LINE('',#12490,#12491);
#9917=VERTEX_POINT('',#12493);
#9918=LINE('',#12494,#12495);
#9919=LINE('',#12497,#12498);
#9920=LINE('',#12500,#12501);
#9921=LINE('',#12503,#12504);
#9922=VERTEX_POINT('',#12506);
#9923=VERTEX_POINT('',#12507);
#9924=LINE('',#12508,#12509);
#9925=VERTEX_POINT('',#12511);
#9926=LINE('',#12512,#12513);
#9927=VERTEX_POINT('',#12515);
#9928=LINE('',#12516,#12517);
#9929=LINE('',#12519,#12520);
#9930=VERTEX_POINT('',#12522);
#9931=LINE('',#12523,#12524);
#9932=VERTEX_POINT('',#12526);
#9933=LINE('',#12527,#12528);
#9934=LINE('',#12530,#12531);
#9935=VERTEX_POINT('',#12533);
#9936=LINE('',#12534,#12535);
#9937=VERTEX_POINT('',#12537);
#9938=LINE('',#12538,#12539);
#9939=LINE('',#12541,#12542);
#9940=VERTEX_POINT('',#12544);
#9941=LINE('',#12545,#12546);
#9942=LINE('',#12548,#12549);
#9943=VERTEX_POINT('',#12551);
#9944=LINE('',#12552,#12553);
#9945=LINE('',#12555,#12556);
#9946=VERTEX_POINT('',#12558);
#9947=LINE('',#12559,#12560);
#9948=LINE('',#12562,#12563);
#9949=VERTEX_POINT('',#12565);
#9950=LINE('',#12566,#12567);
#9951=LINE('',#12569,#12570);
#9952=LINE('',#12572,#12573);
#9953=LINE('',#12575,#12576);
#9954=VERTEX_POINT('',#12578);
#9955=VERTEX_POINT('',#12579);
#9956=LINE('',#12580,#12581);
#9957=VERTEX_POINT('',#12583);
#9958=LINE('',#12584,#12585);
#9959=VERTEX_POINT('',#12587);
#9960=LINE('',#12588,#12589);
#9961=LINE('',#12591,#12592);
#9962=VERTEX_POINT('',#12594);
#9963=LINE('',#12595,#12596);
#9964=VERTEX_POINT('',#12598);
#9965=LINE('',#12599,#12600);
#9966=LINE('',#12602,#12603);
#9967=VERTEX_POINT('',#12605);
#9968=LINE('',#12606,#12607);
#9969=VERTEX_POINT('',#12609);
#9970=LINE('',#12610,#12611);
#9971=LINE('',#12613,#12614);
#9972=VERTEX_POINT('',#12616);
#9973=LINE('',#12617,#12618);
#9974=LINE('',#12620,#12621);
#9975=VERTEX_POINT('',#12623);
#9976=LINE('',#12624,#12625);
#9977=LINE('',#12627,#12628);
#9978=VERTEX_POINT('',#12630);
#9979=LINE('',#12631,#12632);
#9980=LINE('',#12634,#12635);
#9981=VERTEX_POINT('',#12637);
#9982=LINE('',#12638,#12639);
#9983=LINE('',#12641,#12642);
#9984=LINE('',#12644,#12645);
#9985=LINE('',#12647,#12648);
#9986=VERTEX_POINT('',#12650);
#9987=VERTEX_POINT('',#12651);
#9988=LINE('',#12652,#12653);
#9989=VERTEX_POINT('',#12655);
#9990=LINE('',#12656,#12657);
#9991=VERTEX_POINT('',#12659);
#9992=LINE('',#12660,#12661);
#9993=LINE('',#12663,#12664);
#9994=VERTEX_POINT('',#12666);
#9995=LINE('',#12667,#12668);
#9996=VERTEX_POINT('',#12670);
#9997=LINE('',#12671,#12672);
#9998=LINE('',#12674,#12675);
#9999=VERTEX_POINT('',#12677);
#10000=LINE('',#12678,#12679);
#10001=VERTEX_POINT('',#12681);
#10002=LINE('',#12682,#12683);
#10003=LINE('',#12685,#12686);
#10004=VERTEX_POINT('',#12688);
#10005=LINE('',#12689,#12690);
#10006=LINE('',#12692,#12693);
#10007=VERTEX_POINT('',#12695);
#10008=LINE('',#12696,#12697);
#10009=LINE('',#12699,#12700);
#10010=VERTEX_POINT('',#12702);
#10011=LINE('',#12703,#12704);
#10012=LINE('',#12706,#12707);
#10013=VERTEX_POINT('',#12709);
#10014=LINE('',#12710,#12711);
#10015=LINE('',#12713,#12714);
#10016=LINE('',#12716,#12717);
#10017=LINE('',#12719,#12720);
#10018=VERTEX_POINT('',#12722);
#10019=VERTEX_POINT('',#12723);
#10020=LINE('',#12724,#12725);
#10021=VERTEX_POINT('',#12727);
#10022=LINE('',#12728,#12729);
#10023=VERTEX_POINT('',#12731);
#10024=LINE('',#12732,#12733);
#10025=LINE('',#12735,#12736);
#10026=VERTEX_POINT('',#12738);
#10027=LINE('',#12739,#12740);
#10028=VERTEX_POINT('',#12742);
#10029=LINE('',#12743,#12744);
#10030=LINE('',#12746,#12747);
#10031=VERTEX_POINT('',#12749);
#10032=LINE('',#12750,#12751);
#10033=VERTEX_POINT('',#12753);
#10034=LINE('',#12754,#12755);
#10035=LINE('',#12757,#12758);
#10036=VERTEX_POINT('',#12760);
#10037=LINE('',#12761,#12762);
#10038=LINE('',#12764,#12765);
#10039=VERTEX_POINT('',#12767);
#10040=LINE('',#12768,#12769);
#10041=LINE('',#12771,#12772);
#10042=VERTEX_POINT('',#12774);
#10043=LINE('',#12775,#12776);
#10044=LINE('',#12778,#12779);
#10045=VERTEX_POINT('',#12781);
#10046=LINE('',#12782,#12783);
#10047=LINE('',#12785,#12786);
#10048=LINE('',#12788,#12789);
#10049=LINE('',#12791,#12792);
#10050=VERTEX_POINT('',#12794);
#10051=VERTEX_POINT('',#12795);
#10052=LINE('',#12796,#12797);
#10053=VERTEX_POINT('',#12799);
#10054=LINE('',#12800,#12801);
#10055=VERTEX_POINT('',#12803);
#10056=LINE('',#12804,#12805);
#10057=LINE('',#12807,#12808);
#10058=VERTEX_POINT('',#12810);
#10059=LINE('',#12811,#12812);
#10060=VERTEX_POINT('',#12814);
#10061=LINE('',#12815,#12816);
#10062=LINE('',#12818,#12819);
#10063=VERTEX_POINT('',#12821);
#10064=LINE('',#12822,#12823);
#10065=VERTEX_POINT('',#12825);
#10066=LINE('',#12826,#12827);
#10067=LINE('',#12829,#12830);
#10068=VERTEX_POINT('',#12832);
#10069=LINE('',#12833,#12834);
#10070=LINE('',#12836,#12837);
#10071=VERTEX_POINT('',#12839);
#10072=LINE('',#12840,#12841);
#10073=LINE('',#12843,#12844);
#10074=VERTEX_POINT('',#12846);
#10075=LINE('',#12847,#12848);
#10076=LINE('',#12850,#12851);
#10077=VERTEX_POINT('',#12853);
#10078=LINE('',#12854,#12855);
#10079=LINE('',#12857,#12858);
#10080=LINE('',#12860,#12861);
#10081=LINE('',#12863,#12864);
#10082=VERTEX_POINT('',#12866);
#10083=VERTEX_POINT('',#12867);
#10084=LINE('',#12868,#12869);
#10085=VERTEX_POINT('',#12871);
#10086=LINE('',#12872,#12873);
#10087=VERTEX_POINT('',#12875);
#10088=LINE('',#12876,#12877);
#10089=LINE('',#12879,#12880);
#10090=VERTEX_POINT('',#12882);
#10091=LINE('',#12883,#12884);
#10092=VERTEX_POINT('',#12886);
#10093=LINE('',#12887,#12888);
#10094=LINE('',#12890,#12891);
#10095=VERTEX_POINT('',#12893);
#10096=LINE('',#12894,#12895);
#10097=VERTEX_POINT('',#12897);
#10098=LINE('',#12898,#12899);
#10099=LINE('',#12901,#12902);
#10100=VERTEX_POINT('',#12904);
#10101=LINE('',#12905,#12906);
#10102=LINE('',#12908,#12909);
#10103=VERTEX_POINT('',#12911);
#10104=LINE('',#12912,#12913);
#10105=LINE('',#12915,#12916);
#10106=VERTEX_POINT('',#12918);
#10107=LINE('',#12919,#12920);
#10108=LINE('',#12922,#12923);
#10109=VERTEX_POINT('',#12925);
#10110=LINE('',#12926,#12927);
#10111=LINE('',#12929,#12930);
#10112=LINE('',#12932,#12933);
#10113=LINE('',#12935,#12936);
#10114=VERTEX_POINT('',#12938);
#10115=VERTEX_POINT('',#12939);
#10116=LINE('',#12940,#12941);
#10117=VERTEX_POINT('',#12943);
#10118=LINE('',#12944,#12945);
#10119=VERTEX_POINT('',#12947);
#10120=LINE('',#12948,#12949);
#10121=LINE('',#12951,#12952);
#10122=VERTEX_POINT('',#12954);
#10123=LINE('',#12955,#12956);
#10124=VERTEX_POINT('',#12958);
#10125=LINE('',#12959,#12960);
#10126=LINE('',#12962,#12963);
#10127=VERTEX_POINT('',#12965);
#10128=LINE('',#12966,#12967);
#10129=VERTEX_POINT('',#12969);
#10130=LINE('',#12970,#12971);
#10131=LINE('',#12973,#12974);
#10132=VERTEX_POINT('',#12976);
#10133=LINE('',#12977,#12978);
#10134=LINE('',#12980,#12981);
#10135=VERTEX_POINT('',#12983);
#10136=LINE('',#12984,#12985);
#10137=LINE('',#12987,#12988);
#10138=VERTEX_POINT('',#12990);
#10139=LINE('',#12991,#12992);
#10140=LINE('',#12994,#12995);
#10141=VERTEX_POINT('',#12997);
#10142=LINE('',#12998,#12999);
#10143=LINE('',#13001,#13002);
#10144=LINE('',#13004,#13005);
#10145=LINE('',#13007,#13008);
#10146=VERTEX_POINT('',#13010);
#10147=VERTEX_POINT('',#13011);
#10148=CIRCLE('',#13012,1.5);
#10149=CIRCLE('',#13016,1.5);
#10150=VERTEX_POINT('',#13020);
#10151=CIRCLE('',#13021,1.5);
#10152=VERTEX_POINT('',#13025);
#10153=VERTEX_POINT('',#13026);
#10154=LINE('',#13027,#13028);
#10155=VERTEX_POINT('',#13030);
#10156=LINE('',#13031,#13032);
#10157=VERTEX_POINT('',#13034);
#10158=LINE('',#13035,#13036);
#10159=LINE('',#13038,#13039);
#10160=VERTEX_POINT('',#13041);
#10161=LINE('',#13042,#13043);
#10162=VERTEX_POINT('',#13045);
#10163=LINE('',#13046,#13047);
#10164=VERTEX_POINT('',#13049);
#10165=LINE('',#13050,#13051);
#10166=VERTEX_POINT('',#13053);
#10167=LINE('',#13054,#13055);
#10168=LINE('',#13057,#13058);
#10169=VERTEX_POINT('',#13060);
#10170=VERTEX_POINT('',#13061);
#10171=LINE('',#13062,#13063);
#10172=LINE('',#13065,#13066);
#10173=LINE('',#13068,#13069);
#10174=VERTEX_POINT('',#13071);
#10175=LINE('',#13072,#13073);
#10176=LINE('',#13075,#13076);
#10177=VERTEX_POINT('',#13078);
#10178=VERTEX_POINT('',#13079);
#10179=LINE('',#13080,#13081);
#10180=CIRCLE('',#13083,0.75);
#10181=VERTEX_POINT('',#13087);
#10182=CIRCLE('',#13088,1.);
#10183=VERTEX_POINT('',#13092);
#10184=LINE('',#13093,#13094);
#10185=CIRCLE('',#13096,0.75);
#10186=VERTEX_POINT('',#13100);
#10187=LINE('',#13101,#13102);
#10188=VERTEX_POINT('',#13104);
#10189=LINE('',#13105,#13106);
#10190=LINE('',#13108,#13109);
#10191=VERTEX_POINT('',#13111);
#10192=VERTEX_POINT('',#13112);
#10193=CIRCLE('',#13113,0.75);
#10194=VERTEX_POINT('',#13117);
#10195=LINE('',#13118,#13119);
#10196=CIRCLE('',#13121,0.75);
#10197=CIRCLE('',#13125,0.75);
#10198=VERTEX_POINT('',#13129);
#10199=CIRCLE('',#13130,0.75);
#10200=LINE('',#13134,#13135);
#10201=VERTEX_POINT('',#13137);
#10202=LINE('',#13138,#13139);
#10203=VERTEX_POINT('',#13141);
#10204=LINE('',#13142,#13143);
#10205=LINE('',#13145,#13146);
#10206=VERTEX_POINT('',#13148);
#10207=VERTEX_POINT('',#13149);
#10208=CIRCLE('',#13150,1.);
#10209=LINE('',#13154,#13155);
#10210=CIRCLE('',#13157,0.75);
#10211=VERTEX_POINT('',#13161);
#10212=CIRCLE('',#13162,0.75);
#10213=LINE('',#13166,#13167);
#10214=LINE('',#13169,#13170);
#10215=LINE('',#13172,#13173);
#10216=LINE('',#13175,#13176);
#10217=VERTEX_POINT('',#13178);
#10218=LINE('',#13179,#13180);
#10219=VERTEX_POINT('',#13182);
#10220=LINE('',#13183,#13184);
#10221=LINE('',#13186,#13187);
#10222=(BOUNDED_CURVE()B_SPLINE_CURVE(3,
(#13189,#13190,#13191,#13192),
.UNSPECIFIED.,.F.,.F.)B_SPLINE_CURVE_WITH_KNOTS((4,4),
(0.,1.),
.UNSPECIFIED.)CURVE()GEOMETRIC_REPRESENTATION_ITEM()RATIONAL_B_SPLINE_CURVE((1.,
0.804737854124365,0.804737854124365,1.))REPRESENTATION_ITEM(''));
#10223=(BOUNDED_CURVE()B_SPLINE_CURVE(3,
(#13193,#13194,#13195,#13196),
.UNSPECIFIED.,.F.,.F.)B_SPLINE_CURVE_WITH_KNOTS((4,4),
(0.,1.),
.UNSPECIFIED.)CURVE()GEOMETRIC_REPRESENTATION_ITEM()RATIONAL_B_SPLINE_CURVE((1.,
0.804737854124365,0.804737854124365,1.))REPRESENTATION_ITEM(''));
#10224=VERTEX_POINT('',#13197);
#10225=CIRCLE('',#13198,0.5);
#10226=VERTEX_POINT('',#13202);
#10227=CIRCLE('',#13203,0.5);
#10228=VERTEX_POINT('',#13207);
#10229=VERTEX_POINT('',#13208);
#10230=B_SPLINE_CURVE_WITH_KNOTS('',2,
(#13209,#13210,#13211),
.UNSPECIFIED.,.F.,.F.,
(3,3),
(0.,1.),
.UNSPECIFIED.);
#10231=VERTEX_POINT('',#13212);
#10232=B_SPLINE_CURVE_WITH_KNOTS('',2,
(#13213,#13214,#13215),
.UNSPECIFIED.,.F.,.F.,
(3,3),
(0.,1.),
.UNSPECIFIED.);
#10233=VERTEX_POINT('',#13216);
#10234=B_SPLINE_CURVE_WITH_KNOTS('',2,
(#13217,#13218,#13219),
.UNSPECIFIED.,.F.,.F.,
(3,3),
(0.,1.),
.UNSPECIFIED.);
#10235=VERTEX_POINT('',#13220);
#10236=B_SPLINE_CURVE_WITH_KNOTS('',2,
(#13221,#13222,#13223),
.UNSPECIFIED.,.F.,.F.,
(3,3),
(0.,1.),
.UNSPECIFIED.);
#10237=VERTEX_POINT('',#13224);
#10238=B_SPLINE_CURVE_WITH_KNOTS('',2,
(#13225,#13226,#13227),
.UNSPECIFIED.,.F.,.F.,
(3,3),
(0.,1.),
.UNSPECIFIED.);
#10239=VERTEX_POINT('',#13228);
#10240=B_SPLINE_CURVE_WITH_KNOTS('',2,
(#13229,#13230,#13231),
.UNSPECIFIED.,.F.,.F.,
(3,3),
(0.,1.),
.UNSPECIFIED.);
#10241=VERTEX_POINT('',#13232);
#10242=B_SPLINE_CURVE_WITH_KNOTS('',2,
(#13233,#13234,#13235),
.UNSPECIFIED.,.F.,.F.,
(3,3),
(0.,1.),
.UNSPECIFIED.);
#10243=VERTEX_POINT('',#13236);
#10244=B_SPLINE_CURVE_WITH_KNOTS('',2,
(#13237,#13238,#13239),
.UNSPECIFIED.,.F.,.F.,
(3,3),
(0.,1.),
.UNSPECIFIED.);
#10245=VERTEX_POINT('',#13240);
#10246=LINE('',#13241,#13242);
#10247=VERTEX_POINT('',#13244);
#10248=LINE('',#13245,#13246);
#10249=VERTEX_POINT('',#13248);
#10250=LINE('',#13249,#13250);
#10251=VERTEX_POINT('',#13252);
#10252=B_SPLINE_CURVE_WITH_KNOTS('',2,
(#13253,#13254,#13255),
.UNSPECIFIED.,.F.,.F.,
(3,3),
(0.,1.),
.UNSPECIFIED.);
#10253=VERTEX_POINT('',#13256);
#10254=B_SPLINE_CURVE_WITH_KNOTS('',2,
(#13257,#13258,#13259),
.UNSPECIFIED.,.F.,.F.,
(3,3),
(0.,1.),
.UNSPECIFIED.);
#10255=VERTEX_POINT('',#13260);
#10256=LINE('',#13261,#13262);
#10257=VERTEX_POINT('',#13264);
#10258=LINE('',#13265,#13266);
#10259=VERTEX_POINT('',#13268);
#10260=LINE('',#13269,#13270);
#10261=VERTEX_POINT('',#13272);
#10262=LINE('',#13273,#13274);
#10263=LINE('',#13276,#13277);
#10264=VERTEX_POINT('',#13279);
#10265=VERTEX_POINT('',#13280);
#10266=LINE('',#13281,#13282);
#10267=VERTEX_POINT('',#13284);
#10268=B_SPLINE_CURVE_WITH_KNOTS('',2,
(#13285,#13286,#13287),
.UNSPECIFIED.,.F.,.F.,
(3,3),
(0.,1.),
.UNSPECIFIED.);
#10269=VERTEX_POINT('',#13288);
#10270=B_SPLINE_CURVE_WITH_KNOTS('',2,
(#13289,#13290,#13291),
.UNSPECIFIED.,.F.,.F.,
(3,3),
(0.,1.),
.UNSPECIFIED.);
#10271=VERTEX_POINT('',#13292);
#10272=B_SPLINE_CURVE_WITH_KNOTS('',2,
(#13293,#13294,#13295),
.UNSPECIFIED.,.F.,.F.,
(3,3),
(0.,1.),
.UNSPECIFIED.);
#10273=VERTEX_POINT('',#13296);
#10274=B_SPLINE_CURVE_WITH_KNOTS('',2,
(#13297,#13298,#13299),
.UNSPECIFIED.,.F.,.F.,
(3,3),
(0.,1.),
.UNSPECIFIED.);
#10275=VERTEX_POINT('',#13300);
#10276=LINE('',#13301,#13302);
#10277=LINE('',#13304,#13305);
#10278=VERTEX_POINT('',#13307);
#10279=LINE('',#13308,#13309);
#10280=VERTEX_POINT('',#13311);
#10281=B_SPLINE_CURVE_WITH_KNOTS('',2,
(#13312,#13313,#13314),
.UNSPECIFIED.,.F.,.F.,
(3,3),
(0.,1.),
.UNSPECIFIED.);
#10282=LINE('',#13315,#13316);
#10283=VERTEX_POINT('',#13318);
#10284=B_SPLINE_CURVE_WITH_KNOTS('',2,
(#13319,#13320,#13321),
.UNSPECIFIED.,.F.,.F.,
(3,3),
(0.,1.),
.UNSPECIFIED.);
#10285=LINE('',#13322,#13323);
#10286=VERTEX_POINT('',#13325);
#10287=B_SPLINE_CURVE_WITH_KNOTS('',2,
(#13326,#13327,#13328),
.UNSPECIFIED.,.F.,.F.,
(3,3),
(0.,1.),
.UNSPECIFIED.);
#10288=LINE('',#13329,#13330);
#10289=VERTEX_POINT('',#13332);
#10290=B_SPLINE_CURVE_WITH_KNOTS('',2,
(#13333,#13334,#13335),
.UNSPECIFIED.,.F.,.F.,
(3,3),
(0.,1.),
.UNSPECIFIED.);
#10291=LINE('',#13336,#13337);
#10292=VERTEX_POINT('',#13339);
#10293=B_SPLINE_CURVE_WITH_KNOTS('',2,
(#13340,#13341,#13342),
.UNSPECIFIED.,.F.,.F.,
(3,3),
(0.,1.),
.UNSPECIFIED.);
#10294=LINE('',#13343,#13344);
#10295=VERTEX_POINT('',#13346);
#10296=B_SPLINE_CURVE_WITH_KNOTS('',2,
(#13347,#13348,#13349),
.UNSPECIFIED.,.F.,.F.,
(3,3),
(0.,1.),
.UNSPECIFIED.);
#10297=LINE('',#13350,#13351);
#10298=VERTEX_POINT('',#13353);
#10299=B_SPLINE_CURVE_WITH_KNOTS('',2,
(#13354,#13355,#13356),
.UNSPECIFIED.,.F.,.F.,
(3,3),
(0.,1.),
.UNSPECIFIED.);
#10300=LINE('',#13357,#13358);
#10301=VERTEX_POINT('',#13360);
#10302=B_SPLINE_CURVE_WITH_KNOTS('',2,
(#13361,#13362,#13363),
.UNSPECIFIED.,.F.,.F.,
(3,3),
(0.,1.),
.UNSPECIFIED.);
#10303=LINE('',#13364,#13365);
#10304=VERTEX_POINT('',#13367);
#10305=LINE('',#13368,#13369);
#10306=LINE('',#13371,#13372);
#10307=VERTEX_POINT('',#13374);
#10308=LINE('',#13375,#13376);
#10309=LINE('',#13378,#13379);
#10310=VERTEX_POINT('',#13381);
#10311=LINE('',#13382,#13383);
#10312=LINE('',#13385,#13386);
#10313=VERTEX_POINT('',#13388);
#10314=B_SPLINE_CURVE_WITH_KNOTS('',2,
(#13389,#13390,#13391),
.UNSPECIFIED.,.F.,.F.,
(3,3),
(0.,1.),
.UNSPECIFIED.);
#10315=LINE('',#13392,#13393);
#10316=VERTEX_POINT('',#13395);
#10317=B_SPLINE_CURVE_WITH_KNOTS('',2,
(#13396,#13397,#13398),
.UNSPECIFIED.,.F.,.F.,
(3,3),
(0.,1.),
.UNSPECIFIED.);
#10318=LINE('',#13399,#13400);
#10319=VERTEX_POINT('',#13402);
#10320=LINE('',#13403,#13404);
#10321=LINE('',#13406,#13407);
#10322=VERTEX_POINT('',#13409);
#10323=LINE('',#13410,#13411);
#10324=LINE('',#13413,#13414);
#10325=VERTEX_POINT('',#13416);
#10326=LINE('',#13417,#13418);
#10327=LINE('',#13420,#13421);
#10328=VERTEX_POINT('',#13423);
#10329=LINE('',#13424,#13425);
#10330=LINE('',#13427,#13428);
#10331=LINE('',#13430,#13431);
#10332=VERTEX_POINT('',#13433);
#10333=VERTEX_POINT('',#13434);
#10334=LINE('',#13435,#13436);
#10335=LINE('',#13438,#13439);
#10336=LINE('',#13441,#13442);
#10337=VERTEX_POINT('',#13444);
#10338=B_SPLINE_CURVE_WITH_KNOTS('',2,
(#13445,#13446,#13447),
.UNSPECIFIED.,.F.,.F.,
(3,3),
(0.,1.),
.UNSPECIFIED.);
#10339=LINE('',#13448,#13449);
#10340=VERTEX_POINT('',#13451);
#10341=B_SPLINE_CURVE_WITH_KNOTS('',2,
(#13452,#13453,#13454),
.UNSPECIFIED.,.F.,.F.,
(3,3),
(0.,1.),
.UNSPECIFIED.);
#10342=LINE('',#13455,#13456);
#10343=VERTEX_POINT('',#13458);
#10344=B_SPLINE_CURVE_WITH_KNOTS('',2,
(#13459,#13460,#13461),
.UNSPECIFIED.,.F.,.F.,
(3,3),
(0.,1.),
.UNSPECIFIED.);
#10345=LINE('',#13462,#13463);
#10346=VERTEX_POINT('',#13465);
#10347=B_SPLINE_CURVE_WITH_KNOTS('',2,
(#13466,#13467,#13468),
.UNSPECIFIED.,.F.,.F.,
(3,3),
(0.,1.),
.UNSPECIFIED.);
#10348=LINE('',#13469,#13470);
#10349=VERTEX_POINT('',#13472);
#10350=LINE('',#13473,#13474);
#10351=LINE('',#13476,#13477);
#10352=LINE('',#13479,#13480);
#10353=VERTEX_POINT('',#13482);
#10354=VERTEX_POINT('',#13483);
#10355=LINE('',#13484,#13485);
#10356=VERTEX_POINT('',#13487);
#10357=LINE('',#13488,#13489);
#10358=VERTEX_POINT('',#13491);
#10359=LINE('',#13492,#13493);
#10360=LINE('',#13495,#13496);
#10361=VERTEX_POINT('',#13498);
#10362=LINE('',#13499,#13500);
#10363=VERTEX_POINT('',#13502);
#10364=LINE('',#13503,#13504);
#10365=LINE('',#13506,#13507);
#10366=VERTEX_POINT('',#13509);
#10367=LINE('',#13510,#13511);
#10368=VERTEX_POINT('',#13513);
#10369=LINE('',#13514,#13515);
#10370=LINE('',#13517,#13518);
#10371=VERTEX_POINT('',#13520);
#10372=LINE('',#13521,#13522);
#10373=VERTEX_POINT('',#13524);
#10374=LINE('',#13525,#13526);
#10375=LINE('',#13528,#13529);
#10376=VERTEX_POINT('',#13531);
#10377=LINE('',#13532,#13533);
#10378=VERTEX_POINT('',#13535);
#10379=LINE('',#13536,#13537);
#10380=LINE('',#13539,#13540);
#10381=VERTEX_POINT('',#13542);
#10382=LINE('',#13543,#13544);
#10383=VERTEX_POINT('',#13546);
#10384=LINE('',#13547,#13548);
#10385=LINE('',#13550,#13551);
#10386=VERTEX_POINT('',#13553);
#10387=LINE('',#13554,#13555);
#10388=VERTEX_POINT('',#13557);
#10389=LINE('',#13558,#13559);
#10390=LINE('',#13561,#13562);
#10391=VERTEX_POINT('',#13564);
#10392=LINE('',#13565,#13566);
#10393=VERTEX_POINT('',#13568);
#10394=LINE('',#13569,#13570);
#10395=LINE('',#13572,#13573);
#10396=VERTEX_POINT('',#13575);
#10397=LINE('',#13576,#13577);
#10398=VERTEX_POINT('',#13579);
#10399=LINE('',#13580,#13581);
#10400=LINE('',#13583,#13584);
#10401=VERTEX_POINT('',#13586);
#10402=LINE('',#13587,#13588);
#10403=VERTEX_POINT('',#13590);
#10404=LINE('',#13591,#13592);
#10405=LINE('',#13594,#13595);
#10406=VERTEX_POINT('',#13597);
#10407=LINE('',#13598,#13599);
#10408=VERTEX_POINT('',#13601);
#10409=LINE('',#13602,#13603);
#10410=LINE('',#13605,#13606);
#10411=LINE('',#13608,#13609);
#10412=LINE('',#13611,#13612);
#10413=VERTEX_POINT('',#13614);
#10414=VERTEX_POINT('',#13615);
#10415=B_SPLINE_CURVE_WITH_KNOTS('',2,
(#13616,#13617,#13618),
.UNSPECIFIED.,.F.,.F.,
(3,3),
(0.,1.),
.UNSPECIFIED.);
#10416=VERTEX_POINT('',#13619);
#10417=B_SPLINE_CURVE_WITH_KNOTS('',2,
(#13620,#13621,#13622),
.UNSPECIFIED.,.F.,.F.,
(3,3),
(0.,1.),
.UNSPECIFIED.);
#10418=VERTEX_POINT('',#13623);
#10419=B_SPLINE_CURVE_WITH_KNOTS('',2,
(#13624,#13625,#13626),
.UNSPECIFIED.,.F.,.F.,
(3,3),
(0.,1.),
.UNSPECIFIED.);
#10420=VERTEX_POINT('',#13627);
#10421=B_SPLINE_CURVE_WITH_KNOTS('',2,
(#13628,#13629,#13630),
.UNSPECIFIED.,.F.,.F.,
(3,3),
(0.,1.),
.UNSPECIFIED.);
#10422=VERTEX_POINT('',#13631);
#10423=LINE('',#13632,#13633);
#10424=VERTEX_POINT('',#13635);
#10425=LINE('',#13636,#13637);
#10426=VERTEX_POINT('',#13639);
#10427=LINE('',#13640,#13641);
#10428=VERTEX_POINT('',#13643);
#10429=B_SPLINE_CURVE_WITH_KNOTS('',2,
(#13644,#13645,#13646),
.UNSPECIFIED.,.F.,.F.,
(3,3),
(0.,1.),
.UNSPECIFIED.);
#10430=VERTEX_POINT('',#13647);
#10431=B_SPLINE_CURVE_WITH_KNOTS('',2,
(#13648,#13649,#13650),
.UNSPECIFIED.,.F.,.F.,
(3,3),
(0.,1.),
.UNSPECIFIED.);
#10432=VERTEX_POINT('',#13651);
#10433=LINE('',#13652,#13653);
#10434=VERTEX_POINT('',#13655);
#10435=B_SPLINE_CURVE_WITH_KNOTS('',2,
(#13656,#13657,#13658),
.UNSPECIFIED.,.F.,.F.,
(3,3),
(0.,1.),
.UNSPECIFIED.);
#10436=VERTEX_POINT('',#13659);
#10437=LINE('',#13660,#13661);
#10438=VERTEX_POINT('',#13663);
#10439=B_SPLINE_CURVE_WITH_KNOTS('',2,
(#13664,#13665,#13666),
.UNSPECIFIED.,.F.,.F.,
(3,3),
(0.,1.),
.UNSPECIFIED.);
#10440=VERTEX_POINT('',#13667);
#10441=B_SPLINE_CURVE_WITH_KNOTS('',2,
(#13668,#13669,#13670),
.UNSPECIFIED.,.F.,.F.,
(3,3),
(0.,1.),
.UNSPECIFIED.);
#10442=VERTEX_POINT('',#13671);
#10443=LINE('',#13672,#13673);
#10444=VERTEX_POINT('',#13675);
#10445=B_SPLINE_CURVE_WITH_KNOTS('',2,
(#13676,#13677,#13678),
.UNSPECIFIED.,.F.,.F.,
(3,3),
(0.,1.),
.UNSPECIFIED.);
#10446=VERTEX_POINT('',#13679);
#10447=B_SPLINE_CURVE_WITH_KNOTS('',2,
(#13680,#13681,#13682),
.UNSPECIFIED.,.F.,.F.,
(3,3),
(0.,1.),
.UNSPECIFIED.);
#10448=LINE('',#13683,#13684);
#10449=VERTEX_POINT('',#13686);
#10450=VERTEX_POINT('',#13687);
#10451=B_SPLINE_CURVE_WITH_KNOTS('',2,
(#13688,#13689,#13690),
.UNSPECIFIED.,.F.,.F.,
(3,3),
(0.,1.),
.UNSPECIFIED.);
#10452=VERTEX_POINT('',#13691);
#10453=B_SPLINE_CURVE_WITH_KNOTS('',2,
(#13692,#13693,#13694),
.UNSPECIFIED.,.F.,.F.,
(3,3),
(0.,1.),
.UNSPECIFIED.);
#10454=VERTEX_POINT('',#13695);
#10455=LINE('',#13696,#13697);
#10456=VERTEX_POINT('',#13699);
#10457=B_SPLINE_CURVE_WITH_KNOTS('',2,
(#13700,#13701,#13702),
.UNSPECIFIED.,.F.,.F.,
(3,3),
(0.,1.),
.UNSPECIFIED.);
#10458=VERTEX_POINT('',#13703);
#10459=B_SPLINE_CURVE_WITH_KNOTS('',2,
(#13704,#13705,#13706),
.UNSPECIFIED.,.F.,.F.,
(3,3),
(0.,1.),
.UNSPECIFIED.);
#10460=VERTEX_POINT('',#13707);
#10461=LINE('',#13708,#13709);
#10462=VERTEX_POINT('',#13711);
#10463=LINE('',#13712,#13713);
#10464=LINE('',#13715,#13716);
#10465=VERTEX_POINT('',#13718);
#10466=LINE('',#13719,#13720);
#10467=VERTEX_POINT('',#13722);
#10468=B_SPLINE_CURVE_WITH_KNOTS('',2,
(#13723,#13724,#13725),
.UNSPECIFIED.,.F.,.F.,
(3,3),
(0.,1.),
.UNSPECIFIED.);
#10469=LINE('',#13726,#13727);
#10470=VERTEX_POINT('',#13729);
#10471=B_SPLINE_CURVE_WITH_KNOTS('',2,
(#13730,#13731,#13732),
.UNSPECIFIED.,.F.,.F.,
(3,3),
(0.,1.),
.UNSPECIFIED.);
#10472=LINE('',#13733,#13734);
#10473=VERTEX_POINT('',#13736);
#10474=B_SPLINE_CURVE_WITH_KNOTS('',2,
(#13737,#13738,#13739),
.UNSPECIFIED.,.F.,.F.,
(3,3),
(0.,1.),
.UNSPECIFIED.);
#10475=LINE('',#13740,#13741);
#10476=VERTEX_POINT('',#13743);
#10477=B_SPLINE_CURVE_WITH_KNOTS('',2,
(#13744,#13745,#13746),
.UNSPECIFIED.,.F.,.F.,
(3,3),
(0.,1.),
.UNSPECIFIED.);
#10478=LINE('',#13747,#13748);
#10479=VERTEX_POINT('',#13750);
#10480=LINE('',#13751,#13752);
#10481=LINE('',#13754,#13755);
#10482=VERTEX_POINT('',#13757);
#10483=LINE('',#13758,#13759);
#10484=LINE('',#13761,#13762);
#10485=VERTEX_POINT('',#13764);
#10486=LINE('',#13765,#13766);
#10487=LINE('',#13768,#13769);
#10488=VERTEX_POINT('',#13771);
#10489=B_SPLINE_CURVE_WITH_KNOTS('',2,
(#13772,#13773,#13774),
.UNSPECIFIED.,.F.,.F.,
(3,3),
(0.,1.),
.UNSPECIFIED.);
#10490=LINE('',#13775,#13776);
#10491=VERTEX_POINT('',#13778);
#10492=B_SPLINE_CURVE_WITH_KNOTS('',2,
(#13779,#13780,#13781),
.UNSPECIFIED.,.F.,.F.,
(3,3),
(0.,1.),
.UNSPECIFIED.);
#10493=LINE('',#13782,#13783);
#10494=VERTEX_POINT('',#13785);
#10495=LINE('',#13786,#13787);
#10496=LINE('',#13789,#13790);
#10497=VERTEX_POINT('',#13792);
#10498=B_SPLINE_CURVE_WITH_KNOTS('',2,
(#13793,#13794,#13795),
.UNSPECIFIED.,.F.,.F.,
(3,3),
(0.,1.),
.UNSPECIFIED.);
#10499=LINE('',#13796,#13797);
#10500=VERTEX_POINT('',#13799);
#10501=LINE('',#13800,#13801);
#10502=LINE('',#13803,#13804);
#10503=VERTEX_POINT('',#13806);
#10504=B_SPLINE_CURVE_WITH_KNOTS('',2,
(#13807,#13808,#13809),
.UNSPECIFIED.,.F.,.F.,
(3,3),
(0.,1.),
.UNSPECIFIED.);
#10505=LINE('',#13810,#13811);
#10506=VERTEX_POINT('',#13813);
#10507=B_SPLINE_CURVE_WITH_KNOTS('',2,
(#13814,#13815,#13816),
.UNSPECIFIED.,.F.,.F.,
(3,3),
(0.,1.),
.UNSPECIFIED.);
#10508=LINE('',#13817,#13818);
#10509=VERTEX_POINT('',#13820);
#10510=LINE('',#13821,#13822);
#10511=LINE('',#13824,#13825);
#10512=VERTEX_POINT('',#13827);
#10513=B_SPLINE_CURVE_WITH_KNOTS('',2,
(#13828,#13829,#13830),
.UNSPECIFIED.,.F.,.F.,
(3,3),
(0.,1.),
.UNSPECIFIED.);
#10514=LINE('',#13831,#13832);
#10515=VERTEX_POINT('',#13834);
#10516=B_SPLINE_CURVE_WITH_KNOTS('',2,
(#13835,#13836,#13837),
.UNSPECIFIED.,.F.,.F.,
(3,3),
(0.,1.),
.UNSPECIFIED.);
#10517=LINE('',#13838,#13839);
#10518=LINE('',#13841,#13842);
#10519=VERTEX_POINT('',#13844);
#10520=VERTEX_POINT('',#13845);
#10521=B_SPLINE_CURVE_WITH_KNOTS('',2,
(#13846,#13847,#13848),
.UNSPECIFIED.,.F.,.F.,
(3,3),
(0.,1.),
.UNSPECIFIED.);
#10522=LINE('',#13849,#13850);
#10523=LINE('',#13852,#13853);
#10524=VERTEX_POINT('',#13855);
#10525=B_SPLINE_CURVE_WITH_KNOTS('',2,
(#13856,#13857,#13858),
.UNSPECIFIED.,.F.,.F.,
(3,3),
(0.,1.),
.UNSPECIFIED.);
#10526=LINE('',#13859,#13860);
#10527=VERTEX_POINT('',#13862);
#10528=LINE('',#13863,#13864);
#10529=LINE('',#13866,#13867);
#10530=VERTEX_POINT('',#13869);
#10531=B_SPLINE_CURVE_WITH_KNOTS('',2,
(#13870,#13871,#13872),
.UNSPECIFIED.,.F.,.F.,
(3,3),
(0.,1.),
.UNSPECIFIED.);
#10532=LINE('',#13873,#13874);
#10533=VERTEX_POINT('',#13876);
#10534=B_SPLINE_CURVE_WITH_KNOTS('',2,
(#13877,#13878,#13879),
.UNSPECIFIED.,.F.,.F.,
(3,3),
(0.,1.),
.UNSPECIFIED.);
#10535=LINE('',#13880,#13881);
#10536=VERTEX_POINT('',#13883);
#10537=LINE('',#13884,#13885);
#10538=LINE('',#13887,#13888);
#10539=VERTEX_POINT('',#13890);
#10540=LINE('',#13891,#13892);
#10541=LINE('',#13894,#13895);
#10542=LINE('',#13897,#13898);
#10543=VERTEX_POINT('',#13900);
#10544=VERTEX_POINT('',#13901);
#10545=B_SPLINE_CURVE_WITH_KNOTS('',2,
(#13902,#13903,#13904),
.UNSPECIFIED.,.F.,.F.,
(3,3),
(0.,1.),
.UNSPECIFIED.);
#10546=VERTEX_POINT('',#13905);
#10547=B_SPLINE_CURVE_WITH_KNOTS('',2,
(#13906,#13907,#13908),
.UNSPECIFIED.,.F.,.F.,
(3,3),
(0.,1.),
.UNSPECIFIED.);
#10548=VERTEX_POINT('',#13909);
#10549=LINE('',#13910,#13911);
#10550=VERTEX_POINT('',#13913);
#10551=B_SPLINE_CURVE_WITH_KNOTS('',2,
(#13914,#13915,#13916),
.UNSPECIFIED.,.F.,.F.,
(3,3),
(0.,1.),
.UNSPECIFIED.);
#10552=VERTEX_POINT('',#13917);
#10553=LINE('',#13918,#13919);
#10554=VERTEX_POINT('',#13921);
#10555=B_SPLINE_CURVE_WITH_KNOTS('',2,
(#13922,#13923,#13924),
.UNSPECIFIED.,.F.,.F.,
(3,3),
(0.,1.),
.UNSPECIFIED.);
#10556=VERTEX_POINT('',#13925);
#10557=B_SPLINE_CURVE_WITH_KNOTS('',2,
(#13926,#13927,#13928),
.UNSPECIFIED.,.F.,.F.,
(3,3),
(0.,1.),
.UNSPECIFIED.);
#10558=VERTEX_POINT('',#13929);
#10559=LINE('',#13930,#13931);
#10560=VERTEX_POINT('',#13933);
#10561=B_SPLINE_CURVE_WITH_KNOTS('',2,
(#13934,#13935,#13936),
.UNSPECIFIED.,.F.,.F.,
(3,3),
(0.,1.),
.UNSPECIFIED.);
#10562=VERTEX_POINT('',#13937);
#10563=B_SPLINE_CURVE_WITH_KNOTS('',2,
(#13938,#13939,#13940),
.UNSPECIFIED.,.F.,.F.,
(3,3),
(0.,1.),
.UNSPECIFIED.);
#10564=VERTEX_POINT('',#13941);
#10565=LINE('',#13942,#13943);
#10566=LINE('',#13945,#13946);
#10567=VERTEX_POINT('',#13948);
#10568=VERTEX_POINT('',#13949);
#10569=B_SPLINE_CURVE_WITH_KNOTS('',2,
(#13950,#13951,#13952),
.UNSPECIFIED.,.F.,.F.,
(3,3),
(0.,1.),
.UNSPECIFIED.);
#10570=VERTEX_POINT('',#13953);
#10571=B_SPLINE_CURVE_WITH_KNOTS('',2,
(#13954,#13955,#13956),
.UNSPECIFIED.,.F.,.F.,
(3,3),
(0.,1.),
.UNSPECIFIED.);
#10572=VERTEX_POINT('',#13957);
#10573=LINE('',#13958,#13959);
#10574=VERTEX_POINT('',#13961);
#10575=B_SPLINE_CURVE_WITH_KNOTS('',2,
(#13962,#13963,#13964),
.UNSPECIFIED.,.F.,.F.,
(3,3),
(0.,1.),
.UNSPECIFIED.);
#10576=VERTEX_POINT('',#13965);
#10577=B_SPLINE_CURVE_WITH_KNOTS('',2,
(#13966,#13967,#13968),
.UNSPECIFIED.,.F.,.F.,
(3,3),
(0.,1.),
.UNSPECIFIED.);
#10578=VERTEX_POINT('',#13969);
#10579=LINE('',#13970,#13971);
#10580=VERTEX_POINT('',#13973);
#10581=LINE('',#13974,#13975);
#10582=LINE('',#13977,#13978);
#10583=VERTEX_POINT('',#13980);
#10584=LINE('',#13981,#13982);
#10585=VERTEX_POINT('',#13984);
#10586=B_SPLINE_CURVE_WITH_KNOTS('',2,
(#13985,#13986,#13987),
.UNSPECIFIED.,.F.,.F.,
(3,3),
(0.,1.),
.UNSPECIFIED.);
#10587=LINE('',#13988,#13989);
#10588=VERTEX_POINT('',#13991);
#10589=B_SPLINE_CURVE_WITH_KNOTS('',2,
(#13992,#13993,#13994),
.UNSPECIFIED.,.F.,.F.,
(3,3),
(0.,1.),
.UNSPECIFIED.);
#10590=LINE('',#13995,#13996);
#10591=VERTEX_POINT('',#13998);
#10592=LINE('',#13999,#14000);
#10593=LINE('',#14002,#14003);
#10594=VERTEX_POINT('',#14005);
#10595=B_SPLINE_CURVE_WITH_KNOTS('',2,
(#14006,#14007,#14008),
.UNSPECIFIED.,.F.,.F.,
(3,3),
(0.,1.),
.UNSPECIFIED.);
#10596=LINE('',#14009,#14010);
#10597=VERTEX_POINT('',#14012);
#10598=LINE('',#14013,#14014);
#10599=LINE('',#14016,#14017);
#10600=VERTEX_POINT('',#14019);
#10601=B_SPLINE_CURVE_WITH_KNOTS('',2,
(#14020,#14021,#14022),
.UNSPECIFIED.,.F.,.F.,
(3,3),
(0.,1.),
.UNSPECIFIED.);
#10602=LINE('',#14023,#14024);
#10603=VERTEX_POINT('',#14026);
#10604=B_SPLINE_CURVE_WITH_KNOTS('',2,
(#14027,#14028,#14029),
.UNSPECIFIED.,.F.,.F.,
(3,3),
(0.,1.),
.UNSPECIFIED.);
#10605=LINE('',#14030,#14031);
#10606=VERTEX_POINT('',#14033);
#10607=LINE('',#14034,#14035);
#10608=LINE('',#14037,#14038);
#10609=VERTEX_POINT('',#14040);
#10610=B_SPLINE_CURVE_WITH_KNOTS('',2,
(#14041,#14042,#14043),
.UNSPECIFIED.,.F.,.F.,
(3,3),
(0.,1.),
.UNSPECIFIED.);
#10611=LINE('',#14044,#14045);
#10612=VERTEX_POINT('',#14047);
#10613=B_SPLINE_CURVE_WITH_KNOTS('',2,
(#14048,#14049,#14050),
.UNSPECIFIED.,.F.,.F.,
(3,3),
(0.,1.),
.UNSPECIFIED.);
#10614=LINE('',#14051,#14052);
#10615=VERTEX_POINT('',#14054);
#10616=LINE('',#14055,#14056);
#10617=LINE('',#14058,#14059);
#10618=LINE('',#14061,#14062);
#10619=VERTEX_POINT('',#14064);
#10620=VERTEX_POINT('',#14065);
#10621=B_SPLINE_CURVE_WITH_KNOTS('',2,
(#14066,#14067,#14068),
.UNSPECIFIED.,.F.,.F.,
(3,3),
(0.,1.),
.UNSPECIFIED.);
#10622=LINE('',#14069,#14070);
#10623=LINE('',#14072,#14073);
#10624=VERTEX_POINT('',#14075);
#10625=B_SPLINE_CURVE_WITH_KNOTS('',2,
(#14076,#14077,#14078),
.UNSPECIFIED.,.F.,.F.,
(3,3),
(0.,1.),
.UNSPECIFIED.);
#10626=LINE('',#14079,#14080);
#10627=VERTEX_POINT('',#14082);
#10628=LINE('',#14083,#14084);
#10629=LINE('',#14086,#14087);
#10630=VERTEX_POINT('',#14089);
#10631=B_SPLINE_CURVE_WITH_KNOTS('',2,
(#14090,#14091,#14092),
.UNSPECIFIED.,.F.,.F.,
(3,3),
(0.,1.),
.UNSPECIFIED.);
#10632=LINE('',#14093,#14094);
#10633=VERTEX_POINT('',#14096);
#10634=B_SPLINE_CURVE_WITH_KNOTS('',2,
(#14097,#14098,#14099),
.UNSPECIFIED.,.F.,.F.,
(3,3),
(0.,1.),
.UNSPECIFIED.);
#10635=LINE('',#14100,#14101);
#10636=VERTEX_POINT('',#14103);
#10637=LINE('',#14104,#14105);
#10638=LINE('',#14107,#14108);
#10639=VERTEX_POINT('',#14110);
#10640=LINE('',#14111,#14112);
#10641=LINE('',#14114,#14115);
#10642=LINE('',#14117,#14118);
#10643=VERTEX_POINT('',#14120);
#10644=VERTEX_POINT('',#14121);
#10645=LINE('',#14122,#14123);
#10646=VERTEX_POINT('',#14125);
#10647=LINE('',#14126,#14127);
#10648=VERTEX_POINT('',#14129);
#10649=LINE('',#14130,#14131);
#10650=LINE('',#14133,#14134);
#10651=VERTEX_POINT('',#14136);
#10652=LINE('',#14137,#14138);
#10653=VERTEX_POINT('',#14140);
#10654=B_SPLINE_CURVE_WITH_KNOTS('',2,
(#14141,#14142,#14143),
.UNSPECIFIED.,.F.,.F.,
(3,3),
(0.,1.),
.UNSPECIFIED.);
#10655=VERTEX_POINT('',#14144);
#10656=B_SPLINE_CURVE_WITH_KNOTS('',2,
(#14145,#14146,#14147),
.UNSPECIFIED.,.F.,.F.,
(3,3),
(0.,1.),
.UNSPECIFIED.);
#10657=VERTEX_POINT('',#14148);
#10658=LINE('',#14149,#14150);
#10659=VERTEX_POINT('',#14152);
#10660=B_SPLINE_CURVE_WITH_KNOTS('',2,
(#14153,#14154,#14155),
.UNSPECIFIED.,.F.,.F.,
(3,3),
(0.,1.),
.UNSPECIFIED.);
#10661=VERTEX_POINT('',#14156);
#10662=LINE('',#14157,#14158);
#10663=VERTEX_POINT('',#14160);
#10664=B_SPLINE_CURVE_WITH_KNOTS('',2,
(#14161,#14162,#14163),
.UNSPECIFIED.,.F.,.F.,
(3,3),
(0.,1.),
.UNSPECIFIED.);
#10665=VERTEX_POINT('',#14164);
#10666=B_SPLINE_CURVE_WITH_KNOTS('',2,
(#14165,#14166,#14167),
.UNSPECIFIED.,.F.,.F.,
(3,3),
(0.,1.),
.UNSPECIFIED.);
#10667=VERTEX_POINT('',#14168);
#10668=LINE('',#14169,#14170);
#10669=VERTEX_POINT('',#14172);
#10670=B_SPLINE_CURVE_WITH_KNOTS('',2,
(#14173,#14174,#14175),
.UNSPECIFIED.,.F.,.F.,
(3,3),
(0.,1.),
.UNSPECIFIED.);
#10671=VERTEX_POINT('',#14176);
#10672=B_SPLINE_CURVE_WITH_KNOTS('',2,
(#14177,#14178,#14179),
.UNSPECIFIED.,.F.,.F.,
(3,3),
(0.,1.),
.UNSPECIFIED.);
#10673=VERTEX_POINT('',#14180);
#10674=LINE('',#14181,#14182);
#10675=VERTEX_POINT('',#14184);
#10676=B_SPLINE_CURVE_WITH_KNOTS('',2,
(#14185,#14186,#14187),
.UNSPECIFIED.,.F.,.F.,
(3,3),
(0.,1.),
.UNSPECIFIED.);
#10677=VERTEX_POINT('',#14188);
#10678=B_SPLINE_CURVE_WITH_KNOTS('',2,
(#14189,#14190,#14191),
.UNSPECIFIED.,.F.,.F.,
(3,3),
(0.,1.),
.UNSPECIFIED.);
#10679=VERTEX_POINT('',#14192);
#10680=LINE('',#14193,#14194);
#10681=VERTEX_POINT('',#14196);
#10682=LINE('',#14197,#14198);
#10683=VERTEX_POINT('',#14200);
#10684=B_SPLINE_CURVE_WITH_KNOTS('',2,
(#14201,#14202,#14203),
.UNSPECIFIED.,.F.,.F.,
(3,3),
(0.,1.),
.UNSPECIFIED.);
#10685=VERTEX_POINT('',#14204);
#10686=B_SPLINE_CURVE_WITH_KNOTS('',2,
(#14205,#14206,#14207),
.UNSPECIFIED.,.F.,.F.,
(3,3),
(0.,1.),
.UNSPECIFIED.);
#10687=LINE('',#14208,#14209);
#10688=VERTEX_POINT('',#14211);
#10689=LINE('',#14212,#14213);
#10690=LINE('',#14215,#14216);
#10691=VERTEX_POINT('',#14218);
#10692=B_SPLINE_CURVE_WITH_KNOTS('',2,
(#14219,#14220,#14221),
.UNSPECIFIED.,.F.,.F.,
(3,3),
(0.,1.),
.UNSPECIFIED.);
#10693=VERTEX_POINT('',#14222);
#10694=B_SPLINE_CURVE_WITH_KNOTS('',2,
(#14223,#14224,#14225),
.UNSPECIFIED.,.F.,.F.,
(3,3),
(0.,1.),
.UNSPECIFIED.);
#10695=VERTEX_POINT('',#14226);
#10696=LINE('',#14227,#14228);
#10697=VERTEX_POINT('',#14230);
#10698=LINE('',#14231,#14232);
#10699=VERTEX_POINT('',#14234);
#10700=B_SPLINE_CURVE_WITH_KNOTS('',2,
(#14235,#14236,#14237),
.UNSPECIFIED.,.F.,.F.,
(3,3),
(0.,1.),
.UNSPECIFIED.);
#10701=VERTEX_POINT('',#14238);
#10702=B_SPLINE_CURVE_WITH_KNOTS('',2,
(#14239,#14240,#14241),
.UNSPECIFIED.,.F.,.F.,
(3,3),
(0.,1.),
.UNSPECIFIED.);
#10703=VERTEX_POINT('',#14242);
#10704=LINE('',#14243,#14244);
#10705=VERTEX_POINT('',#14246);
#10706=B_SPLINE_CURVE_WITH_KNOTS('',2,
(#14247,#14248,#14249),
.UNSPECIFIED.,.F.,.F.,
(3,3),
(0.,1.),
.UNSPECIFIED.);
#10707=VERTEX_POINT('',#14250);
#10708=B_SPLINE_CURVE_WITH_KNOTS('',2,
(#14251,#14252,#14253),
.UNSPECIFIED.,.F.,.F.,
(3,3),
(0.,1.),
.UNSPECIFIED.);
#10709=VERTEX_POINT('',#14254);
#10710=LINE('',#14255,#14256);
#10711=VERTEX_POINT('',#14258);
#10712=B_SPLINE_CURVE_WITH_KNOTS('',2,
(#14259,#14260,#14261),
.UNSPECIFIED.,.F.,.F.,
(3,3),
(0.,1.),
.UNSPECIFIED.);
#10713=VERTEX_POINT('',#14262);
#10714=B_SPLINE_CURVE_WITH_KNOTS('',2,
(#14263,#14264,#14265),
.UNSPECIFIED.,.F.,.F.,
(3,3),
(0.,1.),
.UNSPECIFIED.);
#10715=VERTEX_POINT('',#14266);
#10716=LINE('',#14267,#14268);
#10717=VERTEX_POINT('',#14270);
#10718=B_SPLINE_CURVE_WITH_KNOTS('',2,
(#14271,#14272,#14273),
.UNSPECIFIED.,.F.,.F.,
(3,3),
(0.,1.),
.UNSPECIFIED.);
#10719=VERTEX_POINT('',#14274);
#10720=LINE('',#14275,#14276);
#10721=VERTEX_POINT('',#14278);
#10722=B_SPLINE_CURVE_WITH_KNOTS('',2,
(#14279,#14280,#14281),
.UNSPECIFIED.,.F.,.F.,
(3,3),
(0.,1.),
.UNSPECIFIED.);
#10723=VERTEX_POINT('',#14282);
#10724=B_SPLINE_CURVE_WITH_KNOTS('',2,
(#14283,#14284,#14285),
.UNSPECIFIED.,.F.,.F.,
(3,3),
(0.,1.),
.UNSPECIFIED.);
#10725=LINE('',#14286,#14287);
#10726=LINE('',#14289,#14290);
#10727=LINE('',#14292,#14293);
#10728=LINE('',#14295,#14296);
#10729=LINE('',#14298,#14299);
#10730=LINE('',#14301,#14302);
#10731=LINE('',#14304,#14305);
#10732=LINE('',#14307,#14308);
#10733=LINE('',#14310,#14311);
#10734=LINE('',#14313,#14314);
#10735=LINE('',#14316,#14317);
#10736=LINE('',#14319,#14320);
#10737=LINE('',#14322,#14323);
#10738=LINE('',#14325,#14326);
#10739=LINE('',#14328,#14329);
#10740=LINE('',#14331,#14332);
#10741=LINE('',#14334,#14335);
#10742=LINE('',#14337,#14338);
#10743=VERTEX_POINT('',#14340);
#10744=VERTEX_POINT('',#14341);
#10745=B_SPLINE_CURVE_WITH_KNOTS('',2,
(#14342,#14343,#14344),
.UNSPECIFIED.,.F.,.F.,
(3,3),
(0.,1.),
.UNSPECIFIED.);
#10746=VERTEX_POINT('',#14345);
#10747=B_SPLINE_CURVE_WITH_KNOTS('',2,
(#14346,#14347,#14348),
.UNSPECIFIED.,.F.,.F.,
(3,3),
(0.,1.),
.UNSPECIFIED.);
#10748=VERTEX_POINT('',#14349);
#10749=LINE('',#14350,#14351);
#10750=VERTEX_POINT('',#14353);
#10751=B_SPLINE_CURVE_WITH_KNOTS('',2,
(#14354,#14355,#14356),
.UNSPECIFIED.,.F.,.F.,
(3,3),
(0.,1.),
.UNSPECIFIED.);
#10752=VERTEX_POINT('',#14357);
#10753=B_SPLINE_CURVE_WITH_KNOTS('',2,
(#14358,#14359,#14360),
.UNSPECIFIED.,.F.,.F.,
(3,3),
(0.,1.),
.UNSPECIFIED.);
#10754=VERTEX_POINT('',#14361);
#10755=LINE('',#14362,#14363);
#10756=VERTEX_POINT('',#14365);
#10757=B_SPLINE_CURVE_WITH_KNOTS('',2,
(#14366,#14367,#14368),
.UNSPECIFIED.,.F.,.F.,
(3,3),
(0.,1.),
.UNSPECIFIED.);
#10758=VERTEX_POINT('',#14369);
#10759=B_SPLINE_CURVE_WITH_KNOTS('',2,
(#14370,#14371,#14372),
.UNSPECIFIED.,.F.,.F.,
(3,3),
(0.,1.),
.UNSPECIFIED.);
#10760=VERTEX_POINT('',#14373);
#10761=LINE('',#14374,#14375);
#10762=VERTEX_POINT('',#14377);
#10763=B_SPLINE_CURVE_WITH_KNOTS('',2,
(#14378,#14379,#14380),
.UNSPECIFIED.,.F.,.F.,
(3,3),
(0.,1.),
.UNSPECIFIED.);
#10764=VERTEX_POINT('',#14381);
#10765=LINE('',#14382,#14383);
#10766=VERTEX_POINT('',#14385);
#10767=B_SPLINE_CURVE_WITH_KNOTS('',2,
(#14386,#14387,#14388),
.UNSPECIFIED.,.F.,.F.,
(3,3),
(0.,1.),
.UNSPECIFIED.);
#10768=VERTEX_POINT('',#14389);
#10769=B_SPLINE_CURVE_WITH_KNOTS('',2,
(#14390,#14391,#14392),
.UNSPECIFIED.,.F.,.F.,
(3,3),
(0.,1.),
.UNSPECIFIED.);
#10770=B_SPLINE_CURVE_WITH_KNOTS('',2,
(#14393,#14394,#14395),
.UNSPECIFIED.,.F.,.F.,
(3,3),
(0.,1.),
.UNSPECIFIED.);
#10771=VERTEX_POINT('',#14396);
#10772=VERTEX_POINT('',#14397);
#10773=LINE('',#14398,#14399);
#10774=VERTEX_POINT('',#14401);
#10775=B_SPLINE_CURVE_WITH_KNOTS('',2,
(#14402,#14403,#14404),
.UNSPECIFIED.,.F.,.F.,
(3,3),
(0.,1.),
.UNSPECIFIED.);
#10776=VERTEX_POINT('',#14405);
#10777=B_SPLINE_CURVE_WITH_KNOTS('',2,
(#14406,#14407,#14408),
.UNSPECIFIED.,.F.,.F.,
(3,3),
(0.,1.),
.UNSPECIFIED.);
#10778=VERTEX_POINT('',#14409);
#10779=LINE('',#14410,#14411);
#10780=VERTEX_POINT('',#14413);
#10781=B_SPLINE_CURVE_WITH_KNOTS('',2,
(#14414,#14415,#14416),
.UNSPECIFIED.,.F.,.F.,
(3,3),
(0.,1.),
.UNSPECIFIED.);
#10782=VERTEX_POINT('',#14417);
#10783=B_SPLINE_CURVE_WITH_KNOTS('',2,
(#14418,#14419,#14420),
.UNSPECIFIED.,.F.,.F.,
(3,3),
(0.,1.),
.UNSPECIFIED.);
#10784=VERTEX_POINT('',#14421);
#10785=LINE('',#14422,#14423);
#10786=VERTEX_POINT('',#14425);
#10787=B_SPLINE_CURVE_WITH_KNOTS('',2,
(#14426,#14427,#14428),
.UNSPECIFIED.,.F.,.F.,
(3,3),
(0.,1.),
.UNSPECIFIED.);
#10788=VERTEX_POINT('',#14429);
#10789=B_SPLINE_CURVE_WITH_KNOTS('',2,
(#14430,#14431,#14432),
.UNSPECIFIED.,.F.,.F.,
(3,3),
(0.,1.),
.UNSPECIFIED.);
#10790=LINE('',#14433,#14434);
#10791=VERTEX_POINT('',#14436);
#10792=LINE('',#14437,#14438);
#10793=VERTEX_POINT('',#14440);
#10794=B_SPLINE_CURVE_WITH_KNOTS('',2,
(#14441,#14442,#14443),
.UNSPECIFIED.,.F.,.F.,
(3,3),
(0.,1.),
.UNSPECIFIED.);
#10795=LINE('',#14444,#14445);
#10796=VERTEX_POINT('',#14447);
#10797=B_SPLINE_CURVE_WITH_KNOTS('',2,
(#14448,#14449,#14450),
.UNSPECIFIED.,.F.,.F.,
(3,3),
(0.,1.),
.UNSPECIFIED.);
#10798=LINE('',#14451,#14452);
#10799=VERTEX_POINT('',#14454);
#10800=LINE('',#14455,#14456);
#10801=LINE('',#14458,#14459);
#10802=VERTEX_POINT('',#14461);
#10803=B_SPLINE_CURVE_WITH_KNOTS('',2,
(#14462,#14463,#14464),
.UNSPECIFIED.,.F.,.F.,
(3,3),
(0.,1.),
.UNSPECIFIED.);
#10804=LINE('',#14465,#14466);
#10805=VERTEX_POINT('',#14468);
#10806=B_SPLINE_CURVE_WITH_KNOTS('',2,
(#14469,#14470,#14471),
.UNSPECIFIED.,.F.,.F.,
(3,3),
(0.,1.),
.UNSPECIFIED.);
#10807=LINE('',#14472,#14473);
#10808=VERTEX_POINT('',#14475);
#10809=LINE('',#14476,#14477);
#10810=LINE('',#14479,#14480);
#10811=VERTEX_POINT('',#14482);
#10812=B_SPLINE_CURVE_WITH_KNOTS('',2,
(#14483,#14484,#14485),
.UNSPECIFIED.,.F.,.F.,
(3,3),
(0.,1.),
.UNSPECIFIED.);
#10813=LINE('',#14486,#14487);
#10814=VERTEX_POINT('',#14489);
#10815=B_SPLINE_CURVE_WITH_KNOTS('',2,
(#14490,#14491,#14492),
.UNSPECIFIED.,.F.,.F.,
(3,3),
(0.,1.),
.UNSPECIFIED.);
#10816=LINE('',#14493,#14494);
#10817=VERTEX_POINT('',#14496);
#10818=LINE('',#14497,#14498);
#10819=LINE('',#14500,#14501);
#10820=VERTEX_POINT('',#14503);
#10821=B_SPLINE_CURVE_WITH_KNOTS('',2,
(#14504,#14505,#14506),
.UNSPECIFIED.,.F.,.F.,
(3,3),
(0.,1.),
.UNSPECIFIED.);
#10822=LINE('',#14507,#14508);
#10823=VERTEX_POINT('',#14510);
#10824=LINE('',#14511,#14512);
#10825=LINE('',#14514,#14515);
#10826=VERTEX_POINT('',#14517);
#10827=B_SPLINE_CURVE_WITH_KNOTS('',2,
(#14518,#14519,#14520),
.UNSPECIFIED.,.F.,.F.,
(3,3),
(0.,1.),
.UNSPECIFIED.);
#10828=LINE('',#14521,#14522);
#10829=VERTEX_POINT('',#14524);
#10830=B_SPLINE_CURVE_WITH_KNOTS('',2,
(#14525,#14526,#14527),
.UNSPECIFIED.,.F.,.F.,
(3,3),
(0.,1.),
.UNSPECIFIED.);
#10831=LINE('',#14528,#14529);
#10832=B_SPLINE_CURVE_WITH_KNOTS('',2,
(#14531,#14532,#14533),
.UNSPECIFIED.,.F.,.F.,
(3,3),
(0.,1.),
.UNSPECIFIED.);
#10833=VERTEX_POINT('',#14534);
#10834=VERTEX_POINT('',#14535);
#10835=LINE('',#14536,#14537);
#10836=LINE('',#14539,#14540);
#10837=LINE('',#14542,#14543);
#10838=VERTEX_POINT('',#14545);
#10839=B_SPLINE_CURVE_WITH_KNOTS('',2,
(#14546,#14547,#14548),
.UNSPECIFIED.,.F.,.F.,
(3,3),
(0.,1.),
.UNSPECIFIED.);
#10840=LINE('',#14549,#14550);
#10841=VERTEX_POINT('',#14552);
#10842=B_SPLINE_CURVE_WITH_KNOTS('',2,
(#14553,#14554,#14555),
.UNSPECIFIED.,.F.,.F.,
(3,3),
(0.,1.),
.UNSPECIFIED.);
#10843=LINE('',#14556,#14557);
#10844=VERTEX_POINT('',#14559);
#10845=LINE('',#14560,#14561);
#10846=LINE('',#14563,#14564);
#10847=VERTEX_POINT('',#14566);
#10848=B_SPLINE_CURVE_WITH_KNOTS('',2,
(#14567,#14568,#14569),
.UNSPECIFIED.,.F.,.F.,
(3,3),
(0.,1.),
.UNSPECIFIED.);
#10849=LINE('',#14570,#14571);
#10850=VERTEX_POINT('',#14573);
#10851=B_SPLINE_CURVE_WITH_KNOTS('',2,
(#14574,#14575,#14576),
.UNSPECIFIED.,.F.,.F.,
(3,3),
(0.,1.),
.UNSPECIFIED.);
#10852=LINE('',#14577,#14578);
#10853=VERTEX_POINT('',#14580);
#10854=LINE('',#14581,#14582);
#10855=LINE('',#14584,#14585);
#10856=VERTEX_POINT('',#14587);
#10857=B_SPLINE_CURVE_WITH_KNOTS('',2,
(#14588,#14589,#14590),
.UNSPECIFIED.,.F.,.F.,
(3,3),
(0.,1.),
.UNSPECIFIED.);
#10858=LINE('',#14591,#14592);
#10859=VERTEX_POINT('',#14594);
#10860=B_SPLINE_CURVE_WITH_KNOTS('',2,
(#14595,#14596,#14597),
.UNSPECIFIED.,.F.,.F.,
(3,3),
(0.,1.),
.UNSPECIFIED.);
#10861=LINE('',#14598,#14599);
#10862=LINE('',#14601,#14602);
#10863=VERTEX_POINT('',#14604);
#10864=VERTEX_POINT('',#14605);
#10865=B_SPLINE_CURVE_WITH_KNOTS('',2,
(#14606,#14607,#14608),
.UNSPECIFIED.,.F.,.F.,
(3,3),
(0.,1.),
.UNSPECIFIED.);
#10866=VERTEX_POINT('',#14609);
#10867=B_SPLINE_CURVE_WITH_KNOTS('',2,
(#14610,#14611,#14612),
.UNSPECIFIED.,.F.,.F.,
(3,3),
(0.,1.),
.UNSPECIFIED.);
#10868=VERTEX_POINT('',#14613);
#10869=LINE('',#14614,#14615);
#10870=VERTEX_POINT('',#14617);
#10871=B_SPLINE_CURVE_WITH_KNOTS('',2,
(#14618,#14619,#14620),
.UNSPECIFIED.,.F.,.F.,
(3,3),
(0.,1.),
.UNSPECIFIED.);
#10872=VERTEX_POINT('',#14621);
#10873=B_SPLINE_CURVE_WITH_KNOTS('',2,
(#14622,#14623,#14624),
.UNSPECIFIED.,.F.,.F.,
(3,3),
(0.,1.),
.UNSPECIFIED.);
#10874=VERTEX_POINT('',#14625);
#10875=LINE('',#14626,#14627);
#10876=VERTEX_POINT('',#14629);
#10877=B_SPLINE_CURVE_WITH_KNOTS('',2,
(#14630,#14631,#14632),
.UNSPECIFIED.,.F.,.F.,
(3,3),
(0.,1.),
.UNSPECIFIED.);
#10878=VERTEX_POINT('',#14633);
#10879=B_SPLINE_CURVE_WITH_KNOTS('',2,
(#14634,#14635,#14636),
.UNSPECIFIED.,.F.,.F.,
(3,3),
(0.,1.),
.UNSPECIFIED.);
#10880=VERTEX_POINT('',#14637);
#10881=LINE('',#14638,#14639);
#10882=VERTEX_POINT('',#14641);
#10883=B_SPLINE_CURVE_WITH_KNOTS('',2,
(#14642,#14643,#14644),
.UNSPECIFIED.,.F.,.F.,
(3,3),
(0.,1.),
.UNSPECIFIED.);
#10884=VERTEX_POINT('',#14645);
#10885=LINE('',#14646,#14647);
#10886=VERTEX_POINT('',#14649);
#10887=B_SPLINE_CURVE_WITH_KNOTS('',2,
(#14650,#14651,#14652),
.UNSPECIFIED.,.F.,.F.,
(3,3),
(0.,1.),
.UNSPECIFIED.);
#10888=VERTEX_POINT('',#14653);
#10889=B_SPLINE_CURVE_WITH_KNOTS('',2,
(#14654,#14655,#14656),
.UNSPECIFIED.,.F.,.F.,
(3,3),
(0.,1.),
.UNSPECIFIED.);
#10890=B_SPLINE_CURVE_WITH_KNOTS('',2,
(#14657,#14658,#14659),
.UNSPECIFIED.,.F.,.F.,
(3,3),
(0.,1.),
.UNSPECIFIED.);
#10891=VERTEX_POINT('',#14660);
#10892=VERTEX_POINT('',#14661);
#10893=LINE('',#14662,#14663);
#10894=VERTEX_POINT('',#14665);
#10895=B_SPLINE_CURVE_WITH_KNOTS('',2,
(#14666,#14667,#14668),
.UNSPECIFIED.,.F.,.F.,
(3,3),
(0.,1.),
.UNSPECIFIED.);
#10896=VERTEX_POINT('',#14669);
#10897=B_SPLINE_CURVE_WITH_KNOTS('',2,
(#14670,#14671,#14672),
.UNSPECIFIED.,.F.,.F.,
(3,3),
(0.,1.),
.UNSPECIFIED.);
#10898=VERTEX_POINT('',#14673);
#10899=LINE('',#14674,#14675);
#10900=VERTEX_POINT('',#14677);
#10901=B_SPLINE_CURVE_WITH_KNOTS('',2,
(#14678,#14679,#14680),
.UNSPECIFIED.,.F.,.F.,
(3,3),
(0.,1.),
.UNSPECIFIED.);
#10902=VERTEX_POINT('',#14681);
#10903=B_SPLINE_CURVE_WITH_KNOTS('',2,
(#14682,#14683,#14684),
.UNSPECIFIED.,.F.,.F.,
(3,3),
(0.,1.),
.UNSPECIFIED.);
#10904=VERTEX_POINT('',#14685);
#10905=LINE('',#14686,#14687);
#10906=VERTEX_POINT('',#14689);
#10907=B_SPLINE_CURVE_WITH_KNOTS('',2,
(#14690,#14691,#14692),
.UNSPECIFIED.,.F.,.F.,
(3,3),
(0.,1.),
.UNSPECIFIED.);
#10908=VERTEX_POINT('',#14693);
#10909=B_SPLINE_CURVE_WITH_KNOTS('',2,
(#14694,#14695,#14696),
.UNSPECIFIED.,.F.,.F.,
(3,3),
(0.,1.),
.UNSPECIFIED.);
#10910=LINE('',#14697,#14698);
#10911=VERTEX_POINT('',#14700);
#10912=LINE('',#14701,#14702);
#10913=VERTEX_POINT('',#14704);
#10914=B_SPLINE_CURVE_WITH_KNOTS('',2,
(#14705,#14706,#14707),
.UNSPECIFIED.,.F.,.F.,
(3,3),
(0.,1.),
.UNSPECIFIED.);
#10915=LINE('',#14708,#14709);
#10916=VERTEX_POINT('',#14711);
#10917=B_SPLINE_CURVE_WITH_KNOTS('',2,
(#14712,#14713,#14714),
.UNSPECIFIED.,.F.,.F.,
(3,3),
(0.,1.),
.UNSPECIFIED.);
#10918=LINE('',#14715,#14716);
#10919=VERTEX_POINT('',#14718);
#10920=LINE('',#14719,#14720);
#10921=LINE('',#14722,#14723);
#10922=VERTEX_POINT('',#14725);
#10923=B_SPLINE_CURVE_WITH_KNOTS('',2,
(#14726,#14727,#14728),
.UNSPECIFIED.,.F.,.F.,
(3,3),
(0.,1.),
.UNSPECIFIED.);
#10924=LINE('',#14729,#14730);
#10925=VERTEX_POINT('',#14732);
#10926=B_SPLINE_CURVE_WITH_KNOTS('',2,
(#14733,#14734,#14735),
.UNSPECIFIED.,.F.,.F.,
(3,3),
(0.,1.),
.UNSPECIFIED.);
#10927=LINE('',#14736,#14737);
#10928=VERTEX_POINT('',#14739);
#10929=LINE('',#14740,#14741);
#10930=LINE('',#14743,#14744);
#10931=VERTEX_POINT('',#14746);
#10932=B_SPLINE_CURVE_WITH_KNOTS('',2,
(#14747,#14748,#14749),
.UNSPECIFIED.,.F.,.F.,
(3,3),
(0.,1.),
.UNSPECIFIED.);
#10933=LINE('',#14750,#14751);
#10934=VERTEX_POINT('',#14753);
#10935=B_SPLINE_CURVE_WITH_KNOTS('',2,
(#14754,#14755,#14756),
.UNSPECIFIED.,.F.,.F.,
(3,3),
(0.,1.),
.UNSPECIFIED.);
#10936=LINE('',#14757,#14758);
#10937=VERTEX_POINT('',#14760);
#10938=LINE('',#14761,#14762);
#10939=LINE('',#14764,#14765);
#10940=VERTEX_POINT('',#14767);
#10941=B_SPLINE_CURVE_WITH_KNOTS('',2,
(#14768,#14769,#14770),
.UNSPECIFIED.,.F.,.F.,
(3,3),
(0.,1.),
.UNSPECIFIED.);
#10942=LINE('',#14771,#14772);
#10943=VERTEX_POINT('',#14774);
#10944=LINE('',#14775,#14776);
#10945=LINE('',#14778,#14779);
#10946=VERTEX_POINT('',#14781);
#10947=B_SPLINE_CURVE_WITH_KNOTS('',2,
(#14782,#14783,#14784),
.UNSPECIFIED.,.F.,.F.,
(3,3),
(0.,1.),
.UNSPECIFIED.);
#10948=LINE('',#14785,#14786);
#10949=VERTEX_POINT('',#14788);
#10950=B_SPLINE_CURVE_WITH_KNOTS('',2,
(#14789,#14790,#14791),
.UNSPECIFIED.,.F.,.F.,
(3,3),
(0.,1.),
.UNSPECIFIED.);
#10951=LINE('',#14792,#14793);
#10952=B_SPLINE_CURVE_WITH_KNOTS('',2,
(#14795,#14796,#14797),
.UNSPECIFIED.,.F.,.F.,
(3,3),
(0.,1.),
.UNSPECIFIED.);
#10953=VERTEX_POINT('',#14798);
#10954=VERTEX_POINT('',#14799);
#10955=LINE('',#14800,#14801);
#10956=LINE('',#14803,#14804);
#10957=LINE('',#14806,#14807);
#10958=VERTEX_POINT('',#14809);
#10959=B_SPLINE_CURVE_WITH_KNOTS('',2,
(#14810,#14811,#14812),
.UNSPECIFIED.,.F.,.F.,
(3,3),
(0.,1.),
.UNSPECIFIED.);
#10960=LINE('',#14813,#14814);
#10961=VERTEX_POINT('',#14816);
#10962=B_SPLINE_CURVE_WITH_KNOTS('',2,
(#14817,#14818,#14819),
.UNSPECIFIED.,.F.,.F.,
(3,3),
(0.,1.),
.UNSPECIFIED.);
#10963=LINE('',#14820,#14821);
#10964=VERTEX_POINT('',#14823);
#10965=LINE('',#14824,#14825);
#10966=LINE('',#14827,#14828);
#10967=VERTEX_POINT('',#14830);
#10968=B_SPLINE_CURVE_WITH_KNOTS('',2,
(#14831,#14832,#14833),
.UNSPECIFIED.,.F.,.F.,
(3,3),
(0.,1.),
.UNSPECIFIED.);
#10969=LINE('',#14834,#14835);
#10970=VERTEX_POINT('',#14837);
#10971=B_SPLINE_CURVE_WITH_KNOTS('',2,
(#14838,#14839,#14840),
.UNSPECIFIED.,.F.,.F.,
(3,3),
(0.,1.),
.UNSPECIFIED.);
#10972=LINE('',#14841,#14842);
#10973=VERTEX_POINT('',#14844);
#10974=LINE('',#14845,#14846);
#10975=LINE('',#14848,#14849);
#10976=VERTEX_POINT('',#14851);
#10977=B_SPLINE_CURVE_WITH_KNOTS('',2,
(#14852,#14853,#14854),
.UNSPECIFIED.,.F.,.F.,
(3,3),
(0.,1.),
.UNSPECIFIED.);
#10978=LINE('',#14855,#14856);
#10979=VERTEX_POINT('',#14858);
#10980=B_SPLINE_CURVE_WITH_KNOTS('',2,
(#14859,#14860,#14861),
.UNSPECIFIED.,.F.,.F.,
(3,3),
(0.,1.),
.UNSPECIFIED.);
#10981=LINE('',#14862,#14863);
#10982=LINE('',#14865,#14866);
#10983=VERTEX_POINT('',#14868);
#10984=VERTEX_POINT('',#14869);
#10985=LINE('',#14870,#14871);
#10986=VERTEX_POINT('',#14873);
#10987=LINE('',#14874,#14875);
#10988=VERTEX_POINT('',#14877);
#10989=LINE('',#14878,#14879);
#10990=LINE('',#14881,#14882);
#10991=VERTEX_POINT('',#14884);
#10992=B_SPLINE_CURVE_WITH_KNOTS('',2,
(#14885,#14886,#14887),
.UNSPECIFIED.,.F.,.F.,
(3,3),
(0.,1.),
.UNSPECIFIED.);
#10993=VERTEX_POINT('',#14888);
#10994=B_SPLINE_CURVE_WITH_KNOTS('',2,
(#14889,#14890,#14891),
.UNSPECIFIED.,.F.,.F.,
(3,3),
(0.,1.),
.UNSPECIFIED.);
#10995=VERTEX_POINT('',#14892);
#10996=LINE('',#14893,#14894);
#10997=VERTEX_POINT('',#14896);
#10998=LINE('',#14897,#14898);
#10999=VERTEX_POINT('',#14900);
#11000=B_SPLINE_CURVE_WITH_KNOTS('',2,
(#14901,#14902,#14903),
.UNSPECIFIED.,.F.,.F.,
(3,3),
(0.,1.),
.UNSPECIFIED.);
#11001=VERTEX_POINT('',#14904);
#11002=B_SPLINE_CURVE_WITH_KNOTS('',2,
(#14905,#14906,#14907),
.UNSPECIFIED.,.F.,.F.,
(3,3),
(0.,1.),
.UNSPECIFIED.);
#11003=VERTEX_POINT('',#14908);
#11004=LINE('',#14909,#14910);
#11005=VERTEX_POINT('',#14912);
#11006=B_SPLINE_CURVE_WITH_KNOTS('',2,
(#14913,#14914,#14915),
.UNSPECIFIED.,.F.,.F.,
(3,3),
(0.,1.),
.UNSPECIFIED.);
#11007=VERTEX_POINT('',#14916);
#11008=B_SPLINE_CURVE_WITH_KNOTS('',2,
(#14917,#14918,#14919),
.UNSPECIFIED.,.F.,.F.,
(3,3),
(0.,1.),
.UNSPECIFIED.);
#11009=VERTEX_POINT('',#14920);
#11010=B_SPLINE_CURVE_WITH_KNOTS('',2,
(#14921,#14922,#14923),
.UNSPECIFIED.,.F.,.F.,
(3,3),
(0.,1.),
.UNSPECIFIED.);
#11011=VERTEX_POINT('',#14924);
#11012=B_SPLINE_CURVE_WITH_KNOTS('',2,
(#14925,#14926,#14927),
.UNSPECIFIED.,.F.,.F.,
(3,3),
(0.,1.),
.UNSPECIFIED.);
#11013=VERTEX_POINT('',#14928);
#11014=LINE('',#14929,#14930);
#11015=VERTEX_POINT('',#14932);
#11016=B_SPLINE_CURVE_WITH_KNOTS('',2,
(#14933,#14934,#14935),
.UNSPECIFIED.,.F.,.F.,
(3,3),
(0.,1.),
.UNSPECIFIED.);
#11017=VERTEX_POINT('',#14936);
#11018=B_SPLINE_CURVE_WITH_KNOTS('',2,
(#14937,#14938,#14939),
.UNSPECIFIED.,.F.,.F.,
(3,3),
(0.,1.),
.UNSPECIFIED.);
#11019=LINE('',#14940,#14941);
#11020=VERTEX_POINT('',#14943);
#11021=LINE('',#14944,#14945);
#11022=LINE('',#14947,#14948);
#11023=VERTEX_POINT('',#14950);
#11024=B_SPLINE_CURVE_WITH_KNOTS('',2,
(#14951,#14952,#14953),
.UNSPECIFIED.,.F.,.F.,
(3,3),
(0.,1.),
.UNSPECIFIED.);
#11025=VERTEX_POINT('',#14954);
#11026=B_SPLINE_CURVE_WITH_KNOTS('',2,
(#14955,#14956,#14957),
.UNSPECIFIED.,.F.,.F.,
(3,3),
(0.,1.),
.UNSPECIFIED.);
#11027=VERTEX_POINT('',#14958);
#11028=LINE('',#14959,#14960);
#11029=VERTEX_POINT('',#14962);
#11030=B_SPLINE_CURVE_WITH_KNOTS('',2,
(#14963,#14964,#14965),
.UNSPECIFIED.,.F.,.F.,
(3,3),
(0.,1.),
.UNSPECIFIED.);
#11031=VERTEX_POINT('',#14966);
#11032=B_SPLINE_CURVE_WITH_KNOTS('',2,
(#14967,#14968,#14969),
.UNSPECIFIED.,.F.,.F.,
(3,3),
(0.,1.),
.UNSPECIFIED.);
#11033=VERTEX_POINT('',#14970);
#11034=B_SPLINE_CURVE_WITH_KNOTS('',2,
(#14971,#14972,#14973),
.UNSPECIFIED.,.F.,.F.,
(3,3),
(0.,1.),
.UNSPECIFIED.);
#11035=VERTEX_POINT('',#14974);
#11036=B_SPLINE_CURVE_WITH_KNOTS('',2,
(#14975,#14976,#14977),
.UNSPECIFIED.,.F.,.F.,
(3,3),
(0.,1.),
.UNSPECIFIED.);
#11037=VERTEX_POINT('',#14978);
#11038=LINE('',#14979,#14980);
#11039=VERTEX_POINT('',#14982);
#11040=B_SPLINE_CURVE_WITH_KNOTS('',2,
(#14983,#14984,#14985),
.UNSPECIFIED.,.F.,.F.,
(3,3),
(0.,1.),
.UNSPECIFIED.);
#11041=VERTEX_POINT('',#14986);
#11042=B_SPLINE_CURVE_WITH_KNOTS('',2,
(#14987,#14988,#14989),
.UNSPECIFIED.,.F.,.F.,
(3,3),
(0.,1.),
.UNSPECIFIED.);
#11043=VERTEX_POINT('',#14990);
#11044=LINE('',#14991,#14992);
#11045=VERTEX_POINT('',#14994);
#11046=LINE('',#14995,#14996);
#11047=VERTEX_POINT('',#14998);
#11048=B_SPLINE_CURVE_WITH_KNOTS('',2,
(#14999,#15000,#15001),
.UNSPECIFIED.,.F.,.F.,
(3,3),
(0.,1.),
.UNSPECIFIED.);
#11049=B_SPLINE_CURVE_WITH_KNOTS('',2,
(#15002,#15003,#15004),
.UNSPECIFIED.,.F.,.F.,
(3,3),
(0.,1.),
.UNSPECIFIED.);
#11050=LINE('',#15005,#15006);
#11051=LINE('',#15008,#15009);
#11052=LINE('',#15011,#15012);
#11053=LINE('',#15014,#15015);
#11054=LINE('',#15017,#15018);
#11055=LINE('',#15020,#15021);
#11056=LINE('',#15023,#15024);
#11057=LINE('',#15026,#15027);
#11058=LINE('',#15029,#15030);
#11059=LINE('',#15032,#15033);
#11060=LINE('',#15035,#15036);
#11061=LINE('',#15038,#15039);
#11062=LINE('',#15041,#15042);
#11063=VERTEX_POINT('',#15044);
#11064=VERTEX_POINT('',#15045);
#11065=B_SPLINE_CURVE_WITH_KNOTS('',2,
(#15046,#15047,#15048),
.UNSPECIFIED.,.F.,.F.,
(3,3),
(0.,1.),
.UNSPECIFIED.);
#11066=VERTEX_POINT('',#15049);
#11067=LINE('',#15050,#15051);
#11068=VERTEX_POINT('',#15053);
#11069=B_SPLINE_CURVE_WITH_KNOTS('',2,
(#15054,#15055,#15056),
.UNSPECIFIED.,.F.,.F.,
(3,3),
(0.,1.),
.UNSPECIFIED.);
#11070=LINE('',#15057,#15058);
#11071=VERTEX_POINT('',#15060);
#11072=B_SPLINE_CURVE_WITH_KNOTS('',2,
(#15061,#15062,#15063),
.UNSPECIFIED.,.F.,.F.,
(3,3),
(0.,1.),
.UNSPECIFIED.);
#11073=VERTEX_POINT('',#15064);
#11074=B_SPLINE_CURVE_WITH_KNOTS('',2,
(#15065,#15066,#15067),
.UNSPECIFIED.,.F.,.F.,
(3,3),
(0.,1.),
.UNSPECIFIED.);
#11075=VERTEX_POINT('',#15068);
#11076=B_SPLINE_CURVE_WITH_KNOTS('',2,
(#15069,#15070,#15071),
.UNSPECIFIED.,.F.,.F.,
(3,3),
(0.,1.),
.UNSPECIFIED.);
#11077=VERTEX_POINT('',#15072);
#11078=LINE('',#15073,#15074);
#11079=VERTEX_POINT('',#15076);
#11080=B_SPLINE_CURVE_WITH_KNOTS('',2,
(#15077,#15078,#15079),
.UNSPECIFIED.,.F.,.F.,
(3,3),
(0.,1.),
.UNSPECIFIED.);
#11081=VERTEX_POINT('',#15080);
#11082=B_SPLINE_CURVE_WITH_KNOTS('',2,
(#15081,#15082,#15083),
.UNSPECIFIED.,.F.,.F.,
(3,3),
(0.,1.),
.UNSPECIFIED.);
#11083=VERTEX_POINT('',#15084);
#11084=B_SPLINE_CURVE_WITH_KNOTS('',2,
(#15085,#15086,#15087),
.UNSPECIFIED.,.F.,.F.,
(3,3),
(0.,1.),
.UNSPECIFIED.);
#11085=VERTEX_POINT('',#15088);
#11086=LINE('',#15089,#15090);
#11087=VERTEX_POINT('',#15092);
#11088=B_SPLINE_CURVE_WITH_KNOTS('',2,
(#15093,#15094,#15095),
.UNSPECIFIED.,.F.,.F.,
(3,3),
(0.,1.),
.UNSPECIFIED.);
#11089=VERTEX_POINT('',#15096);
#11090=B_SPLINE_CURVE_WITH_KNOTS('',2,
(#15097,#15098,#15099),
.UNSPECIFIED.,.F.,.F.,
(3,3),
(0.,1.),
.UNSPECIFIED.);
#11091=VERTEX_POINT('',#15100);
#11092=B_SPLINE_CURVE_WITH_KNOTS('',2,
(#15101,#15102,#15103),
.UNSPECIFIED.,.F.,.F.,
(3,3),
(0.,1.),
.UNSPECIFIED.);
#11093=VERTEX_POINT('',#15104);
#11094=LINE('',#15105,#15106);
#11095=VERTEX_POINT('',#15108);
#11096=B_SPLINE_CURVE_WITH_KNOTS('',2,
(#15109,#15110,#15111),
.UNSPECIFIED.,.F.,.F.,
(3,3),
(0.,1.),
.UNSPECIFIED.);
#11097=VERTEX_POINT('',#15112);
#11098=B_SPLINE_CURVE_WITH_KNOTS('',2,
(#15113,#15114,#15115),
.UNSPECIFIED.,.F.,.F.,
(3,3),
(0.,1.),
.UNSPECIFIED.);
#11099=VERTEX_POINT('',#15116);
#11100=B_SPLINE_CURVE_WITH_KNOTS('',2,
(#15117,#15118,#15119),
.UNSPECIFIED.,.F.,.F.,
(3,3),
(0.,1.),
.UNSPECIFIED.);
#11101=VERTEX_POINT('',#15120);
#11102=B_SPLINE_CURVE_WITH_KNOTS('',2,
(#15121,#15122,#15123),
.UNSPECIFIED.,.F.,.F.,
(3,3),
(0.,1.),
.UNSPECIFIED.);
#11103=VERTEX_POINT('',#15124);
#11104=B_SPLINE_CURVE_WITH_KNOTS('',2,
(#15125,#15126,#15127),
.UNSPECIFIED.,.F.,.F.,
(3,3),
(0.,1.),
.UNSPECIFIED.);
#11105=VERTEX_POINT('',#15128);
#11106=B_SPLINE_CURVE_WITH_KNOTS('',2,
(#15129,#15130,#15131),
.UNSPECIFIED.,.F.,.F.,
(3,3),
(0.,1.),
.UNSPECIFIED.);
#11107=VERTEX_POINT('',#15132);
#11108=B_SPLINE_CURVE_WITH_KNOTS('',2,
(#15133,#15134,#15135),
.UNSPECIFIED.,.F.,.F.,
(3,3),
(0.,1.),
.UNSPECIFIED.);
#11109=VERTEX_POINT('',#15136);
#11110=LINE('',#15137,#15138);
#11111=VERTEX_POINT('',#15140);
#11112=B_SPLINE_CURVE_WITH_KNOTS('',2,
(#15141,#15142,#15143),
.UNSPECIFIED.,.F.,.F.,
(3,3),
(0.,1.),
.UNSPECIFIED.);
#11113=VERTEX_POINT('',#15144);
#11114=B_SPLINE_CURVE_WITH_KNOTS('',2,
(#15145,#15146,#15147),
.UNSPECIFIED.,.F.,.F.,
(3,3),
(0.,1.),
.UNSPECIFIED.);
#11115=VERTEX_POINT('',#15148);
#11116=B_SPLINE_CURVE_WITH_KNOTS('',2,
(#15149,#15150,#15151),
.UNSPECIFIED.,.F.,.F.,
(3,3),
(0.,1.),
.UNSPECIFIED.);
#11117=VERTEX_POINT('',#15152);
#11118=LINE('',#15153,#15154);
#11119=VERTEX_POINT('',#15156);
#11120=B_SPLINE_CURVE_WITH_KNOTS('',2,
(#15157,#15158,#15159),
.UNSPECIFIED.,.F.,.F.,
(3,3),
(0.,1.),
.UNSPECIFIED.);
#11121=VERTEX_POINT('',#15160);
#11122=B_SPLINE_CURVE_WITH_KNOTS('',2,
(#15161,#15162,#15163),
.UNSPECIFIED.,.F.,.F.,
(3,3),
(0.,1.),
.UNSPECIFIED.);
#11123=VERTEX_POINT('',#15164);
#11124=B_SPLINE_CURVE_WITH_KNOTS('',2,
(#15165,#15166,#15167),
.UNSPECIFIED.,.F.,.F.,
(3,3),
(0.,1.),
.UNSPECIFIED.);
#11125=VERTEX_POINT('',#15168);
#11126=LINE('',#15169,#15170);
#11127=VERTEX_POINT('',#15172);
#11128=B_SPLINE_CURVE_WITH_KNOTS('',2,
(#15173,#15174,#15175),
.UNSPECIFIED.,.F.,.F.,
(3,3),
(0.,1.),
.UNSPECIFIED.);
#11129=VERTEX_POINT('',#15176);
#11130=B_SPLINE_CURVE_WITH_KNOTS('',2,
(#15177,#15178,#15179),
.UNSPECIFIED.,.F.,.F.,
(3,3),
(0.,1.),
.UNSPECIFIED.);
#11131=B_SPLINE_CURVE_WITH_KNOTS('',2,
(#15180,#15181,#15182),
.UNSPECIFIED.,.F.,.F.,
(3,3),
(0.,1.),
.UNSPECIFIED.);
#11132=VERTEX_POINT('',#15183);
#11133=LINE('',#15184,#15185);
#11134=B_SPLINE_CURVE_WITH_KNOTS('',2,
(#15187,#15188,#15189),
.UNSPECIFIED.,.F.,.F.,
(3,3),
(0.,1.),
.UNSPECIFIED.);
#11135=VERTEX_POINT('',#15190);
#11136=B_SPLINE_CURVE_WITH_KNOTS('',2,
(#15191,#15192,#15193),
.UNSPECIFIED.,.F.,.F.,
(3,3),
(0.,1.),
.UNSPECIFIED.);
#11137=VERTEX_POINT('',#15194);
#11138=B_SPLINE_CURVE_WITH_KNOTS('',2,
(#15195,#15196,#15197),
.UNSPECIFIED.,.F.,.F.,
(3,3),
(0.,1.),
.UNSPECIFIED.);
#11139=VERTEX_POINT('',#15198);
#11140=LINE('',#15199,#15200);
#11141=VERTEX_POINT('',#15202);
#11142=B_SPLINE_CURVE_WITH_KNOTS('',2,
(#15203,#15204,#15205),
.UNSPECIFIED.,.F.,.F.,
(3,3),
(0.,1.),
.UNSPECIFIED.);
#11143=VERTEX_POINT('',#15206);
#11144=B_SPLINE_CURVE_WITH_KNOTS('',2,
(#15207,#15208,#15209),
.UNSPECIFIED.,.F.,.F.,
(3,3),
(0.,1.),
.UNSPECIFIED.);
#11145=VERTEX_POINT('',#15210);
#11146=B_SPLINE_CURVE_WITH_KNOTS('',2,
(#15211,#15212,#15213),
.UNSPECIFIED.,.F.,.F.,
(3,3),
(0.,1.),
.UNSPECIFIED.);
#11147=VERTEX_POINT('',#15214);
#11148=LINE('',#15215,#15216);
#11149=VERTEX_POINT('',#15218);
#11150=B_SPLINE_CURVE_WITH_KNOTS('',2,
(#15219,#15220,#15221),
.UNSPECIFIED.,.F.,.F.,
(3,3),
(0.,1.),
.UNSPECIFIED.);
#11151=VERTEX_POINT('',#15222);
#11152=B_SPLINE_CURVE_WITH_KNOTS('',2,
(#15223,#15224,#15225),
.UNSPECIFIED.,.F.,.F.,
(3,3),
(0.,1.),
.UNSPECIFIED.);
#11153=VERTEX_POINT('',#15226);
#11154=B_SPLINE_CURVE_WITH_KNOTS('',2,
(#15227,#15228,#15229),
.UNSPECIFIED.,.F.,.F.,
(3,3),
(0.,1.),
.UNSPECIFIED.);
#11155=VERTEX_POINT('',#15230);
#11156=LINE('',#15231,#15232);
#11157=VERTEX_POINT('',#15234);
#11158=B_SPLINE_CURVE_WITH_KNOTS('',2,
(#15235,#15236,#15237),
.UNSPECIFIED.,.F.,.F.,
(3,3),
(0.,1.),
.UNSPECIFIED.);
#11159=VERTEX_POINT('',#15238);
#11160=B_SPLINE_CURVE_WITH_KNOTS('',2,
(#15239,#15240,#15241),
.UNSPECIFIED.,.F.,.F.,
(3,3),
(0.,1.),
.UNSPECIFIED.);
#11161=VERTEX_POINT('',#15242);
#11162=B_SPLINE_CURVE_WITH_KNOTS('',2,
(#15243,#15244,#15245),
.UNSPECIFIED.,.F.,.F.,
(3,3),
(0.,1.),
.UNSPECIFIED.);
#11163=VERTEX_POINT('',#15246);
#11164=B_SPLINE_CURVE_WITH_KNOTS('',2,
(#15247,#15248,#15249),
.UNSPECIFIED.,.F.,.F.,
(3,3),
(0.,1.),
.UNSPECIFIED.);
#11165=VERTEX_POINT('',#15250);
#11166=B_SPLINE_CURVE_WITH_KNOTS('',2,
(#15251,#15252,#15253),
.UNSPECIFIED.,.F.,.F.,
(3,3),
(0.,1.),
.UNSPECIFIED.);
#11167=VERTEX_POINT('',#15254);
#11168=B_SPLINE_CURVE_WITH_KNOTS('',2,
(#15255,#15256,#15257),
.UNSPECIFIED.,.F.,.F.,
(3,3),
(0.,1.),
.UNSPECIFIED.);
#11169=VERTEX_POINT('',#15258);
#11170=B_SPLINE_CURVE_WITH_KNOTS('',2,
(#15259,#15260,#15261),
.UNSPECIFIED.,.F.,.F.,
(3,3),
(0.,1.),
.UNSPECIFIED.);
#11171=VERTEX_POINT('',#15262);
#11172=LINE('',#15263,#15264);
#11173=VERTEX_POINT('',#15266);
#11174=B_SPLINE_CURVE_WITH_KNOTS('',2,
(#15267,#15268,#15269),
.UNSPECIFIED.,.F.,.F.,
(3,3),
(0.,1.),
.UNSPECIFIED.);
#11175=VERTEX_POINT('',#15270);
#11176=B_SPLINE_CURVE_WITH_KNOTS('',2,
(#15271,#15272,#15273),
.UNSPECIFIED.,.F.,.F.,
(3,3),
(0.,1.),
.UNSPECIFIED.);
#11177=VERTEX_POINT('',#15274);
#11178=B_SPLINE_CURVE_WITH_KNOTS('',2,
(#15275,#15276,#15277),
.UNSPECIFIED.,.F.,.F.,
(3,3),
(0.,1.),
.UNSPECIFIED.);
#11179=VERTEX_POINT('',#15278);
#11180=LINE('',#15279,#15280);
#11181=VERTEX_POINT('',#15282);
#11182=B_SPLINE_CURVE_WITH_KNOTS('',2,
(#15283,#15284,#15285),
.UNSPECIFIED.,.F.,.F.,
(3,3),
(0.,1.),
.UNSPECIFIED.);
#11183=VERTEX_POINT('',#15286);
#11184=B_SPLINE_CURVE_WITH_KNOTS('',2,
(#15287,#15288,#15289),
.UNSPECIFIED.,.F.,.F.,
(3,3),
(0.,1.),
.UNSPECIFIED.);
#11185=VERTEX_POINT('',#15290);
#11186=B_SPLINE_CURVE_WITH_KNOTS('',2,
(#15291,#15292,#15293),
.UNSPECIFIED.,.F.,.F.,
(3,3),
(0.,1.),
.UNSPECIFIED.);
#11187=VERTEX_POINT('',#15294);
#11188=LINE('',#15295,#15296);
#11189=VERTEX_POINT('',#15298);
#11190=B_SPLINE_CURVE_WITH_KNOTS('',2,
(#15299,#15300,#15301),
.UNSPECIFIED.,.F.,.F.,
(3,3),
(0.,1.),
.UNSPECIFIED.);
#11191=VERTEX_POINT('',#15302);
#11192=B_SPLINE_CURVE_WITH_KNOTS('',2,
(#15303,#15304,#15305),
.UNSPECIFIED.,.F.,.F.,
(3,3),
(0.,1.),
.UNSPECIFIED.);
#11193=B_SPLINE_CURVE_WITH_KNOTS('',2,
(#15306,#15307,#15308),
.UNSPECIFIED.,.F.,.F.,
(3,3),
(0.,1.),
.UNSPECIFIED.);
#11194=LINE('',#15309,#15310);
#11195=LINE('',#15312,#15313);
#11196=LINE('',#15315,#15316);
#11197=LINE('',#15318,#15319);
#11198=LINE('',#15321,#15322);
#11199=LINE('',#15324,#15325);
#11200=LINE('',#15327,#15328);
#11201=LINE('',#15330,#15331);
#11202=LINE('',#15333,#15334);
#11203=LINE('',#15336,#15337);
#11204=LINE('',#15339,#15340);
#11205=LINE('',#15342,#15343);
#11206=LINE('',#15345,#15346);
#11207=LINE('',#15348,#15349);
#11208=LINE('',#15351,#15352);
#11209=LINE('',#15354,#15355);
#11210=LINE('',#15357,#15358);
#11211=LINE('',#15360,#15361);
#11212=LINE('',#15363,#15364);
#11213=LINE('',#15366,#15367);
#11214=LINE('',#15369,#15370);
#11215=LINE('',#15372,#15373);
#11216=LINE('',#15375,#15376);
#11217=LINE('',#15378,#15379);
#11218=LINE('',#15381,#15382);
#11219=LINE('',#15384,#15385);
#11220=LINE('',#15387,#15388);
#11221=LINE('',#15390,#15391);
#11222=LINE('',#15393,#15394);
#11223=VERTEX_POINT('',#15396);
#11224=VERTEX_POINT('',#15397);
#11225=B_SPLINE_CURVE_WITH_KNOTS('',2,
(#15398,#15399,#15400),
.UNSPECIFIED.,.F.,.F.,
(3,3),
(0.,1.),
.UNSPECIFIED.);
#11226=VERTEX_POINT('',#15401);
#11227=LINE('',#15402,#15403);
#11228=VERTEX_POINT('',#15405);
#11229=B_SPLINE_CURVE_WITH_KNOTS('',2,
(#15406,#15407,#15408),
.UNSPECIFIED.,.F.,.F.,
(3,3),
(0.,1.),
.UNSPECIFIED.);
#11230=VERTEX_POINT('',#15409);
#11231=B_SPLINE_CURVE_WITH_KNOTS('',2,
(#15410,#15411,#15412),
.UNSPECIFIED.,.F.,.F.,
(3,3),
(0.,1.),
.UNSPECIFIED.);
#11232=VERTEX_POINT('',#15413);
#11233=LINE('',#15414,#15415);
#11234=VERTEX_POINT('',#15417);
#11235=B_SPLINE_CURVE_WITH_KNOTS('',2,
(#15418,#15419,#15420),
.UNSPECIFIED.,.F.,.F.,
(3,3),
(0.,1.),
.UNSPECIFIED.);
#11236=VERTEX_POINT('',#15421);
#11237=B_SPLINE_CURVE_WITH_KNOTS('',2,
(#15422,#15423,#15424),
.UNSPECIFIED.,.F.,.F.,
(3,3),
(0.,1.),
.UNSPECIFIED.);
#11238=VERTEX_POINT('',#15425);
#11239=LINE('',#15426,#15427);
#11240=VERTEX_POINT('',#15429);
#11241=B_SPLINE_CURVE_WITH_KNOTS('',2,
(#15430,#15431,#15432),
.UNSPECIFIED.,.F.,.F.,
(3,3),
(0.,1.),
.UNSPECIFIED.);
#11242=VERTEX_POINT('',#15433);
#11243=B_SPLINE_CURVE_WITH_KNOTS('',2,
(#15434,#15435,#15436),
.UNSPECIFIED.,.F.,.F.,
(3,3),
(0.,1.),
.UNSPECIFIED.);
#11244=VERTEX_POINT('',#15437);
#11245=LINE('',#15438,#15439);
#11246=B_SPLINE_CURVE_WITH_KNOTS('',2,
(#15441,#15442,#15443),
.UNSPECIFIED.,.F.,.F.,
(3,3),
(0.,1.),
.UNSPECIFIED.);
#11247=VERTEX_POINT('',#15444);
#11248=VERTEX_POINT('',#15445);
#11249=B_SPLINE_CURVE_WITH_KNOTS('',2,
(#15446,#15447,#15448),
.UNSPECIFIED.,.F.,.F.,
(3,3),
(0.,1.),
.UNSPECIFIED.);
#11250=VERTEX_POINT('',#15449);
#11251=B_SPLINE_CURVE_WITH_KNOTS('',2,
(#15450,#15451,#15452),
.UNSPECIFIED.,.F.,.F.,
(3,3),
(0.,1.),
.UNSPECIFIED.);
#11252=VERTEX_POINT('',#15453);
#11253=LINE('',#15454,#15455);
#11254=VERTEX_POINT('',#15457);
#11255=B_SPLINE_CURVE_WITH_KNOTS('',2,
(#15458,#15459,#15460),
.UNSPECIFIED.,.F.,.F.,
(3,3),
(0.,1.),
.UNSPECIFIED.);
#11256=VERTEX_POINT('',#15461);
#11257=B_SPLINE_CURVE_WITH_KNOTS('',2,
(#15462,#15463,#15464),
.UNSPECIFIED.,.F.,.F.,
(3,3),
(0.,1.),
.UNSPECIFIED.);
#11258=VERTEX_POINT('',#15465);
#11259=LINE('',#15466,#15467);
#11260=VERTEX_POINT('',#15469);
#11261=B_SPLINE_CURVE_WITH_KNOTS('',2,
(#15470,#15471,#15472),
.UNSPECIFIED.,.F.,.F.,
(3,3),
(0.,1.),
.UNSPECIFIED.);
#11262=VERTEX_POINT('',#15473);
#11263=B_SPLINE_CURVE_WITH_KNOTS('',2,
(#15474,#15475,#15476),
.UNSPECIFIED.,.F.,.F.,
(3,3),
(0.,1.),
.UNSPECIFIED.);
#11264=VERTEX_POINT('',#15477);
#11265=LINE('',#15478,#15479);
#11266=VERTEX_POINT('',#15481);
#11267=B_SPLINE_CURVE_WITH_KNOTS('',2,
(#15482,#15483,#15484),
.UNSPECIFIED.,.F.,.F.,
(3,3),
(0.,1.),
.UNSPECIFIED.);
#11268=VERTEX_POINT('',#15485);
#11269=B_SPLINE_CURVE_WITH_KNOTS('',2,
(#15486,#15487,#15488),
.UNSPECIFIED.,.F.,.F.,
(3,3),
(0.,1.),
.UNSPECIFIED.);
#11270=LINE('',#15489,#15490);
#11271=VERTEX_POINT('',#15492);
#11272=LINE('',#15493,#15494);
#11273=VERTEX_POINT('',#15496);
#11274=B_SPLINE_CURVE_WITH_KNOTS('',2,
(#15497,#15498,#15499),
.UNSPECIFIED.,.F.,.F.,
(3,3),
(0.,1.),
.UNSPECIFIED.);
#11275=LINE('',#15500,#15501);
#11276=VERTEX_POINT('',#15503);
#11277=LINE('',#15504,#15505);
#11278=LINE('',#15507,#15508);
#11279=VERTEX_POINT('',#15510);
#11280=B_SPLINE_CURVE_WITH_KNOTS('',2,
(#15511,#15512,#15513),
.UNSPECIFIED.,.F.,.F.,
(3,3),
(0.,1.),
.UNSPECIFIED.);
#11281=LINE('',#15514,#15515);
#11282=VERTEX_POINT('',#15517);
#11283=B_SPLINE_CURVE_WITH_KNOTS('',2,
(#15518,#15519,#15520),
.UNSPECIFIED.,.F.,.F.,
(3,3),
(0.,1.),
.UNSPECIFIED.);
#11284=LINE('',#15521,#15522);
#11285=VERTEX_POINT('',#15524);
#11286=LINE('',#15525,#15526);
#11287=LINE('',#15528,#15529);
#11288=VERTEX_POINT('',#15531);
#11289=B_SPLINE_CURVE_WITH_KNOTS('',2,
(#15532,#15533,#15534),
.UNSPECIFIED.,.F.,.F.,
(3,3),
(0.,1.),
.UNSPECIFIED.);
#11290=LINE('',#15535,#15536);
#11291=VERTEX_POINT('',#15538);
#11292=B_SPLINE_CURVE_WITH_KNOTS('',2,
(#15539,#15540,#15541),
.UNSPECIFIED.,.F.,.F.,
(3,3),
(0.,1.),
.UNSPECIFIED.);
#11293=LINE('',#15542,#15543);
#11294=VERTEX_POINT('',#15545);
#11295=LINE('',#15546,#15547);
#11296=LINE('',#15549,#15550);
#11297=VERTEX_POINT('',#15552);
#11298=B_SPLINE_CURVE_WITH_KNOTS('',2,
(#15553,#15554,#15555),
.UNSPECIFIED.,.F.,.F.,
(3,3),
(0.,1.),
.UNSPECIFIED.);
#11299=LINE('',#15556,#15557);
#11300=VERTEX_POINT('',#15559);
#11301=B_SPLINE_CURVE_WITH_KNOTS('',2,
(#15560,#15561,#15562),
.UNSPECIFIED.,.F.,.F.,
(3,3),
(0.,1.),
.UNSPECIFIED.);
#11302=LINE('',#15563,#15564);
#11303=VERTEX_POINT('',#15566);
#11304=LINE('',#15567,#15568);
#11305=LINE('',#15570,#15571);
#11306=B_SPLINE_CURVE_WITH_KNOTS('',2,
(#15573,#15574,#15575),
.UNSPECIFIED.,.F.,.F.,
(3,3),
(0.,1.),
.UNSPECIFIED.);
#11307=VERTEX_POINT('',#15576);
#11308=VERTEX_POINT('',#15577);
#11309=B_SPLINE_CURVE_WITH_KNOTS('',2,
(#15578,#15579,#15580),
.UNSPECIFIED.,.F.,.F.,
(3,3),
(0.,1.),
.UNSPECIFIED.);
#11310=LINE('',#15581,#15582);
#11311=LINE('',#15584,#15585);
#11312=VERTEX_POINT('',#15587);
#11313=B_SPLINE_CURVE_WITH_KNOTS('',2,
(#15588,#15589,#15590),
.UNSPECIFIED.,.F.,.F.,
(3,3),
(0.,1.),
.UNSPECIFIED.);
#11314=LINE('',#15591,#15592);
#11315=VERTEX_POINT('',#15594);
#11316=LINE('',#15595,#15596);
#11317=LINE('',#15598,#15599);
#11318=VERTEX_POINT('',#15601);
#11319=B_SPLINE_CURVE_WITH_KNOTS('',2,
(#15602,#15603,#15604),
.UNSPECIFIED.,.F.,.F.,
(3,3),
(0.,1.),
.UNSPECIFIED.);
#11320=LINE('',#15605,#15606);
#11321=VERTEX_POINT('',#15608);
#11322=B_SPLINE_CURVE_WITH_KNOTS('',2,
(#15609,#15610,#15611),
.UNSPECIFIED.,.F.,.F.,
(3,3),
(0.,1.),
.UNSPECIFIED.);
#11323=LINE('',#15612,#15613);
#11324=VERTEX_POINT('',#15615);
#11325=LINE('',#15616,#15617);
#11326=LINE('',#15619,#15620);
#11327=VERTEX_POINT('',#15622);
#11328=B_SPLINE_CURVE_WITH_KNOTS('',2,
(#15623,#15624,#15625),
.UNSPECIFIED.,.F.,.F.,
(3,3),
(0.,1.),
.UNSPECIFIED.);
#11329=LINE('',#15626,#15627);
#11330=VERTEX_POINT('',#15629);
#11331=B_SPLINE_CURVE_WITH_KNOTS('',2,
(#15630,#15631,#15632),
.UNSPECIFIED.,.F.,.F.,
(3,3),
(0.,1.),
.UNSPECIFIED.);
#11332=LINE('',#15633,#15634);
#11333=VERTEX_POINT('',#15636);
#11334=LINE('',#15637,#15638);
#11335=LINE('',#15640,#15641);
#11336=VERTEX_POINT('',#15643);
#11337=B_SPLINE_CURVE_WITH_KNOTS('',2,
(#15644,#15645,#15646),
.UNSPECIFIED.,.F.,.F.,
(3,3),
(0.,1.),
.UNSPECIFIED.);
#11338=LINE('',#15647,#15648);
#11339=VERTEX_POINT('',#15650);
#11340=B_SPLINE_CURVE_WITH_KNOTS('',2,
(#15651,#15652,#15653),
.UNSPECIFIED.,.F.,.F.,
(3,3),
(0.,1.),
.UNSPECIFIED.);
#11341=LINE('',#15654,#15655);
#11342=LINE('',#15657,#15658);
#11343=VERTEX_POINT('',#15660);
#11344=VERTEX_POINT('',#15661);
#11345=B_SPLINE_CURVE_WITH_KNOTS('',2,
(#15662,#15663,#15664),
.UNSPECIFIED.,.F.,.F.,
(3,3),
(0.,1.),
.UNSPECIFIED.);
#11346=VERTEX_POINT('',#15665);
#11347=B_SPLINE_CURVE_WITH_KNOTS('',2,
(#15666,#15667,#15668),
.UNSPECIFIED.,.F.,.F.,
(3,3),
(0.,1.),
.UNSPECIFIED.);
#11348=VERTEX_POINT('',#15669);
#11349=LINE('',#15670,#15671);
#11350=VERTEX_POINT('',#15673);
#11351=B_SPLINE_CURVE_WITH_KNOTS('',2,
(#15674,#15675,#15676),
.UNSPECIFIED.,.F.,.F.,
(3,3),
(0.,1.),
.UNSPECIFIED.);
#11352=VERTEX_POINT('',#15677);
#11353=B_SPLINE_CURVE_WITH_KNOTS('',2,
(#15678,#15679,#15680),
.UNSPECIFIED.,.F.,.F.,
(3,3),
(0.,1.),
.UNSPECIFIED.);
#11354=VERTEX_POINT('',#15681);
#11355=LINE('',#15682,#15683);
#11356=VERTEX_POINT('',#15685);
#11357=B_SPLINE_CURVE_WITH_KNOTS('',2,
(#15686,#15687,#15688),
.UNSPECIFIED.,.F.,.F.,
(3,3),
(0.,1.),
.UNSPECIFIED.);
#11358=VERTEX_POINT('',#15689);
#11359=B_SPLINE_CURVE_WITH_KNOTS('',2,
(#15690,#15691,#15692),
.UNSPECIFIED.,.F.,.F.,
(3,3),
(0.,1.),
.UNSPECIFIED.);
#11360=VERTEX_POINT('',#15693);
#11361=LINE('',#15694,#15695);
#11362=VERTEX_POINT('',#15697);
#11363=B_SPLINE_CURVE_WITH_KNOTS('',2,
(#15698,#15699,#15700),
.UNSPECIFIED.,.F.,.F.,
(3,3),
(0.,1.),
.UNSPECIFIED.);
#11364=VERTEX_POINT('',#15701);
#11365=B_SPLINE_CURVE_WITH_KNOTS('',2,
(#15702,#15703,#15704),
.UNSPECIFIED.,.F.,.F.,
(3,3),
(0.,1.),
.UNSPECIFIED.);
#11366=VERTEX_POINT('',#15705);
#11367=LINE('',#15706,#15707);
#11368=VERTEX_POINT('',#15709);
#11369=B_SPLINE_CURVE_WITH_KNOTS('',2,
(#15710,#15711,#15712),
.UNSPECIFIED.,.F.,.F.,
(3,3),
(0.,1.),
.UNSPECIFIED.);
#11370=VERTEX_POINT('',#15713);
#11371=B_SPLINE_CURVE_WITH_KNOTS('',2,
(#15714,#15715,#15716),
.UNSPECIFIED.,.F.,.F.,
(3,3),
(0.,1.),
.UNSPECIFIED.);
#11372=VERTEX_POINT('',#15717);
#11373=LINE('',#15718,#15719);
#11374=VERTEX_POINT('',#15721);
#11375=B_SPLINE_CURVE_WITH_KNOTS('',2,
(#15722,#15723,#15724),
.UNSPECIFIED.,.F.,.F.,
(3,3),
(0.,1.),
.UNSPECIFIED.);
#11376=VERTEX_POINT('',#15725);
#11377=LINE('',#15726,#15727);
#11378=LINE('',#15729,#15730);
#11379=VERTEX_POINT('',#15732);
#11380=VERTEX_POINT('',#15733);
#11381=LINE('',#15734,#15735);
#11382=VERTEX_POINT('',#15737);
#11383=B_SPLINE_CURVE_WITH_KNOTS('',2,
(#15738,#15739,#15740),
.UNSPECIFIED.,.F.,.F.,
(3,3),
(0.,1.),
.UNSPECIFIED.);
#11384=VERTEX_POINT('',#15741);
#11385=B_SPLINE_CURVE_WITH_KNOTS('',2,
(#15742,#15743,#15744),
.UNSPECIFIED.,.F.,.F.,
(3,3),
(0.,1.),
.UNSPECIFIED.);
#11386=VERTEX_POINT('',#15745);
#11387=LINE('',#15746,#15747);
#11388=VERTEX_POINT('',#15749);
#11389=B_SPLINE_CURVE_WITH_KNOTS('',2,
(#15750,#15751,#15752),
.UNSPECIFIED.,.F.,.F.,
(3,3),
(0.,1.),
.UNSPECIFIED.);
#11390=VERTEX_POINT('',#15753);
#11391=B_SPLINE_CURVE_WITH_KNOTS('',2,
(#15754,#15755,#15756),
.UNSPECIFIED.,.F.,.F.,
(3,3),
(0.,1.),
.UNSPECIFIED.);
#11392=VERTEX_POINT('',#15757);
#11393=LINE('',#15758,#15759);
#11394=LINE('',#15761,#15762);
#11395=VERTEX_POINT('',#15764);
#11396=LINE('',#15765,#15766);
#11397=VERTEX_POINT('',#15768);
#11398=B_SPLINE_CURVE_WITH_KNOTS('',2,
(#15769,#15770,#15771),
.UNSPECIFIED.,.F.,.F.,
(3,3),
(0.,1.),
.UNSPECIFIED.);
#11399=LINE('',#15772,#15773);
#11400=VERTEX_POINT('',#15775);
#11401=B_SPLINE_CURVE_WITH_KNOTS('',2,
(#15776,#15777,#15778),
.UNSPECIFIED.,.F.,.F.,
(3,3),
(0.,1.),
.UNSPECIFIED.);
#11402=LINE('',#15779,#15780);
#11403=VERTEX_POINT('',#15782);
#11404=LINE('',#15783,#15784);
#11405=LINE('',#15786,#15787);
#11406=VERTEX_POINT('',#15789);
#11407=B_SPLINE_CURVE_WITH_KNOTS('',2,
(#15790,#15791,#15792),
.UNSPECIFIED.,.F.,.F.,
(3,3),
(0.,1.),
.UNSPECIFIED.);
#11408=LINE('',#15793,#15794);
#11409=VERTEX_POINT('',#15796);
#11410=B_SPLINE_CURVE_WITH_KNOTS('',2,
(#15797,#15798,#15799),
.UNSPECIFIED.,.F.,.F.,
(3,3),
(0.,1.),
.UNSPECIFIED.);
#11411=LINE('',#15800,#15801);
#11412=VERTEX_POINT('',#15803);
#11413=LINE('',#15804,#15805);
#11414=LINE('',#15807,#15808);
#11415=VERTEX_POINT('',#15810);
#11416=B_SPLINE_CURVE_WITH_KNOTS('',2,
(#15811,#15812,#15813),
.UNSPECIFIED.,.F.,.F.,
(3,3),
(0.,1.),
.UNSPECIFIED.);
#11417=LINE('',#15814,#15815);
#11418=VERTEX_POINT('',#15817);
#11419=B_SPLINE_CURVE_WITH_KNOTS('',2,
(#15818,#15819,#15820),
.UNSPECIFIED.,.F.,.F.,
(3,3),
(0.,1.),
.UNSPECIFIED.);
#11420=LINE('',#15821,#15822);
#11421=VERTEX_POINT('',#15824);
#11422=LINE('',#15825,#15826);
#11423=LINE('',#15828,#15829);
#11424=VERTEX_POINT('',#15831);
#11425=B_SPLINE_CURVE_WITH_KNOTS('',2,
(#15832,#15833,#15834),
.UNSPECIFIED.,.F.,.F.,
(3,3),
(0.,1.),
.UNSPECIFIED.);
#11426=LINE('',#15835,#15836);
#11427=VERTEX_POINT('',#15838);
#11428=B_SPLINE_CURVE_WITH_KNOTS('',2,
(#15839,#15840,#15841),
.UNSPECIFIED.,.F.,.F.,
(3,3),
(0.,1.),
.UNSPECIFIED.);
#11429=LINE('',#15842,#15843);
#11430=VERTEX_POINT('',#15845);
#11431=LINE('',#15846,#15847);
#11432=LINE('',#15849,#15850);
#11433=VERTEX_POINT('',#15852);
#11434=B_SPLINE_CURVE_WITH_KNOTS('',2,
(#15853,#15854,#15855),
.UNSPECIFIED.,.F.,.F.,
(3,3),
(0.,1.),
.UNSPECIFIED.);
#11435=LINE('',#15856,#15857);
#11436=VERTEX_POINT('',#15859);
#11437=B_SPLINE_CURVE_WITH_KNOTS('',2,
(#15860,#15861,#15862),
.UNSPECIFIED.,.F.,.F.,
(3,3),
(0.,1.),
.UNSPECIFIED.);
#11438=LINE('',#15863,#15864);
#11439=VERTEX_POINT('',#15866);
#11440=LINE('',#15867,#15868);
#11441=LINE('',#15870,#15871);
#11442=VERTEX_POINT('',#15873);
#11443=B_SPLINE_CURVE_WITH_KNOTS('',2,
(#15874,#15875,#15876),
.UNSPECIFIED.,.F.,.F.,
(3,3),
(0.,1.),
.UNSPECIFIED.);
#11444=LINE('',#15877,#15878);
#11445=VERTEX_POINT('',#15880);
#11446=LINE('',#15881,#15882);
#11447=LINE('',#15884,#15885);
#11448=LINE('',#15887,#15888);
#11449=VERTEX_POINT('',#15890);
#11450=VERTEX_POINT('',#15891);
#11451=LINE('',#15892,#15893);
#11452=LINE('',#15895,#15896);
#11453=LINE('',#15898,#15899);
#11454=VERTEX_POINT('',#15901);
#11455=B_SPLINE_CURVE_WITH_KNOTS('',2,
(#15902,#15903,#15904),
.UNSPECIFIED.,.F.,.F.,
(3,3),
(0.,1.),
.UNSPECIFIED.);
#11456=LINE('',#15905,#15906);
#11457=VERTEX_POINT('',#15908);
#11458=B_SPLINE_CURVE_WITH_KNOTS('',2,
(#15909,#15910,#15911),
.UNSPECIFIED.,.F.,.F.,
(3,3),
(0.,1.),
.UNSPECIFIED.);
#11459=LINE('',#15912,#15913);
#11460=VERTEX_POINT('',#15915);
#11461=LINE('',#15916,#15917);
#11462=LINE('',#15919,#15920);
#11463=VERTEX_POINT('',#15922);
#11464=B_SPLINE_CURVE_WITH_KNOTS('',2,
(#15923,#15924,#15925),
.UNSPECIFIED.,.F.,.F.,
(3,3),
(0.,1.),
.UNSPECIFIED.);
#11465=LINE('',#15926,#15927);
#11466=VERTEX_POINT('',#15929);
#11467=B_SPLINE_CURVE_WITH_KNOTS('',2,
(#15930,#15931,#15932),
.UNSPECIFIED.,.F.,.F.,
(3,3),
(0.,1.),
.UNSPECIFIED.);
#11468=LINE('',#15933,#15934);
#11469=VERTEX_POINT('',#15936);
#11470=LINE('',#15937,#15938);
#11471=LINE('',#15940,#15941);
#11472=LINE('',#15943,#15944);
#11473=VERTEX_POINT('',#15946);
#11474=VERTEX_POINT('',#15947);
#11475=B_SPLINE_CURVE_WITH_KNOTS('',2,
(#15948,#15949,#15950),
.UNSPECIFIED.,.F.,.F.,
(3,3),
(0.,1.),
.UNSPECIFIED.);
#11476=VERTEX_POINT('',#15951);
#11477=LINE('',#15952,#15953);
#11478=VERTEX_POINT('',#15955);
#11479=B_SPLINE_CURVE_WITH_KNOTS('',2,
(#15956,#15957,#15958),
.UNSPECIFIED.,.F.,.F.,
(3,3),
(0.,1.),
.UNSPECIFIED.);
#11480=LINE('',#15959,#15960);
#11481=VERTEX_POINT('',#15962);
#11482=B_SPLINE_CURVE_WITH_KNOTS('',2,
(#15963,#15964,#15965),
.UNSPECIFIED.,.F.,.F.,
(3,3),
(0.,1.),
.UNSPECIFIED.);
#11483=VERTEX_POINT('',#15966);
#11484=B_SPLINE_CURVE_WITH_KNOTS('',2,
(#15967,#15968,#15969),
.UNSPECIFIED.,.F.,.F.,
(3,3),
(0.,1.),
.UNSPECIFIED.);
#11485=VERTEX_POINT('',#15970);
#11486=LINE('',#15971,#15972);
#11487=VERTEX_POINT('',#15974);
#11488=LINE('',#15975,#15976);
#11489=VERTEX_POINT('',#15978);
#11490=B_SPLINE_CURVE_WITH_KNOTS('',2,
(#15979,#15980,#15981),
.UNSPECIFIED.,.F.,.F.,
(3,3),
(0.,1.),
.UNSPECIFIED.);
#11491=VERTEX_POINT('',#15982);
#11492=B_SPLINE_CURVE_WITH_KNOTS('',2,
(#15983,#15984,#15985),
.UNSPECIFIED.,.F.,.F.,
(3,3),
(0.,1.),
.UNSPECIFIED.);
#11493=VERTEX_POINT('',#15986);
#11494=LINE('',#15987,#15988);
#11495=VERTEX_POINT('',#15990);
#11496=B_SPLINE_CURVE_WITH_KNOTS('',2,
(#15991,#15992,#15993),
.UNSPECIFIED.,.F.,.F.,
(3,3),
(0.,1.),
.UNSPECIFIED.);
#11497=VERTEX_POINT('',#15994);
#11498=LINE('',#15995,#15996);
#11499=VERTEX_POINT('',#15998);
#11500=B_SPLINE_CURVE_WITH_KNOTS('',2,
(#15999,#16000,#16001),
.UNSPECIFIED.,.F.,.F.,
(3,3),
(0.,1.),
.UNSPECIFIED.);
#11501=VERTEX_POINT('',#16002);
#11502=B_SPLINE_CURVE_WITH_KNOTS('',2,
(#16003,#16004,#16005),
.UNSPECIFIED.,.F.,.F.,
(3,3),
(0.,1.),
.UNSPECIFIED.);
#11503=B_SPLINE_CURVE_WITH_KNOTS('',2,
(#16006,#16007,#16008),
.UNSPECIFIED.,.F.,.F.,
(3,3),
(0.,1.),
.UNSPECIFIED.);
#11504=VERTEX_POINT('',#16009);
#11505=LINE('',#16010,#16011);
#11506=B_SPLINE_CURVE_WITH_KNOTS('',2,
(#16013,#16014,#16015),
.UNSPECIFIED.,.F.,.F.,
(3,3),
(0.,1.),
.UNSPECIFIED.);
#11507=VERTEX_POINT('',#16016);
#11508=B_SPLINE_CURVE_WITH_KNOTS('',2,
(#16017,#16018,#16019),
.UNSPECIFIED.,.F.,.F.,
(3,3),
(0.,1.),
.UNSPECIFIED.);
#11509=VERTEX_POINT('',#16020);
#11510=B_SPLINE_CURVE_WITH_KNOTS('',2,
(#16021,#16022,#16023),
.UNSPECIFIED.,.F.,.F.,
(3,3),
(0.,1.),
.UNSPECIFIED.);
#11511=VERTEX_POINT('',#16024);
#11512=LINE('',#16025,#16026);
#11513=VERTEX_POINT('',#16028);
#11514=B_SPLINE_CURVE_WITH_KNOTS('',2,
(#16029,#16030,#16031),
.UNSPECIFIED.,.F.,.F.,
(3,3),
(0.,1.),
.UNSPECIFIED.);
#11515=VERTEX_POINT('',#16032);
#11516=LINE('',#16033,#16034);
#11517=VERTEX_POINT('',#16036);
#11518=B_SPLINE_CURVE_WITH_KNOTS('',2,
(#16037,#16038,#16039),
.UNSPECIFIED.,.F.,.F.,
(3,3),
(0.,1.),
.UNSPECIFIED.);
#11519=VERTEX_POINT('',#16040);
#11520=B_SPLINE_CURVE_WITH_KNOTS('',2,
(#16041,#16042,#16043),
.UNSPECIFIED.,.F.,.F.,
(3,3),
(0.,1.),
.UNSPECIFIED.);
#11521=VERTEX_POINT('',#16044);
#11522=LINE('',#16045,#16046);
#11523=VERTEX_POINT('',#16048);
#11524=LINE('',#16049,#16050);
#11525=VERTEX_POINT('',#16052);
#11526=B_SPLINE_CURVE_WITH_KNOTS('',2,
(#16053,#16054,#16055),
.UNSPECIFIED.,.F.,.F.,
(3,3),
(0.,1.),
.UNSPECIFIED.);
#11527=B_SPLINE_CURVE_WITH_KNOTS('',2,
(#16056,#16057,#16058),
.UNSPECIFIED.,.F.,.F.,
(3,3),
(0.,1.),
.UNSPECIFIED.);
#11528=LINE('',#16059,#16060);
#11529=LINE('',#16062,#16063);
#11530=LINE('',#16065,#16066);
#11531=LINE('',#16068,#16069);
#11532=LINE('',#16071,#16072);
#11533=LINE('',#16074,#16075);
#11534=LINE('',#16077,#16078);
#11535=LINE('',#16080,#16081);
#11536=LINE('',#16083,#16084);
#11537=LINE('',#16086,#16087);
#11538=VERTEX_POINT('',#16089);
#11539=VERTEX_POINT('',#16090);
#11540=LINE('',#16091,#16092);
#11541=VERTEX_POINT('',#16094);
#11542=LINE('',#16095,#16096);
#11543=VERTEX_POINT('',#16098);
#11544=LINE('',#16099,#16100);
#11545=LINE('',#16102,#16103);
#11546=VERTEX_POINT('',#16105);
#11547=B_SPLINE_CURVE_WITH_KNOTS('',2,
(#16106,#16107,#16108),
.UNSPECIFIED.,.F.,.F.,
(3,3),
(0.,1.),
.UNSPECIFIED.);
#11548=VERTEX_POINT('',#16109);
#11549=B_SPLINE_CURVE_WITH_KNOTS('',2,
(#16110,#16111,#16112),
.UNSPECIFIED.,.F.,.F.,
(3,3),
(0.,1.),
.UNSPECIFIED.);
#11550=VERTEX_POINT('',#16113);
#11551=LINE('',#16114,#16115);
#11552=VERTEX_POINT('',#16117);
#11553=B_SPLINE_CURVE_WITH_KNOTS('',2,
(#16118,#16119,#16120),
.UNSPECIFIED.,.F.,.F.,
(3,3),
(0.,1.),
.UNSPECIFIED.);
#11554=B_SPLINE_CURVE_WITH_KNOTS('',2,
(#16121,#16122,#16123),
.UNSPECIFIED.,.F.,.F.,
(3,3),
(0.,1.),
.UNSPECIFIED.);
#11555=VERTEX_POINT('',#16124);
#11556=LINE('',#16125,#16126);
#11557=B_SPLINE_CURVE_WITH_KNOTS('',2,
(#16128,#16129,#16130),
.UNSPECIFIED.,.F.,.F.,
(3,3),
(0.,1.),
.UNSPECIFIED.);
#11558=VERTEX_POINT('',#16131);
#11559=B_SPLINE_CURVE_WITH_KNOTS('',2,
(#16132,#16133,#16134),
.UNSPECIFIED.,.F.,.F.,
(3,3),
(0.,1.),
.UNSPECIFIED.);
#11560=VERTEX_POINT('',#16135);
#11561=LINE('',#16136,#16137);
#11562=VERTEX_POINT('',#16139);
#11563=B_SPLINE_CURVE_WITH_KNOTS('',2,
(#16140,#16141,#16142),
.UNSPECIFIED.,.F.,.F.,
(3,3),
(0.,1.),
.UNSPECIFIED.);
#11564=B_SPLINE_CURVE_WITH_KNOTS('',2,
(#16143,#16144,#16145),
.UNSPECIFIED.,.F.,.F.,
(3,3),
(0.,1.),
.UNSPECIFIED.);
#11565=LINE('',#16146,#16147);
#11566=LINE('',#16149,#16150);
#11567=LINE('',#16152,#16153);
#11568=VERTEX_POINT('',#16155);
#11569=VERTEX_POINT('',#16156);
#11570=B_SPLINE_CURVE_WITH_KNOTS('',2,
(#16157,#16158,#16159),
.UNSPECIFIED.,.F.,.F.,
(3,3),
(0.,1.),
.UNSPECIFIED.);
#11571=VERTEX_POINT('',#16160);
#11572=LINE('',#16161,#16162);
#11573=VERTEX_POINT('',#16164);
#11574=B_SPLINE_CURVE_WITH_KNOTS('',2,
(#16165,#16166,#16167),
.UNSPECIFIED.,.F.,.F.,
(3,3),
(0.,1.),
.UNSPECIFIED.);
#11575=LINE('',#16168,#16169);
#11576=VERTEX_POINT('',#16171);
#11577=B_SPLINE_CURVE_WITH_KNOTS('',2,
(#16172,#16173,#16174),
.UNSPECIFIED.,.F.,.F.,
(3,3),
(0.,1.),
.UNSPECIFIED.);
#11578=VERTEX_POINT('',#16175);
#11579=B_SPLINE_CURVE_WITH_KNOTS('',2,
(#16176,#16177,#16178),
.UNSPECIFIED.,.F.,.F.,
(3,3),
(0.,1.),
.UNSPECIFIED.);
#11580=B_SPLINE_CURVE_WITH_KNOTS('',2,
(#16179,#16180,#16181),
.UNSPECIFIED.,.F.,.F.,
(3,3),
(0.,1.),
.UNSPECIFIED.);
#11581=VERTEX_POINT('',#16182);
#11582=LINE('',#16183,#16184);
#11583=B_SPLINE_CURVE_WITH_KNOTS('',2,
(#16186,#16187,#16188),
.UNSPECIFIED.,.F.,.F.,
(3,3),
(0.,1.),
.UNSPECIFIED.);
#11584=VERTEX_POINT('',#16189);
#11585=B_SPLINE_CURVE_WITH_KNOTS('',2,
(#16190,#16191,#16192),
.UNSPECIFIED.,.F.,.F.,
(3,3),
(0.,1.),
.UNSPECIFIED.);
#11586=B_SPLINE_CURVE_WITH_KNOTS('',2,
(#16193,#16194,#16195),
.UNSPECIFIED.,.F.,.F.,
(3,3),
(0.,1.),
.UNSPECIFIED.);
#11587=LINE('',#16196,#16197);
#11588=VERTEX_POINT('',#16199);
#11589=VERTEX_POINT('',#16200);
#11590=LINE('',#16201,#16202);
#11591=VERTEX_POINT('',#16204);
#11592=LINE('',#16205,#16206);
#11593=VERTEX_POINT('',#16208);
#11594=LINE('',#16209,#16210);
#11595=VERTEX_POINT('',#16212);
#11596=LINE('',#16213,#16214);
#11597=VERTEX_POINT('',#16216);
#11598=LINE('',#16217,#16218);
#11599=VERTEX_POINT('',#16220);
#11600=LINE('',#16221,#16222);
#11601=VERTEX_POINT('',#16224);
#11602=LINE('',#16225,#16226);
#11603=VERTEX_POINT('',#16228);
#11604=LINE('',#16229,#16230);
#11605=VERTEX_POINT('',#16232);
#11606=LINE('',#16233,#16234);
#11607=VERTEX_POINT('',#16236);
#11608=LINE('',#16237,#16238);
#11609=LINE('',#16240,#16241);
#11610=VERTEX_POINT('',#16243);
#11611=VERTEX_POINT('',#16244);
#11612=LINE('',#16245,#16246);
#11613=VERTEX_POINT('',#16248);
#11614=LINE('',#16249,#16250);
#11615=LINE('',#16252,#16253);
#11616=VERTEX_POINT('',#16255);
#11617=VERTEX_POINT('',#16256);
#11618=LINE('',#16257,#16258);
#11619=VERTEX_POINT('',#16260);
#11620=LINE('',#16261,#16262);
#11621=VERTEX_POINT('',#16264);
#11622=LINE('',#16265,#16266);
#11623=VERTEX_POINT('',#16268);
#11624=LINE('',#16269,#16270);
#11625=VERTEX_POINT('',#16272);
#11626=LINE('',#16273,#16274);
#11627=VERTEX_POINT('',#16276);
#11628=LINE('',#16277,#16278);
#11629=VERTEX_POINT('',#16280);
#11630=LINE('',#16281,#16282);
#11631=VERTEX_POINT('',#16284);
#11632=LINE('',#16285,#16286);
#11633=VERTEX_POINT('',#16288);
#11634=LINE('',#16289,#16290);
#11635=VERTEX_POINT('',#16292);
#11636=LINE('',#16293,#16294);
#11637=LINE('',#16296,#16297);
#11638=VERTEX_POINT('',#16299);
#11639=VERTEX_POINT('',#16300);
#11640=LINE('',#16301,#16302);
#11641=VERTEX_POINT('',#16304);
#11642=LINE('',#16305,#16306);
#11643=LINE('',#16308,#16309);
#11644=LINE('',#16311,#16312);
#11645=LINE('',#16314,#16315);
#11646=LINE('',#16317,#16318);
#11647=LINE('',#16320,#16321);
#11648=LINE('',#16323,#16324);
#11649=LINE('',#16326,#16327);
#11650=LINE('',#16329,#16330);
#11651=LINE('',#16332,#16333);
#11652=LINE('',#16335,#16336);
#11653=LINE('',#16338,#16339);
#11654=LINE('',#16341,#16342);
#11655=LINE('',#16344,#16345);
#11656=LINE('',#16347,#16348);
#11657=LINE('',#16350,#16351);
#11658=CARTESIAN_POINT('',(4.,14.5,3.5));
#11659=CARTESIAN_POINT('',(5.91912619587887E-17,14.5,3.5));
#11660=CARTESIAN_POINT('',(0.,14.5,3.5));
#11661=VECTOR('',#11662,1.);
#11662=DIRECTION('',(1.,0.,0.));
#11663=CARTESIAN_POINT('',(5.3068027963052E-17,13.,3.5));
#11664=CARTESIAN_POINT('',(5.91912619587887E-17,14.5,3.5));
#11665=VECTOR('',#11666,1.);
#11666=DIRECTION('',(-4.08215599715784E-18,-1.,0.));
#11667=CARTESIAN_POINT('',(4.,13.,3.5));
#11668=CARTESIAN_POINT('',(4.,13.,3.5));
#11669=VECTOR('',#11670,1.);
#11670=DIRECTION('',(-1.,0.,0.));
#11671=CARTESIAN_POINT('',(4.,13.,3.5));
#11672=VECTOR('',#11673,1.);
#11673=DIRECTION('',(0.,1.,0.));
#11674=CARTESIAN_POINT('',(4.,12.,3.5));
#11675=CARTESIAN_POINT('',(4.89858719658941E-17,12.,3.5));
#11676=CARTESIAN_POINT('',(0.,12.,3.5));
#11677=VECTOR('',#11678,1.);
#11678=DIRECTION('',(1.,0.,0.));
#11679=CARTESIAN_POINT('',(4.28626379701574E-17,10.5,3.5));
#11680=CARTESIAN_POINT('',(4.89858719658941E-17,12.,3.5));
#11681=VECTOR('',#11682,1.);
#11682=DIRECTION('',(-4.08215599715784E-18,-1.,0.));
#11683=CARTESIAN_POINT('',(4.,10.5,3.5));
#11684=CARTESIAN_POINT('',(4.,10.5,3.5));
#11685=VECTOR('',#11686,1.);
#11686=DIRECTION('',(-1.,0.,0.));
#11687=CARTESIAN_POINT('',(4.,10.5,3.5));
#11688=VECTOR('',#11689,1.);
#11689=DIRECTION('',(0.,1.,0.));
#11690=CARTESIAN_POINT('',(4.,9.5,3.5));
#11691=CARTESIAN_POINT('',(3.87804819729995E-17,9.5,3.5));
#11692=CARTESIAN_POINT('',(0.,9.5,3.5));
#11693=VECTOR('',#11694,1.);
#11694=DIRECTION('',(1.,0.,0.));
#11695=CARTESIAN_POINT('',(3.26572479772628E-17,8.,3.5));
#11696=CARTESIAN_POINT('',(3.87804819729995E-17,9.5,3.5));
#11697=VECTOR('',#11698,1.);
#11698=DIRECTION('',(-4.08215599715784E-18,-1.,0.));
#11699=CARTESIAN_POINT('',(4.,8.,3.5));
#11700=CARTESIAN_POINT('',(4.,8.,3.5));
#11701=VECTOR('',#11702,1.);
#11702=DIRECTION('',(-1.,0.,0.));
#11703=CARTESIAN_POINT('',(4.,8.,3.5));
#11704=VECTOR('',#11705,1.);
#11705=DIRECTION('',(0.,1.,0.));
#11706=CARTESIAN_POINT('',(4.,7.,3.5));
#11707=CARTESIAN_POINT('',(2.85750919801049E-17,7.,3.5));
#11708=CARTESIAN_POINT('',(0.,7.,3.5));
#11709=VECTOR('',#11710,1.);
#11710=DIRECTION('',(1.,0.,0.));
#11711=CARTESIAN_POINT('',(2.24518579843681E-17,5.5,3.5));
#11712=CARTESIAN_POINT('',(2.85750919801049E-17,7.,3.5));
#11713=VECTOR('',#11714,1.);
#11714=DIRECTION('',(-4.08215599715785E-18,-1.,0.));
#11715=CARTESIAN_POINT('',(4.,5.5,3.5));
#11716=CARTESIAN_POINT('',(4.,5.5,3.5));
#11717=VECTOR('',#11718,1.);
#11718=DIRECTION('',(-1.,0.,0.));
#11719=CARTESIAN_POINT('',(4.,5.5,3.5));
#11720=VECTOR('',#11721,1.);
#11721=DIRECTION('',(0.,1.,0.));
#11722=CARTESIAN_POINT('',(2.04107799857892E-18,0.5,3.5));
#11723=CARTESIAN_POINT('',(4.,0.5,3.5));
#11724=CARTESIAN_POINT('',(4.,0.5,3.5));
#11725=VECTOR('',#11726,1.);
#11726=DIRECTION('',(-1.,0.,0.));
#11727=CARTESIAN_POINT('',(4.,2.,3.5));
#11728=CARTESIAN_POINT('',(4.,0.5,3.5));
#11729=VECTOR('',#11730,1.);
#11730=DIRECTION('',(0.,1.,0.));
#11731=CARTESIAN_POINT('',(8.16431199431569E-18,2.,3.5));
#11732=CARTESIAN_POINT('',(0.,2.,3.5));
#11733=VECTOR('',#11734,1.);
#11734=DIRECTION('',(1.,0.,0.));
#11735=CARTESIAN_POINT('',(8.16431199431569E-18,2.,3.5));
#11736=VECTOR('',#11737,1.);
#11737=DIRECTION('',(-4.08215599715784E-18,-1.,0.));
#11738=CARTESIAN_POINT('',(1.22464679914735E-17,3.,3.5));
#11739=CARTESIAN_POINT('',(4.,3.,3.5));
#11740=CARTESIAN_POINT('',(4.,3.,3.5));
#11741=VECTOR('',#11742,1.);
#11742=DIRECTION('',(-1.,0.,0.));
#11743=CARTESIAN_POINT('',(4.,4.5,3.5));
#11744=CARTESIAN_POINT('',(4.,3.,3.5));
#11745=VECTOR('',#11746,1.);
#11746=DIRECTION('',(0.,1.,0.));
#11747=CARTESIAN_POINT('',(1.83697019872103E-17,4.5,3.5));
#11748=CARTESIAN_POINT('',(0.,4.5,3.5));
#11749=VECTOR('',#11750,1.);
#11750=DIRECTION('',(1.,0.,0.));
#11751=CARTESIAN_POINT('',(1.83697019872103E-17,4.5,3.5));
#11752=VECTOR('',#11753,1.);
#11753=DIRECTION('',(-4.08215599715784E-18,-1.,0.));
#11754=CARTESIAN_POINT('',(5.91912619587887E-17,14.5,-1.5));
#11755=CARTESIAN_POINT('',(4.,14.5,-1.5));
#11756=CARTESIAN_POINT('',(0.,14.5,-1.5));
#11757=VECTOR('',#11758,1.);
#11758=DIRECTION('',(1.,0.,0.));
#11759=CARTESIAN_POINT('',(4.,13.,-1.5));
#11760=CARTESIAN_POINT('',(4.,13.,-1.5));
#11761=VECTOR('',#11762,1.);
#11762=DIRECTION('',(0.,1.,0.));
#11763=CARTESIAN_POINT('',(5.3068027963052E-17,13.,-1.5));
#11764=CARTESIAN_POINT('',(4.,13.,-1.5));
#11765=VECTOR('',#11766,1.);
#11766=DIRECTION('',(-1.,0.,0.));
#11767=CARTESIAN_POINT('',(5.91912619587887E-17,14.5,-1.5));
#11768=VECTOR('',#11769,1.);
#11769=DIRECTION('',(-4.08215599715784E-18,-1.,0.));
#11770=CARTESIAN_POINT('',(4.89858719658941E-17,12.,-1.5));
#11771=CARTESIAN_POINT('',(4.,12.,-1.5));
#11772=CARTESIAN_POINT('',(0.,12.,-1.5));
#11773=VECTOR('',#11774,1.);
#11774=DIRECTION('',(1.,0.,0.));
#11775=CARTESIAN_POINT('',(4.,10.5,-1.5));
#11776=CARTESIAN_POINT('',(4.,10.5,-1.5));
#11777=VECTOR('',#11778,1.);
#11778=DIRECTION('',(0.,1.,0.));
#11779=CARTESIAN_POINT('',(4.28626379701574E-17,10.5,-1.5));
#11780=CARTESIAN_POINT('',(4.,10.5,-1.5));
#11781=VECTOR('',#11782,1.);
#11782=DIRECTION('',(-1.,0.,0.));
#11783=CARTESIAN_POINT('',(4.89858719658941E-17,12.,-1.5));
#11784=VECTOR('',#11785,1.);
#11785=DIRECTION('',(-4.08215599715784E-18,-1.,0.));
#11786=CARTESIAN_POINT('',(3.87804819729995E-17,9.5,-1.5));
#11787=CARTESIAN_POINT('',(4.,9.5,-1.5));
#11788=CARTESIAN_POINT('',(0.,9.5,-1.5));
#11789=VECTOR('',#11790,1.);
#11790=DIRECTION('',(1.,0.,0.));
#11791=CARTESIAN_POINT('',(4.,8.,-1.5));
#11792=CARTESIAN_POINT('',(4.,8.,-1.5));
#11793=VECTOR('',#11794,1.);
#11794=DIRECTION('',(0.,1.,0.));
#11795=CARTESIAN_POINT('',(3.26572479772628E-17,8.,-1.5));
#11796=CARTESIAN_POINT('',(4.,8.,-1.5));
#11797=VECTOR('',#11798,1.);
#11798=DIRECTION('',(-1.,0.,0.));
#11799=CARTESIAN_POINT('',(3.87804819729995E-17,9.5,-1.5));
#11800=VECTOR('',#11801,1.);
#11801=DIRECTION('',(-4.08215599715784E-18,-1.,0.));
#11802=CARTESIAN_POINT('',(2.85750919801049E-17,7.,-1.5));
#11803=CARTESIAN_POINT('',(4.,7.,-1.5));
#11804=CARTESIAN_POINT('',(0.,7.,-1.5));
#11805=VECTOR('',#11806,1.);
#11806=DIRECTION('',(1.,0.,0.));
#11807=CARTESIAN_POINT('',(4.,5.5,-1.5));
#11808=CARTESIAN_POINT('',(4.,5.5,-1.5));
#11809=VECTOR('',#11810,1.);
#11810=DIRECTION('',(0.,1.,0.));
#11811=CARTESIAN_POINT('',(2.24518579843681E-17,5.5,-1.5));
#11812=CARTESIAN_POINT('',(4.,5.5,-1.5));
#11813=VECTOR('',#11814,1.);
#11814=DIRECTION('',(-1.,0.,0.));
#11815=CARTESIAN_POINT('',(2.85750919801049E-17,7.,-1.5));
#11816=VECTOR('',#11817,1.);
#11817=DIRECTION('',(-4.08215599715785E-18,-1.,0.));
#11818=CARTESIAN_POINT('',(1.83697019872103E-17,4.5,-1.5));
#11819=CARTESIAN_POINT('',(4.,4.5,-1.5));
#11820=CARTESIAN_POINT('',(0.,4.5,-1.5));
#11821=VECTOR('',#11822,1.);
#11822=DIRECTION('',(1.,0.,0.));
#11823=CARTESIAN_POINT('',(4.,3.,-1.5));
#11824=CARTESIAN_POINT('',(4.,3.,-1.5));
#11825=VECTOR('',#11826,1.);
#11826=DIRECTION('',(0.,1.,0.));
#11827=CARTESIAN_POINT('',(1.22464679914735E-17,3.,-1.5));
#11828=CARTESIAN_POINT('',(4.,3.,-1.5));
#11829=VECTOR('',#11830,1.);
#11830=DIRECTION('',(-1.,0.,0.));
#11831=CARTESIAN_POINT('',(1.83697019872103E-17,4.5,-1.5));
#11832=VECTOR('',#11833,1.);
#11833=DIRECTION('',(-4.08215599715785E-18,-1.,0.));
#11834=CARTESIAN_POINT('',(8.16431199431569E-18,2.,-1.5));
#11835=CARTESIAN_POINT('',(4.,2.,-1.5));
#11836=CARTESIAN_POINT('',(0.,2.,-1.5));
#11837=VECTOR('',#11838,1.);
#11838=DIRECTION('',(1.,0.,0.));
#11839=CARTESIAN_POINT('',(4.,0.5,-1.5));
#11840=CARTESIAN_POINT('',(4.,0.5,-1.5));
#11841=VECTOR('',#11842,1.);
#11842=DIRECTION('',(0.,1.,0.));
#11843=CARTESIAN_POINT('',(2.04107799857892E-18,0.5,-1.5));
#11844=CARTESIAN_POINT('',(4.,0.499999999999999,-1.5));
#11845=VECTOR('',#11846,1.);
#11846=DIRECTION('',(-1.,0.,0.));
#11847=CARTESIAN_POINT('',(8.16431199431569E-18,2.,-1.5));
#11848=VECTOR('',#11849,1.);
#11849=DIRECTION('',(-4.08215599715784E-18,-1.,0.));
#11850=CARTESIAN_POINT('',(4.,15.,-1.));
#11851=CARTESIAN_POINT('',(4.,15.,-1.));
#11852=VECTOR('',#11853,1.);
#11853=DIRECTION('',(0.,-0.707106781186547,-0.707106781186548));
#11854=CARTESIAN_POINT('',(4.,15.,7.40148683083438E-17));
#11855=CARTESIAN_POINT('',(4.,15.,-1.));
#11856=VECTOR('',#11857,1.);
#11857=DIRECTION('',(0.,0.,1.));
#11858=CARTESIAN_POINT('',(4.,0.,7.40148683083438E-17));
#11859=CARTESIAN_POINT('',(4.,0.,0.));
#11860=VECTOR('',#11861,1.);
#11861=DIRECTION('',(0.,1.,0.));
#11862=CARTESIAN_POINT('',(4.,0.,-1.));
#11863=CARTESIAN_POINT('',(4.,0.,-1.));
#11864=VECTOR('',#11865,1.);
#11865=DIRECTION('',(0.,0.,1.));
#11866=CARTESIAN_POINT('',(4.,0.499999999999999,-1.5));
#11867=VECTOR('',#11868,1.);
#11868=DIRECTION('',(0.,-0.707106781186547,0.707106781186548));
#11869=CARTESIAN_POINT('',(4.,2.5,-1.));
#11870=CARTESIAN_POINT('',(4.,2.5,-1.));
#11871=VECTOR('',#11872,1.);
#11872=DIRECTION('',(0.,-0.707106781186547,-0.707106781186547));
#11873=CARTESIAN_POINT('',(4.,3.,-1.5));
#11874=VECTOR('',#11875,1.);
#11875=DIRECTION('',(0.,-0.707106781186547,0.707106781186548));
#11876=CARTESIAN_POINT('',(4.,5.,-1.));
#11877=CARTESIAN_POINT('',(4.,5.,-1.));
#11878=VECTOR('',#11879,1.);
#11879=DIRECTION('',(0.,-0.707106781186548,-0.707106781186547));
#11880=CARTESIAN_POINT('',(4.,5.5,-1.5));
#11881=VECTOR('',#11882,1.);
#11882=DIRECTION('',(0.,-0.707106781186548,0.707106781186547));
#11883=CARTESIAN_POINT('',(4.,7.5,-1.));
#11884=CARTESIAN_POINT('',(4.,7.5,-1.));
#11885=VECTOR('',#11886,1.);
#11886=DIRECTION('',(0.,-0.707106781186548,-0.707106781186547));
#11887=CARTESIAN_POINT('',(4.,8.,-1.5));
#11888=VECTOR('',#11889,1.);
#11889=DIRECTION('',(0.,-0.707106781186548,0.707106781186547));
#11890=CARTESIAN_POINT('',(4.,10.,-1.));
#11891=CARTESIAN_POINT('',(4.,10.,-1.));
#11892=VECTOR('',#11893,1.);
#11893=DIRECTION('',(0.,-0.707106781186547,-0.707106781186548));
#11894=CARTESIAN_POINT('',(4.,10.5,-1.5));
#11895=VECTOR('',#11896,1.);
#11896=DIRECTION('',(0.,-0.707106781186548,0.707106781186547));
#11897=CARTESIAN_POINT('',(4.,12.5,-1.));
#11898=CARTESIAN_POINT('',(4.,12.5,-1.));
#11899=VECTOR('',#11900,1.);
#11900=DIRECTION('',(0.,-0.707106781186548,-0.707106781186547));
#11901=CARTESIAN_POINT('',(4.,13.,-1.5));
#11902=VECTOR('',#11903,1.);
#11903=DIRECTION('',(0.,-0.707106781186548,0.707106781186547));
#11904=CARTESIAN_POINT('',(4.,15.,3.));
#11905=CARTESIAN_POINT('',(4.,14.5,3.5));
#11906=VECTOR('',#11907,1.);
#11907=DIRECTION('',(0.,0.707106781186546,-0.707106781186549));
#11908=CARTESIAN_POINT('',(4.,12.5,3.));
#11909=CARTESIAN_POINT('',(4.,12.5,3.));
#11910=VECTOR('',#11911,1.);
#11911=DIRECTION('',(0.,0.707106781186547,0.707106781186547));
#11912=CARTESIAN_POINT('',(4.,12.,3.5));
#11913=VECTOR('',#11914,1.);
#11914=DIRECTION('',(0.,0.707106781186546,-0.707106781186549));
#11915=CARTESIAN_POINT('',(4.,10.,3.));
#11916=CARTESIAN_POINT('',(4.,10.,3.));
#11917=VECTOR('',#11918,1.);
#11918=DIRECTION('',(0.,0.707106781186547,0.707106781186547));
#11919=CARTESIAN_POINT('',(4.,9.5,3.5));
#11920=VECTOR('',#11921,1.);
#11921=DIRECTION('',(0.,0.707106781186547,-0.707106781186547));
#11922=CARTESIAN_POINT('',(4.,7.5,3.));
#11923=CARTESIAN_POINT('',(4.,7.5,3.));
#11924=VECTOR('',#11925,1.);
#11925=DIRECTION('',(0.,0.707106781186547,0.707106781186547));
#11926=CARTESIAN_POINT('',(4.,7.,3.5));
#11927=VECTOR('',#11928,1.);
#11928=DIRECTION('',(0.,0.707106781186547,-0.707106781186547));
#11929=CARTESIAN_POINT('',(4.,5.,3.));
#11930=CARTESIAN_POINT('',(4.,5.,3.));
#11931=VECTOR('',#11932,1.);
#11932=DIRECTION('',(0.,0.707106781186547,0.707106781186547));
#11933=CARTESIAN_POINT('',(4.,4.5,3.5));
#11934=VECTOR('',#11935,1.);
#11935=DIRECTION('',(0.,0.707106781186547,-0.707106781186547));
#11936=CARTESIAN_POINT('',(4.,2.5,3.));
#11937=CARTESIAN_POINT('',(4.,2.5,3.));
#11938=VECTOR('',#11939,1.);
#11939=DIRECTION('',(0.,0.707106781186547,0.707106781186547));
#11940=CARTESIAN_POINT('',(4.,2.,3.5));
#11941=VECTOR('',#11942,1.);
#11942=DIRECTION('',(0.,0.707106781186547,-0.707106781186547));
#11943=CARTESIAN_POINT('',(4.,0.,3.));
#11944=CARTESIAN_POINT('',(4.,0.,3.));
#11945=VECTOR('',#11946,1.);
#11946=DIRECTION('',(0.,0.707106781186547,0.707106781186548));
#11947=CARTESIAN_POINT('',(4.,0.,2.));
#11948=CARTESIAN_POINT('',(4.,0.,2.));
#11949=VECTOR('',#11950,1.);
#11950=DIRECTION('',(0.,0.,1.));
#11951=CARTESIAN_POINT('',(4.,15.,2.));
#11952=CARTESIAN_POINT('',(4.,0.,2.));
#11953=VECTOR('',#11954,1.);
#11954=DIRECTION('',(0.,1.,0.));
#11955=CARTESIAN_POINT('',(4.,15.,2.));
#11956=VECTOR('',#11957,1.);
#11957=DIRECTION('',(0.,0.,1.));
#11958=CARTESIAN_POINT('',(29.,0.,7.40148683083438E-17));
#11959=CARTESIAN_POINT('',(29.,0.,2.));
#11960=CARTESIAN_POINT('',(29.,0.,2.22044604925031E-16));
#11961=VECTOR('',#11962,1.);
#11962=DIRECTION('',(0.,0.,1.));
#11963=CARTESIAN_POINT('',(4.,0.,2.));
#11964=VECTOR('',#11965,1.);
#11965=DIRECTION('',(1.,0.,0.));
#11966=CARTESIAN_POINT('',(0.,0.,3.));
#11967=CARTESIAN_POINT('',(0.,8.32667268468867E-17,3.));
#11968=VECTOR('',#11969,1.);
#11969=DIRECTION('',(1.,0.,0.));
#11970=CARTESIAN_POINT('',(0.,0.,-1.));
#11971=CARTESIAN_POINT('',(0.,0.,-1.));
#11972=VECTOR('',#11973,1.);
#11973=DIRECTION('',(0.,0.,1.));
#11974=CARTESIAN_POINT('',(4.,1.53080849893419E-17,-1.));
#11975=VECTOR('',#11976,1.);
#11976=DIRECTION('',(-1.,0.,0.));
#11977=CARTESIAN_POINT('',(4.,0.,0.));
#11978=VECTOR('',#11979,1.);
#11979=DIRECTION('',(1.,0.,0.));
#11980=CARTESIAN_POINT('',(0.,15.,3.));
#11981=CARTESIAN_POINT('',(0.,15.,3.));
#11982=VECTOR('',#11983,1.);
#11983=DIRECTION('',(0.,-0.707106781186548,0.707106781186547));
#11984=CARTESIAN_POINT('',(1.77635683940025E-15,15.,-1.));
#11985=CARTESIAN_POINT('',(1.77635683940025E-15,15.,-1.));
#11986=VECTOR('',#11987,1.);
#11987=DIRECTION('',(-4.44089209850063E-16,0.,1.));
#11988=CARTESIAN_POINT('',(0.,14.5,-1.5));
#11989=VECTOR('',#11990,1.);
#11990=DIRECTION('',(0.,0.707106781186547,0.707106781186547));
#11991=CARTESIAN_POINT('',(0.,12.5,-1.));
#11992=CARTESIAN_POINT('',(0.,12.5,-1.));
#11993=VECTOR('',#11994,1.);
#11994=DIRECTION('',(0.,0.707106781186548,-0.707106781186547));
#11995=CARTESIAN_POINT('',(0.,12.,-1.5));
#11996=VECTOR('',#11997,1.);
#11997=DIRECTION('',(0.,0.707106781186547,0.707106781186547));
#11998=CARTESIAN_POINT('',(0.,10.,-1.));
#11999=CARTESIAN_POINT('',(0.,10.,-1.));
#12000=VECTOR('',#12001,1.);
#12001=DIRECTION('',(0.,0.707106781186548,-0.707106781186547));
#12002=CARTESIAN_POINT('',(0.,9.5,-1.5));
#12003=VECTOR('',#12004,1.);
#12004=DIRECTION('',(0.,0.707106781186548,0.707106781186547));
#12005=CARTESIAN_POINT('',(0.,7.5,-1.));
#12006=CARTESIAN_POINT('',(0.,7.5,-1.));
#12007=VECTOR('',#12008,1.);
#12008=DIRECTION('',(0.,0.707106781186548,-0.707106781186548));
#12009=CARTESIAN_POINT('',(0.,7.,-1.5));
#12010=VECTOR('',#12011,1.);
#12011=DIRECTION('',(0.,0.707106781186548,0.707106781186547));
#12012=CARTESIAN_POINT('',(0.,5.,-1.));
#12013=CARTESIAN_POINT('',(0.,5.,-1.));
#12014=VECTOR('',#12015,1.);
#12015=DIRECTION('',(0.,0.707106781186548,-0.707106781186547));
#12016=CARTESIAN_POINT('',(0.,4.5,-1.5));
#12017=VECTOR('',#12018,1.);
#12018=DIRECTION('',(0.,0.707106781186549,0.707106781186546));
#12019=CARTESIAN_POINT('',(0.,2.5,-1.));
#12020=CARTESIAN_POINT('',(0.,2.5,-1.));
#12021=VECTOR('',#12022,1.);
#12022=DIRECTION('',(0.,0.707106781186548,-0.707106781186547));
#12023=CARTESIAN_POINT('',(0.,2.,-1.5));
#12024=VECTOR('',#12025,1.);
#12025=DIRECTION('',(0.,0.707106781186547,0.707106781186548));
#12026=CARTESIAN_POINT('',(0.,3.44634661715439E-16,-1.));
#12027=VECTOR('',#12028,1.);
#12028=DIRECTION('',(0.,0.707106781186548,-0.707106781186547));
#12029=CARTESIAN_POINT('',(0.,0.5,3.5));
#12030=VECTOR('',#12031,1.);
#12031=DIRECTION('',(0.,-0.707106781186547,-0.707106781186548));
#12032=CARTESIAN_POINT('',(0.,2.5,3.));
#12033=CARTESIAN_POINT('',(0.,2.5,3.));
#12034=VECTOR('',#12035,1.);
#12035=DIRECTION('',(0.,-0.707106781186548,0.707106781186547));
#12036=CARTESIAN_POINT('',(0.,3.,3.5));
#12037=VECTOR('',#12038,1.);
#12038=DIRECTION('',(0.,-0.707106781186548,-0.707106781186547));
#12039=CARTESIAN_POINT('',(0.,5.,3.));
#12040=CARTESIAN_POINT('',(0.,5.,3.));
#12041=VECTOR('',#12042,1.);
#12042=DIRECTION('',(0.,-0.707106781186548,0.707106781186547));
#12043=CARTESIAN_POINT('',(0.,5.5,3.5));
#12044=VECTOR('',#12045,1.);
#12045=DIRECTION('',(0.,-0.707106781186547,-0.707106781186547));
#12046=CARTESIAN_POINT('',(0.,7.5,3.));
#12047=CARTESIAN_POINT('',(0.,7.5,3.));
#12048=VECTOR('',#12049,1.);
#12049=DIRECTION('',(0.,-0.707106781186548,0.707106781186547));
#12050=CARTESIAN_POINT('',(0.,8.,3.5));
#12051=VECTOR('',#12052,1.);
#12052=DIRECTION('',(0.,-0.707106781186547,-0.707106781186547));
#12053=CARTESIAN_POINT('',(0.,10.,3.));
#12054=CARTESIAN_POINT('',(0.,10.,3.));
#12055=VECTOR('',#12056,1.);
#12056=DIRECTION('',(0.,-0.707106781186547,0.707106781186547));
#12057=CARTESIAN_POINT('',(0.,10.5,3.5));
#12058=VECTOR('',#12059,1.);
#12059=DIRECTION('',(0.,-0.707106781186547,-0.707106781186547));
#12060=CARTESIAN_POINT('',(0.,12.5,3.));
#12061=CARTESIAN_POINT('',(0.,12.5,3.));
#12062=VECTOR('',#12063,1.);
#12063=DIRECTION('',(0.,-0.707106781186548,0.707106781186547));
#12064=CARTESIAN_POINT('',(0.,13.,3.5));
#12065=VECTOR('',#12066,1.);
#12066=DIRECTION('',(0.,-0.707106781186548,-0.707106781186547));
#12067=CARTESIAN_POINT('',(29.,15.,-1.48029736616688E-16));
#12068=CARTESIAN_POINT('',(29.,15.,2.));
#12069=CARTESIAN_POINT('',(29.,15.,-4.44089209850063E-16));
#12070=VECTOR('',#12071,1.);
#12071=DIRECTION('',(0.,0.,1.));
#12072=CARTESIAN_POINT('',(29.,15.,0.));
#12073=VECTOR('',#12074,1.);
#12074=DIRECTION('',(-1.,0.,0.));
#12075=CARTESIAN_POINT('',(0.,15.,-1.));
#12076=VECTOR('',#12077,1.);
#12077=DIRECTION('',(1.,0.,0.));
#12078=CARTESIAN_POINT('',(4.,15.,3.));
#12079=VECTOR('',#12080,1.);
#12080=DIRECTION('',(-1.,0.,0.));
#12081=CARTESIAN_POINT('',(29.,15.,2.));
#12082=VECTOR('',#12083,1.);
#12083=DIRECTION('',(-1.,0.,0.));
#12084=CARTESIAN_POINT('',(4.,5.,3.));
#12085=VECTOR('',#12086,1.);
#12086=DIRECTION('',(-1.,0.,0.));
#12087=CARTESIAN_POINT('',(4.,2.5,3.));
#12088=VECTOR('',#12089,1.);
#12089=DIRECTION('',(-1.,0.,0.));
#12090=CARTESIAN_POINT('',(4.,2.5,-1.));
#12091=VECTOR('',#12092,1.);
#12092=DIRECTION('',(-1.,0.,0.));
#12093=CARTESIAN_POINT('',(4.,5.,-1.));
#12094=VECTOR('',#12095,1.);
#12095=DIRECTION('',(-1.,0.,0.));
#12096=CARTESIAN_POINT('',(4.,7.5,3.));
#12097=VECTOR('',#12098,1.);
#12098=DIRECTION('',(-1.,0.,0.));
#12099=CARTESIAN_POINT('',(4.,7.5,-1.));
#12100=VECTOR('',#12101,1.);
#12101=DIRECTION('',(-1.,0.,0.));
#12102=CARTESIAN_POINT('',(4.,10.,-1.));
#12103=VECTOR('',#12104,1.);
#12104=DIRECTION('',(-1.,0.,0.));
#12105=CARTESIAN_POINT('',(4.,12.5,-1.));
#12106=VECTOR('',#12107,1.);
#12107=DIRECTION('',(-1.,0.,0.));
#12108=CARTESIAN_POINT('',(4.,10.,3.));
#12109=VECTOR('',#12110,1.);
#12110=DIRECTION('',(-1.,0.,0.));
#12111=CARTESIAN_POINT('',(4.,12.5,3.));
#12112=VECTOR('',#12113,1.);
#12113=DIRECTION('',(-1.,0.,0.));
#12114=CARTESIAN_POINT('',(30.,14.,-7.40148683083438E-17));
#12115=AXIS2_PLACEMENT_3D('',#12116,#12117,#12118);
#12116=CARTESIAN_POINT('',(29.,14.,0.));
#12117=DIRECTION('',(0.,0.,-1.));
#12118=DIRECTION('',(0.,1.,0.));
#12119=CARTESIAN_POINT('',(30.,1.,7.40148683083438E-17));
#12120=CARTESIAN_POINT('',(30.,1.,0.));
#12121=VECTOR('',#12122,1.);
#12122=DIRECTION('',(0.,1.,0.));
#12123=AXIS2_PLACEMENT_3D('',#12124,#12125,#12126);
#12124=CARTESIAN_POINT('',(29.,1.,0.));
#12125=DIRECTION('',(0.,0.,-1.));
#12126=DIRECTION('',(1.,0.,0.));
#12127=CARTESIAN_POINT('',(30.,14.,2.));
#12128=AXIS2_PLACEMENT_3D('',#12129,#12130,#12131);
#12129=CARTESIAN_POINT('',(29.,14.,2.));
#12130=DIRECTION('',(0.,0.,1.));
#12131=DIRECTION('',(1.,0.,0.));
#12132=CARTESIAN_POINT('',(30.,1.,2.));
#12133=AXIS2_PLACEMENT_3D('',#12134,#12135,#12136);
#12134=CARTESIAN_POINT('',(29.,1.,2.));
#12135=DIRECTION('',(0.,0.,1.));
#12136=DIRECTION('',(0.,-1.,0.));
#12137=CARTESIAN_POINT('',(30.,1.,2.));
#12138=VECTOR('',#12139,1.);
#12139=DIRECTION('',(0.,1.,0.));
#12140=CARTESIAN_POINT('',(30.,14.,-2.22044604925031E-16));
#12141=VECTOR('',#12142,1.);
#12142=DIRECTION('',(0.,0.,1.));
#12143=CARTESIAN_POINT('',(30.,1.,2.22044604925031E-16));
#12144=VECTOR('',#12145,1.);
#12145=DIRECTION('',(0.,0.,1.));
#12146=CARTESIAN_POINT('',(-5.8,11.75,1.75));
#12147=CARTESIAN_POINT('',(-5.8,10.75,1.75));
#12148=CARTESIAN_POINT('',(-5.8,11.75,1.75));
#12149=VECTOR('',#12150,1.);
#12150=DIRECTION('',(0.,-1.,0.));
#12151=CARTESIAN_POINT('',(0.,11.75,1.75));
#12152=CARTESIAN_POINT('',(0.,11.75,1.75));
#12153=VECTOR('',#12154,1.);
#12154=DIRECTION('',(-1.,0.,0.));
#12155=CARTESIAN_POINT('',(0.,10.75,1.75));
#12156=CARTESIAN_POINT('',(0.,11.75,1.75));
#12157=VECTOR('',#12158,1.);
#12158=DIRECTION('',(0.,-1.,0.));
#12159=CARTESIAN_POINT('',(0.,10.75,1.75));
#12160=VECTOR('',#12161,1.);
#12161=DIRECTION('',(-1.,0.,0.));
#12162=CARTESIAN_POINT('',(-6.,10.95,1.95));
#12163=CARTESIAN_POINT('',(-5.8,10.75,1.75));
#12164=VECTOR('',#12165,1.);
#12165=DIRECTION('',(-0.577350269189627,0.577350269189624,0.577350269189626));
#12166=CARTESIAN_POINT('',(-6.,11.55,1.95));
#12167=CARTESIAN_POINT('',(-6.,11.55,1.95));
#12168=VECTOR('',#12169,1.);
#12169=DIRECTION('',(0.,-1.,0.));
#12170=CARTESIAN_POINT('',(-5.8,11.75,1.75));
#12171=VECTOR('',#12172,1.);
#12172=DIRECTION('',(-0.577350269189625,-0.577350269189625,0.577350269189627));
#12173=CARTESIAN_POINT('',(-5.8,11.75,2.75));
#12174=CARTESIAN_POINT('',(-5.8,11.75,2.75));
#12175=VECTOR('',#12176,1.);
#12176=DIRECTION('',(0.,0.,-1.));
#12177=CARTESIAN_POINT('',(0.,11.75,2.75));
#12178=CARTESIAN_POINT('',(0.,11.75,2.75));
#12179=VECTOR('',#12180,1.);
#12180=DIRECTION('',(-1.,0.,0.));
#12181=CARTESIAN_POINT('',(0.,11.75,2.75));
#12182=VECTOR('',#12183,1.);
#12183=DIRECTION('',(0.,0.,-1.));
#12184=CARTESIAN_POINT('',(0.,10.75,2.75));
#12185=CARTESIAN_POINT('',(0.,10.75,2.75));
#12186=VECTOR('',#12187,1.);
#12187=DIRECTION('',(0.,1.,4.44089209850063E-16));
#12188=CARTESIAN_POINT('',(0.,10.75,1.75));
#12189=VECTOR('',#12190,1.);
#12190=DIRECTION('',(0.,0.,1.));
#12191=CARTESIAN_POINT('',(-5.8,10.75,2.75));
#12192=CARTESIAN_POINT('',(-5.8,10.75,1.75));
#12193=VECTOR('',#12194,1.);
#12194=DIRECTION('',(8.88178419700125E-16,0.,1.));
#12195=CARTESIAN_POINT('',(0.,10.75,2.75));
#12196=VECTOR('',#12197,1.);
#12197=DIRECTION('',(-1.,0.,0.));
#12198=CARTESIAN_POINT('',(-6.,10.95,2.55));
#12199=CARTESIAN_POINT('',(-5.8,10.75,2.75));
#12200=VECTOR('',#12201,1.);
#12201=DIRECTION('',(-0.577350269189624,0.577350269189624,-0.577350269189628));
#12202=CARTESIAN_POINT('',(-6.,10.95,1.95));
#12203=VECTOR('',#12204,1.);
#12204=DIRECTION('',(0.,0.,1.));
#12205=CARTESIAN_POINT('',(-6.,11.55,2.55));
#12206=CARTESIAN_POINT('',(-6.,10.95,2.55));
#12207=VECTOR('',#12208,1.);
#12208=DIRECTION('',(0.,1.,0.));
#12209=CARTESIAN_POINT('',(-6.,11.55,2.55));
#12210=VECTOR('',#12211,1.);
#12211=DIRECTION('',(0.,0.,-1.));
#12212=CARTESIAN_POINT('',(-5.8,11.75,2.75));
#12213=VECTOR('',#12214,1.);
#12214=DIRECTION('',(-0.577350269189625,-0.577350269189625,-0.577350269189628));
#12215=CARTESIAN_POINT('',(-5.8,10.75,2.75));
#12216=VECTOR('',#12217,1.);
#12217=DIRECTION('',(8.88178419700125E-16,1.,4.44089209850063E-16));
#12218=CARTESIAN_POINT('',(-5.8,14.25,2.75));
#12219=CARTESIAN_POINT('',(-5.8,14.25,1.75));
#12220=CARTESIAN_POINT('',(-5.8,14.25,2.75));
#12221=VECTOR('',#12222,1.);
#12222=DIRECTION('',(0.,0.,-1.));
#12223=CARTESIAN_POINT('',(0.,14.25,2.75));
#12224=CARTESIAN_POINT('',(0.,14.25,2.75));
#12225=VECTOR('',#12226,1.);
#12226=DIRECTION('',(-1.,0.,0.));
#12227=CARTESIAN_POINT('',(0.,14.25,1.75));
#12228=CARTESIAN_POINT('',(0.,14.25,2.75));
#12229=VECTOR('',#12230,1.);
#12230=DIRECTION('',(0.,0.,-1.));
#12231=CARTESIAN_POINT('',(0.,14.25,1.75));
#12232=VECTOR('',#12233,1.);
#12233=DIRECTION('',(-1.,0.,0.));
#12234=CARTESIAN_POINT('',(-5.8,13.25,1.75));
#12235=CARTESIAN_POINT('',(-5.8,14.25,1.75));
#12236=VECTOR('',#12237,1.);
#12237=DIRECTION('',(0.,-1.,0.));
#12238=CARTESIAN_POINT('',(0.,13.25,1.75));
#12239=CARTESIAN_POINT('',(0.,14.25,1.75));
#12240=VECTOR('',#12241,1.);
#12241=DIRECTION('',(0.,-1.,0.));
#12242=CARTESIAN_POINT('',(0.,13.25,1.75));
#12243=VECTOR('',#12244,1.);
#12244=DIRECTION('',(-1.,0.,0.));
#12245=CARTESIAN_POINT('',(-5.8,13.25,2.75));
#12246=CARTESIAN_POINT('',(-5.8,13.25,1.75));
#12247=VECTOR('',#12248,1.);
#12248=DIRECTION('',(0.,0.,1.));
#12249=CARTESIAN_POINT('',(0.,13.25,2.75));
#12250=CARTESIAN_POINT('',(0.,13.25,1.75));
#12251=VECTOR('',#12252,1.);
#12252=DIRECTION('',(0.,0.,1.));
#12253=CARTESIAN_POINT('',(0.,13.25,2.75));
#12254=VECTOR('',#12255,1.);
#12255=DIRECTION('',(-1.,0.,0.));
#12256=CARTESIAN_POINT('',(-5.8,13.25,2.75));
#12257=VECTOR('',#12258,1.);
#12258=DIRECTION('',(0.,1.,0.));
#12259=CARTESIAN_POINT('',(0.,13.25,2.75));
#12260=VECTOR('',#12261,1.);
#12261=DIRECTION('',(0.,1.,0.));
#12262=CARTESIAN_POINT('',(-6.,14.05,2.55));
#12263=CARTESIAN_POINT('',(-6.,14.05,1.95));
#12264=CARTESIAN_POINT('',(-6.,14.05,2.55));
#12265=VECTOR('',#12266,1.);
#12266=DIRECTION('',(0.,0.,-1.));
#12267=CARTESIAN_POINT('',(-6.,13.45,1.95));
#12268=CARTESIAN_POINT('',(-6.,14.05,1.95));
#12269=VECTOR('',#12270,1.);
#12270=DIRECTION('',(0.,-1.,-3.70074341541719E-16));
#12271=CARTESIAN_POINT('',(-6.,13.45,2.55));
#12272=CARTESIAN_POINT('',(-6.,13.45,1.95));
#12273=VECTOR('',#12274,1.);
#12274=DIRECTION('',(0.,-2.96059473233375E-15,1.));
#12275=CARTESIAN_POINT('',(-6.,13.45,2.55));
#12276=VECTOR('',#12277,1.);
#12277=DIRECTION('',(0.,1.,0.));
#12278=CARTESIAN_POINT('',(-5.8,14.25,1.75));
#12279=VECTOR('',#12280,1.);
#12280=DIRECTION('',(-0.577350269189627,-0.577350269189624,0.577350269189626));
#12281=CARTESIAN_POINT('',(-5.8,14.25,2.75));
#12282=VECTOR('',#12283,1.);
#12283=DIRECTION('',(-0.577350269189627,-0.577350269189624,-0.577350269189627));
#12284=CARTESIAN_POINT('',(-5.8,13.25,1.75));
#12285=VECTOR('',#12286,1.);
#12286=DIRECTION('',(-0.577350269189625,0.577350269189628,0.577350269189624));
#12287=CARTESIAN_POINT('',(-5.8,13.25,2.75));
#12288=VECTOR('',#12289,1.);
#12289=DIRECTION('',(-0.577350269189627,0.577350269189624,-0.577350269189627));
#12290=CARTESIAN_POINT('',(-5.8,10.75,0.25));
#12291=CARTESIAN_POINT('',(-5.8,11.75,0.25));
#12292=CARTESIAN_POINT('',(-5.8,10.75,0.25));
#12293=VECTOR('',#12294,1.);
#12294=DIRECTION('',(0.,1.,5.55111512312578E-17));
#12295=CARTESIAN_POINT('',(0.,10.75,0.25));
#12296=CARTESIAN_POINT('',(0.,10.75,0.25));
#12297=VECTOR('',#12298,1.);
#12298=DIRECTION('',(-1.,0.,0.));
#12299=CARTESIAN_POINT('',(0.,11.75,0.25));
#12300=CARTESIAN_POINT('',(0.,10.75,0.25));
#12301=VECTOR('',#12302,1.);
#12302=DIRECTION('',(0.,1.,5.55111512312578E-17));
#12303=CARTESIAN_POINT('',(0.,11.75,0.25));
#12304=VECTOR('',#12305,1.);
#12305=DIRECTION('',(-1.,0.,0.));
#12306=CARTESIAN_POINT('',(-6.,11.55,0.0499999999999999));
#12307=CARTESIAN_POINT('',(-5.8,11.75,0.25));
#12308=VECTOR('',#12309,1.);
#12309=DIRECTION('',(-0.577350269189627,-0.577350269189624,-0.577350269189626));
#12310=CARTESIAN_POINT('',(-6.,10.95,0.0499999999999997));
#12311=CARTESIAN_POINT('',(-6.,10.95,0.0499999999999998));
#12312=VECTOR('',#12313,1.);
#12313=DIRECTION('',(0.,1.,6.93889390390721E-17));
#12314=CARTESIAN_POINT('',(-5.8,10.75,0.25));
#12315=VECTOR('',#12316,1.);
#12316=DIRECTION('',(-0.577350269189627,0.577350269189624,-0.577350269189626));
#12317=CARTESIAN_POINT('',(-5.8,10.75,-0.75));
#12318=CARTESIAN_POINT('',(-5.8,10.75,-0.75));
#12319=VECTOR('',#12320,1.);
#12320=DIRECTION('',(0.,0.,1.));
#12321=CARTESIAN_POINT('',(0.,10.75,-0.75));
#12322=CARTESIAN_POINT('',(0.,10.75,-0.75));
#12323=VECTOR('',#12324,1.);
#12324=DIRECTION('',(-1.,0.,0.));
#12325=CARTESIAN_POINT('',(0.,10.75,-0.75));
#12326=VECTOR('',#12327,1.);
#12327=DIRECTION('',(0.,0.,1.));
#12328=CARTESIAN_POINT('',(0.,11.75,-0.75));
#12329=CARTESIAN_POINT('',(0.,11.75,-0.75));
#12330=VECTOR('',#12331,1.);
#12331=DIRECTION('',(0.,-1.,0.));
#12332=CARTESIAN_POINT('',(0.,11.75,0.25));
#12333=VECTOR('',#12334,1.);
#12334=DIRECTION('',(0.,0.,-1.));
#12335=CARTESIAN_POINT('',(-5.8,11.75,-0.75));
#12336=CARTESIAN_POINT('',(-5.8,11.75,0.25));
#12337=VECTOR('',#12338,1.);
#12338=DIRECTION('',(0.,0.,-1.));
#12339=CARTESIAN_POINT('',(0.,11.75,-0.75));
#12340=VECTOR('',#12341,1.);
#12341=DIRECTION('',(-1.,0.,0.));
#12342=CARTESIAN_POINT('',(-6.,11.55,-0.55));
#12343=CARTESIAN_POINT('',(-5.8,11.75,-0.75));
#12344=VECTOR('',#12345,1.);
#12345=DIRECTION('',(-0.577350269189627,-0.577350269189624,0.577350269189626));
#12346=CARTESIAN_POINT('',(-6.,11.55,0.05));
#12347=VECTOR('',#12348,1.);
#12348=DIRECTION('',(0.,0.,-1.));
#12349=CARTESIAN_POINT('',(-6.,10.95,-0.55));
#12350=CARTESIAN_POINT('',(-6.,11.55,-0.55));
#12351=VECTOR('',#12352,1.);
#12352=DIRECTION('',(0.,-1.,0.));
#12353=CARTESIAN_POINT('',(-6.,10.95,-0.550000000000001));
#12354=VECTOR('',#12355,1.);
#12355=DIRECTION('',(0.,2.96059473233375E-15,1.));
#12356=CARTESIAN_POINT('',(-5.8,10.75,-0.75));
#12357=VECTOR('',#12358,1.);
#12358=DIRECTION('',(-0.577350269189625,0.577350269189628,0.577350269189624));
#12359=CARTESIAN_POINT('',(-5.8,11.75,-0.75));
#12360=VECTOR('',#12361,1.);
#12361=DIRECTION('',(0.,-1.,0.));
#12362=CARTESIAN_POINT('',(-5.8,13.25,0.25));
#12363=CARTESIAN_POINT('',(-5.8,14.25,0.25));
#12364=CARTESIAN_POINT('',(-5.8,13.25,0.25));
#12365=VECTOR('',#12366,1.);
#12366=DIRECTION('',(0.,1.,2.77555756156289E-17));
#12367=CARTESIAN_POINT('',(0.,13.25,0.25));
#12368=CARTESIAN_POINT('',(0.,13.25,0.25));
#12369=VECTOR('',#12370,1.);
#12370=DIRECTION('',(-1.,0.,0.));
#12371=CARTESIAN_POINT('',(0.,14.25,0.25));
#12372=CARTESIAN_POINT('',(0.,13.25,0.25));
#12373=VECTOR('',#12374,1.);
#12374=DIRECTION('',(0.,1.,5.55111512312578E-17));
#12375=CARTESIAN_POINT('',(0.,14.25,0.25));
#12376=VECTOR('',#12377,1.);
#12377=DIRECTION('',(-1.,0.,0.));
#12378=CARTESIAN_POINT('',(-6.,14.05,0.05));
#12379=CARTESIAN_POINT('',(-5.8,14.25,0.25));
#12380=VECTOR('',#12381,1.);
#12381=DIRECTION('',(-0.577350269189627,-0.577350269189624,-0.577350269189626));
#12382=CARTESIAN_POINT('',(-6.,13.45,0.05));
#12383=CARTESIAN_POINT('',(-6.,13.45,0.0499999999999999));
#12384=VECTOR('',#12385,1.);
#12385=DIRECTION('',(0.,1.,4.62592926927147E-17));
#12386=CARTESIAN_POINT('',(-5.8,13.25,0.25));
#12387=VECTOR('',#12388,1.);
#12388=DIRECTION('',(-0.577350269189627,0.577350269189624,-0.577350269189626));
#12389=CARTESIAN_POINT('',(-5.8,13.25,-0.75));
#12390=CARTESIAN_POINT('',(-5.8,13.25,-0.75));
#12391=VECTOR('',#12392,1.);
#12392=DIRECTION('',(0.,0.,1.));
#12393=CARTESIAN_POINT('',(0.,13.25,-0.75));
#12394=CARTESIAN_POINT('',(0.,13.25,-0.75));
#12395=VECTOR('',#12396,1.);
#12396=DIRECTION('',(-1.,0.,0.));
#12397=CARTESIAN_POINT('',(0.,13.25,-0.75));
#12398=VECTOR('',#12399,1.);
#12399=DIRECTION('',(0.,0.,1.));
#12400=CARTESIAN_POINT('',(0.,14.25,-0.75));
#12401=CARTESIAN_POINT('',(0.,14.25,-0.75));
#12402=VECTOR('',#12403,1.);
#12403=DIRECTION('',(0.,-1.,-1.11022302462516E-16));
#12404=CARTESIAN_POINT('',(0.,14.25,0.25));
#12405=VECTOR('',#12406,1.);
#12406=DIRECTION('',(0.,0.,-1.));
#12407=CARTESIAN_POINT('',(-5.8,14.25,-0.75));
#12408=CARTESIAN_POINT('',(-5.8,14.25,0.25));
#12409=VECTOR('',#12410,1.);
#12410=DIRECTION('',(0.,0.,-1.));
#12411=CARTESIAN_POINT('',(0.,14.25,-0.75));
#12412=VECTOR('',#12413,1.);
#12413=DIRECTION('',(-1.,0.,0.));
#12414=CARTESIAN_POINT('',(-6.,14.05,-0.55));
#12415=CARTESIAN_POINT('',(-5.8,14.25,-0.75));
#12416=VECTOR('',#12417,1.);
#12417=DIRECTION('',(-0.577350269189627,-0.577350269189624,0.577350269189626));
#12418=CARTESIAN_POINT('',(-6.,14.05,0.05));
#12419=VECTOR('',#12420,1.);
#12420=DIRECTION('',(0.,0.,-1.));
#12421=CARTESIAN_POINT('',(-6.,13.45,-0.55));
#12422=CARTESIAN_POINT('',(-6.,14.05,-0.55));
#12423=VECTOR('',#12424,1.);
#12424=DIRECTION('',(0.,-1.,-1.8503717077086E-16));
#12425=CARTESIAN_POINT('',(-6.,13.45,-0.55));
#12426=VECTOR('',#12427,1.);
#12427=DIRECTION('',(0.,2.96059473233375E-15,1.));
#12428=CARTESIAN_POINT('',(-5.8,13.25,-0.75));
#12429=VECTOR('',#12430,1.);
#12430=DIRECTION('',(-0.577350269189625,0.577350269189628,0.577350269189625));
#12431=CARTESIAN_POINT('',(-5.8,14.25,-0.75));
#12432=VECTOR('',#12433,1.);
#12433=DIRECTION('',(0.,-1.,-1.11022302462516E-16));
#12434=CARTESIAN_POINT('',(-5.8,8.25,0.25));
#12435=CARTESIAN_POINT('',(-5.8,9.25,0.25));
#12436=CARTESIAN_POINT('',(-5.8,8.25,0.25));
#12437=VECTOR('',#12438,1.);
#12438=DIRECTION('',(0.,1.,5.55111512312578E-17));
#12439=CARTESIAN_POINT('',(0.,8.25,0.25));
#12440=CARTESIAN_POINT('',(0.,8.25,0.25));
#12441=VECTOR('',#12442,1.);
#12442=DIRECTION('',(-1.,0.,0.));
#12443=CARTESIAN_POINT('',(0.,9.25,0.25));
#12444=CARTESIAN_POINT('',(0.,8.25,0.25));
#12445=VECTOR('',#12446,1.);
#12446=DIRECTION('',(0.,1.,5.55111512312578E-17));
#12447=CARTESIAN_POINT('',(0.,9.25,0.25));
#12448=VECTOR('',#12449,1.);
#12449=DIRECTION('',(-1.,0.,0.));
#12450=CARTESIAN_POINT('',(-6.,9.05,0.0499999999999997));
#12451=CARTESIAN_POINT('',(-5.8,9.25,0.25));
#12452=VECTOR('',#12453,1.);
#12453=DIRECTION('',(-0.577350269189627,-0.577350269189624,-0.577350269189626));
#12454=CARTESIAN_POINT('',(-6.,8.45,0.0499999999999995));
#12455=CARTESIAN_POINT('',(-6.,8.45,0.0499999999999996));
#12456=VECTOR('',#12457,1.);
#12457=DIRECTION('',(0.,1.,6.93889390390721E-17));
#12458=CARTESIAN_POINT('',(-5.8,8.25,0.249999999999999));
#12459=VECTOR('',#12460,1.);
#12460=DIRECTION('',(-0.577350269189627,0.577350269189624,-0.577350269189626));
#12461=CARTESIAN_POINT('',(-5.8,8.25,-0.75));
#12462=CARTESIAN_POINT('',(-5.8,8.25,-0.75));
#12463=VECTOR('',#12464,1.);
#12464=DIRECTION('',(0.,0.,1.));
#12465=CARTESIAN_POINT('',(0.,8.25,-0.75));
#12466=CARTESIAN_POINT('',(0.,8.25,-0.75));
#12467=VECTOR('',#12468,1.);
#12468=DIRECTION('',(-1.,0.,0.));
#12469=CARTESIAN_POINT('',(0.,8.25,-0.75));
#12470=VECTOR('',#12471,1.);
#12471=DIRECTION('',(0.,0.,1.));
#12472=CARTESIAN_POINT('',(0.,9.25,-0.75));
#12473=CARTESIAN_POINT('',(0.,9.25,-0.75));
#12474=VECTOR('',#12475,1.);
#12475=DIRECTION('',(0.,-1.,0.));
#12476=CARTESIAN_POINT('',(0.,9.25,0.25));
#12477=VECTOR('',#12478,1.);
#12478=DIRECTION('',(0.,0.,-1.));
#12479=CARTESIAN_POINT('',(-5.8,9.25,-0.75));
#12480=CARTESIAN_POINT('',(-5.8,9.25,0.25));
#12481=VECTOR('',#12482,1.);
#12482=DIRECTION('',(0.,0.,-1.));
#12483=CARTESIAN_POINT('',(0.,9.25,-0.75));
#12484=VECTOR('',#12485,1.);
#12485=DIRECTION('',(-1.,0.,0.));
#12486=CARTESIAN_POINT('',(-6.,9.05,-0.55));
#12487=CARTESIAN_POINT('',(-5.8,9.25,-0.75));
#12488=VECTOR('',#12489,1.);
#12489=DIRECTION('',(-0.577350269189627,-0.577350269189624,0.577350269189627));
#12490=CARTESIAN_POINT('',(-6.,9.05,0.0499999999999998));
#12491=VECTOR('',#12492,1.);
#12492=DIRECTION('',(0.,0.,-1.));
#12493=CARTESIAN_POINT('',(-6.,8.45,-0.550000000000001));
#12494=CARTESIAN_POINT('',(-6.,9.05,-0.55));
#12495=VECTOR('',#12496,1.);
#12496=DIRECTION('',(0.,-1.,0.));
#12497=CARTESIAN_POINT('',(-6.,8.45,-0.550000000000001));
#12498=VECTOR('',#12499,1.);
#12499=DIRECTION('',(0.,0.,1.));
#12500=CARTESIAN_POINT('',(-5.8,8.25,-0.75));
#12501=VECTOR('',#12502,1.);
#12502=DIRECTION('',(-0.577350269189627,0.577350269189624,0.577350269189626));
#12503=CARTESIAN_POINT('',(-5.8,9.25,-0.75));
#12504=VECTOR('',#12505,1.);
#12505=DIRECTION('',(0.,-1.,0.));
#12506=CARTESIAN_POINT('',(-5.8,6.75,1.75));
#12507=CARTESIAN_POINT('',(-5.8,5.75,1.75));
#12508=CARTESIAN_POINT('',(-5.8,6.75,1.75));
#12509=VECTOR('',#12510,1.);
#12510=DIRECTION('',(0.,-1.,0.));
#12511=CARTESIAN_POINT('',(0.,6.75,1.75));
#12512=CARTESIAN_POINT('',(0.,6.75,1.75));
#12513=VECTOR('',#12514,1.);
#12514=DIRECTION('',(-1.,0.,0.));
#12515=CARTESIAN_POINT('',(0.,5.75,1.75));
#12516=CARTESIAN_POINT('',(0.,6.75,1.75));
#12517=VECTOR('',#12518,1.);
#12518=DIRECTION('',(0.,-1.,0.));
#12519=CARTESIAN_POINT('',(0.,5.75,1.75));
#12520=VECTOR('',#12521,1.);
#12521=DIRECTION('',(-1.,0.,0.));
#12522=CARTESIAN_POINT('',(-6.,5.95,1.95));
#12523=CARTESIAN_POINT('',(-5.8,5.75,1.75));
#12524=VECTOR('',#12525,1.);
#12525=DIRECTION('',(-0.577350269189626,0.577350269189626,0.577350269189625));
#12526=CARTESIAN_POINT('',(-6.,6.55,1.95));
#12527=CARTESIAN_POINT('',(-6.,6.55,1.95));
#12528=VECTOR('',#12529,1.);
#12529=DIRECTION('',(0.,-1.,-3.7007434154172E-16));
#12530=CARTESIAN_POINT('',(-5.8,6.75,1.75));
#12531=VECTOR('',#12532,1.);
#12532=DIRECTION('',(-0.577350269189625,-0.577350269189628,0.577350269189625));
#12533=CARTESIAN_POINT('',(-5.8,6.75,2.75));
#12534=CARTESIAN_POINT('',(-5.8,6.75,2.75));
#12535=VECTOR('',#12536,1.);
#12536=DIRECTION('',(0.,0.,-1.));
#12537=CARTESIAN_POINT('',(0.,6.75,2.75));
#12538=CARTESIAN_POINT('',(0.,6.75,2.75));
#12539=VECTOR('',#12540,1.);
#12540=DIRECTION('',(-1.,0.,0.));
#12541=CARTESIAN_POINT('',(0.,6.75,2.75));
#12542=VECTOR('',#12543,1.);
#12543=DIRECTION('',(0.,0.,-1.));
#12544=CARTESIAN_POINT('',(0.,5.75,2.75));
#12545=CARTESIAN_POINT('',(0.,5.75,2.75));
#12546=VECTOR('',#12547,1.);
#12547=DIRECTION('',(0.,1.,0.));
#12548=CARTESIAN_POINT('',(0.,5.75,1.75));
#12549=VECTOR('',#12550,1.);
#12550=DIRECTION('',(0.,0.,1.));
#12551=CARTESIAN_POINT('',(-5.8,5.75,2.75));
#12552=CARTESIAN_POINT('',(-5.8,5.75,1.75));
#12553=VECTOR('',#12554,1.);
#12554=DIRECTION('',(0.,0.,1.));
#12555=CARTESIAN_POINT('',(0.,5.75,2.75));
#12556=VECTOR('',#12557,1.);
#12557=DIRECTION('',(-1.,0.,0.));
#12558=CARTESIAN_POINT('',(-6.,5.95,2.55));
#12559=CARTESIAN_POINT('',(-5.8,5.75,2.75));
#12560=VECTOR('',#12561,1.);
#12561=DIRECTION('',(-0.577350269189625,0.577350269189628,-0.577350269189625));
#12562=CARTESIAN_POINT('',(-6.,5.95,1.95));
#12563=VECTOR('',#12564,1.);
#12564=DIRECTION('',(0.,0.,1.));
#12565=CARTESIAN_POINT('',(-6.,6.55,2.55));
#12566=CARTESIAN_POINT('',(-6.,5.95,2.55));
#12567=VECTOR('',#12568,1.);
#12568=DIRECTION('',(0.,1.,0.));
#12569=CARTESIAN_POINT('',(-6.,6.55,2.55));
#12570=VECTOR('',#12571,1.);
#12571=DIRECTION('',(0.,0.,-1.));
#12572=CARTESIAN_POINT('',(-5.8,6.75,2.75));
#12573=VECTOR('',#12574,1.);
#12574=DIRECTION('',(-0.577350269189625,-0.577350269189628,-0.577350269189625));
#12575=CARTESIAN_POINT('',(-5.8,5.75,2.75));
#12576=VECTOR('',#12577,1.);
#12577=DIRECTION('',(0.,1.,0.));
#12578=CARTESIAN_POINT('',(-5.8,9.25,1.75));
#12579=CARTESIAN_POINT('',(-5.8,8.25,1.75));
#12580=CARTESIAN_POINT('',(-5.8,9.25,1.75));
#12581=VECTOR('',#12582,1.);
#12582=DIRECTION('',(0.,-1.,-2.22044604925031E-16));
#12583=CARTESIAN_POINT('',(0.,9.25,1.75));
#12584=CARTESIAN_POINT('',(0.,9.25,1.75));
#12585=VECTOR('',#12586,1.);
#12586=DIRECTION('',(-1.,0.,0.));
#12587=CARTESIAN_POINT('',(0.,8.25,1.75));
#12588=CARTESIAN_POINT('',(0.,9.25,1.75));
#12589=VECTOR('',#12590,1.);
#12590=DIRECTION('',(0.,-1.,-2.22044604925031E-16));
#12591=CARTESIAN_POINT('',(0.,8.25,1.75));
#12592=VECTOR('',#12593,1.);
#12593=DIRECTION('',(-1.,0.,0.));
#12594=CARTESIAN_POINT('',(-6.,8.45,1.95));
#12595=CARTESIAN_POINT('',(-5.8,8.25,1.75));
#12596=VECTOR('',#12597,1.);
#12597=DIRECTION('',(-0.577350269189627,0.577350269189624,0.577350269189626));
#12598=CARTESIAN_POINT('',(-6.,9.05,1.95));
#12599=CARTESIAN_POINT('',(-6.,9.05,1.95));
#12600=VECTOR('',#12601,1.);
#12601=DIRECTION('',(0.,-1.,-3.70074341541718E-16));
#12602=CARTESIAN_POINT('',(-5.8,9.25,1.75));
#12603=VECTOR('',#12604,1.);
#12604=DIRECTION('',(-0.577350269189627,-0.577350269189624,0.577350269189626));
#12605=CARTESIAN_POINT('',(-5.8,9.25,2.75));
#12606=CARTESIAN_POINT('',(-5.8,9.25,2.75));
#12607=VECTOR('',#12608,1.);
#12608=DIRECTION('',(8.88178419700125E-16,0.,-1.));
#12609=CARTESIAN_POINT('',(0.,9.25,2.75));
#12610=CARTESIAN_POINT('',(0.,9.25,2.75));
#12611=VECTOR('',#12612,1.);
#12612=DIRECTION('',(-1.,0.,0.));
#12613=CARTESIAN_POINT('',(0.,9.25,2.75));
#12614=VECTOR('',#12615,1.);
#12615=DIRECTION('',(0.,0.,-1.));
#12616=CARTESIAN_POINT('',(0.,8.25,2.75));
#12617=CARTESIAN_POINT('',(0.,8.25,2.75));
#12618=VECTOR('',#12619,1.);
#12619=DIRECTION('',(0.,1.,0.));
#12620=CARTESIAN_POINT('',(0.,8.25,1.75));
#12621=VECTOR('',#12622,1.);
#12622=DIRECTION('',(0.,0.,1.));
#12623=CARTESIAN_POINT('',(-5.8,8.25,2.75));
#12624=CARTESIAN_POINT('',(-5.8,8.25,1.75));
#12625=VECTOR('',#12626,1.);
#12626=DIRECTION('',(0.,0.,1.));
#12627=CARTESIAN_POINT('',(0.,8.25,2.75));
#12628=VECTOR('',#12629,1.);
#12629=DIRECTION('',(-1.,0.,0.));
#12630=CARTESIAN_POINT('',(-6.,8.45,2.55));
#12631=CARTESIAN_POINT('',(-5.8,8.25,2.75));
#12632=VECTOR('',#12633,1.);
#12633=DIRECTION('',(-0.577350269189627,0.577350269189624,-0.577350269189627));
#12634=CARTESIAN_POINT('',(-6.,8.45,1.95));
#12635=VECTOR('',#12636,1.);
#12636=DIRECTION('',(0.,0.,1.));
#12637=CARTESIAN_POINT('',(-6.,9.05,2.55));
#12638=CARTESIAN_POINT('',(-6.,8.45,2.55));
#12639=VECTOR('',#12640,1.);
#12640=DIRECTION('',(0.,1.,0.));
#12641=CARTESIAN_POINT('',(-6.,9.05,2.55));
#12642=VECTOR('',#12643,1.);
#12643=DIRECTION('',(0.,0.,-1.));
#12644=CARTESIAN_POINT('',(-5.8,9.25,2.75));
#12645=VECTOR('',#12646,1.);
#12646=DIRECTION('',(-0.577350269189627,-0.577350269189624,-0.577350269189626));
#12647=CARTESIAN_POINT('',(-5.8,8.25,2.75));
#12648=VECTOR('',#12649,1.);
#12649=DIRECTION('',(0.,1.,0.));
#12650=CARTESIAN_POINT('',(-5.8,5.75,0.249999999999999));
#12651=CARTESIAN_POINT('',(-5.8,6.75,0.25));
#12652=CARTESIAN_POINT('',(-5.8,5.75,0.249999999999999));
#12653=VECTOR('',#12654,1.);
#12654=DIRECTION('',(0.,1.,5.55111512312578E-17));
#12655=CARTESIAN_POINT('',(0.,5.75,0.249999999999999));
#12656=CARTESIAN_POINT('',(0.,5.75,0.249999999999999));
#12657=VECTOR('',#12658,1.);
#12658=DIRECTION('',(-1.,0.,0.));
#12659=CARTESIAN_POINT('',(0.,6.75,0.25));
#12660=CARTESIAN_POINT('',(0.,5.75,0.249999999999999));
#12661=VECTOR('',#12662,1.);
#12662=DIRECTION('',(0.,1.,5.55111512312578E-17));
#12663=CARTESIAN_POINT('',(0.,6.75,0.25));
#12664=VECTOR('',#12665,1.);
#12665=DIRECTION('',(-1.,0.,0.));
#12666=CARTESIAN_POINT('',(-6.,6.55,0.0499999999999995));
#12667=CARTESIAN_POINT('',(-5.8,6.75,0.25));
#12668=VECTOR('',#12669,1.);
#12669=DIRECTION('',(-0.577350269189625,-0.577350269189628,-0.577350269189625));
#12670=CARTESIAN_POINT('',(-6.,5.95,0.0499999999999995));
#12671=CARTESIAN_POINT('',(-6.,5.95,0.0499999999999995));
#12672=VECTOR('',#12673,1.);
#12673=DIRECTION('',(0.,1.,6.93889390390725E-17));
#12674=CARTESIAN_POINT('',(-5.8,5.75,0.25));
#12675=VECTOR('',#12676,1.);
#12676=DIRECTION('',(-0.577350269189625,0.577350269189628,-0.577350269189624));
#12677=CARTESIAN_POINT('',(-5.8,5.75,-0.750000000000001));
#12678=CARTESIAN_POINT('',(-5.8,5.75,-0.750000000000001));
#12679=VECTOR('',#12680,1.);
#12680=DIRECTION('',(0.,0.,1.));
#12681=CARTESIAN_POINT('',(0.,5.75,-0.750000000000001));
#12682=CARTESIAN_POINT('',(0.,5.75,-0.750000000000001));
#12683=VECTOR('',#12684,1.);
#12684=DIRECTION('',(-1.,0.,0.));
#12685=CARTESIAN_POINT('',(0.,5.75,-0.750000000000001));
#12686=VECTOR('',#12687,1.);
#12687=DIRECTION('',(0.,0.,1.));
#12688=CARTESIAN_POINT('',(0.,6.75,-0.75));
#12689=CARTESIAN_POINT('',(0.,6.75,-0.75));
#12690=VECTOR('',#12691,1.);
#12691=DIRECTION('',(0.,-1.,-1.11022302462516E-16));
#12692=CARTESIAN_POINT('',(0.,6.75,0.25));
#12693=VECTOR('',#12694,1.);
#12694=DIRECTION('',(0.,0.,-1.));
#12695=CARTESIAN_POINT('',(-5.8,6.75,-0.75));
#12696=CARTESIAN_POINT('',(-5.8,6.75,0.25));
#12697=VECTOR('',#12698,1.);
#12698=DIRECTION('',(0.,0.,-1.));
#12699=CARTESIAN_POINT('',(0.,6.75,-0.75));
#12700=VECTOR('',#12701,1.);
#12701=DIRECTION('',(-1.,0.,0.));
#12702=CARTESIAN_POINT('',(-6.,6.55,-0.55));
#12703=CARTESIAN_POINT('',(-5.8,6.75,-0.75));
#12704=VECTOR('',#12705,1.);
#12705=DIRECTION('',(-0.577350269189625,-0.577350269189628,0.577350269189624));
#12706=CARTESIAN_POINT('',(-6.,6.55,0.0499999999999995));
#12707=VECTOR('',#12708,1.);
#12708=DIRECTION('',(0.,0.,-1.));
#12709=CARTESIAN_POINT('',(-6.,5.95,-0.55));
#12710=CARTESIAN_POINT('',(-6.,6.55,-0.55));
#12711=VECTOR('',#12712,1.);
#12712=DIRECTION('',(0.,-1.,-1.8503717077086E-16));
#12713=CARTESIAN_POINT('',(-6.,5.95,-0.55));
#12714=VECTOR('',#12715,1.);
#12715=DIRECTION('',(0.,0.,1.));
#12716=CARTESIAN_POINT('',(-5.8,5.75,-0.750000000000001));
#12717=VECTOR('',#12718,1.);
#12718=DIRECTION('',(-0.577350269189626,0.577350269189626,0.577350269189626));
#12719=CARTESIAN_POINT('',(-5.8,6.75,-0.75));
#12720=VECTOR('',#12721,1.);
#12721=DIRECTION('',(0.,-1.,-1.11022302462516E-16));
#12722=CARTESIAN_POINT('',(-5.8,4.25,1.75));
#12723=CARTESIAN_POINT('',(-5.8,3.25,1.75));
#12724=CARTESIAN_POINT('',(-5.8,4.25,1.75));
#12725=VECTOR('',#12726,1.);
#12726=DIRECTION('',(0.,-1.,0.));
#12727=CARTESIAN_POINT('',(0.,4.25,1.75));
#12728=CARTESIAN_POINT('',(0.,4.25,1.75));
#12729=VECTOR('',#12730,1.);
#12730=DIRECTION('',(-1.,0.,0.));
#12731=CARTESIAN_POINT('',(0.,3.25,1.75));
#12732=CARTESIAN_POINT('',(0.,4.25,1.75));
#12733=VECTOR('',#12734,1.);
#12734=DIRECTION('',(0.,-1.,0.));
#12735=CARTESIAN_POINT('',(0.,3.25,1.75));
#12736=VECTOR('',#12737,1.);
#12737=DIRECTION('',(-1.,0.,0.));
#12738=CARTESIAN_POINT('',(-6.,3.45,1.95));
#12739=CARTESIAN_POINT('',(-5.8,3.25,1.75));
#12740=VECTOR('',#12741,1.);
#12741=DIRECTION('',(-0.577350269189627,0.577350269189625,0.577350269189625));
#12742=CARTESIAN_POINT('',(-6.,4.05,1.95));
#12743=CARTESIAN_POINT('',(-6.,4.05,1.95));
#12744=VECTOR('',#12745,1.);
#12745=DIRECTION('',(0.,-1.,0.));
#12746=CARTESIAN_POINT('',(-5.8,4.25,1.75));
#12747=VECTOR('',#12748,1.);
#12748=DIRECTION('',(-0.577350269189624,-0.577350269189629,0.577350269189625));
#12749=CARTESIAN_POINT('',(-5.8,4.25,2.75));
#12750=CARTESIAN_POINT('',(-5.8,4.25,2.75));
#12751=VECTOR('',#12752,1.);
#12752=DIRECTION('',(0.,0.,-1.));
#12753=CARTESIAN_POINT('',(0.,4.25,2.75));
#12754=CARTESIAN_POINT('',(0.,4.25,2.75));
#12755=VECTOR('',#12756,1.);
#12756=DIRECTION('',(-1.,0.,0.));
#12757=CARTESIAN_POINT('',(0.,4.25,2.75));
#12758=VECTOR('',#12759,1.);
#12759=DIRECTION('',(0.,0.,-1.));
#12760=CARTESIAN_POINT('',(0.,3.25,2.75));
#12761=CARTESIAN_POINT('',(0.,3.25,2.75));
#12762=VECTOR('',#12763,1.);
#12763=DIRECTION('',(0.,1.,4.44089209850063E-16));
#12764=CARTESIAN_POINT('',(0.,3.25,1.75));
#12765=VECTOR('',#12766,1.);
#12766=DIRECTION('',(0.,0.,1.));
#12767=CARTESIAN_POINT('',(-5.8,3.25,2.75));
#12768=CARTESIAN_POINT('',(-5.8,3.25,1.75));
#12769=VECTOR('',#12770,1.);
#12770=DIRECTION('',(8.88178419700126E-16,0.,1.));
#12771=CARTESIAN_POINT('',(0.,3.25,2.75));
#12772=VECTOR('',#12773,1.);
#12773=DIRECTION('',(-1.,0.,0.));
#12774=CARTESIAN_POINT('',(-6.,3.45,2.55));
#12775=CARTESIAN_POINT('',(-5.8,3.25,2.75));
#12776=VECTOR('',#12777,1.);
#12777=DIRECTION('',(-0.577350269189624,0.577350269189627,-0.577350269189627));
#12778=CARTESIAN_POINT('',(-6.,3.45,1.95));
#12779=VECTOR('',#12780,1.);
#12780=DIRECTION('',(0.,-7.40148683083438E-16,1.));
#12781=CARTESIAN_POINT('',(-6.,4.05,2.55));
#12782=CARTESIAN_POINT('',(-6.,3.45,2.55));
#12783=VECTOR('',#12784,1.);
#12784=DIRECTION('',(0.,1.,7.40148683083438E-16));
#12785=CARTESIAN_POINT('',(-6.,4.05,2.55));
#12786=VECTOR('',#12787,1.);
#12787=DIRECTION('',(0.,0.,-1.));
#12788=CARTESIAN_POINT('',(-5.8,4.25,2.75));
#12789=VECTOR('',#12790,1.);
#12790=DIRECTION('',(-0.577350269189624,-0.577350269189627,-0.577350269189627));
#12791=CARTESIAN_POINT('',(-5.8,3.25,2.75));
#12792=VECTOR('',#12793,1.);
#12793=DIRECTION('',(8.88178419700125E-16,1.,4.44089209850063E-16));
#12794=CARTESIAN_POINT('',(-5.8,1.75,1.75));
#12795=CARTESIAN_POINT('',(-5.8,0.75,1.75));
#12796=CARTESIAN_POINT('',(-5.8,1.75,1.75));
#12797=VECTOR('',#12798,1.);
#12798=DIRECTION('',(8.88178419700125E-16,-1.,0.));
#12799=CARTESIAN_POINT('',(0.,1.75,1.75));
#12800=CARTESIAN_POINT('',(0.,1.75,1.75));
#12801=VECTOR('',#12802,1.);
#12802=DIRECTION('',(-1.,0.,0.));
#12803=CARTESIAN_POINT('',(0.,0.75,1.75));
#12804=CARTESIAN_POINT('',(0.,1.75,1.75));
#12805=VECTOR('',#12806,1.);
#12806=DIRECTION('',(0.,-1.,0.));
#12807=CARTESIAN_POINT('',(0.,0.75,1.75));
#12808=VECTOR('',#12809,1.);
#12809=DIRECTION('',(-1.,0.,0.));
#12810=CARTESIAN_POINT('',(-6.,0.95,1.95));
#12811=CARTESIAN_POINT('',(-5.8,0.75,1.75));
#12812=VECTOR('',#12813,1.);
#12813=DIRECTION('',(-0.577350269189626,0.577350269189625,0.577350269189626));
#12814=CARTESIAN_POINT('',(-6.,1.55,1.95));
#12815=CARTESIAN_POINT('',(-6.,1.55,1.95));
#12816=VECTOR('',#12817,1.);
#12817=DIRECTION('',(0.,-1.,0.));
#12818=CARTESIAN_POINT('',(-5.8,1.75,1.75));
#12819=VECTOR('',#12820,1.);
#12820=DIRECTION('',(-0.577350269189624,-0.577350269189627,0.577350269189627));
#12821=CARTESIAN_POINT('',(-5.8,1.75,2.75));
#12822=CARTESIAN_POINT('',(-5.8,1.75,2.75));
#12823=VECTOR('',#12824,1.);
#12824=DIRECTION('',(8.88178419700125E-16,2.22044604925031E-16,-1.));
#12825=CARTESIAN_POINT('',(0.,1.75,2.75));
#12826=CARTESIAN_POINT('',(0.,1.75,2.75));
#12827=VECTOR('',#12828,1.);
#12828=DIRECTION('',(-1.,0.,0.));
#12829=CARTESIAN_POINT('',(0.,1.75,2.75));
#12830=VECTOR('',#12831,1.);
#12831=DIRECTION('',(0.,2.22044604925031E-16,-1.));
#12832=CARTESIAN_POINT('',(0.,0.75,2.75));
#12833=CARTESIAN_POINT('',(0.,0.75,2.75));
#12834=VECTOR('',#12835,1.);
#12835=DIRECTION('',(0.,1.,0.));
#12836=CARTESIAN_POINT('',(0.,0.75,1.75));
#12837=VECTOR('',#12838,1.);
#12838=DIRECTION('',(0.,-1.11022302462516E-16,1.));
#12839=CARTESIAN_POINT('',(-5.8,0.75,2.75));
#12840=CARTESIAN_POINT('',(-5.8,0.75,1.75));
#12841=VECTOR('',#12842,1.);
#12842=DIRECTION('',(0.,-1.11022302462516E-16,1.));
#12843=CARTESIAN_POINT('',(0.,0.75,2.75));
#12844=VECTOR('',#12845,1.);
#12845=DIRECTION('',(-1.,0.,0.));
#12846=CARTESIAN_POINT('',(-6.,0.95,2.55));
#12847=CARTESIAN_POINT('',(-5.8,0.75,2.75));
#12848=VECTOR('',#12849,1.);
#12849=DIRECTION('',(-0.577350269189626,0.577350269189625,-0.577350269189626));
#12850=CARTESIAN_POINT('',(-6.,0.95,1.95));
#12851=VECTOR('',#12852,1.);
#12852=DIRECTION('',(0.,-3.70074341541719E-16,1.));
#12853=CARTESIAN_POINT('',(-6.,1.55,2.55));
#12854=CARTESIAN_POINT('',(-6.,0.95,2.55));
#12855=VECTOR('',#12856,1.);
#12856=DIRECTION('',(0.,1.,0.));
#12857=CARTESIAN_POINT('',(-6.,1.55,2.55));
#12858=VECTOR('',#12859,1.);
#12859=DIRECTION('',(0.,0.,-1.));
#12860=CARTESIAN_POINT('',(-5.8,1.75,2.75));
#12861=VECTOR('',#12862,1.);
#12862=DIRECTION('',(-0.577350269189624,-0.577350269189625,-0.577350269189628));
#12863=CARTESIAN_POINT('',(-5.8,0.75,2.75));
#12864=VECTOR('',#12865,1.);
#12865=DIRECTION('',(0.,1.,0.));
#12866=CARTESIAN_POINT('',(-5.8,3.25,0.249999999999999));
#12867=CARTESIAN_POINT('',(-5.8,4.25,0.249999999999999));
#12868=CARTESIAN_POINT('',(-5.8,3.25,0.249999999999999));
#12869=VECTOR('',#12870,1.);
#12870=DIRECTION('',(0.,1.,5.55111512312578E-17));
#12871=CARTESIAN_POINT('',(0.,3.25,0.249999999999999));
#12872=CARTESIAN_POINT('',(0.,3.25,0.249999999999999));
#12873=VECTOR('',#12874,1.);
#12874=DIRECTION('',(-1.,0.,0.));
#12875=CARTESIAN_POINT('',(0.,4.25,0.249999999999999));
#12876=CARTESIAN_POINT('',(0.,3.25,0.249999999999999));
#12877=VECTOR('',#12878,1.);
#12878=DIRECTION('',(0.,1.,5.55111512312578E-17));
#12879=CARTESIAN_POINT('',(0.,4.25,0.249999999999999));
#12880=VECTOR('',#12881,1.);
#12881=DIRECTION('',(-1.,0.,0.));
#12882=CARTESIAN_POINT('',(-6.,4.05,0.0499999999999994));
#12883=CARTESIAN_POINT('',(-5.8,4.25,0.249999999999999));
#12884=VECTOR('',#12885,1.);
#12885=DIRECTION('',(-0.577350269189626,-0.577350269189626,-0.577350269189625));
#12886=CARTESIAN_POINT('',(-6.,3.45,0.0499999999999993));
#12887=CARTESIAN_POINT('',(-6.,3.45,0.0499999999999993));
#12888=VECTOR('',#12889,1.);
#12889=DIRECTION('',(0.,1.,8.09537622122511E-17));
#12890=CARTESIAN_POINT('',(-5.8,3.25,0.249999999999999));
#12891=VECTOR('',#12892,1.);
#12892=DIRECTION('',(-0.577350269189625,0.577350269189627,-0.577350269189625));
#12893=CARTESIAN_POINT('',(-5.8,3.25,-0.750000000000001));
#12894=CARTESIAN_POINT('',(-5.8,3.25,-0.750000000000001));
#12895=VECTOR('',#12896,1.);
#12896=DIRECTION('',(0.,0.,1.));
#12897=CARTESIAN_POINT('',(0.,3.25,-0.750000000000001));
#12898=CARTESIAN_POINT('',(0.,3.25,-0.750000000000001));
#12899=VECTOR('',#12900,1.);
#12900=DIRECTION('',(-1.,0.,0.));
#12901=CARTESIAN_POINT('',(0.,3.25,-0.750000000000001));
#12902=VECTOR('',#12903,1.);
#12903=DIRECTION('',(0.,0.,1.));
#12904=CARTESIAN_POINT('',(0.,4.25,-0.750000000000001));
#12905=CARTESIAN_POINT('',(0.,4.25,-0.750000000000001));
#12906=VECTOR('',#12907,1.);
#12907=DIRECTION('',(0.,-1.,0.));
#12908=CARTESIAN_POINT('',(0.,4.25,0.249999999999999));
#12909=VECTOR('',#12910,1.);
#12910=DIRECTION('',(0.,0.,-1.));
#12911=CARTESIAN_POINT('',(-5.8,4.25,-0.750000000000001));
#12912=CARTESIAN_POINT('',(-5.8,4.25,0.249999999999999));
#12913=VECTOR('',#12914,1.);
#12914=DIRECTION('',(0.,0.,-1.));
#12915=CARTESIAN_POINT('',(0.,4.25,-0.750000000000001));
#12916=VECTOR('',#12917,1.);
#12917=DIRECTION('',(-1.,0.,0.));
#12918=CARTESIAN_POINT('',(-6.,4.05,-0.550000000000001));
#12919=CARTESIAN_POINT('',(-5.8,4.25,-0.750000000000001));
#12920=VECTOR('',#12921,1.);
#12921=DIRECTION('',(-0.577350269189625,-0.577350269189628,0.577350269189624));
#12922=CARTESIAN_POINT('',(-6.,4.05,0.0499999999999993));
#12923=VECTOR('',#12924,1.);
#12924=DIRECTION('',(0.,0.,-1.));
#12925=CARTESIAN_POINT('',(-6.,3.45,-0.550000000000001));
#12926=CARTESIAN_POINT('',(-6.,4.05,-0.550000000000001));
#12927=VECTOR('',#12928,1.);
#12928=DIRECTION('',(0.,-1.,0.));
#12929=CARTESIAN_POINT('',(-6.,3.45,-0.550000000000001));
#12930=VECTOR('',#12931,1.);
#12931=DIRECTION('',(0.,-7.40148683083438E-16,1.));
#12932=CARTESIAN_POINT('',(-5.8,3.25,-0.750000000000001));
#12933=VECTOR('',#12934,1.);
#12934=DIRECTION('',(-0.577350269189626,0.577350269189626,0.577350269189625));
#12935=CARTESIAN_POINT('',(-5.8,4.25,-0.750000000000001));
#12936=VECTOR('',#12937,1.);
#12937=DIRECTION('',(0.,-1.,0.));
#12938=CARTESIAN_POINT('',(-5.8,0.75,0.249999999999999));
#12939=CARTESIAN_POINT('',(-5.8,1.75,0.249999999999999));
#12940=CARTESIAN_POINT('',(-5.8,0.75,0.249999999999999));
#12941=VECTOR('',#12942,1.);
#12942=DIRECTION('',(0.,1.,5.55111512312578E-17));
#12943=CARTESIAN_POINT('',(0.,0.75,0.249999999999999));
#12944=CARTESIAN_POINT('',(0.,0.75,0.249999999999999));
#12945=VECTOR('',#12946,1.);
#12946=DIRECTION('',(-1.,0.,0.));
#12947=CARTESIAN_POINT('',(0.,1.75,0.249999999999999));
#12948=CARTESIAN_POINT('',(0.,0.75,0.249999999999999));
#12949=VECTOR('',#12950,1.);
#12950=DIRECTION('',(0.,1.,5.55111512312578E-17));
#12951=CARTESIAN_POINT('',(0.,1.75,0.249999999999999));
#12952=VECTOR('',#12953,1.);
#12953=DIRECTION('',(-1.,0.,0.));
#12954=CARTESIAN_POINT('',(-6.,1.55,0.0499999999999992));
#12955=CARTESIAN_POINT('',(-5.8,1.75,0.249999999999999));
#12956=VECTOR('',#12957,1.);
#12957=DIRECTION('',(-0.577350269189626,-0.577350269189625,-0.577350269189626));
#12958=CARTESIAN_POINT('',(-6.,0.95,0.0499999999999992));
#12959=CARTESIAN_POINT('',(-6.,0.95,0.0499999999999992));
#12960=VECTOR('',#12961,1.);
#12961=DIRECTION('',(0.,1.,8.0953762212251E-17));
#12962=CARTESIAN_POINT('',(-5.8,0.75,0.249999999999999));
#12963=VECTOR('',#12964,1.);
#12964=DIRECTION('',(-0.577350269189626,0.577350269189626,-0.577350269189625));
#12965=CARTESIAN_POINT('',(-5.8,0.75,-0.750000000000001));
#12966=CARTESIAN_POINT('',(-5.8,0.75,-0.750000000000001));
#12967=VECTOR('',#12968,1.);
#12968=DIRECTION('',(0.,0.,1.));
#12969=CARTESIAN_POINT('',(0.,0.75,-0.750000000000001));
#12970=CARTESIAN_POINT('',(0.,0.75,-0.750000000000001));
#12971=VECTOR('',#12972,1.);
#12972=DIRECTION('',(-1.,0.,0.));
#12973=CARTESIAN_POINT('',(0.,0.75,-0.750000000000001));
#12974=VECTOR('',#12975,1.);
#12975=DIRECTION('',(0.,0.,1.));
#12976=CARTESIAN_POINT('',(0.,1.75,-0.750000000000001));
#12977=CARTESIAN_POINT('',(0.,1.75,-0.750000000000001));
#12978=VECTOR('',#12979,1.);
#12979=DIRECTION('',(0.,-1.,-1.11022302462516E-16));
#12980=CARTESIAN_POINT('',(0.,1.75,0.249999999999999));
#12981=VECTOR('',#12982,1.);
#12982=DIRECTION('',(0.,0.,-1.));
#12983=CARTESIAN_POINT('',(-5.8,1.75,-0.750000000000001));
#12984=CARTESIAN_POINT('',(-5.8,1.75,0.249999999999999));
#12985=VECTOR('',#12986,1.);
#12986=DIRECTION('',(0.,0.,-1.));
#12987=CARTESIAN_POINT('',(0.,1.75,-0.750000000000001));
#12988=VECTOR('',#12989,1.);
#12989=DIRECTION('',(-1.,0.,0.));
#12990=CARTESIAN_POINT('',(-6.,1.55,-0.550000000000001));
#12991=CARTESIAN_POINT('',(-5.8,1.75,-0.750000000000001));
#12992=VECTOR('',#12993,1.);
#12993=DIRECTION('',(-0.577350269189626,-0.577350269189626,0.577350269189625));
#12994=CARTESIAN_POINT('',(-6.,1.55,0.0499999999999991));
#12995=VECTOR('',#12996,1.);
#12996=DIRECTION('',(0.,0.,-1.));
#12997=CARTESIAN_POINT('',(-6.,0.95,-0.550000000000001));
#12998=CARTESIAN_POINT('',(-6.,1.55,-0.550000000000001));
#12999=VECTOR('',#13000,1.);
#13000=DIRECTION('',(0.,-1.,-1.85037170770859E-16));
#13001=CARTESIAN_POINT('',(-6.,0.95,-0.550000000000001));
#13002=VECTOR('',#13003,1.);
#13003=DIRECTION('',(0.,0.,1.));
#13004=CARTESIAN_POINT('',(-5.8,0.75,-0.750000000000001));
#13005=VECTOR('',#13006,1.);
#13006=DIRECTION('',(-0.577350269189627,0.577350269189625,0.577350269189626));
#13007=CARTESIAN_POINT('',(-5.8,1.75,-0.750000000000001));
#13008=VECTOR('',#13009,1.);
#13009=DIRECTION('',(0.,-1.,-1.11022302462516E-16));
#13010=CARTESIAN_POINT('',(24.5,12.5,3.5));
#13011=CARTESIAN_POINT('',(27.5,12.5,3.5));
#13012=AXIS2_PLACEMENT_3D('',#13013,#13014,#13015);
#13013=CARTESIAN_POINT('',(26.,12.5,3.5));
#13014=DIRECTION('',(0.,0.,1.));
#13015=DIRECTION('',(-1.,0.,0.));
#13016=AXIS2_PLACEMENT_3D('',#13017,#13018,#13019);
#13017=CARTESIAN_POINT('',(26.,12.5,3.5));
#13018=DIRECTION('',(0.,0.,1.));
#13019=DIRECTION('',(1.,0.,0.));
#13020=CARTESIAN_POINT('',(27.5,12.5,2.));
#13021=AXIS2_PLACEMENT_3D('',#13022,#13023,#13024);
#13022=CARTESIAN_POINT('',(26.,12.5,2.));
#13023=DIRECTION('',(0.,0.,1.));
#13024=DIRECTION('',(1.,0.,0.));
#13025=CARTESIAN_POINT('',(28.5,12.25,3.5));
#13026=CARTESIAN_POINT('',(30.5,12.25,3.5));
#13027=CARTESIAN_POINT('',(28.5,12.25,3.5));
#13028=VECTOR('',#13029,1.);
#13029=DIRECTION('',(1.,0.,0.));
#13030=CARTESIAN_POINT('',(28.5,10.5,3.5));
#13031=CARTESIAN_POINT('',(28.5,10.5,3.5));
#13032=VECTOR('',#13033,1.);
#13033=DIRECTION('',(0.,1.,0.));
#13034=CARTESIAN_POINT('',(24.5,10.5,3.5));
#13035=CARTESIAN_POINT('',(24.5,10.5,3.5));
#13036=VECTOR('',#13037,1.);
#13037=DIRECTION('',(1.,0.,0.));
#13038=CARTESIAN_POINT('',(24.5,12.5,3.5));
#13039=VECTOR('',#13040,1.);
#13040=DIRECTION('',(0.,-1.,0.));
#13041=CARTESIAN_POINT('',(24.5,14.5,3.5));
#13042=CARTESIAN_POINT('',(24.5,14.5,3.5));
#13043=VECTOR('',#13044,1.);
#13044=DIRECTION('',(0.,-1.,0.));
#13045=CARTESIAN_POINT('',(28.5,14.5,3.5));
#13046=CARTESIAN_POINT('',(28.5,14.5,3.5));
#13047=VECTOR('',#13048,1.);
#13048=DIRECTION('',(-1.,0.,0.));
#13049=CARTESIAN_POINT('',(28.5,12.75,3.5));
#13050=CARTESIAN_POINT('',(28.5,12.75,3.5));
#13051=VECTOR('',#13052,1.);
#13052=DIRECTION('',(0.,1.,0.));
#13053=CARTESIAN_POINT('',(30.5,12.75,3.5));
#13054=CARTESIAN_POINT('',(30.5,12.75,3.5));
#13055=VECTOR('',#13056,1.);
#13056=DIRECTION('',(-1.,0.,0.));
#13057=CARTESIAN_POINT('',(30.5,12.25,3.5));
#13058=VECTOR('',#13059,1.);
#13059=DIRECTION('',(0.,1.,0.));
#13060=CARTESIAN_POINT('',(24.5,14.5,4.5));
#13061=CARTESIAN_POINT('',(24.5,10.5,4.5));
#13062=CARTESIAN_POINT('',(24.5,14.5,4.5));
#13063=VECTOR('',#13064,1.);
#13064=DIRECTION('',(0.,-1.,0.));
#13065=CARTESIAN_POINT('',(24.5,14.5,3.5));
#13066=VECTOR('',#13067,1.);
#13067=DIRECTION('',(0.,0.,1.));
#13068=CARTESIAN_POINT('',(24.5,10.5,3.5));
#13069=VECTOR('',#13070,1.);
#13070=DIRECTION('',(0.,0.,1.));
#13071=CARTESIAN_POINT('',(28.5,14.5,4.5));
#13072=CARTESIAN_POINT('',(28.5,14.5,4.5));
#13073=VECTOR('',#13074,1.);
#13074=DIRECTION('',(-1.,0.,0.));
#13075=CARTESIAN_POINT('',(28.5,14.5,3.5));
#13076=VECTOR('',#13077,1.);
#13077=DIRECTION('',(0.,0.,1.));
#13078=CARTESIAN_POINT('',(28.5,13.5,4.25));
#13079=CARTESIAN_POINT('',(28.5,13.5,4.75));
#13080=CARTESIAN_POINT('',(28.5,13.5,4.25));
#13081=VECTOR('',#13082,1.);
#13082=DIRECTION('',(0.,0.,1.));
#13083=AXIS2_PLACEMENT_3D('',#13084,#13085,#13086);
#13084=CARTESIAN_POINT('',(28.5,12.75,4.25));
#13085=DIRECTION('',(-1.,0.,0.));
#13086=DIRECTION('',(0.,1.,0.));
#13087=CARTESIAN_POINT('',(28.5,13.5,5.5));
#13088=AXIS2_PLACEMENT_3D('',#13089,#13090,#13091);
#13089=CARTESIAN_POINT('',(28.5,13.5,4.5));
#13090=DIRECTION('',(1.,0.,0.));
#13091=DIRECTION('',(0.,1.,0.));
#13092=CARTESIAN_POINT('',(28.5,12.75,5.5));
#13093=CARTESIAN_POINT('',(28.5,12.75,5.5));
#13094=VECTOR('',#13095,1.);
#13095=DIRECTION('',(0.,1.,0.));
#13096=AXIS2_PLACEMENT_3D('',#13097,#13098,#13099);
#13097=CARTESIAN_POINT('',(28.5,12.75,4.75));
#13098=DIRECTION('',(-1.,0.,0.));
#13099=DIRECTION('',(0.,0.,1.));
#13100=CARTESIAN_POINT('',(30.5,13.5,4.75));
#13101=CARTESIAN_POINT('',(30.5,13.5,4.75));
#13102=VECTOR('',#13103,1.);
#13103=DIRECTION('',(-1.,0.,0.));
#13104=CARTESIAN_POINT('',(30.5,13.5,4.25));
#13105=CARTESIAN_POINT('',(30.5,13.5,4.25));
#13106=VECTOR('',#13107,1.);
#13107=DIRECTION('',(0.,0.,1.));
#13108=CARTESIAN_POINT('',(30.5,13.5,4.25));
#13109=VECTOR('',#13110,1.);
#13110=DIRECTION('',(-1.,0.,0.));
#13111=CARTESIAN_POINT('',(30.5,11.5,4.75));
#13112=CARTESIAN_POINT('',(30.5,12.25,5.5));
#13113=AXIS2_PLACEMENT_3D('',#13114,#13115,#13116);
#13114=CARTESIAN_POINT('',(30.5,12.25,4.75));
#13115=DIRECTION('',(1.,0.,0.));
#13116=DIRECTION('',(0.,0.,1.));
#13117=CARTESIAN_POINT('',(30.5,11.5,4.25));
#13118=CARTESIAN_POINT('',(30.5,11.5,4.25));
#13119=VECTOR('',#13120,1.);
#13120=DIRECTION('',(0.,0.,1.));
#13121=AXIS2_PLACEMENT_3D('',#13122,#13123,#13124);
#13122=CARTESIAN_POINT('',(30.5,12.25,4.25));
#13123=DIRECTION('',(1.,0.,0.));
#13124=DIRECTION('',(0.,-1.,0.));
#13125=AXIS2_PLACEMENT_3D('',#13126,#13127,#13128);
#13126=CARTESIAN_POINT('',(30.5,12.75,4.25));
#13127=DIRECTION('',(1.,0.,0.));
#13128=DIRECTION('',(0.,2.368475785867E-15,-1.));
#13129=CARTESIAN_POINT('',(30.5,12.75,5.5));
#13130=AXIS2_PLACEMENT_3D('',#13131,#13132,#13133);
#13131=CARTESIAN_POINT('',(30.5,12.75,4.75));
#13132=DIRECTION('',(1.,0.,0.));
#13133=DIRECTION('',(0.,1.,0.));
#13134=CARTESIAN_POINT('',(30.5,12.25,5.5));
#13135=VECTOR('',#13136,1.);
#13136=DIRECTION('',(0.,1.,0.));
#13137=CARTESIAN_POINT('',(28.5,11.5,4.75));
#13138=CARTESIAN_POINT('',(28.5,11.5,4.75));
#13139=VECTOR('',#13140,1.);
#13140=DIRECTION('',(1.,0.,0.));
#13141=CARTESIAN_POINT('',(28.5,11.5,4.25));
#13142=CARTESIAN_POINT('',(28.5,11.5,4.25));
#13143=VECTOR('',#13144,1.);
#13144=DIRECTION('',(0.,0.,1.));
#13145=CARTESIAN_POINT('',(28.5,11.5,4.25));
#13146=VECTOR('',#13147,1.);
#13147=DIRECTION('',(1.,0.,0.));
#13148=CARTESIAN_POINT('',(28.5,10.5,4.5));
#13149=CARTESIAN_POINT('',(28.5,11.5,5.5));
#13150=AXIS2_PLACEMENT_3D('',#13151,#13152,#13153);
#13151=CARTESIAN_POINT('',(28.5,11.5,4.5));
#13152=DIRECTION('',(1.,0.,0.));
#13153=DIRECTION('',(0.,0.,1.));
#13154=CARTESIAN_POINT('',(28.5,10.5,3.5));
#13155=VECTOR('',#13156,1.);
#13156=DIRECTION('',(0.,0.,1.));
#13157=AXIS2_PLACEMENT_3D('',#13158,#13159,#13160);
#13158=CARTESIAN_POINT('',(28.5,12.25,4.25));
#13159=DIRECTION('',(-1.,0.,0.));
#13160=DIRECTION('',(0.,0.,-1.));
#13161=CARTESIAN_POINT('',(28.5,12.25,5.5));
#13162=AXIS2_PLACEMENT_3D('',#13163,#13164,#13165);
#13163=CARTESIAN_POINT('',(28.5,12.25,4.75));
#13164=DIRECTION('',(-1.,0.,0.));
#13165=DIRECTION('',(0.,-1.,0.));
#13166=CARTESIAN_POINT('',(28.5,12.25,5.5));
#13167=VECTOR('',#13168,1.);
#13168=DIRECTION('',(0.,-1.,0.));
#13169=CARTESIAN_POINT('',(24.5,10.5,4.5));
#13170=VECTOR('',#13171,1.);
#13171=DIRECTION('',(1.,0.,0.));
#13172=CARTESIAN_POINT('',(28.5,12.25,5.5));
#13173=VECTOR('',#13174,1.);
#13174=DIRECTION('',(1.,0.,0.));
#13175=CARTESIAN_POINT('',(30.5,12.75,5.5));
#13176=VECTOR('',#13177,1.);
#13177=DIRECTION('',(-1.,0.,0.));
#13178=CARTESIAN_POINT('',(25.5,13.5,5.5));
#13179=CARTESIAN_POINT('',(28.5,13.5,5.5));
#13180=VECTOR('',#13181,1.);
#13181=DIRECTION('',(-1.,0.,0.));
#13182=CARTESIAN_POINT('',(25.5,11.5,5.5));
#13183=CARTESIAN_POINT('',(25.5,13.5,5.5));
#13184=VECTOR('',#13185,1.);
#13185=DIRECTION('',(0.,-1.,0.));
#13186=CARTESIAN_POINT('',(25.5,11.5,5.5));
#13187=VECTOR('',#13188,1.);
#13188=DIRECTION('',(1.,0.,0.));
#13189=CARTESIAN_POINT('',(24.5,14.5,4.5));
#13190=CARTESIAN_POINT('',(24.5,14.5,5.08578643762691));
#13191=CARTESIAN_POINT('',(24.9142135623731,14.0857864376269,5.5));
#13192=CARTESIAN_POINT('',(25.5,13.5,5.5));
#13193=CARTESIAN_POINT('',(24.5,10.5,4.5));
#13194=CARTESIAN_POINT('',(24.5,10.5,5.08578643762691));
#13195=CARTESIAN_POINT('',(24.9142135623731,10.9142135623731,5.5));
#13196=CARTESIAN_POINT('',(25.5,11.5,5.5));
#13197=CARTESIAN_POINT('',(175.5,13.,4.5));
#13198=AXIS2_PLACEMENT_3D('',#13199,#13200,#13201);
#13199=CARTESIAN_POINT('',(175.5,12.5,4.5));
#13200=DIRECTION('',(1.,0.,0.));
#13201=DIRECTION('',(0.,1.,6.12323399573677E-17));
#13202=CARTESIAN_POINT('',(30.5,13.,4.5));
#13203=AXIS2_PLACEMENT_3D('',#13204,#13205,#13206);
#13204=CARTESIAN_POINT('',(30.5,12.5,4.5));
#13205=DIRECTION('',(1.,0.,0.));
#13206=DIRECTION('',(0.,1.,6.12323399573677E-17));
#13207=CARTESIAN_POINT('',(14.1909594211102,9.79913626604481,2.));
#13208=CARTESIAN_POINT('',(14.007211803637,9.79569114490513,2.));
#13209=CARTESIAN_POINT('',(14.1909594211102,9.79913626604481,2.));
#13210=CARTESIAN_POINT('',(14.0967842803881,9.79569114490513,2.));
#13211=CARTESIAN_POINT('',(14.007211803637,9.79569114490513,2.));
#13212=CARTESIAN_POINT('',(14.2920247502812,9.80258136026927,2.));
#13213=CARTESIAN_POINT('',(14.2920247502812,9.80258136026927,2.));
#13214=CARTESIAN_POINT('',(14.2851345618323,9.80258136026927,2.));
#13215=CARTESIAN_POINT('',(14.1909594211102,9.79913626604481,2.));
#13216=CARTESIAN_POINT('',(15.5438208571114,9.48729998178619,2.));
#13217=CARTESIAN_POINT('',(15.5438208571114,9.48729998178619,2.));
#13218=CARTESIAN_POINT('',(15.2255353633548,9.80258136026927,2.));
#13219=CARTESIAN_POINT('',(14.2920247502812,9.80258136026927,2.));
#13220=CARTESIAN_POINT('',(15.6278949583126,8.48286173716711,2.));
#13221=CARTESIAN_POINT('',(15.6278949583126,8.48286173716711,2.));
#13222=CARTESIAN_POINT('',(15.8621063508679,9.17201863021832,2.));
#13223=CARTESIAN_POINT('',(15.5438208571114,9.48729998178619,2.));
#13224=CARTESIAN_POINT('',(15.140717137089,7.73858330960932,2.));
#13225=CARTESIAN_POINT('',(15.140717137089,7.73858330960932,2.));
#13226=CARTESIAN_POINT('',(15.4744917473481,8.03147154871819,2.));
#13227=CARTESIAN_POINT('',(15.6278949583126,8.48286173716711,2.));
#13228=CARTESIAN_POINT('',(14.3216250048102,7.33542444030284,2.));
#13229=CARTESIAN_POINT('',(14.3216250048102,7.33542444030284,2.));
#13230=CARTESIAN_POINT('',(14.8069424999146,7.44569507050045,2.));
#13231=CARTESIAN_POINT('',(15.140717137089,7.73858330960932,2.));
#13232=CARTESIAN_POINT('',(14.6010360400501,7.12874626727401,2.));
#13233=CARTESIAN_POINT('',(14.6010360400501,7.12874626727401,2.));
#13234=CARTESIAN_POINT('',(14.5233698065701,7.28030293271148,2.));
#13235=CARTESIAN_POINT('',(14.3216250048102,7.33542444030284,2.));
#13236=CARTESIAN_POINT('',(14.6702410975681,6.5569431211604,2.));
#13237=CARTESIAN_POINT('',(14.6702410975681,6.5569431211604,2.));
#13238=CARTESIAN_POINT('',(14.6787022466148,6.97718962875176,2.));
#13239=CARTESIAN_POINT('',(14.6010360400501,7.12874626727401,2.));
#13240=CARTESIAN_POINT('',(14.6448576504279,4.90089947823847,2.));
#13241=CARTESIAN_POINT('',(14.6448576504279,4.90089947823847,2.));
#13242=VECTOR('',#13243,1.);
#13243=DIRECTION('',(0.0153259643704347,0.999882550510867,0.));
#13244=CARTESIAN_POINT('',(13.4873882439191,4.90089947823847,2.));
#13245=CARTESIAN_POINT('',(13.4873882439191,4.90089947823847,2.));
#13246=VECTOR('',#13247,1.);
#13247=DIRECTION('',(1.,0.,0.));
#13248=CARTESIAN_POINT('',(13.5696571144548,6.28839103109826,2.));
#13249=CARTESIAN_POINT('',(13.5696571144548,6.28839103109826,2.));
#13250=VECTOR('',#13251,1.);
#13251=DIRECTION('',(-0.0591892863884802,-0.998246777293482,0.));
#13252=CARTESIAN_POINT('',(13.5096711116403,6.78589038131824,2.));
#13253=CARTESIAN_POINT('',(13.5096711116403,6.78589038131824,2.));
#13254=CARTESIAN_POINT('',(13.5950405885102,6.66710347970503,2.));
#13255=CARTESIAN_POINT('',(13.5696571144548,6.28839103109826,2.));
#13256=CARTESIAN_POINT('',(13.1797274252726,6.90467725601624,2.));
#13257=CARTESIAN_POINT('',(13.1797274252726,6.90467725601624,2.));
#13258=CARTESIAN_POINT('',(13.4243016616857,6.90467725601624,2.));
#13259=CARTESIAN_POINT('',(13.5096711116403,6.78589038131824,2.));
#13260=CARTESIAN_POINT('',(12.9696041580193,6.90467725601624,2.));
#13261=CARTESIAN_POINT('',(12.9696041580193,6.90467725601624,2.));
#13262=VECTOR('',#13263,1.);
#13263=DIRECTION('',(1.,0.,0.));
#13264=CARTESIAN_POINT('',(12.2886328021704,4.90089947823847,2.));
#13265=CARTESIAN_POINT('',(12.2886328021704,4.90089947823847,2.));
#13266=VECTOR('',#13267,1.);
#13267=DIRECTION('',(0.321770120283743,0.946817822863821,0.));
#13268=CARTESIAN_POINT('',(11.1862022466148,4.90089947823847,2.));
#13269=CARTESIAN_POINT('',(11.1862022466148,4.90089947823847,2.));
#13270=VECTOR('',#13271,1.);
#13271=DIRECTION('',(1.,0.,0.));
#13272=CARTESIAN_POINT('',(12.8496597135748,9.79569114490513,2.));
#13273=CARTESIAN_POINT('',(12.8496597135748,9.79569114490513,2.));
#13274=VECTOR('',#13275,1.);
#13275=DIRECTION('',(-0.321768925059065,-0.946818229052617,0.));
#13276=CARTESIAN_POINT('',(14.007211803637,9.79569114490513,2.));
#13277=VECTOR('',#13278,1.);
#13278=DIRECTION('',(-1.,0.,0.));
#13279=CARTESIAN_POINT('',(13.2471410596325,7.7213578115718,2.));
#13280=CARTESIAN_POINT('',(13.4848250806815,7.7213578115718,2.));
#13281=CARTESIAN_POINT('',(13.2471410596325,7.7213578115718,2.));
#13282=VECTOR('',#13283,1.);
#13283=DIRECTION('',(1.,0.,0.));
#13284=CARTESIAN_POINT('',(14.1368163086512,7.86607938401401,2.));
#13285=CARTESIAN_POINT('',(13.4848250806815,7.7213578115718,2.));
#13286=CARTESIAN_POINT('',(13.905071615188,7.7213578115718,2.));
#13287=CARTESIAN_POINT('',(14.1368163086512,7.86607938401401,2.));
#13288=CARTESIAN_POINT('',(14.4786386771058,8.33466750931601,2.));
#13289=CARTESIAN_POINT('',(14.1368163086512,7.86607938401401,2.));
#13290=CARTESIAN_POINT('',(14.3685609751992,8.01080095645621,2.));
#13291=CARTESIAN_POINT('',(14.4786386771058,8.33466750931601,2.));
#13292=CARTESIAN_POINT('',(14.4813671805348,8.83428904382259,2.));
#13293=CARTESIAN_POINT('',(14.4786386771058,8.33466750931601,2.));
#13294=CARTESIAN_POINT('',(14.5992445899767,8.68956747138038,2.));
#13295=CARTESIAN_POINT('',(14.4813671805348,8.83428904382259,2.));
#13296=CARTESIAN_POINT('',(13.9294628866037,8.97901058934958,2.));
#13297=CARTESIAN_POINT('',(14.4813671805348,8.83428904382259,2.));
#13298=CARTESIAN_POINT('',(14.3634897980081,8.97901058934958,2.));
#13299=CARTESIAN_POINT('',(13.9294628866037,8.97901058934958,2.));
#13300=CARTESIAN_POINT('',(13.6745533944324,8.97901058934958,2.));
#13301=CARTESIAN_POINT('',(13.9294628866037,8.97901058934958,2.));
#13302=VECTOR('',#13303,1.);
#13303=DIRECTION('',(-1.,0.,0.));
#13304=CARTESIAN_POINT('',(13.6745533944324,8.97901058934958,2.));
#13305=VECTOR('',#13306,1.);
#13306=DIRECTION('',(-0.321774775416236,-0.946816240833368,0.));
#13307=CARTESIAN_POINT('',(14.007211803637,9.79569114490513,2.1));
#13308=CARTESIAN_POINT('',(14.007211803637,9.79569114490513,2.));
#13309=VECTOR('',#13310,1.);
#13310=DIRECTION('',(0.,0.,1.));
#13311=CARTESIAN_POINT('',(14.1909594211102,9.79913626604481,2.1));
#13312=CARTESIAN_POINT('',(14.1909594211102,9.79913626604481,2.1));
#13313=CARTESIAN_POINT('',(14.0967842803881,9.79569114490513,2.1));
#13314=CARTESIAN_POINT('',(14.007211803637,9.79569114490513,2.1));
#13315=CARTESIAN_POINT('',(14.1909594211102,9.79913626604481,2.));
#13316=VECTOR('',#13317,1.);
#13317=DIRECTION('',(0.,0.,1.));
#13318=CARTESIAN_POINT('',(14.2920247502812,9.80258136026927,2.1));
#13319=CARTESIAN_POINT('',(14.2920247502812,9.80258136026927,2.1));
#13320=CARTESIAN_POINT('',(14.2851345618323,9.80258136026927,2.1));
#13321=CARTESIAN_POINT('',(14.1909594211102,9.79913626604481,2.1));
#13322=CARTESIAN_POINT('',(14.2920247502812,9.80258136026927,2.));
#13323=VECTOR('',#13324,1.);
#13324=DIRECTION('',(0.,0.,1.));
#13325=CARTESIAN_POINT('',(15.5438208571114,9.48729998178619,2.1));
#13326=CARTESIAN_POINT('',(15.5438208571114,9.48729998178619,2.1));
#13327=CARTESIAN_POINT('',(15.2255353633548,9.80258136026927,2.1));
#13328=CARTESIAN_POINT('',(14.2920247502812,9.80258136026927,2.1));
#13329=CARTESIAN_POINT('',(15.5438208571114,9.48729998178619,2.));
#13330=VECTOR('',#13331,1.);
#13331=DIRECTION('',(0.,0.,1.));
#13332=CARTESIAN_POINT('',(15.6278949583126,8.48286173716711,2.1));
#13333=CARTESIAN_POINT('',(15.6278949583126,8.48286173716711,2.1));
#13334=CARTESIAN_POINT('',(15.8621063508679,9.17201863021832,2.1));
#13335=CARTESIAN_POINT('',(15.5438208571114,9.48729998178619,2.1));
#13336=CARTESIAN_POINT('',(15.6278949583126,8.48286173716711,2.));
#13337=VECTOR('',#13338,1.);
#13338=DIRECTION('',(0.,0.,1.));
#13339=CARTESIAN_POINT('',(15.140717137089,7.73858330960932,2.1));
#13340=CARTESIAN_POINT('',(15.140717137089,7.73858330960932,2.1));
#13341=CARTESIAN_POINT('',(15.4744917473481,8.03147154871819,2.1));
#13342=CARTESIAN_POINT('',(15.6278949583126,8.48286173716711,2.1));
#13343=CARTESIAN_POINT('',(15.140717137089,7.73858330960932,2.));
#13344=VECTOR('',#13345,1.);
#13345=DIRECTION('',(0.,0.,1.));
#13346=CARTESIAN_POINT('',(14.3216250048102,7.33542444030284,2.1));
#13347=CARTESIAN_POINT('',(14.3216250048102,7.33542444030284,2.1));
#13348=CARTESIAN_POINT('',(14.8069424999146,7.44569507050045,2.1));
#13349=CARTESIAN_POINT('',(15.140717137089,7.73858330960932,2.1));
#13350=CARTESIAN_POINT('',(14.3216250048102,7.33542444030284,2.));
#13351=VECTOR('',#13352,1.);
#13352=DIRECTION('',(0.,0.,1.));
#13353=CARTESIAN_POINT('',(14.6010360400501,7.12874626727401,2.1));
#13354=CARTESIAN_POINT('',(14.6010360400501,7.12874626727401,2.1));
#13355=CARTESIAN_POINT('',(14.5233698065701,7.28030293271148,2.1));
#13356=CARTESIAN_POINT('',(14.3216250048102,7.33542444030284,2.1));
#13357=CARTESIAN_POINT('',(14.6010360400501,7.12874626727401,2.));
#13358=VECTOR('',#13359,1.);
#13359=DIRECTION('',(0.,0.,1.));
#13360=CARTESIAN_POINT('',(14.6702410975681,6.5569431211604,2.1));
#13361=CARTESIAN_POINT('',(14.6702410975681,6.5569431211604,2.1));
#13362=CARTESIAN_POINT('',(14.6787022466148,6.97718962875176,2.1));
#13363=CARTESIAN_POINT('',(14.6010360400501,7.12874626727401,2.1));
#13364=CARTESIAN_POINT('',(14.6702410975681,6.5569431211604,2.));
#13365=VECTOR('',#13366,1.);
#13366=DIRECTION('',(0.,0.,1.));
#13367=CARTESIAN_POINT('',(14.6448576504279,4.90089947823847,2.1));
#13368=CARTESIAN_POINT('',(14.6448576504279,4.90089947823847,2.1));
#13369=VECTOR('',#13370,1.);
#13370=DIRECTION('',(0.0153259643704347,0.999882550510867,0.));
#13371=CARTESIAN_POINT('',(14.6448576504279,4.90089947823847,2.));
#13372=VECTOR('',#13373,1.);
#13373=DIRECTION('',(0.,0.,1.));
#13374=CARTESIAN_POINT('',(13.4873882439191,4.90089947823847,2.1));
#13375=CARTESIAN_POINT('',(13.4873882439191,4.90089947823847,2.1));
#13376=VECTOR('',#13377,1.);
#13377=DIRECTION('',(1.,0.,0.));
#13378=CARTESIAN_POINT('',(13.4873882439191,4.90089947823847,2.));
#13379=VECTOR('',#13380,1.);
#13380=DIRECTION('',(0.,0.,1.));
#13381=CARTESIAN_POINT('',(13.5696571144548,6.28839103109826,2.1));
#13382=CARTESIAN_POINT('',(13.5696571144548,6.28839103109826,2.1));
#13383=VECTOR('',#13384,1.);
#13384=DIRECTION('',(-0.0591892863884802,-0.998246777293482,0.));
#13385=CARTESIAN_POINT('',(13.5696571144548,6.28839103109826,2.));
#13386=VECTOR('',#13387,1.);
#13387=DIRECTION('',(0.,0.,1.));
#13388=CARTESIAN_POINT('',(13.5096711116403,6.78589038131824,2.1));
#13389=CARTESIAN_POINT('',(13.5096711116403,6.78589038131824,2.1));
#13390=CARTESIAN_POINT('',(13.5950405885102,6.66710347970503,2.1));
#13391=CARTESIAN_POINT('',(13.5696571144548,6.28839103109826,2.1));
#13392=CARTESIAN_POINT('',(13.5096711116403,6.78589038131824,2.));
#13393=VECTOR('',#13394,1.);
#13394=DIRECTION('',(0.,0.,1.));
#13395=CARTESIAN_POINT('',(13.1797274252726,6.90467725601624,2.1));
#13396=CARTESIAN_POINT('',(13.1797274252726,6.90467725601624,2.1));
#13397=CARTESIAN_POINT('',(13.4243016616857,6.90467725601624,2.1));
#13398=CARTESIAN_POINT('',(13.5096711116403,6.78589038131824,2.1));
#13399=CARTESIAN_POINT('',(13.1797274252726,6.90467725601624,2.));
#13400=VECTOR('',#13401,1.);
#13401=DIRECTION('',(0.,0.,1.));
#13402=CARTESIAN_POINT('',(12.9696041580193,6.90467725601624,2.1));
#13403=CARTESIAN_POINT('',(12.9696041580193,6.90467725601624,2.1));
#13404=VECTOR('',#13405,1.);
#13405=DIRECTION('',(1.,0.,0.));
#13406=CARTESIAN_POINT('',(12.9696041580193,6.90467725601624,2.));
#13407=VECTOR('',#13408,1.);
#13408=DIRECTION('',(0.,0.,1.));
#13409=CARTESIAN_POINT('',(12.2886328021704,4.90089947823847,2.1));
#13410=CARTESIAN_POINT('',(12.2886328021704,4.90089947823847,2.1));
#13411=VECTOR('',#13412,1.);
#13412=DIRECTION('',(0.321770120283743,0.946817822863821,0.));
#13413=CARTESIAN_POINT('',(12.2886328021704,4.90089947823847,2.));
#13414=VECTOR('',#13415,1.);
#13415=DIRECTION('',(0.,0.,1.));
#13416=CARTESIAN_POINT('',(11.1862022466148,4.90089947823847,2.1));
#13417=CARTESIAN_POINT('',(11.1862022466148,4.90089947823847,2.1));
#13418=VECTOR('',#13419,1.);
#13419=DIRECTION('',(1.,0.,0.));
#13420=CARTESIAN_POINT('',(11.1862022466148,4.90089947823847,2.));
#13421=VECTOR('',#13422,1.);
#13422=DIRECTION('',(0.,0.,1.));
#13423=CARTESIAN_POINT('',(12.8496597135748,9.79569114490513,2.1));
#13424=CARTESIAN_POINT('',(12.8496597135748,9.79569114490513,2.1));
#13425=VECTOR('',#13426,1.);
#13426=DIRECTION('',(-0.321768925059065,-0.946818229052617,0.));
#13427=CARTESIAN_POINT('',(12.8496597135748,9.79569114490513,2.));
#13428=VECTOR('',#13429,1.);
#13429=DIRECTION('',(0.,0.,1.));
#13430=CARTESIAN_POINT('',(14.007211803637,9.79569114490513,2.1));
#13431=VECTOR('',#13432,1.);
#13432=DIRECTION('',(-1.,0.,0.));
#13433=CARTESIAN_POINT('',(13.4848250806815,7.7213578115718,2.1));
#13434=CARTESIAN_POINT('',(13.2471410596325,7.7213578115718,2.1));
#13435=CARTESIAN_POINT('',(13.2471410596325,7.7213578115718,2.1));
#13436=VECTOR('',#13437,1.);
#13437=DIRECTION('',(1.,0.,0.));
#13438=CARTESIAN_POINT('',(13.4848250806815,7.7213578115718,2.));
#13439=VECTOR('',#13440,1.);
#13440=DIRECTION('',(0.,0.,1.));
#13441=CARTESIAN_POINT('',(13.2471410596325,7.7213578115718,2.));
#13442=VECTOR('',#13443,1.);
#13443=DIRECTION('',(0.,0.,1.));
#13444=CARTESIAN_POINT('',(14.1368163086512,7.86607938401401,2.1));
#13445=CARTESIAN_POINT('',(13.4848250806815,7.7213578115718,2.1));
#13446=CARTESIAN_POINT('',(13.905071615188,7.7213578115718,2.1));
#13447=CARTESIAN_POINT('',(14.1368163086512,7.86607938401401,2.1));
#13448=CARTESIAN_POINT('',(14.1368163086512,7.86607938401401,2.));
#13449=VECTOR('',#13450,1.);
#13450=DIRECTION('',(0.,0.,1.));
#13451=CARTESIAN_POINT('',(14.4786386771058,8.33466750931601,2.1));
#13452=CARTESIAN_POINT('',(14.1368163086512,7.86607938401401,2.1));
#13453=CARTESIAN_POINT('',(14.3685609751992,8.01080095645621,2.1));
#13454=CARTESIAN_POINT('',(14.4786386771058,8.33466750931601,2.1));
#13455=CARTESIAN_POINT('',(14.4786386771058,8.33466750931601,2.));
#13456=VECTOR('',#13457,1.);
#13457=DIRECTION('',(0.,0.,1.));
#13458=CARTESIAN_POINT('',(14.4813671805348,8.83428904382259,2.1));
#13459=CARTESIAN_POINT('',(14.4786386771058,8.33466750931601,2.1));
#13460=CARTESIAN_POINT('',(14.5992445899767,8.68956747138038,2.1));
#13461=CARTESIAN_POINT('',(14.4813671805348,8.83428904382259,2.1));
#13462=CARTESIAN_POINT('',(14.4813671805348,8.83428904382259,2.));
#13463=VECTOR('',#13464,1.);
#13464=DIRECTION('',(0.,0.,1.));
#13465=CARTESIAN_POINT('',(13.9294628866037,8.97901058934958,2.1));
#13466=CARTESIAN_POINT('',(14.4813671805348,8.83428904382259,2.1));
#13467=CARTESIAN_POINT('',(14.3634897980081,8.97901058934958,2.1));
#13468=CARTESIAN_POINT('',(13.9294628866037,8.97901058934958,2.1));
#13469=CARTESIAN_POINT('',(13.9294628866037,8.97901058934958,2.));
#13470=VECTOR('',#13471,1.);
#13471=DIRECTION('',(0.,0.,1.));
#13472=CARTESIAN_POINT('',(13.6745533944324,8.97901058934958,2.1));
#13473=CARTESIAN_POINT('',(13.9294628866037,8.97901058934958,2.1));
#13474=VECTOR('',#13475,1.);
#13475=DIRECTION('',(-1.,0.,0.));
#13476=CARTESIAN_POINT('',(13.6745533944324,8.97901058934958,2.));
#13477=VECTOR('',#13478,1.);
#13478=DIRECTION('',(0.,0.,1.));
#13479=CARTESIAN_POINT('',(13.6745533944324,8.97901058934958,2.1));
#13480=VECTOR('',#13481,1.);
#13481=DIRECTION('',(-0.321774775416236,-0.946816240833368,0.));
#13482=CARTESIAN_POINT('',(11.9324377456657,9.79569114490513,2.));
#13483=CARTESIAN_POINT('',(9.1454933012213,9.79569114490513,2.));
#13484=CARTESIAN_POINT('',(11.9324377456657,9.79569114490513,2.));
#13485=VECTOR('',#13486,1.);
#13486=DIRECTION('',(-1.,0.,0.));
#13487=CARTESIAN_POINT('',(9.1454933012213,9.79569114490513,2.1));
#13488=CARTESIAN_POINT('',(9.1454933012213,9.79569114490513,2.));
#13489=VECTOR('',#13490,1.);
#13490=DIRECTION('',(0.,0.,1.));
#13491=CARTESIAN_POINT('',(11.9324377456657,9.79569114490513,2.1));
#13492=CARTESIAN_POINT('',(11.9324377456657,9.79569114490513,2.1));
#13493=VECTOR('',#13494,1.);
#13494=DIRECTION('',(-1.,0.,0.));
#13495=CARTESIAN_POINT('',(11.9324377456657,9.79569114490513,2.));
#13496=VECTOR('',#13497,1.);
#13497=DIRECTION('',(0.,0.,1.));
#13498=CARTESIAN_POINT('',(7.48203583426132,4.90089947823847,2.));
#13499=CARTESIAN_POINT('',(9.1454933012213,9.79569114490513,2.));
#13500=VECTOR('',#13501,1.);
#13501=DIRECTION('',(-0.321768925059065,-0.946818229052617,0.));
#13502=CARTESIAN_POINT('',(7.48203583426132,4.90089947823847,2.1));
#13503=CARTESIAN_POINT('',(7.48203583426132,4.90089947823847,2.));
#13504=VECTOR('',#13505,1.);
#13505=DIRECTION('',(0.,0.,1.));
#13506=CARTESIAN_POINT('',(9.1454933012213,9.79569114490513,2.1));
#13507=VECTOR('',#13508,1.);
#13508=DIRECTION('',(-0.321768925059065,-0.946818229052617,0.));
#13509=CARTESIAN_POINT('',(10.3483552787058,4.90089947823847,2.));
#13510=CARTESIAN_POINT('',(7.48203583426132,4.90089947823847,2.));
#13511=VECTOR('',#13512,1.);
#13512=DIRECTION('',(1.,0.,0.));
#13513=CARTESIAN_POINT('',(10.3483552787058,4.90089947823847,2.1));
#13514=CARTESIAN_POINT('',(10.3483552787058,4.90089947823847,2.));
#13515=VECTOR('',#13516,1.);
#13516=DIRECTION('',(0.,0.,1.));
#13517=CARTESIAN_POINT('',(7.48203583426132,4.90089947823847,2.1));
#13518=VECTOR('',#13519,1.);
#13519=DIRECTION('',(1.,0.,0.));
#13520=CARTESIAN_POINT('',(10.6295026416501,5.72816336712735,2.));
#13521=CARTESIAN_POINT('',(10.3483552787058,4.90089947823847,2.));
#13522=VECTOR('',#13523,1.);
#13523=DIRECTION('',(0.321777199795144,0.946815416906588,0.));
#13524=CARTESIAN_POINT('',(10.6295026416501,5.72816336712735,2.1));
#13525=CARTESIAN_POINT('',(10.6295026416501,5.72816336712735,2.));
#13526=VECTOR('',#13527,1.);
#13527=DIRECTION('',(0.,0.,1.));
#13528=CARTESIAN_POINT('',(10.3483552787058,4.90089947823847,2.1));
#13529=VECTOR('',#13530,1.);
#13530=DIRECTION('',(0.321777199795144,0.946815416906588,0.));
#13531=CARTESIAN_POINT('',(8.88678041942786,5.72816336712735,2.));
#13532=CARTESIAN_POINT('',(10.6295026416501,5.72816336712735,2.));
#13533=VECTOR('',#13534,1.);
#13534=DIRECTION('',(-1.,0.,0.));
#13535=CARTESIAN_POINT('',(8.88678041942786,5.72816336712735,2.1));
#13536=CARTESIAN_POINT('',(8.88678041942786,5.72816336712735,2.));
#13537=VECTOR('',#13538,1.);
#13538=DIRECTION('',(0.,0.,1.));
#13539=CARTESIAN_POINT('',(10.6295026416501,5.72816336712735,2.1));
#13540=VECTOR('',#13541,1.);
#13541=DIRECTION('',(-1.,0.,0.));
#13542=CARTESIAN_POINT('',(9.31477151218576,6.98758003379402,2.));
#13543=CARTESIAN_POINT('',(8.88678041942786,5.72816336712735,2.));
#13544=VECTOR('',#13545,1.);
#13545=DIRECTION('',(0.321760825671151,0.946820981528937,0.));
#13546=CARTESIAN_POINT('',(9.31477151218576,6.98758003379402,2.1));
#13547=CARTESIAN_POINT('',(9.31477151218576,6.98758003379402,2.));
#13548=VECTOR('',#13549,1.);
#13549=DIRECTION('',(0.,0.,1.));
#13550=CARTESIAN_POINT('',(8.88678041942786,5.72816336712735,2.1));
#13551=VECTOR('',#13552,1.);
#13552=DIRECTION('',(0.321760825671151,0.946820981528937,0.));
#13553=CARTESIAN_POINT('',(10.8899242899635,6.98758003379402,2.));
#13554=CARTESIAN_POINT('',(9.31477151218576,6.98758003379402,2.));
#13555=VECTOR('',#13556,1.);
#13556=DIRECTION('',(1.,0.,0.));
#13557=CARTESIAN_POINT('',(10.8899242899635,6.98758003379402,2.1));
#13558=CARTESIAN_POINT('',(10.8899242899635,6.98758003379402,2.));
#13559=VECTOR('',#13560,1.);
#13560=DIRECTION('',(0.,0.,1.));
#13561=CARTESIAN_POINT('',(9.31477151218576,6.98758003379402,2.1));
#13562=VECTOR('',#13563,1.);
#13563=DIRECTION('',(1.,0.,0.));
#13564=CARTESIAN_POINT('',(11.1686738567769,7.80778836712735,2.));
#13565=CARTESIAN_POINT('',(10.8899242899635,6.98758003379402,2.));
#13566=VECTOR('',#13567,1.);
#13567=DIRECTION('',(0.321777250690445,0.946815399609712,0.));
#13568=CARTESIAN_POINT('',(11.1686738567769,7.80778836712735,2.1));
#13569=CARTESIAN_POINT('',(11.1686738567769,7.80778836712735,2.));
#13570=VECTOR('',#13571,1.);
#13571=DIRECTION('',(0.,0.,1.));
#13572=CARTESIAN_POINT('',(10.8899242899635,6.98758003379402,2.1));
#13573=VECTOR('',#13574,1.);
#13574=DIRECTION('',(0.321777250690445,0.946815399609712,0.));
#13575=CARTESIAN_POINT('',(9.59352107899908,7.80778836712735,2.));
#13576=CARTESIAN_POINT('',(11.1686738567769,7.80778836712735,2.));
#13577=VECTOR('',#13578,1.);
#13578=DIRECTION('',(-1.,0.,0.));
#13579=CARTESIAN_POINT('',(9.59352107899908,7.80778836712735,2.1));
#13580=CARTESIAN_POINT('',(9.59352107899908,7.80778836712735,2.));
#13581=VECTOR('',#13582,1.);
#13582=DIRECTION('',(0.,0.,1.));
#13583=CARTESIAN_POINT('',(11.1686738567769,7.80778836712735,2.1));
#13584=VECTOR('',#13585,1.);
#13585=DIRECTION('',(-1.,0.,0.));
#13586=CARTESIAN_POINT('',(9.99155364874553,8.97901058934958,2.));
#13587=CARTESIAN_POINT('',(9.59352107899908,7.80778836712735,2.));
#13588=VECTOR('',#13589,1.);
#13589=DIRECTION('',(0.321770132371682,0.94681781875581,0.));
#13590=CARTESIAN_POINT('',(9.99155364874553,8.97901058934958,2.1));
#13591=CARTESIAN_POINT('',(9.99155364874553,8.97901058934958,2.));
#13592=VECTOR('',#13593,1.);
#13593=DIRECTION('',(0.,0.,1.));
#13594=CARTESIAN_POINT('',(9.59352107899908,7.80778836712735,2.1));
#13595=VECTOR('',#13596,1.);
#13596=DIRECTION('',(0.321770132371682,0.94681781875581,0.));
#13597=CARTESIAN_POINT('',(11.6549008709677,8.97901058934958,2.));
#13598=CARTESIAN_POINT('',(9.99155364874553,8.97901058934958,2.));
#13599=VECTOR('',#13600,1.);
#13600=DIRECTION('',(1.,0.,0.));
#13601=CARTESIAN_POINT('',(11.6549008709677,8.97901058934958,2.1));
#13602=CARTESIAN_POINT('',(11.6549008709677,8.97901058934958,2.));
#13603=VECTOR('',#13604,1.);
#13604=DIRECTION('',(0.,0.,1.));
#13605=CARTESIAN_POINT('',(9.99155364874553,8.97901058934958,2.1));
#13606=VECTOR('',#13607,1.);
#13607=DIRECTION('',(1.,0.,0.));
#13608=CARTESIAN_POINT('',(11.6549008709677,8.97901058934958,2.));
#13609=VECTOR('',#13610,1.);
#13610=DIRECTION('',(0.321762940109322,0.946820262970858,0.));
#13611=CARTESIAN_POINT('',(11.6549008709677,8.97901058934958,2.1));
#13612=VECTOR('',#13613,1.);
#13613=DIRECTION('',(0.321762940109322,0.946820262970858,0.));
#13614=CARTESIAN_POINT('',(9.21255280525851,11.4314325731711,2.));
#13615=CARTESIAN_POINT('',(9.21439937770072,11.462796716589,2.));
#13616=CARTESIAN_POINT('',(9.21255280525851,11.4314325731711,2.));
#13617=CARTESIAN_POINT('',(9.21787203310962,11.44711464488,2.));
#13618=CARTESIAN_POINT('',(9.21439937770072,11.462796716589,2.));
#13619=CARTESIAN_POINT('',(9.17987953249502,11.389802050041,2.));
#13620=CARTESIAN_POINT('',(9.17987953249502,11.389802050041,2.));
#13621=CARTESIAN_POINT('',(9.20433970687173,11.4072893524155,2.));
#13622=CARTESIAN_POINT('',(9.21255280525851,11.4314325731711,2.));
#13623=CARTESIAN_POINT('',(9.13033905709171,11.3723147207513,2.));
#13624=CARTESIAN_POINT('',(9.13033905709171,11.3723147207513,2.));
#13625=CARTESIAN_POINT('',(9.15541933120308,11.3723147207513,2.));
#13626=CARTESIAN_POINT('',(9.17987953249502,11.389802050041,2.));
#13627=CARTESIAN_POINT('',(9.09158862390503,11.402466198969,2.));
#13628=CARTESIAN_POINT('',(9.09158862390503,11.402466198969,2.));
#13629=CARTESIAN_POINT('',(9.09925049860303,11.3723147207513,2.));
#13630=CARTESIAN_POINT('',(9.13033905709171,11.3723147207513,2.));
#13631=CARTESIAN_POINT('',(8.92170406688292,12.0972730540846,2.));
#13632=CARTESIAN_POINT('',(8.92170406688292,12.0972730540846,2.));
#13633=VECTOR('',#13634,1.);
#13634=DIRECTION('',(0.237509660690038,-0.97138517647682,0.));
#13635=CARTESIAN_POINT('',(8.71386835102286,12.0972730540846,2.));
#13636=CARTESIAN_POINT('',(8.71386835102286,12.0972730540846,2.));
#13637=VECTOR('',#13638,1.);
#13638=DIRECTION('',(1.,0.,0.));
#13639=CARTESIAN_POINT('',(8.48800788969176,11.4326176771868,2.));
#13640=CARTESIAN_POINT('',(8.48800788969176,11.4326176771868,2.));
#13641=VECTOR('',#13642,1.);
#13642=DIRECTION('',(0.32174647572134,0.946825857991266,0.));
#13643=CARTESIAN_POINT('',(8.4075304423142,11.3723147207513,2.));
#13644=CARTESIAN_POINT('',(8.4075304423142,11.3723147207513,2.));
#13645=CARTESIAN_POINT('',(8.46750266453642,11.3723147207513,2.));
#13646=CARTESIAN_POINT('',(8.48800788969176,11.4326176771868,2.));
#13647=CARTESIAN_POINT('',(8.36803588406288,11.4325901160023,2.));
#13648=CARTESIAN_POINT('',(8.36803588406288,11.4325901160023,2.));
#13649=CARTESIAN_POINT('',(8.34755822009197,11.3723147207513,2.));
#13650=CARTESIAN_POINT('',(8.4075304423142,11.3723147207513,2.));
#13651=CARTESIAN_POINT('',(8.90075788969176,13.0000810190821,2.));
#13652=CARTESIAN_POINT('',(8.90075788969176,13.0000810190821,2.));
#13653=VECTOR('',#13654,1.);
#13654=DIRECTION('',(-0.321780959710315,-0.946814139083225,0.));
#13655=CARTESIAN_POINT('',(8.9815109219985,13.060356387418,2.));
#13656=CARTESIAN_POINT('',(8.9815109219985,13.060356387418,2.));
#13657=CARTESIAN_POINT('',(8.92123552674745,13.060356387418,2.));
#13658=CARTESIAN_POINT('',(8.90075788969176,13.0000810190821,2.));
#13659=CARTESIAN_POINT('',(9.40335597828734,13.060356387418,2.));
#13660=CARTESIAN_POINT('',(9.40335597828734,13.060356387418,2.));
#13661=VECTOR('',#13662,1.);
#13662=DIRECTION('',(-1.,0.,0.));
#13663=CARTESIAN_POINT('',(9.6242279459806,12.9548813494823,2.));
#13664=CARTESIAN_POINT('',(9.6242279459806,12.9548813494823,2.));
#13665=CARTESIAN_POINT('',(9.55400312463832,13.060356387418,2.));
#13666=CARTESIAN_POINT('',(9.40335597828734,13.060356387418,2.));
#13667=CARTESIAN_POINT('',(9.64324486717623,12.6987591651957,2.));
#13668=CARTESIAN_POINT('',(9.64324486717623,12.6987591651957,2.));
#13669=CARTESIAN_POINT('',(9.69445276732289,12.8494063115467,2.));
#13670=CARTESIAN_POINT('',(9.6242279459806,12.9548813494823,2.));
#13671=CARTESIAN_POINT('',(9.5613067039386,12.4576851722912,2.));
#13672=CARTESIAN_POINT('',(9.5613067039386,12.4576851722912,2.));
#13673=VECTOR('',#13674,1.);
#13674=DIRECTION('',(0.321807698587863,0.946805051280137,0.));
#13675=CARTESIAN_POINT('',(9.36331019634724,12.1985175309545,2.));
#13676=CARTESIAN_POINT('',(9.36331019634724,12.1985175309545,2.));
#13677=CARTESIAN_POINT('',(9.5076459122073,12.2997620078244,2.));
#13678=CARTESIAN_POINT('',(9.5613067039386,12.4576851722912,2.));
#13679=CARTESIAN_POINT('',(9.05981106272059,12.0972730540846,2.));
#13680=CARTESIAN_POINT('',(9.05981106272059,12.0972730540846,2.));
#13681=CARTESIAN_POINT('',(9.21897445357196,12.0972730540846,2.));
#13682=CARTESIAN_POINT('',(9.36331019634724,12.1985175309545,2.));
#13683=CARTESIAN_POINT('',(9.21439937770072,11.462796716589,2.));
#13684=VECTOR('',#13685,1.);
#13685=DIRECTION('',(-0.236722014273296,0.971577422524007,0.));
#13686=CARTESIAN_POINT('',(9.11691694867636,12.2172174985291,2.));
#13687=CARTESIAN_POINT('',(9.31219876034612,12.2872494184955,2.));
#13688=CARTESIAN_POINT('',(9.11691694867636,12.2172174985291,2.));
#13689=CARTESIAN_POINT('',(9.2171554423142,12.2172174985291,2.));
#13690=CARTESIAN_POINT('',(9.31219876034612,12.2872494184955,2.));
#13691=CARTESIAN_POINT('',(9.44130713712528,12.4574646828157,2.));
#13692=CARTESIAN_POINT('',(9.31219876034612,12.2872494184955,2.));
#13693=CARTESIAN_POINT('',(9.40724205146283,12.3572813115467,2.));
#13694=CARTESIAN_POINT('',(9.44130713712528,12.4574646828157,2.));
#13695=CARTESIAN_POINT('',(9.52335554510066,12.6989520934868,2.));
#13696=CARTESIAN_POINT('',(9.44130713712528,12.4574646828157,2.));
#13697=VECTOR('',#13698,1.);
#13698=DIRECTION('',(0.321701299232164,0.946841208478136,0.));
#13699=CARTESIAN_POINT('',(9.51018148734527,12.8697875113721,2.));
#13700=CARTESIAN_POINT('',(9.52335554510066,12.6989520934868,2.));
#13701=CARTESIAN_POINT('',(9.55742065767834,12.7991630528554,2.));
#13702=CARTESIAN_POINT('',(9.51018148734527,12.8697875113721,2.));
#13703=CARTESIAN_POINT('',(9.36270385028958,12.9404119429735,2.));
#13704=CARTESIAN_POINT('',(9.51018148734527,12.8697875113721,2.));
#13705=CARTESIAN_POINT('',(9.46294234392741,12.9404119429735,2.));
#13706=CARTESIAN_POINT('',(9.36270385028958,12.9404119429735,2.));
#13707=CARTESIAN_POINT('',(9.00041759845638,12.9404119429735,2.));
#13708=CARTESIAN_POINT('',(9.36270385028958,12.9404119429735,2.));
#13709=VECTOR('',#13710,1.);
#13710=DIRECTION('',(-1.,0.,0.));
#13711=CARTESIAN_POINT('',(8.75463072375838,12.2172174985291,2.));
#13712=CARTESIAN_POINT('',(9.00041759845638,12.9404119429735,2.));
#13713=VECTOR('',#13714,1.);
#13714=DIRECTION('',(-0.321786272253541,-0.946812333564139,0.));
#13715=CARTESIAN_POINT('',(8.75463072375838,12.2172174985291,2.));
#13716=VECTOR('',#13717,1.);
#13717=DIRECTION('',(1.,0.,0.));
#13718=CARTESIAN_POINT('',(9.21439937770072,11.462796716589,2.1));
#13719=CARTESIAN_POINT('',(9.21439937770072,11.462796716589,2.));
#13720=VECTOR('',#13721,1.);
#13721=DIRECTION('',(0.,0.,1.));
#13722=CARTESIAN_POINT('',(9.21255280525851,11.4314325731711,2.1));
#13723=CARTESIAN_POINT('',(9.21255280525851,11.4314325731711,2.1));
#13724=CARTESIAN_POINT('',(9.21787203310962,11.44711464488,2.1));
#13725=CARTESIAN_POINT('',(9.21439937770072,11.462796716589,2.1));
#13726=CARTESIAN_POINT('',(9.21255280525851,11.4314325731711,2.));
#13727=VECTOR('',#13728,1.);
#13728=DIRECTION('',(0.,0.,1.));
#13729=CARTESIAN_POINT('',(9.17987953249502,11.389802050041,2.1));
#13730=CARTESIAN_POINT('',(9.17987953249502,11.389802050041,2.1));
#13731=CARTESIAN_POINT('',(9.20433970687173,11.4072893524155,2.1));
#13732=CARTESIAN_POINT('',(9.21255280525851,11.4314325731711,2.1));
#13733=CARTESIAN_POINT('',(9.17987953249502,11.389802050041,2.));
#13734=VECTOR('',#13735,1.);
#13735=DIRECTION('',(0.,0.,1.));
#13736=CARTESIAN_POINT('',(9.13033905709171,11.3723147207513,2.1));
#13737=CARTESIAN_POINT('',(9.13033905709171,11.3723147207513,2.1));
#13738=CARTESIAN_POINT('',(9.15541933120308,11.3723147207513,2.1));
#13739=CARTESIAN_POINT('',(9.17987953249502,11.389802050041,2.1));
#13740=CARTESIAN_POINT('',(9.13033905709171,11.3723147207513,2.));
#13741=VECTOR('',#13742,1.);
#13742=DIRECTION('',(0.,0.,1.));
#13743=CARTESIAN_POINT('',(9.09158862390503,11.402466198969,2.1));
#13744=CARTESIAN_POINT('',(9.09158862390503,11.402466198969,2.1));
#13745=CARTESIAN_POINT('',(9.09925049860303,11.3723147207513,2.1));
#13746=CARTESIAN_POINT('',(9.13033905709171,11.3723147207513,2.1));
#13747=CARTESIAN_POINT('',(9.09158862390503,11.402466198969,2.));
#13748=VECTOR('',#13749,1.);
#13749=DIRECTION('',(0.,0.,1.));
#13750=CARTESIAN_POINT('',(8.92170406688292,12.0972730540846,2.1));
#13751=CARTESIAN_POINT('',(8.92170406688292,12.0972730540846,2.1));
#13752=VECTOR('',#13753,1.);
#13753=DIRECTION('',(0.237509660690038,-0.97138517647682,0.));
#13754=CARTESIAN_POINT('',(8.92170406688292,12.0972730540846,2.));
#13755=VECTOR('',#13756,1.);
#13756=DIRECTION('',(0.,0.,1.));
#13757=CARTESIAN_POINT('',(8.71386835102286,12.0972730540846,2.1));
#13758=CARTESIAN_POINT('',(8.71386835102286,12.0972730540846,2.1));
#13759=VECTOR('',#13760,1.);
#13760=DIRECTION('',(1.,0.,0.));
#13761=CARTESIAN_POINT('',(8.71386835102286,12.0972730540846,2.));
#13762=VECTOR('',#13763,1.);
#13763=DIRECTION('',(0.,0.,1.));
#13764=CARTESIAN_POINT('',(8.48800788969176,11.4326176771868,2.1));
#13765=CARTESIAN_POINT('',(8.48800788969176,11.4326176771868,2.1));
#13766=VECTOR('',#13767,1.);
#13767=DIRECTION('',(0.32174647572134,0.946825857991266,0.));
#13768=CARTESIAN_POINT('',(8.48800788969176,11.4326176771868,2.));
#13769=VECTOR('',#13770,1.);
#13770=DIRECTION('',(0.,0.,1.));
#13771=CARTESIAN_POINT('',(8.4075304423142,11.3723147207513,2.1));
#13772=CARTESIAN_POINT('',(8.4075304423142,11.3723147207513,2.1));
#13773=CARTESIAN_POINT('',(8.46750266453642,11.3723147207513,2.1));
#13774=CARTESIAN_POINT('',(8.48800788969176,11.4326176771868,2.1));
#13775=CARTESIAN_POINT('',(8.4075304423142,11.3723147207513,2.));
#13776=VECTOR('',#13777,1.);
#13777=DIRECTION('',(0.,0.,1.));
#13778=CARTESIAN_POINT('',(8.36803588406288,11.4325901160023,2.1));
#13779=CARTESIAN_POINT('',(8.36803588406288,11.4325901160023,2.1));
#13780=CARTESIAN_POINT('',(8.34755822009197,11.3723147207513,2.1));
#13781=CARTESIAN_POINT('',(8.4075304423142,11.3723147207513,2.1));
#13782=CARTESIAN_POINT('',(8.36803588406288,11.4325901160023,2.));
#13783=VECTOR('',#13784,1.);
#13784=DIRECTION('',(0.,0.,1.));
#13785=CARTESIAN_POINT('',(8.90075788969176,13.0000810190821,2.1));
#13786=CARTESIAN_POINT('',(8.90075788969176,13.0000810190821,2.1));
#13787=VECTOR('',#13788,1.);
#13788=DIRECTION('',(-0.321780959710315,-0.946814139083225,0.));
#13789=CARTESIAN_POINT('',(8.90075788969176,13.0000810190821,2.));
#13790=VECTOR('',#13791,1.);
#13791=DIRECTION('',(0.,0.,1.));
#13792=CARTESIAN_POINT('',(8.9815109219985,13.060356387418,2.1));
#13793=CARTESIAN_POINT('',(8.9815109219985,13.060356387418,2.1));
#13794=CARTESIAN_POINT('',(8.92123552674745,13.060356387418,2.1));
#13795=CARTESIAN_POINT('',(8.90075788969176,13.0000810190821,2.1));
#13796=CARTESIAN_POINT('',(8.9815109219985,13.060356387418,2.));
#13797=VECTOR('',#13798,1.);
#13798=DIRECTION('',(0.,0.,1.));
#13799=CARTESIAN_POINT('',(9.40335597828734,13.060356387418,2.1));
#13800=CARTESIAN_POINT('',(9.40335597828734,13.060356387418,2.1));
#13801=VECTOR('',#13802,1.);
#13802=DIRECTION('',(-1.,0.,0.));
#13803=CARTESIAN_POINT('',(9.40335597828734,13.060356387418,2.));
#13804=VECTOR('',#13805,1.);
#13805=DIRECTION('',(0.,0.,1.));
#13806=CARTESIAN_POINT('',(9.6242279459806,12.9548813494823,2.1));
#13807=CARTESIAN_POINT('',(9.6242279459806,12.9548813494823,2.1));
#13808=CARTESIAN_POINT('',(9.55400312463832,13.060356387418,2.1));
#13809=CARTESIAN_POINT('',(9.40335597828734,13.060356387418,2.1));
#13810=CARTESIAN_POINT('',(9.6242279459806,12.9548813494823,2.));
#13811=VECTOR('',#13812,1.);
#13812=DIRECTION('',(0.,0.,1.));
#13813=CARTESIAN_POINT('',(9.64324486717623,12.6987591651957,2.1));
#13814=CARTESIAN_POINT('',(9.64324486717623,12.6987591651957,2.1));
#13815=CARTESIAN_POINT('',(9.69445276732289,12.8494063115467,2.1));
#13816=CARTESIAN_POINT('',(9.6242279459806,12.9548813494823,2.1));
#13817=CARTESIAN_POINT('',(9.64324486717623,12.6987591651957,2.));
#13818=VECTOR('',#13819,1.);
#13819=DIRECTION('',(0.,0.,1.));
#13820=CARTESIAN_POINT('',(9.5613067039386,12.4576851722912,2.1));
#13821=CARTESIAN_POINT('',(9.5613067039386,12.4576851722912,2.1));
#13822=VECTOR('',#13823,1.);
#13823=DIRECTION('',(0.321807698587863,0.946805051280137,0.));
#13824=CARTESIAN_POINT('',(9.5613067039386,12.4576851722912,2.));
#13825=VECTOR('',#13826,1.);
#13826=DIRECTION('',(0.,0.,1.));
#13827=CARTESIAN_POINT('',(9.36331019634724,12.1985175309545,2.1));
#13828=CARTESIAN_POINT('',(9.36331019634724,12.1985175309545,2.1));
#13829=CARTESIAN_POINT('',(9.5076459122073,12.2997620078244,2.1));
#13830=CARTESIAN_POINT('',(9.5613067039386,12.4576851722912,2.1));
#13831=CARTESIAN_POINT('',(9.36331019634724,12.1985175309545,2.));
#13832=VECTOR('',#13833,1.);
#13833=DIRECTION('',(0.,0.,1.));
#13834=CARTESIAN_POINT('',(9.05981106272059,12.0972730540846,2.1));
#13835=CARTESIAN_POINT('',(9.05981106272059,12.0972730540846,2.1));
#13836=CARTESIAN_POINT('',(9.21897445357196,12.0972730540846,2.1));
#13837=CARTESIAN_POINT('',(9.36331019634724,12.1985175309545,2.1));
#13838=CARTESIAN_POINT('',(9.05981106272059,12.0972730540846,2.));
#13839=VECTOR('',#13840,1.);
#13840=DIRECTION('',(0.,0.,1.));
#13841=CARTESIAN_POINT('',(9.21439937770072,11.462796716589,2.1));
#13842=VECTOR('',#13843,1.);
#13843=DIRECTION('',(-0.236722014273296,0.971577422524007,0.));
#13844=CARTESIAN_POINT('',(9.31219876034612,12.2872494184955,2.1));
#13845=CARTESIAN_POINT('',(9.11691694867636,12.2172174985291,2.1));
#13846=CARTESIAN_POINT('',(9.11691694867636,12.2172174985291,2.1));
#13847=CARTESIAN_POINT('',(9.2171554423142,12.2172174985291,2.1));
#13848=CARTESIAN_POINT('',(9.31219876034612,12.2872494184955,2.1));
#13849=CARTESIAN_POINT('',(9.31219876034612,12.2872494184955,2.));
#13850=VECTOR('',#13851,1.);
#13851=DIRECTION('',(0.,0.,1.));
#13852=CARTESIAN_POINT('',(9.11691694867636,12.2172174985291,2.));
#13853=VECTOR('',#13854,1.);
#13854=DIRECTION('',(0.,0.,1.));
#13855=CARTESIAN_POINT('',(9.44130713712528,12.4574646828157,2.1));
#13856=CARTESIAN_POINT('',(9.31219876034612,12.2872494184955,2.1));
#13857=CARTESIAN_POINT('',(9.40724205146283,12.3572813115467,2.1));
#13858=CARTESIAN_POINT('',(9.44130713712528,12.4574646828157,2.1));
#13859=CARTESIAN_POINT('',(9.44130713712528,12.4574646828157,2.));
#13860=VECTOR('',#13861,1.);
#13861=DIRECTION('',(0.,0.,1.));
#13862=CARTESIAN_POINT('',(9.52335554510066,12.6989520934868,2.1));
#13863=CARTESIAN_POINT('',(9.44130713712528,12.4574646828157,2.1));
#13864=VECTOR('',#13865,1.);
#13865=DIRECTION('',(0.321701299232164,0.946841208478136,0.));
#13866=CARTESIAN_POINT('',(9.52335554510066,12.6989520934868,2.));
#13867=VECTOR('',#13868,1.);
#13868=DIRECTION('',(0.,0.,1.));
#13869=CARTESIAN_POINT('',(9.51018148734527,12.8697875113721,2.1));
#13870=CARTESIAN_POINT('',(9.52335554510066,12.6989520934868,2.1));
#13871=CARTESIAN_POINT('',(9.55742065767834,12.7991630528554,2.1));
#13872=CARTESIAN_POINT('',(9.51018148734527,12.8697875113721,2.1));
#13873=CARTESIAN_POINT('',(9.51018148734527,12.8697875113721,2.));
#13874=VECTOR('',#13875,1.);
#13875=DIRECTION('',(0.,0.,1.));
#13876=CARTESIAN_POINT('',(9.36270385028958,12.9404119429735,2.1));
#13877=CARTESIAN_POINT('',(9.51018148734527,12.8697875113721,2.1));
#13878=CARTESIAN_POINT('',(9.46294234392741,12.9404119429735,2.1));
#13879=CARTESIAN_POINT('',(9.36270385028958,12.9404119429735,2.1));
#13880=CARTESIAN_POINT('',(9.36270385028958,12.9404119429735,2.));
#13881=VECTOR('',#13882,1.);
#13882=DIRECTION('',(0.,0.,1.));
#13883=CARTESIAN_POINT('',(9.00041759845638,12.9404119429735,2.1));
#13884=CARTESIAN_POINT('',(9.36270385028958,12.9404119429735,2.1));
#13885=VECTOR('',#13886,1.);
#13886=DIRECTION('',(-1.,0.,0.));
#13887=CARTESIAN_POINT('',(9.00041759845638,12.9404119429735,2.));
#13888=VECTOR('',#13889,1.);
#13889=DIRECTION('',(0.,0.,1.));
#13890=CARTESIAN_POINT('',(8.75463072375838,12.2172174985291,2.1));
#13891=CARTESIAN_POINT('',(9.00041759845638,12.9404119429735,2.1));
#13892=VECTOR('',#13893,1.);
#13893=DIRECTION('',(-0.321786272253541,-0.946812333564139,0.));
#13894=CARTESIAN_POINT('',(8.75463072375838,12.2172174985291,2.));
#13895=VECTOR('',#13896,1.);
#13896=DIRECTION('',(0.,0.,1.));
#13897=CARTESIAN_POINT('',(8.75463072375838,12.2172174985291,2.1));
#13898=VECTOR('',#13899,1.);
#13899=DIRECTION('',(1.,0.,0.));
#13900=CARTESIAN_POINT('',(11.7293464566604,13.060356387418,2.));
#13901=CARTESIAN_POINT('',(11.648924158567,13.0001637026354,2.));
#13902=CARTESIAN_POINT('',(11.7293464566604,13.060356387418,2.));
#13903=CARTESIAN_POINT('',(11.6693742344382,13.060356387418,2.));
#13904=CARTESIAN_POINT('',(11.648924158567,13.0001637026354,2.));
#13905=CARTESIAN_POINT('',(11.768841041827,13.0000810190821,2.));
#13906=CARTESIAN_POINT('',(11.768841041827,13.0000810190821,2.));
#13907=CARTESIAN_POINT('',(11.7893186788827,13.060356387418,2.));
#13908=CARTESIAN_POINT('',(11.7293464566604,13.060356387418,2.));
#13909=CARTESIAN_POINT('',(11.2361190361981,11.4325901160023,2.));
#13910=CARTESIAN_POINT('',(11.2361190361981,11.4325901160023,2.));
#13911=VECTOR('',#13912,1.);
#13912=DIRECTION('',(0.321780959710315,0.946814139083225,0.));
#13913=CARTESIAN_POINT('',(11.1552281979692,11.3723147207513,2.));
#13914=CARTESIAN_POINT('',(11.1552281979692,11.3723147207513,2.));
#13915=CARTESIAN_POINT('',(11.2156413722272,11.3723147207513,2.));
#13916=CARTESIAN_POINT('',(11.2361190361981,11.4325901160023,2.));
#13917=CARTESIAN_POINT('',(10.733548508787,11.3723147207513,2.));
#13918=CARTESIAN_POINT('',(10.733548508787,11.3723147207513,2.));
#13919=VECTOR('',#13920,1.);
#13920=DIRECTION('',(1.,0.,0.));
#13921=CARTESIAN_POINT('',(10.5859606000783,11.4428978374913,2.));
#13922=CARTESIAN_POINT('',(10.5859606000783,11.4428978374913,2.));
#13923=CARTESIAN_POINT('',(10.6332548927802,11.3723147207513,2.));
#13924=CARTESIAN_POINT('',(10.733548508787,11.3723147207513,2.));
#13925=CARTESIAN_POINT('',(10.5726763245004,11.6136092300466,2.));
#13926=CARTESIAN_POINT('',(10.5726763245004,11.6136092300466,2.));
#13927=CARTESIAN_POINT('',(10.5386663342916,11.5134809542313,2.));
#13928=CARTESIAN_POINT('',(10.5859606000783,11.4428978374913,2.));
#13929=CARTESIAN_POINT('',(10.8187112767735,12.3375202383712,2.));
#13930=CARTESIAN_POINT('',(10.8187112767735,12.3375202383712,2.));
#13931=VECTOR('',#13932,1.);
#13932=DIRECTION('',(-0.321791600214764,-0.946810522771701,0.));
#13933=CARTESIAN_POINT('',(10.9475027268469,12.5082316309265,2.));
#13934=CARTESIAN_POINT('',(10.9475027268469,12.5082316309265,2.));
#13935=CARTESIAN_POINT('',(10.8527212400671,12.4376485141865,2.));
#13936=CARTESIAN_POINT('',(10.8187112767735,12.3375202383712,2.));
#13937=CARTESIAN_POINT('',(11.1439282738404,12.5788147207513,2.));
#13938=CARTESIAN_POINT('',(11.1439282738404,12.5788147207513,2.));
#13939=CARTESIAN_POINT('',(11.0422841867114,12.5788147207513,2.));
#13940=CARTESIAN_POINT('',(10.9475027268469,12.5082316309265,2.));
#13941=CARTESIAN_POINT('',(11.5057184243537,12.5788147207513,2.));
#13942=CARTESIAN_POINT('',(11.5057184243537,12.5788147207513,2.));
#13943=VECTOR('',#13944,1.);
#13944=DIRECTION('',(-1.,0.,0.));
#13945=CARTESIAN_POINT('',(11.648924158567,13.0001637026354,2.));
#13946=VECTOR('',#13947,1.);
#13947=DIRECTION('',(-0.321796138197096,-0.94680898043979,0.));
#13948=CARTESIAN_POINT('',(11.1023666536714,12.4588702763068,2.));
#13949=CARTESIAN_POINT('',(11.0041538532594,12.4232204494544,2.));
#13950=CARTESIAN_POINT('',(11.1023666536714,12.4588702763068,2.));
#13951=CARTESIAN_POINT('',(11.0526470305692,12.4588702763068,2.));
#13952=CARTESIAN_POINT('',(11.0041538532594,12.4232204494544,2.));
#13953=CARTESIAN_POINT('',(10.9388210614094,12.3380439008756,2.));
#13954=CARTESIAN_POINT('',(11.0041538532594,12.4232204494544,2.));
#13955=CARTESIAN_POINT('',(10.9556607028648,12.3875705956866,2.));
#13956=CARTESIAN_POINT('',(10.9388210614094,12.3380439008756,2.));
#13957=CARTESIAN_POINT('',(10.6924554018382,11.6130855675422,2.));
#13958=CARTESIAN_POINT('',(10.9388210614094,12.3380439008756,2.));
#13959=VECTOR('',#13960,1.);
#13960=DIRECTION('',(-0.321762042095121,-0.946820568147301,0.));
#13961=CARTESIAN_POINT('',(10.6998830333837,11.5279090189634,2.));
#13962=CARTESIAN_POINT('',(10.6924554018382,11.6130855675422,2.));
#13963=CARTESIAN_POINT('',(10.675615787298,11.5635588727311,2.));
#13964=CARTESIAN_POINT('',(10.6998830333837,11.5279090189634,2.));
#13965=CARTESIAN_POINT('',(10.7738699025714,11.4922591651957,2.));
#13966=CARTESIAN_POINT('',(10.6998830333837,11.5279090189634,2.));
#13967=CARTESIAN_POINT('',(10.7241502794693,11.4922591651957,2.));
#13968=CARTESIAN_POINT('',(10.7738699025714,11.4922591651957,2.));
#13969=CARTESIAN_POINT('',(11.1364593005183,11.4922591651957,2.));
#13970=CARTESIAN_POINT('',(10.7738699025714,11.4922591651957,2.));
#13971=VECTOR('',#13972,1.);
#13972=DIRECTION('',(1.,0.,0.));
#13973=CARTESIAN_POINT('',(11.4649560516182,12.4588702763068,2.));
#13974=CARTESIAN_POINT('',(11.1364593005183,11.4922591651957,2.));
#13975=VECTOR('',#13976,1.);
#13976=DIRECTION('',(0.321770125110498,0.946817821223478,0.));
#13977=CARTESIAN_POINT('',(11.4649560516182,12.4588702763068,2.));
#13978=VECTOR('',#13979,1.);
#13979=DIRECTION('',(-1.,0.,0.));
#13980=CARTESIAN_POINT('',(11.648924158567,13.0001637026354,2.1));
#13981=CARTESIAN_POINT('',(11.648924158567,13.0001637026354,2.));
#13982=VECTOR('',#13983,1.);
#13983=DIRECTION('',(0.,0.,1.));
#13984=CARTESIAN_POINT('',(11.7293464566604,13.060356387418,2.1));
#13985=CARTESIAN_POINT('',(11.7293464566604,13.060356387418,2.1));
#13986=CARTESIAN_POINT('',(11.6693742344382,13.060356387418,2.1));
#13987=CARTESIAN_POINT('',(11.648924158567,13.0001637026354,2.1));
#13988=CARTESIAN_POINT('',(11.7293464566604,13.060356387418,2.));
#13989=VECTOR('',#13990,1.);
#13990=DIRECTION('',(0.,0.,1.));
#13991=CARTESIAN_POINT('',(11.768841041827,13.0000810190821,2.1));
#13992=CARTESIAN_POINT('',(11.768841041827,13.0000810190821,2.1));
#13993=CARTESIAN_POINT('',(11.7893186788827,13.060356387418,2.1));
#13994=CARTESIAN_POINT('',(11.7293464566604,13.060356387418,2.1));
#13995=CARTESIAN_POINT('',(11.768841041827,13.0000810190821,2.));
#13996=VECTOR('',#13997,1.);
#13997=DIRECTION('',(0.,0.,1.));
#13998=CARTESIAN_POINT('',(11.2361190361981,11.4325901160023,2.1));
#13999=CARTESIAN_POINT('',(11.2361190361981,11.4325901160023,2.1));
#14000=VECTOR('',#14001,1.);
#14001=DIRECTION('',(0.321780959710315,0.946814139083225,0.));
#14002=CARTESIAN_POINT('',(11.2361190361981,11.4325901160023,2.));
#14003=VECTOR('',#14004,1.);
#14004=DIRECTION('',(0.,0.,1.));
#14005=CARTESIAN_POINT('',(11.1552281979692,11.3723147207513,2.1));
#14006=CARTESIAN_POINT('',(11.1552281979692,11.3723147207513,2.1));
#14007=CARTESIAN_POINT('',(11.2156413722272,11.3723147207513,2.1));
#14008=CARTESIAN_POINT('',(11.2361190361981,11.4325901160023,2.1));
#14009=CARTESIAN_POINT('',(11.1552281979692,11.3723147207513,2.));
#14010=VECTOR('',#14011,1.);
#14011=DIRECTION('',(0.,0.,1.));
#14012=CARTESIAN_POINT('',(10.733548508787,11.3723147207513,2.1));
#14013=CARTESIAN_POINT('',(10.733548508787,11.3723147207513,2.1));
#14014=VECTOR('',#14015,1.);
#14015=DIRECTION('',(1.,0.,0.));
#14016=CARTESIAN_POINT('',(10.733548508787,11.3723147207513,2.));
#14017=VECTOR('',#14018,1.);
#14018=DIRECTION('',(0.,0.,1.));
#14019=CARTESIAN_POINT('',(10.5859606000783,11.4428978374913,2.1));
#14020=CARTESIAN_POINT('',(10.5859606000783,11.4428978374913,2.1));
#14021=CARTESIAN_POINT('',(10.6332548927802,11.3723147207513,2.1));
#14022=CARTESIAN_POINT('',(10.733548508787,11.3723147207513,2.1));
#14023=CARTESIAN_POINT('',(10.5859606000783,11.4428978374913,2.));
#14024=VECTOR('',#14025,1.);
#14025=DIRECTION('',(0.,0.,1.));
#14026=CARTESIAN_POINT('',(10.5726763245004,11.6136092300466,2.1));
#14027=CARTESIAN_POINT('',(10.5726763245004,11.6136092300466,2.1));
#14028=CARTESIAN_POINT('',(10.5386663342916,11.5134809542313,2.1));
#14029=CARTESIAN_POINT('',(10.5859606000783,11.4428978374913,2.1));
#14030=CARTESIAN_POINT('',(10.5726763245004,11.6136092300466,2.));
#14031=VECTOR('',#14032,1.);
#14032=DIRECTION('',(0.,0.,1.));
#14033=CARTESIAN_POINT('',(10.8187112767735,12.3375202383712,2.1));
#14034=CARTESIAN_POINT('',(10.8187112767735,12.3375202383712,2.1));
#14035=VECTOR('',#14036,1.);
#14036=DIRECTION('',(-0.321791600214764,-0.946810522771701,0.));
#14037=CARTESIAN_POINT('',(10.8187112767735,12.3375202383712,2.));
#14038=VECTOR('',#14039,1.);
#14039=DIRECTION('',(0.,0.,1.));
#14040=CARTESIAN_POINT('',(10.9475027268469,12.5082316309265,2.1));
#14041=CARTESIAN_POINT('',(10.9475027268469,12.5082316309265,2.1));
#14042=CARTESIAN_POINT('',(10.8527212400671,12.4376485141865,2.1));
#14043=CARTESIAN_POINT('',(10.8187112767735,12.3375202383712,2.1));
#14044=CARTESIAN_POINT('',(10.9475027268469,12.5082316309265,2.));
#14045=VECTOR('',#14046,1.);
#14046=DIRECTION('',(0.,0.,1.));
#14047=CARTESIAN_POINT('',(11.1439282738404,12.5788147207513,2.1));
#14048=CARTESIAN_POINT('',(11.1439282738404,12.5788147207513,2.1));
#14049=CARTESIAN_POINT('',(11.0422841867114,12.5788147207513,2.1));
#14050=CARTESIAN_POINT('',(10.9475027268469,12.5082316309265,2.1));
#14051=CARTESIAN_POINT('',(11.1439282738404,12.5788147207513,2.));
#14052=VECTOR('',#14053,1.);
#14053=DIRECTION('',(0.,0.,1.));
#14054=CARTESIAN_POINT('',(11.5057184243537,12.5788147207513,2.1));
#14055=CARTESIAN_POINT('',(11.5057184243537,12.5788147207513,2.1));
#14056=VECTOR('',#14057,1.);
#14057=DIRECTION('',(-1.,0.,0.));
#14058=CARTESIAN_POINT('',(11.5057184243537,12.5788147207513,2.));
#14059=VECTOR('',#14060,1.);
#14060=DIRECTION('',(0.,0.,1.));
#14061=CARTESIAN_POINT('',(11.648924158567,13.0001637026354,2.1));
#14062=VECTOR('',#14063,1.);
#14063=DIRECTION('',(-0.321796138197096,-0.94680898043979,0.));
#14064=CARTESIAN_POINT('',(11.0041538532594,12.4232204494544,2.1));
#14065=CARTESIAN_POINT('',(11.1023666536714,12.4588702763068,2.1));
#14066=CARTESIAN_POINT('',(11.1023666536714,12.4588702763068,2.1));
#14067=CARTESIAN_POINT('',(11.0526470305692,12.4588702763068,2.1));
#14068=CARTESIAN_POINT('',(11.0041538532594,12.4232204494544,2.1));
#14069=CARTESIAN_POINT('',(11.0041538532594,12.4232204494544,2.));
#14070=VECTOR('',#14071,1.);
#14071=DIRECTION('',(0.,0.,1.));
#14072=CARTESIAN_POINT('',(11.1023666536714,12.4588702763068,2.));
#14073=VECTOR('',#14074,1.);
#14074=DIRECTION('',(0.,0.,1.));
#14075=CARTESIAN_POINT('',(10.9388210614094,12.3380439008756,2.1));
#14076=CARTESIAN_POINT('',(11.0041538532594,12.4232204494544,2.1));
#14077=CARTESIAN_POINT('',(10.9556607028648,12.3875705956866,2.1));
#14078=CARTESIAN_POINT('',(10.9388210614094,12.3380439008756,2.1));
#14079=CARTESIAN_POINT('',(10.9388210614094,12.3380439008756,2.));
#14080=VECTOR('',#14081,1.);
#14081=DIRECTION('',(0.,0.,1.));
#14082=CARTESIAN_POINT('',(10.6924554018382,11.6130855675422,2.1));
#14083=CARTESIAN_POINT('',(10.9388210614094,12.3380439008756,2.1));
#14084=VECTOR('',#14085,1.);
#14085=DIRECTION('',(-0.321762042095121,-0.946820568147301,0.));
#14086=CARTESIAN_POINT('',(10.6924554018382,11.6130855675422,2.));
#14087=VECTOR('',#14088,1.);
#14088=DIRECTION('',(0.,0.,1.));
#14089=CARTESIAN_POINT('',(10.6998830333837,11.5279090189634,2.1));
#14090=CARTESIAN_POINT('',(10.6924554018382,11.6130855675422,2.1));
#14091=CARTESIAN_POINT('',(10.675615787298,11.5635588727311,2.1));
#14092=CARTESIAN_POINT('',(10.6998830333837,11.5279090189634,2.1));
#14093=CARTESIAN_POINT('',(10.6998830333837,11.5279090189634,2.));
#14094=VECTOR('',#14095,1.);
#14095=DIRECTION('',(0.,0.,1.));
#14096=CARTESIAN_POINT('',(10.7738699025714,11.4922591651957,2.1));
#14097=CARTESIAN_POINT('',(10.6998830333837,11.5279090189634,2.1));
#14098=CARTESIAN_POINT('',(10.7241502794693,11.4922591651957,2.1));
#14099=CARTESIAN_POINT('',(10.7738699025714,11.4922591651957,2.1));
#14100=CARTESIAN_POINT('',(10.7738699025714,11.4922591651957,2.));
#14101=VECTOR('',#14102,1.);
#14102=DIRECTION('',(0.,0.,1.));
#14103=CARTESIAN_POINT('',(11.1364593005183,11.4922591651957,2.1));
#14104=CARTESIAN_POINT('',(10.7738699025714,11.4922591651957,2.1));
#14105=VECTOR('',#14106,1.);
#14106=DIRECTION('',(1.,0.,0.));
#14107=CARTESIAN_POINT('',(11.1364593005183,11.4922591651957,2.));
#14108=VECTOR('',#14109,1.);
#14109=DIRECTION('',(0.,0.,1.));
#14110=CARTESIAN_POINT('',(11.4649560516182,12.4588702763068,2.1));
#14111=CARTESIAN_POINT('',(11.1364593005183,11.4922591651957,2.1));
#14112=VECTOR('',#14113,1.);
#14113=DIRECTION('',(0.321770125110498,0.946817821223478,0.));
#14114=CARTESIAN_POINT('',(11.4649560516182,12.4588702763068,2.));
#14115=VECTOR('',#14116,1.);
#14116=DIRECTION('',(0.,0.,1.));
#14117=CARTESIAN_POINT('',(11.4649560516182,12.4588702763068,2.1));
#14118=VECTOR('',#14119,1.);
#14119=DIRECTION('',(-1.,0.,0.));
#14120=CARTESIAN_POINT('',(13.3629003112882,12.4588702763068,2.));
#14121=CARTESIAN_POINT('',(13.7244975335105,12.4588702763068,2.));
#14122=CARTESIAN_POINT('',(13.3629003112882,12.4588702763068,2.));
#14123=VECTOR('',#14124,1.);
#14124=DIRECTION('',(1.,0.,0.));
#14125=CARTESIAN_POINT('',(13.7244975335105,12.4588702763068,2.1));
#14126=CARTESIAN_POINT('',(13.7244975335105,12.4588702763068,2.));
#14127=VECTOR('',#14128,1.);
#14128=DIRECTION('',(0.,0.,1.));
#14129=CARTESIAN_POINT('',(13.3629003112882,12.4588702763068,2.1));
#14130=CARTESIAN_POINT('',(13.3629003112882,12.4588702763068,2.1));
#14131=VECTOR('',#14132,1.);
#14132=DIRECTION('',(1.,0.,0.));
#14133=CARTESIAN_POINT('',(13.3629003112882,12.4588702763068,2.));
#14134=VECTOR('',#14135,1.);
#14135=DIRECTION('',(0.,0.,1.));
#14136=CARTESIAN_POINT('',(13.0145873915592,11.4339681752243,2.));
#14137=CARTESIAN_POINT('',(13.0145873915592,11.4339681752243,2.));
#14138=VECTOR('',#14139,1.);
#14139=DIRECTION('',(0.321775375351899,0.94681603694548,0.));
#14140=CARTESIAN_POINT('',(12.934137505366,11.3736652187888,2.));
#14141=CARTESIAN_POINT('',(12.934137505366,11.3736652187888,2.));
#14142=CARTESIAN_POINT('',(12.9941097275883,11.3736652187888,2.));
#14143=CARTESIAN_POINT('',(13.0145873915592,11.4339681752243,2.));
#14144=CARTESIAN_POINT('',(12.8946429471147,11.4339681752243,2.));
#14145=CARTESIAN_POINT('',(12.8946429471147,11.4339681752243,2.));
#14146=CARTESIAN_POINT('',(12.8741652831438,11.3736652187888,2.));
#14147=CARTESIAN_POINT('',(12.934137505366,11.3736652187888,2.));
#14148=CARTESIAN_POINT('',(13.2627445012037,12.5170786096402,2.));
#14149=CARTESIAN_POINT('',(13.2627445012037,12.5170786096402,2.));
#14150=VECTOR('',#14151,1.);
#14151=DIRECTION('',(-0.32178049701949,-0.946814296331593,0.));
#14152=CARTESIAN_POINT('',(13.3439385124615,12.5788147207513,2.));
#14153=CARTESIAN_POINT('',(13.3439385124615,12.5788147207513,2.));
#14154=CARTESIAN_POINT('',(13.2837182395793,12.5788147207513,2.));
#14155=CARTESIAN_POINT('',(13.2627445012037,12.5170786096402,2.));
#14156=CARTESIAN_POINT('',(14.1268571284682,12.5788147207513,2.));
#14157=CARTESIAN_POINT('',(14.1268571284682,12.5788147207513,2.));
#14158=VECTOR('',#14159,1.);
#14159=DIRECTION('',(-1.,0.,0.));
#14160=CARTESIAN_POINT('',(14.2730256361782,12.5076115042766,2.));
#14161=CARTESIAN_POINT('',(14.2730256361782,12.5076115042766,2.));
#14162=CARTESIAN_POINT('',(14.2259380792748,12.5788147207513,2.));
#14163=CARTESIAN_POINT('',(14.1268571284682,12.5788147207513,2.));
#14164=CARTESIAN_POINT('',(14.2864890863702,12.3374375548179,2.));
#14165=CARTESIAN_POINT('',(14.2864890863702,12.3374375548179,2.));
#14166=CARTESIAN_POINT('',(14.3201131930817,12.4364082608868,2.));
#14167=CARTESIAN_POINT('',(14.2730256361782,12.5076115042766,2.));
#14168=CARTESIAN_POINT('',(13.9788833900926,11.4322869429735,2.));
#14169=CARTESIAN_POINT('',(13.9788833900926,11.4322869429735,2.));
#14170=VECTOR('',#14171,1.);
#14171=DIRECTION('',(0.32176629177557,0.946819123949764,0.));
#14172=CARTESIAN_POINT('',(13.8985161874528,11.3723147207513,2.));
#14173=CARTESIAN_POINT('',(13.8985161874528,11.3723147207513,2.));
#14174=CARTESIAN_POINT('',(13.958488409675,11.3723147207513,2.));
#14175=CARTESIAN_POINT('',(13.9788833900926,11.4322869429735,2.));
#14176=CARTESIAN_POINT('',(13.8590491903859,11.4326727995557,2.));
#14177=CARTESIAN_POINT('',(13.8590491903859,11.4326727995557,2.));
#14178=CARTESIAN_POINT('',(13.8385439652306,11.3723147207513,2.));
#14179=CARTESIAN_POINT('',(13.8985161874528,11.3723147207513,2.));
#14180=CARTESIAN_POINT('',(14.1667651044861,12.3381541456133,2.));
#14181=CARTESIAN_POINT('',(14.1667651044861,12.3381541456133,2.));
#14182=VECTOR('',#14183,1.);
#14183=DIRECTION('',(-0.321764249530984,-0.946819817982156,0.));
#14184=CARTESIAN_POINT('',(14.1599713801827,12.423261791231,2.));
#14185=CARTESIAN_POINT('',(14.1599713801827,12.423261791231,2.));
#14186=CARTESIAN_POINT('',(14.1836047459415,12.38765327924,2.));
#14187=CARTESIAN_POINT('',(14.1667651044861,12.3381541456133,2.));
#14188=CARTESIAN_POINT('',(14.0866735406059,12.4588702763068,2.));
#14189=CARTESIAN_POINT('',(14.0866735406059,12.4588702763068,2.));
#14190=CARTESIAN_POINT('',(14.1363380413392,12.4588702763068,2.));
#14191=CARTESIAN_POINT('',(14.1599713801827,12.423261791231,2.));
#14192=CARTESIAN_POINT('',(13.8444419779549,12.4588702763068,2.));
#14193=CARTESIAN_POINT('',(13.8444419779549,12.4588702763068,2.));
#14194=VECTOR('',#14195,1.);
#14195=DIRECTION('',(1.,0.,0.));
#14196=CARTESIAN_POINT('',(13.4956880792748,11.4326727995557,2.));
#14197=CARTESIAN_POINT('',(13.4956880792748,11.4326727995557,2.));
#14198=VECTOR('',#14199,1.);
#14199=DIRECTION('',(0.321775992052756,0.946815827359505,0.));
#14200=CARTESIAN_POINT('',(13.4152106318972,11.3723147207513,2.));
#14201=CARTESIAN_POINT('',(13.4152106318972,11.3723147207513,2.));
#14202=CARTESIAN_POINT('',(13.4751828541195,11.3723147207513,2.));
#14203=CARTESIAN_POINT('',(13.4956880792748,11.4326727995557,2.));
#14204=CARTESIAN_POINT('',(13.3757436348304,11.4326727995557,2.));
#14205=CARTESIAN_POINT('',(13.3757436348304,11.4326727995557,2.));
#14206=CARTESIAN_POINT('',(13.355238409675,11.3723147207513,2.));
#14207=CARTESIAN_POINT('',(13.4152106318972,11.3723147207513,2.));
#14208=CARTESIAN_POINT('',(13.7244975335105,12.4588702763068,2.));
#14209=VECTOR('',#14210,1.);
#14210=DIRECTION('',(-0.321775992052755,-0.946815827359506,0.));
#14211=CARTESIAN_POINT('',(13.3757436348304,11.4326727995557,2.1));
#14212=CARTESIAN_POINT('',(13.3757436348304,11.4326727995557,2.));
#14213=VECTOR('',#14214,1.);
#14214=DIRECTION('',(0.,0.,1.));
#14215=CARTESIAN_POINT('',(13.7244975335105,12.4588702763068,2.1));
#14216=VECTOR('',#14217,1.);
#14217=DIRECTION('',(-0.321775992052755,-0.946815827359506,0.));
#14218=CARTESIAN_POINT('',(13.4152106318972,11.3723147207513,2.1));
#14219=CARTESIAN_POINT('',(13.3757436348304,11.4326727995557,2.1));
#14220=CARTESIAN_POINT('',(13.355238409675,11.3723147207513,2.1));
#14221=CARTESIAN_POINT('',(13.4152106318972,11.3723147207513,2.1));
#14222=CARTESIAN_POINT('',(13.4956880792748,11.4326727995557,2.1));
#14223=CARTESIAN_POINT('',(13.4152106318972,11.3723147207513,2.1));
#14224=CARTESIAN_POINT('',(13.4751828541195,11.3723147207513,2.1));
#14225=CARTESIAN_POINT('',(13.4956880792748,11.4326727995557,2.1));
#14226=CARTESIAN_POINT('',(13.8444419779549,12.4588702763068,2.1));
#14227=CARTESIAN_POINT('',(13.4956880792748,11.4326727995557,2.1));
#14228=VECTOR('',#14229,1.);
#14229=DIRECTION('',(0.321775992052756,0.946815827359505,0.));
#14230=CARTESIAN_POINT('',(14.0866735406059,12.4588702763068,2.1));
#14231=CARTESIAN_POINT('',(13.8444419779549,12.4588702763068,2.1));
#14232=VECTOR('',#14233,1.);
#14233=DIRECTION('',(1.,0.,0.));
#14234=CARTESIAN_POINT('',(14.1599713801827,12.423261791231,2.1));
#14235=CARTESIAN_POINT('',(14.0866735406059,12.4588702763068,2.1));
#14236=CARTESIAN_POINT('',(14.1363380413392,12.4588702763068,2.1));
#14237=CARTESIAN_POINT('',(14.1599713801827,12.423261791231,2.1));
#14238=CARTESIAN_POINT('',(14.1667651044861,12.3381541456133,2.1));
#14239=CARTESIAN_POINT('',(14.1599713801827,12.423261791231,2.1));
#14240=CARTESIAN_POINT('',(14.1836047459415,12.38765327924,2.1));
#14241=CARTESIAN_POINT('',(14.1667651044861,12.3381541456133,2.1));
#14242=CARTESIAN_POINT('',(13.8590491903859,11.4326727995557,2.1));
#14243=CARTESIAN_POINT('',(14.1667651044861,12.3381541456133,2.1));
#14244=VECTOR('',#14245,1.);
#14245=DIRECTION('',(-0.321764249530984,-0.946819817982156,0.));
#14246=CARTESIAN_POINT('',(13.8985161874528,11.3723147207513,2.1));
#14247=CARTESIAN_POINT('',(13.8590491903859,11.4326727995557,2.1));
#14248=CARTESIAN_POINT('',(13.8385439652306,11.3723147207513,2.1));
#14249=CARTESIAN_POINT('',(13.8985161874528,11.3723147207513,2.1));
#14250=CARTESIAN_POINT('',(13.9788833900926,11.4322869429735,2.1));
#14251=CARTESIAN_POINT('',(13.8985161874528,11.3723147207513,2.1));
#14252=CARTESIAN_POINT('',(13.958488409675,11.3723147207513,2.1));
#14253=CARTESIAN_POINT('',(13.9788833900926,11.4322869429735,2.1));
#14254=CARTESIAN_POINT('',(14.2864890863702,12.3374375548179,2.1));
#14255=CARTESIAN_POINT('',(13.9788833900926,11.4322869429735,2.1));
#14256=VECTOR('',#14257,1.);
#14257=DIRECTION('',(0.32176629177557,0.946819123949764,0.));
#14258=CARTESIAN_POINT('',(14.2730256361782,12.5076115042766,2.1));
#14259=CARTESIAN_POINT('',(14.2864890863702,12.3374375548179,2.1));
#14260=CARTESIAN_POINT('',(14.3201131930817,12.4364082608868,2.1));
#14261=CARTESIAN_POINT('',(14.2730256361782,12.5076115042766,2.1));
#14262=CARTESIAN_POINT('',(14.1268571284682,12.5788147207513,2.1));
#14263=CARTESIAN_POINT('',(14.2730256361782,12.5076115042766,2.1));
#14264=CARTESIAN_POINT('',(14.2259380792748,12.5788147207513,2.1));
#14265=CARTESIAN_POINT('',(14.1268571284682,12.5788147207513,2.1));
#14266=CARTESIAN_POINT('',(13.3439385124615,12.5788147207513,2.1));
#14267=CARTESIAN_POINT('',(14.1268571284682,12.5788147207513,2.1));
#14268=VECTOR('',#14269,1.);
#14269=DIRECTION('',(-1.,0.,0.));
#14270=CARTESIAN_POINT('',(13.2627445012037,12.5170786096402,2.1));
#14271=CARTESIAN_POINT('',(13.3439385124615,12.5788147207513,2.1));
#14272=CARTESIAN_POINT('',(13.2837182395793,12.5788147207513,2.1));
#14273=CARTESIAN_POINT('',(13.2627445012037,12.5170786096402,2.1));
#14274=CARTESIAN_POINT('',(12.8946429471147,11.4339681752243,2.1));
#14275=CARTESIAN_POINT('',(13.2627445012037,12.5170786096402,2.1));
#14276=VECTOR('',#14277,1.);
#14277=DIRECTION('',(-0.32178049701949,-0.946814296331593,0.));
#14278=CARTESIAN_POINT('',(12.934137505366,11.3736652187888,2.1));
#14279=CARTESIAN_POINT('',(12.8946429471147,11.4339681752243,2.1));
#14280=CARTESIAN_POINT('',(12.8741652831438,11.3736652187888,2.1));
#14281=CARTESIAN_POINT('',(12.934137505366,11.3736652187888,2.1));
#14282=CARTESIAN_POINT('',(13.0145873915592,11.4339681752243,2.1));
#14283=CARTESIAN_POINT('',(12.934137505366,11.3736652187888,2.1));
#14284=CARTESIAN_POINT('',(12.9941097275883,11.3736652187888,2.1));
#14285=CARTESIAN_POINT('',(13.0145873915592,11.4339681752243,2.1));
#14286=CARTESIAN_POINT('',(13.0145873915592,11.4339681752243,2.1));
#14287=VECTOR('',#14288,1.);
#14288=DIRECTION('',(0.321775375351899,0.94681603694548,0.));
#14289=CARTESIAN_POINT('',(13.0145873915592,11.4339681752243,2.));
#14290=VECTOR('',#14291,1.);
#14291=DIRECTION('',(0.,0.,1.));
#14292=CARTESIAN_POINT('',(12.934137505366,11.3736652187888,2.));
#14293=VECTOR('',#14294,1.);
#14294=DIRECTION('',(0.,0.,1.));
#14295=CARTESIAN_POINT('',(12.8946429471147,11.4339681752243,2.));
#14296=VECTOR('',#14297,1.);
#14297=DIRECTION('',(0.,0.,1.));
#14298=CARTESIAN_POINT('',(13.2627445012037,12.5170786096402,2.));
#14299=VECTOR('',#14300,1.);
#14300=DIRECTION('',(0.,0.,1.));
#14301=CARTESIAN_POINT('',(13.3439385124615,12.5788147207513,2.));
#14302=VECTOR('',#14303,1.);
#14303=DIRECTION('',(0.,0.,1.));
#14304=CARTESIAN_POINT('',(14.1268571284682,12.5788147207513,2.));
#14305=VECTOR('',#14306,1.);
#14306=DIRECTION('',(0.,0.,1.));
#14307=CARTESIAN_POINT('',(14.2730256361782,12.5076115042766,2.));
#14308=VECTOR('',#14309,1.);
#14309=DIRECTION('',(0.,0.,1.));
#14310=CARTESIAN_POINT('',(14.2864890863702,12.3374375548179,2.));
#14311=VECTOR('',#14312,1.);
#14312=DIRECTION('',(0.,0.,1.));
#14313=CARTESIAN_POINT('',(13.9788833900926,11.4322869429735,2.));
#14314=VECTOR('',#14315,1.);
#14315=DIRECTION('',(0.,0.,1.));
#14316=CARTESIAN_POINT('',(13.8985161874528,11.3723147207513,2.));
#14317=VECTOR('',#14318,1.);
#14318=DIRECTION('',(0.,0.,1.));
#14319=CARTESIAN_POINT('',(13.8590491903859,11.4326727995557,2.));
#14320=VECTOR('',#14321,1.);
#14321=DIRECTION('',(0.,0.,1.));
#14322=CARTESIAN_POINT('',(14.1667651044861,12.3381541456133,2.));
#14323=VECTOR('',#14324,1.);
#14324=DIRECTION('',(0.,0.,1.));
#14325=CARTESIAN_POINT('',(14.1599713801827,12.423261791231,2.));
#14326=VECTOR('',#14327,1.);
#14327=DIRECTION('',(0.,0.,1.));
#14328=CARTESIAN_POINT('',(14.0866735406059,12.4588702763068,2.));
#14329=VECTOR('',#14330,1.);
#14330=DIRECTION('',(0.,0.,1.));
#14331=CARTESIAN_POINT('',(13.8444419779549,12.4588702763068,2.));
#14332=VECTOR('',#14333,1.);
#14333=DIRECTION('',(0.,0.,1.));
#14334=CARTESIAN_POINT('',(13.4956880792748,11.4326727995557,2.));
#14335=VECTOR('',#14336,1.);
#14336=DIRECTION('',(0.,0.,1.));
#14337=CARTESIAN_POINT('',(13.4152106318972,11.3723147207513,2.));
#14338=VECTOR('',#14339,1.);
#14339=DIRECTION('',(0.,0.,1.));
#14340=CARTESIAN_POINT('',(10.1685804705027,11.4530953411577,2.));
#14341=CARTESIAN_POINT('',(10.2665038784781,11.3687869429735,2.));
#14342=CARTESIAN_POINT('',(10.1685804705027,11.4530953411577,2.));
#14343=CARTESIAN_POINT('',(10.2146620710893,11.3687869429735,2.));
#14344=CARTESIAN_POINT('',(10.2665038784781,11.3687869429735,2.));
#14345=CARTESIAN_POINT('',(9.96033133687607,11.3723147207513,2.));
#14346=CARTESIAN_POINT('',(9.96033133687607,11.3723147207513,2.));
#14347=CARTESIAN_POINT('',(10.0700231822005,11.3723147207513,2.));
#14348=CARTESIAN_POINT('',(10.1685804705027,11.4530953411577,2.));
#14349=CARTESIAN_POINT('',(9.71928490515596,11.3723147207513,2.));
#14350=CARTESIAN_POINT('',(9.71928490515596,11.3723147207513,2.));
#14351=VECTOR('',#14352,1.);
#14352=DIRECTION('',(1.,0.,0.));
#14353=CARTESIAN_POINT('',(9.57271676027154,11.4428978374913,2.));
#14354=CARTESIAN_POINT('',(9.57271676027154,11.4428978374913,2.));
#14355=CARTESIAN_POINT('',(9.6192393398092,11.3723147207513,2.));
#14356=CARTESIAN_POINT('',(9.71928490515596,11.3723147207513,2.));
#14357=CARTESIAN_POINT('',(9.56020417094269,11.6136092300466,2.));
#14358=CARTESIAN_POINT('',(9.56020417094269,11.6136092300466,2.));
#14359=CARTESIAN_POINT('',(9.52619418073389,11.5134809542313,2.));
#14360=CARTESIAN_POINT('',(9.57271676027154,11.4428978374913,2.));
#14361=CARTESIAN_POINT('',(9.80623912321586,12.3375202383712,2.));
#14362=CARTESIAN_POINT('',(9.80623912321586,12.3375202383712,2.));
#14363=VECTOR('',#14364,1.);
#14364=DIRECTION('',(-0.321791600214764,-0.946810522771701,0.));
#14365=CARTESIAN_POINT('',(9.93515457170394,12.5076252848688,2.));
#14366=CARTESIAN_POINT('',(9.93515457170394,12.5076252848688,2.));
#14367=CARTESIAN_POINT('',(9.83983566874284,12.4364358220712,2.));
#14368=CARTESIAN_POINT('',(9.80623912321586,12.3375202383712,2.));
#14369=CARTESIAN_POINT('',(10.1293063748117,12.5788147207513,2.));
#14370=CARTESIAN_POINT('',(10.1293063748117,12.5788147207513,2.));
#14371=CARTESIAN_POINT('',(10.030473474665,12.5788147207513,2.));
#14372=CARTESIAN_POINT('',(9.93515457170394,12.5076252848688,2.));
#14373=CARTESIAN_POINT('',(10.5511514311005,12.5788147207513,2.));
#14374=CARTESIAN_POINT('',(10.5511514311005,12.5788147207513,2.));
#14375=VECTOR('',#14376,1.);
#14376=DIRECTION('',(-1.,0.,0.));
#14377=CARTESIAN_POINT('',(10.5909216281115,12.5184842300466,2.));
#14378=CARTESIAN_POINT('',(10.5909216281115,12.5184842300466,2.));
#14379=CARTESIAN_POINT('',(10.6114268263516,12.5788147207513,2.));
#14380=CARTESIAN_POINT('',(10.5511514311005,12.5788147207513,2.));
#14381=CARTESIAN_POINT('',(10.2825993410384,11.6112665562845,2.));
#14382=CARTESIAN_POINT('',(10.2825993410384,11.6112665562845,2.));
#14383=VECTOR('',#14384,1.);
#14384=DIRECTION('',(0.321779504245813,0.94681463373108,0.));
#14385=CARTESIAN_POINT('',(10.3227829558159,11.4882077518288,2.));
#14386=CARTESIAN_POINT('',(10.3227829558159,11.4882077518288,2.));
#14387=CARTESIAN_POINT('',(10.2518691048626,11.5207845604468,2.));
#14388=CARTESIAN_POINT('',(10.2825993410384,11.6112665562845,2.));
#14389=CARTESIAN_POINT('',(10.3469261765716,11.4315152567244,2.));
#14390=CARTESIAN_POINT('',(10.3469261765716,11.4315152567244,2.));
#14391=CARTESIAN_POINT('',(10.3604585028095,11.471340549189,2.));
#14392=CARTESIAN_POINT('',(10.3227829558159,11.4882077518288,2.));
#14393=CARTESIAN_POINT('',(10.2665038784781,11.3687869429735,2.));
#14394=CARTESIAN_POINT('',(10.3255941427983,11.3687869429735,2.));
#14395=CARTESIAN_POINT('',(10.3469261765716,11.4315152567244,2.));
#14396=CARTESIAN_POINT('',(10.4507200091716,12.4588702763068,2.));
#14397=CARTESIAN_POINT('',(10.0882408559626,12.4588702763068,2.));
#14398=CARTESIAN_POINT('',(10.4507200091716,12.4588702763068,2.));
#14399=VECTOR('',#14400,1.);
#14400=DIRECTION('',(-1.,0.,0.));
#14401=CARTESIAN_POINT('',(9.99095135522929,12.4232204494544,2.));
#14402=CARTESIAN_POINT('',(10.0882408559626,12.4588702763068,2.));
#14403=CARTESIAN_POINT('',(10.0387141611515,12.4588702763068,2.));
#14404=CARTESIAN_POINT('',(9.99095135522929,12.4232204494544,2.));
#14405=CARTESIAN_POINT('',(9.92634890785172,12.3380439008756,2.));
#14406=CARTESIAN_POINT('',(9.99095135522929,12.4232204494544,2.));
#14407=CARTESIAN_POINT('',(9.94318854930709,12.3875705956866,2.));
#14408=CARTESIAN_POINT('',(9.92634890785172,12.3380439008756,2.));
#14409=CARTESIAN_POINT('',(9.6799832482805,11.6130855675422,2.));
#14410=CARTESIAN_POINT('',(9.92634890785172,12.3380439008756,2.));
#14411=VECTOR('',#14412,1.);
#14412=DIRECTION('',(-0.321762042095121,-0.946820568147301,0.));
#14413=CARTESIAN_POINT('',(9.68668050843834,11.5279090189634,2.));
#14414=CARTESIAN_POINT('',(9.6799832482805,11.6130855675422,2.));
#14415=CARTESIAN_POINT('',(9.66314363374034,11.5635588727311,2.));
#14416=CARTESIAN_POINT('',(9.68668050843834,11.5279090189634,2.));
#14417=CARTESIAN_POINT('',(9.75974410486264,11.4922591651957,2.));
#14418=CARTESIAN_POINT('',(9.68668050843834,11.5279090189634,2.));
#14419=CARTESIAN_POINT('',(9.71021741005156,11.4922591651957,2.));
#14420=CARTESIAN_POINT('',(9.75974410486264,11.4922591651957,2.));
#14421=CARTESIAN_POINT('',(10.0013968826404,11.4922591651957,2.));
#14422=CARTESIAN_POINT('',(9.75974410486264,11.4922591651957,2.));
#14423=VECTOR('',#14424,1.);
#14424=DIRECTION('',(1.,0.,0.));
#14425=CARTESIAN_POINT('',(10.0986863833737,11.5279090189634,2.));
#14426=CARTESIAN_POINT('',(10.0013968826404,11.4922591651957,2.));
#14427=CARTESIAN_POINT('',(10.0509235774515,11.4922591651957,2.));
#14428=CARTESIAN_POINT('',(10.0986863833737,11.5279090189634,2.));
#14429=CARTESIAN_POINT('',(10.1632888038361,11.6130855675422,2.));
#14430=CARTESIAN_POINT('',(10.0986863833737,11.5279090189634,2.));
#14431=CARTESIAN_POINT('',(10.1464491892959,11.5635588727311,2.));
#14432=CARTESIAN_POINT('',(10.1632888038361,11.6130855675422,2.));
#14433=CARTESIAN_POINT('',(10.1632888038361,11.6130855675422,2.));
#14434=VECTOR('',#14435,1.);
#14435=DIRECTION('',(0.32176666555935,0.946818996923286,0.));
#14436=CARTESIAN_POINT('',(10.2665038784781,11.3687869429735,2.1));
#14437=CARTESIAN_POINT('',(10.2665038784781,11.3687869429735,2.));
#14438=VECTOR('',#14439,1.);
#14439=DIRECTION('',(0.,0.,1.));
#14440=CARTESIAN_POINT('',(10.1685804705027,11.4530953411577,2.1));
#14441=CARTESIAN_POINT('',(10.1685804705027,11.4530953411577,2.1));
#14442=CARTESIAN_POINT('',(10.2146620710893,11.3687869429735,2.1));
#14443=CARTESIAN_POINT('',(10.2665038784781,11.3687869429735,2.1));
#14444=CARTESIAN_POINT('',(10.1685804705027,11.4530953411577,2.));
#14445=VECTOR('',#14446,1.);
#14446=DIRECTION('',(0.,0.,1.));
#14447=CARTESIAN_POINT('',(9.96033133687607,11.3723147207513,2.1));
#14448=CARTESIAN_POINT('',(9.96033133687607,11.3723147207513,2.1));
#14449=CARTESIAN_POINT('',(10.0700231822005,11.3723147207513,2.1));
#14450=CARTESIAN_POINT('',(10.1685804705027,11.4530953411577,2.1));
#14451=CARTESIAN_POINT('',(9.96033133687607,11.3723147207513,2.));
#14452=VECTOR('',#14453,1.);
#14453=DIRECTION('',(0.,0.,1.));
#14454=CARTESIAN_POINT('',(9.71928490515596,11.3723147207513,2.1));
#14455=CARTESIAN_POINT('',(9.71928490515596,11.3723147207513,2.1));
#14456=VECTOR('',#14457,1.);
#14457=DIRECTION('',(1.,0.,0.));
#14458=CARTESIAN_POINT('',(9.71928490515596,11.3723147207513,2.));
#14459=VECTOR('',#14460,1.);
#14460=DIRECTION('',(0.,0.,1.));
#14461=CARTESIAN_POINT('',(9.57271676027154,11.4428978374913,2.1));
#14462=CARTESIAN_POINT('',(9.57271676027154,11.4428978374913,2.1));
#14463=CARTESIAN_POINT('',(9.6192393398092,11.3723147207513,2.1));
#14464=CARTESIAN_POINT('',(9.71928490515596,11.3723147207513,2.1));
#14465=CARTESIAN_POINT('',(9.57271676027154,11.4428978374913,2.));
#14466=VECTOR('',#14467,1.);
#14467=DIRECTION('',(0.,0.,1.));
#14468=CARTESIAN_POINT('',(9.56020417094269,11.6136092300466,2.1));
#14469=CARTESIAN_POINT('',(9.56020417094269,11.6136092300466,2.1));
#14470=CARTESIAN_POINT('',(9.52619418073389,11.5134809542313,2.1));
#14471=CARTESIAN_POINT('',(9.57271676027154,11.4428978374913,2.1));
#14472=CARTESIAN_POINT('',(9.56020417094269,11.6136092300466,2.));
#14473=VECTOR('',#14474,1.);
#14474=DIRECTION('',(0.,0.,1.));
#14475=CARTESIAN_POINT('',(9.80623912321586,12.3375202383712,2.1));
#14476=CARTESIAN_POINT('',(9.80623912321586,12.3375202383712,2.1));
#14477=VECTOR('',#14478,1.);
#14478=DIRECTION('',(-0.321791600214764,-0.946810522771701,0.));
#14479=CARTESIAN_POINT('',(9.80623912321586,12.3375202383712,2.));
#14480=VECTOR('',#14481,1.);
#14481=DIRECTION('',(0.,0.,1.));
#14482=CARTESIAN_POINT('',(9.93515457170394,12.5076252848688,2.1));
#14483=CARTESIAN_POINT('',(9.93515457170394,12.5076252848688,2.1));
#14484=CARTESIAN_POINT('',(9.83983566874284,12.4364358220712,2.1));
#14485=CARTESIAN_POINT('',(9.80623912321586,12.3375202383712,2.1));
#14486=CARTESIAN_POINT('',(9.93515457170394,12.5076252848688,2.));
#14487=VECTOR('',#14488,1.);
#14488=DIRECTION('',(0.,0.,1.));
#14489=CARTESIAN_POINT('',(10.1293063748117,12.5788147207513,2.1));
#14490=CARTESIAN_POINT('',(10.1293063748117,12.5788147207513,2.1));
#14491=CARTESIAN_POINT('',(10.030473474665,12.5788147207513,2.1));
#14492=CARTESIAN_POINT('',(9.93515457170394,12.5076252848688,2.1));
#14493=CARTESIAN_POINT('',(10.1293063748117,12.5788147207513,2.));
#14494=VECTOR('',#14495,1.);
#14495=DIRECTION('',(0.,0.,1.));
#14496=CARTESIAN_POINT('',(10.5511514311005,12.5788147207513,2.1));
#14497=CARTESIAN_POINT('',(10.5511514311005,12.5788147207513,2.1));
#14498=VECTOR('',#14499,1.);
#14499=DIRECTION('',(-1.,0.,0.));
#14500=CARTESIAN_POINT('',(10.5511514311005,12.5788147207513,2.));
#14501=VECTOR('',#14502,1.);
#14502=DIRECTION('',(0.,0.,1.));
#14503=CARTESIAN_POINT('',(10.5909216281115,12.5184842300466,2.1));
#14504=CARTESIAN_POINT('',(10.5909216281115,12.5184842300466,2.1));
#14505=CARTESIAN_POINT('',(10.6114268263516,12.5788147207513,2.1));
#14506=CARTESIAN_POINT('',(10.5511514311005,12.5788147207513,2.1));
#14507=CARTESIAN_POINT('',(10.5909216281115,12.5184842300466,2.));
#14508=VECTOR('',#14509,1.);
#14509=DIRECTION('',(0.,0.,1.));
#14510=CARTESIAN_POINT('',(10.2825993410384,11.6112665562845,2.1));
#14511=CARTESIAN_POINT('',(10.2825993410384,11.6112665562845,2.1));
#14512=VECTOR('',#14513,1.);
#14513=DIRECTION('',(0.321779504245813,0.94681463373108,0.));
#14514=CARTESIAN_POINT('',(10.2825993410384,11.6112665562845,2.));
#14515=VECTOR('',#14516,1.);
#14516=DIRECTION('',(0.,0.,1.));
#14517=CARTESIAN_POINT('',(10.3227829558159,11.4882077518288,2.1));
#14518=CARTESIAN_POINT('',(10.3227829558159,11.4882077518288,2.1));
#14519=CARTESIAN_POINT('',(10.2518691048626,11.5207845604468,2.1));
#14520=CARTESIAN_POINT('',(10.2825993410384,11.6112665562845,2.1));
#14521=CARTESIAN_POINT('',(10.3227829558159,11.4882077518288,2.));
#14522=VECTOR('',#14523,1.);
#14523=DIRECTION('',(0.,0.,1.));
#14524=CARTESIAN_POINT('',(10.3469261765716,11.4315152567244,2.1));
#14525=CARTESIAN_POINT('',(10.3469261765716,11.4315152567244,2.1));
#14526=CARTESIAN_POINT('',(10.3604585028095,11.471340549189,2.1));
#14527=CARTESIAN_POINT('',(10.3227829558159,11.4882077518288,2.1));
#14528=CARTESIAN_POINT('',(10.3469261765716,11.4315152567244,2.));
#14529=VECTOR('',#14530,1.);
#14530=DIRECTION('',(0.,0.,1.));
#14531=CARTESIAN_POINT('',(10.2665038784781,11.3687869429735,2.1));
#14532=CARTESIAN_POINT('',(10.3255941427983,11.3687869429735,2.1));
#14533=CARTESIAN_POINT('',(10.3469261765716,11.4315152567244,2.1));
#14534=CARTESIAN_POINT('',(10.0882408559626,12.4588702763068,2.1));
#14535=CARTESIAN_POINT('',(10.4507200091716,12.4588702763068,2.1));
#14536=CARTESIAN_POINT('',(10.4507200091716,12.4588702763068,2.1));
#14537=VECTOR('',#14538,1.);
#14538=DIRECTION('',(-1.,0.,0.));
#14539=CARTESIAN_POINT('',(10.0882408559626,12.4588702763068,2.));
#14540=VECTOR('',#14541,1.);
#14541=DIRECTION('',(0.,0.,1.));
#14542=CARTESIAN_POINT('',(10.4507200091716,12.4588702763068,2.));
#14543=VECTOR('',#14544,1.);
#14544=DIRECTION('',(0.,0.,1.));
#14545=CARTESIAN_POINT('',(9.99095135522929,12.4232204494544,2.1));
#14546=CARTESIAN_POINT('',(10.0882408559626,12.4588702763068,2.1));
#14547=CARTESIAN_POINT('',(10.0387141611515,12.4588702763068,2.1));
#14548=CARTESIAN_POINT('',(9.99095135522929,12.4232204494544,2.1));
#14549=CARTESIAN_POINT('',(9.99095135522929,12.4232204494544,2.));
#14550=VECTOR('',#14551,1.);
#14551=DIRECTION('',(0.,0.,1.));
#14552=CARTESIAN_POINT('',(9.92634890785172,12.3380439008756,2.1));
#14553=CARTESIAN_POINT('',(9.99095135522929,12.4232204494544,2.1));
#14554=CARTESIAN_POINT('',(9.94318854930709,12.3875705956866,2.1));
#14555=CARTESIAN_POINT('',(9.92634890785172,12.3380439008756,2.1));
#14556=CARTESIAN_POINT('',(9.92634890785172,12.3380439008756,2.));
#14557=VECTOR('',#14558,1.);
#14558=DIRECTION('',(0.,0.,1.));
#14559=CARTESIAN_POINT('',(9.6799832482805,11.6130855675422,2.1));
#14560=CARTESIAN_POINT('',(9.92634890785172,12.3380439008756,2.1));
#14561=VECTOR('',#14562,1.);
#14562=DIRECTION('',(-0.321762042095121,-0.946820568147301,0.));
#14563=CARTESIAN_POINT('',(9.6799832482805,11.6130855675422,2.));
#14564=VECTOR('',#14565,1.);
#14565=DIRECTION('',(0.,0.,1.));
#14566=CARTESIAN_POINT('',(9.68668050843834,11.5279090189634,2.1));
#14567=CARTESIAN_POINT('',(9.6799832482805,11.6130855675422,2.1));
#14568=CARTESIAN_POINT('',(9.66314363374034,11.5635588727311,2.1));
#14569=CARTESIAN_POINT('',(9.68668050843834,11.5279090189634,2.1));
#14570=CARTESIAN_POINT('',(9.68668050843834,11.5279090189634,2.));
#14571=VECTOR('',#14572,1.);
#14572=DIRECTION('',(0.,0.,1.));
#14573=CARTESIAN_POINT('',(9.75974410486264,11.4922591651957,2.1));
#14574=CARTESIAN_POINT('',(9.68668050843834,11.5279090189634,2.1));
#14575=CARTESIAN_POINT('',(9.71021741005156,11.4922591651957,2.1));
#14576=CARTESIAN_POINT('',(9.75974410486264,11.4922591651957,2.1));
#14577=CARTESIAN_POINT('',(9.75974410486264,11.4922591651957,2.));
#14578=VECTOR('',#14579,1.);
#14579=DIRECTION('',(0.,0.,1.));
#14580=CARTESIAN_POINT('',(10.0013968826404,11.4922591651957,2.1));
#14581=CARTESIAN_POINT('',(9.75974410486264,11.4922591651957,2.1));
#14582=VECTOR('',#14583,1.);
#14583=DIRECTION('',(1.,0.,0.));
#14584=CARTESIAN_POINT('',(10.0013968826404,11.4922591651957,2.));
#14585=VECTOR('',#14586,1.);
#14586=DIRECTION('',(0.,0.,1.));
#14587=CARTESIAN_POINT('',(10.0986863833737,11.5279090189634,2.1));
#14588=CARTESIAN_POINT('',(10.0013968826404,11.4922591651957,2.1));
#14589=CARTESIAN_POINT('',(10.0509235774515,11.4922591651957,2.1));
#14590=CARTESIAN_POINT('',(10.0986863833737,11.5279090189634,2.1));
#14591=CARTESIAN_POINT('',(10.0986863833737,11.5279090189634,2.));
#14592=VECTOR('',#14593,1.);
#14593=DIRECTION('',(0.,0.,1.));
#14594=CARTESIAN_POINT('',(10.1632888038361,11.6130855675422,2.1));
#14595=CARTESIAN_POINT('',(10.0986863833737,11.5279090189634,2.1));
#14596=CARTESIAN_POINT('',(10.1464491892959,11.5635588727311,2.1));
#14597=CARTESIAN_POINT('',(10.1632888038361,11.6130855675422,2.1));
#14598=CARTESIAN_POINT('',(10.1632888038361,11.6130855675422,2.));
#14599=VECTOR('',#14600,1.);
#14600=DIRECTION('',(0.,0.,1.));
#14601=CARTESIAN_POINT('',(10.1632888038361,11.6130855675422,2.1));
#14602=VECTOR('',#14603,1.);
#14603=DIRECTION('',(0.32176666555935,0.946818996923286,0.));
#14604=CARTESIAN_POINT('',(14.9787050167922,11.4530953411577,2.));
#14605=CARTESIAN_POINT('',(15.0766284247675,11.3687869429735,2.));
#14606=CARTESIAN_POINT('',(14.9787050167922,11.4530953411577,2.));
#14607=CARTESIAN_POINT('',(15.0247866173788,11.3687869429735,2.));
#14608=CARTESIAN_POINT('',(15.0766284247675,11.3687869429735,2.));
#14609=CARTESIAN_POINT('',(14.7704558831655,11.3723147207513,2.));
#14610=CARTESIAN_POINT('',(14.7704558831655,11.3723147207513,2.));
#14611=CARTESIAN_POINT('',(14.8801477284899,11.3723147207513,2.));
#14612=CARTESIAN_POINT('',(14.9787050167922,11.4530953411577,2.));
#14613=CARTESIAN_POINT('',(14.5294094514454,11.3723147207513,2.));
#14614=CARTESIAN_POINT('',(14.5294094514454,11.3723147207513,2.));
#14615=VECTOR('',#14616,1.);
#14616=DIRECTION('',(1.,0.,0.));
#14617=CARTESIAN_POINT('',(14.382841306561,11.4428978374913,2.));
#14618=CARTESIAN_POINT('',(14.382841306561,11.4428978374913,2.));
#14619=CARTESIAN_POINT('',(14.4293638860986,11.3723147207513,2.));
#14620=CARTESIAN_POINT('',(14.5294094514454,11.3723147207513,2.));
#14621=CARTESIAN_POINT('',(14.3703287172321,11.6136092300466,2.));
#14622=CARTESIAN_POINT('',(14.3703287172321,11.6136092300466,2.));
#14623=CARTESIAN_POINT('',(14.3363187270233,11.5134809542313,2.));
#14624=CARTESIAN_POINT('',(14.382841306561,11.4428978374913,2.));
#14625=CARTESIAN_POINT('',(14.6163636695053,12.3375202383712,2.));
#14626=CARTESIAN_POINT('',(14.6163636695053,12.3375202383712,2.));
#14627=VECTOR('',#14628,1.);
#14628=DIRECTION('',(-0.321791600214764,-0.946810522771701,0.));
#14629=CARTESIAN_POINT('',(14.7452791179934,12.5076252848688,2.));
#14630=CARTESIAN_POINT('',(14.7452791179934,12.5076252848688,2.));
#14631=CARTESIAN_POINT('',(14.6499602150323,12.4364358220712,2.));
#14632=CARTESIAN_POINT('',(14.6163636695053,12.3375202383712,2.));
#14633=CARTESIAN_POINT('',(14.9394309211011,12.5788147207513,2.));
#14634=CARTESIAN_POINT('',(14.9394309211011,12.5788147207513,2.));
#14635=CARTESIAN_POINT('',(14.8405980209545,12.5788147207513,2.));
#14636=CARTESIAN_POINT('',(14.7452791179934,12.5076252848688,2.));
#14637=CARTESIAN_POINT('',(15.36127597739,12.5788147207513,2.));
#14638=CARTESIAN_POINT('',(15.36127597739,12.5788147207513,2.));
#14639=VECTOR('',#14640,1.);
#14640=DIRECTION('',(-1.,0.,0.));
#14641=CARTESIAN_POINT('',(15.4010461744009,12.5184842300466,2.));
#14642=CARTESIAN_POINT('',(15.4010461744009,12.5184842300466,2.));
#14643=CARTESIAN_POINT('',(15.421551372641,12.5788147207513,2.));
#14644=CARTESIAN_POINT('',(15.36127597739,12.5788147207513,2.));
#14645=CARTESIAN_POINT('',(15.0927238873278,11.6112665562845,2.));
#14646=CARTESIAN_POINT('',(15.0927238873278,11.6112665562845,2.));
#14647=VECTOR('',#14648,1.);
#14648=DIRECTION('',(0.321779504245813,0.94681463373108,0.));
#14649=CARTESIAN_POINT('',(15.1329075021054,11.4882077518288,2.));
#14650=CARTESIAN_POINT('',(15.1329075021054,11.4882077518288,2.));
#14651=CARTESIAN_POINT('',(15.0619936511521,11.5207845604468,2.));
#14652=CARTESIAN_POINT('',(15.0927238873278,11.6112665562845,2.));
#14653=CARTESIAN_POINT('',(15.157050722861,11.4315152567244,2.));
#14654=CARTESIAN_POINT('',(15.157050722861,11.4315152567244,2.));
#14655=CARTESIAN_POINT('',(15.1705830490989,11.471340549189,2.));
#14656=CARTESIAN_POINT('',(15.1329075021054,11.4882077518288,2.));
#14657=CARTESIAN_POINT('',(15.0766284247675,11.3687869429735,2.));
#14658=CARTESIAN_POINT('',(15.1357186890877,11.3687869429735,2.));
#14659=CARTESIAN_POINT('',(15.157050722861,11.4315152567244,2.));
#14660=CARTESIAN_POINT('',(15.2608445554611,12.4588702763068,2.));
#14661=CARTESIAN_POINT('',(14.898365402252,12.4588702763068,2.));
#14662=CARTESIAN_POINT('',(15.2608445554611,12.4588702763068,2.));
#14663=VECTOR('',#14664,1.);
#14664=DIRECTION('',(-1.,0.,0.));
#14665=CARTESIAN_POINT('',(14.8010759015187,12.4232204494544,2.));
#14666=CARTESIAN_POINT('',(14.898365402252,12.4588702763068,2.));
#14667=CARTESIAN_POINT('',(14.8488387074409,12.4588702763068,2.));
#14668=CARTESIAN_POINT('',(14.8010759015187,12.4232204494544,2.));
#14669=CARTESIAN_POINT('',(14.7364734541412,12.3380439008756,2.));
#14670=CARTESIAN_POINT('',(14.8010759015187,12.4232204494544,2.));
#14671=CARTESIAN_POINT('',(14.7533130955965,12.3875705956866,2.));
#14672=CARTESIAN_POINT('',(14.7364734541412,12.3380439008756,2.));
#14673=CARTESIAN_POINT('',(14.4901077945699,11.6130855675422,2.));
#14674=CARTESIAN_POINT('',(14.7364734541412,12.3380439008756,2.));
#14675=VECTOR('',#14676,1.);
#14676=DIRECTION('',(-0.321762042095121,-0.946820568147301,0.));
#14677=CARTESIAN_POINT('',(14.4968050547278,11.5279090189634,2.));
#14678=CARTESIAN_POINT('',(14.4901077945699,11.6130855675422,2.));
#14679=CARTESIAN_POINT('',(14.4732681800298,11.5635588727311,2.));
#14680=CARTESIAN_POINT('',(14.4968050547278,11.5279090189634,2.));
#14681=CARTESIAN_POINT('',(14.5698686511521,11.4922591651957,2.));
#14682=CARTESIAN_POINT('',(14.4968050547278,11.5279090189634,2.));
#14683=CARTESIAN_POINT('',(14.520341956341,11.4922591651957,2.));
#14684=CARTESIAN_POINT('',(14.5698686511521,11.4922591651957,2.));
#14685=CARTESIAN_POINT('',(14.8115214289299,11.4922591651957,2.));
#14686=CARTESIAN_POINT('',(14.5698686511521,11.4922591651957,2.));
#14687=VECTOR('',#14688,1.);
#14688=DIRECTION('',(1.,0.,0.));
#14689=CARTESIAN_POINT('',(14.9088109296631,11.5279090189634,2.));
#14690=CARTESIAN_POINT('',(14.8115214289299,11.4922591651957,2.));
#14691=CARTESIAN_POINT('',(14.861048123741,11.4922591651957,2.));
#14692=CARTESIAN_POINT('',(14.9088109296631,11.5279090189634,2.));
#14693=CARTESIAN_POINT('',(14.9734133501255,11.6130855675422,2.));
#14694=CARTESIAN_POINT('',(14.9088109296631,11.5279090189634,2.));
#14695=CARTESIAN_POINT('',(14.9565737355853,11.5635588727311,2.));
#14696=CARTESIAN_POINT('',(14.9734133501255,11.6130855675422,2.));
#14697=CARTESIAN_POINT('',(14.9734133501255,11.6130855675422,2.));
#14698=VECTOR('',#14699,1.);
#14699=DIRECTION('',(0.32176666555935,0.946818996923286,0.));
#14700=CARTESIAN_POINT('',(15.0766284247675,11.3687869429735,2.1));
#14701=CARTESIAN_POINT('',(15.0766284247675,11.3687869429735,2.));
#14702=VECTOR('',#14703,1.);
#14703=DIRECTION('',(0.,0.,1.));
#14704=CARTESIAN_POINT('',(14.9787050167922,11.4530953411577,2.1));
#14705=CARTESIAN_POINT('',(14.9787050167922,11.4530953411577,2.1));
#14706=CARTESIAN_POINT('',(15.0247866173788,11.3687869429735,2.1));
#14707=CARTESIAN_POINT('',(15.0766284247675,11.3687869429735,2.1));
#14708=CARTESIAN_POINT('',(14.9787050167922,11.4530953411577,2.));
#14709=VECTOR('',#14710,1.);
#14710=DIRECTION('',(0.,0.,1.));
#14711=CARTESIAN_POINT('',(14.7704558831655,11.3723147207513,2.1));
#14712=CARTESIAN_POINT('',(14.7704558831655,11.3723147207513,2.1));
#14713=CARTESIAN_POINT('',(14.8801477284899,11.3723147207513,2.1));
#14714=CARTESIAN_POINT('',(14.9787050167922,11.4530953411577,2.1));
#14715=CARTESIAN_POINT('',(14.7704558831655,11.3723147207513,2.));
#14716=VECTOR('',#14717,1.);
#14717=DIRECTION('',(0.,0.,1.));
#14718=CARTESIAN_POINT('',(14.5294094514454,11.3723147207513,2.1));
#14719=CARTESIAN_POINT('',(14.5294094514454,11.3723147207513,2.1));
#14720=VECTOR('',#14721,1.);
#14721=DIRECTION('',(1.,0.,0.));
#14722=CARTESIAN_POINT('',(14.5294094514454,11.3723147207513,2.));
#14723=VECTOR('',#14724,1.);
#14724=DIRECTION('',(0.,0.,1.));
#14725=CARTESIAN_POINT('',(14.382841306561,11.4428978374913,2.1));
#14726=CARTESIAN_POINT('',(14.382841306561,11.4428978374913,2.1));
#14727=CARTESIAN_POINT('',(14.4293638860986,11.3723147207513,2.1));
#14728=CARTESIAN_POINT('',(14.5294094514454,11.3723147207513,2.1));
#14729=CARTESIAN_POINT('',(14.382841306561,11.4428978374913,2.));
#14730=VECTOR('',#14731,1.);
#14731=DIRECTION('',(0.,0.,1.));
#14732=CARTESIAN_POINT('',(14.3703287172321,11.6136092300466,2.1));
#14733=CARTESIAN_POINT('',(14.3703287172321,11.6136092300466,2.1));
#14734=CARTESIAN_POINT('',(14.3363187270233,11.5134809542313,2.1));
#14735=CARTESIAN_POINT('',(14.382841306561,11.4428978374913,2.1));
#14736=CARTESIAN_POINT('',(14.3703287172321,11.6136092300466,2.));
#14737=VECTOR('',#14738,1.);
#14738=DIRECTION('',(0.,0.,1.));
#14739=CARTESIAN_POINT('',(14.6163636695053,12.3375202383712,2.1));
#14740=CARTESIAN_POINT('',(14.6163636695053,12.3375202383712,2.1));
#14741=VECTOR('',#14742,1.);
#14742=DIRECTION('',(-0.321791600214764,-0.946810522771701,0.));
#14743=CARTESIAN_POINT('',(14.6163636695053,12.3375202383712,2.));
#14744=VECTOR('',#14745,1.);
#14745=DIRECTION('',(0.,0.,1.));
#14746=CARTESIAN_POINT('',(14.7452791179934,12.5076252848688,2.1));
#14747=CARTESIAN_POINT('',(14.7452791179934,12.5076252848688,2.1));
#14748=CARTESIAN_POINT('',(14.6499602150323,12.4364358220712,2.1));
#14749=CARTESIAN_POINT('',(14.6163636695053,12.3375202383712,2.1));
#14750=CARTESIAN_POINT('',(14.7452791179934,12.5076252848688,2.));
#14751=VECTOR('',#14752,1.);
#14752=DIRECTION('',(0.,0.,1.));
#14753=CARTESIAN_POINT('',(14.9394309211011,12.5788147207513,2.1));
#14754=CARTESIAN_POINT('',(14.9394309211011,12.5788147207513,2.1));
#14755=CARTESIAN_POINT('',(14.8405980209545,12.5788147207513,2.1));
#14756=CARTESIAN_POINT('',(14.7452791179934,12.5076252848688,2.1));
#14757=CARTESIAN_POINT('',(14.9394309211011,12.5788147207513,2.));
#14758=VECTOR('',#14759,1.);
#14759=DIRECTION('',(0.,0.,1.));
#14760=CARTESIAN_POINT('',(15.36127597739,12.5788147207513,2.1));
#14761=CARTESIAN_POINT('',(15.36127597739,12.5788147207513,2.1));
#14762=VECTOR('',#14763,1.);
#14763=DIRECTION('',(-1.,0.,0.));
#14764=CARTESIAN_POINT('',(15.36127597739,12.5788147207513,2.));
#14765=VECTOR('',#14766,1.);
#14766=DIRECTION('',(0.,0.,1.));
#14767=CARTESIAN_POINT('',(15.4010461744009,12.5184842300466,2.1));
#14768=CARTESIAN_POINT('',(15.4010461744009,12.5184842300466,2.1));
#14769=CARTESIAN_POINT('',(15.421551372641,12.5788147207513,2.1));
#14770=CARTESIAN_POINT('',(15.36127597739,12.5788147207513,2.1));
#14771=CARTESIAN_POINT('',(15.4010461744009,12.5184842300466,2.));
#14772=VECTOR('',#14773,1.);
#14773=DIRECTION('',(0.,0.,1.));
#14774=CARTESIAN_POINT('',(15.0927238873278,11.6112665562845,2.1));
#14775=CARTESIAN_POINT('',(15.0927238873278,11.6112665562845,2.1));
#14776=VECTOR('',#14777,1.);
#14777=DIRECTION('',(0.321779504245813,0.94681463373108,0.));
#14778=CARTESIAN_POINT('',(15.0927238873278,11.6112665562845,2.));
#14779=VECTOR('',#14780,1.);
#14780=DIRECTION('',(0.,0.,1.));
#14781=CARTESIAN_POINT('',(15.1329075021054,11.4882077518288,2.1));
#14782=CARTESIAN_POINT('',(15.1329075021054,11.4882077518288,2.1));
#14783=CARTESIAN_POINT('',(15.0619936511521,11.5207845604468,2.1));
#14784=CARTESIAN_POINT('',(15.0927238873278,11.6112665562845,2.1));
#14785=CARTESIAN_POINT('',(15.1329075021054,11.4882077518288,2.));
#14786=VECTOR('',#14787,1.);
#14787=DIRECTION('',(0.,0.,1.));
#14788=CARTESIAN_POINT('',(15.157050722861,11.4315152567244,2.1));
#14789=CARTESIAN_POINT('',(15.157050722861,11.4315152567244,2.1));
#14790=CARTESIAN_POINT('',(15.1705830490989,11.471340549189,2.1));
#14791=CARTESIAN_POINT('',(15.1329075021054,11.4882077518288,2.1));
#14792=CARTESIAN_POINT('',(15.157050722861,11.4315152567244,2.));
#14793=VECTOR('',#14794,1.);
#14794=DIRECTION('',(0.,0.,1.));
#14795=CARTESIAN_POINT('',(15.0766284247675,11.3687869429735,2.1));
#14796=CARTESIAN_POINT('',(15.1357186890877,11.3687869429735,2.1));
#14797=CARTESIAN_POINT('',(15.157050722861,11.4315152567244,2.1));
#14798=CARTESIAN_POINT('',(14.898365402252,12.4588702763068,2.1));
#14799=CARTESIAN_POINT('',(15.2608445554611,12.4588702763068,2.1));
#14800=CARTESIAN_POINT('',(15.2608445554611,12.4588702763068,2.1));
#14801=VECTOR('',#14802,1.);
#14802=DIRECTION('',(-1.,0.,0.));
#14803=CARTESIAN_POINT('',(14.898365402252,12.4588702763068,2.));
#14804=VECTOR('',#14805,1.);
#14805=DIRECTION('',(0.,0.,1.));
#14806=CARTESIAN_POINT('',(15.2608445554611,12.4588702763068,2.));
#14807=VECTOR('',#14808,1.);
#14808=DIRECTION('',(0.,0.,1.));
#14809=CARTESIAN_POINT('',(14.8010759015187,12.4232204494544,2.1));
#14810=CARTESIAN_POINT('',(14.898365402252,12.4588702763068,2.1));
#14811=CARTESIAN_POINT('',(14.8488387074409,12.4588702763068,2.1));
#14812=CARTESIAN_POINT('',(14.8010759015187,12.4232204494544,2.1));
#14813=CARTESIAN_POINT('',(14.8010759015187,12.4232204494544,2.));
#14814=VECTOR('',#14815,1.);
#14815=DIRECTION('',(0.,0.,1.));
#14816=CARTESIAN_POINT('',(14.7364734541412,12.3380439008756,2.1));
#14817=CARTESIAN_POINT('',(14.8010759015187,12.4232204494544,2.1));
#14818=CARTESIAN_POINT('',(14.7533130955965,12.3875705956866,2.1));
#14819=CARTESIAN_POINT('',(14.7364734541412,12.3380439008756,2.1));
#14820=CARTESIAN_POINT('',(14.7364734541412,12.3380439008756,2.));
#14821=VECTOR('',#14822,1.);
#14822=DIRECTION('',(0.,0.,1.));
#14823=CARTESIAN_POINT('',(14.4901077945699,11.6130855675422,2.1));
#14824=CARTESIAN_POINT('',(14.7364734541412,12.3380439008756,2.1));
#14825=VECTOR('',#14826,1.);
#14826=DIRECTION('',(-0.321762042095121,-0.946820568147301,0.));
#14827=CARTESIAN_POINT('',(14.4901077945699,11.6130855675422,2.));
#14828=VECTOR('',#14829,1.);
#14829=DIRECTION('',(0.,0.,1.));
#14830=CARTESIAN_POINT('',(14.4968050547278,11.5279090189634,2.1));
#14831=CARTESIAN_POINT('',(14.4901077945699,11.6130855675422,2.1));
#14832=CARTESIAN_POINT('',(14.4732681800298,11.5635588727311,2.1));
#14833=CARTESIAN_POINT('',(14.4968050547278,11.5279090189634,2.1));
#14834=CARTESIAN_POINT('',(14.4968050547278,11.5279090189634,2.));
#14835=VECTOR('',#14836,1.);
#14836=DIRECTION('',(0.,0.,1.));
#14837=CARTESIAN_POINT('',(14.5698686511521,11.4922591651957,2.1));
#14838=CARTESIAN_POINT('',(14.4968050547278,11.5279090189634,2.1));
#14839=CARTESIAN_POINT('',(14.520341956341,11.4922591651957,2.1));
#14840=CARTESIAN_POINT('',(14.5698686511521,11.4922591651957,2.1));
#14841=CARTESIAN_POINT('',(14.5698686511521,11.4922591651957,2.));
#14842=VECTOR('',#14843,1.);
#14843=DIRECTION('',(0.,0.,1.));
#14844=CARTESIAN_POINT('',(14.8115214289299,11.4922591651957,2.1));
#14845=CARTESIAN_POINT('',(14.5698686511521,11.4922591651957,2.1));
#14846=VECTOR('',#14847,1.);
#14847=DIRECTION('',(1.,0.,0.));
#14848=CARTESIAN_POINT('',(14.8115214289299,11.4922591651957,2.));
#14849=VECTOR('',#14850,1.);
#14850=DIRECTION('',(0.,0.,1.));
#14851=CARTESIAN_POINT('',(14.9088109296631,11.5279090189634,2.1));
#14852=CARTESIAN_POINT('',(14.8115214289299,11.4922591651957,2.1));
#14853=CARTESIAN_POINT('',(14.861048123741,11.4922591651957,2.1));
#14854=CARTESIAN_POINT('',(14.9088109296631,11.5279090189634,2.1));
#14855=CARTESIAN_POINT('',(14.9088109296631,11.5279090189634,2.));
#14856=VECTOR('',#14857,1.);
#14857=DIRECTION('',(0.,0.,1.));
#14858=CARTESIAN_POINT('',(14.9734133501255,11.6130855675422,2.1));
#14859=CARTESIAN_POINT('',(14.9088109296631,11.5279090189634,2.1));
#14860=CARTESIAN_POINT('',(14.9565737355853,11.5635588727311,2.1));
#14861=CARTESIAN_POINT('',(14.9734133501255,11.6130855675422,2.1));
#14862=CARTESIAN_POINT('',(14.9734133501255,11.6130855675422,2.));
#14863=VECTOR('',#14864,1.);
#14864=DIRECTION('',(0.,0.,1.));
#14865=CARTESIAN_POINT('',(14.9734133501255,11.6130855675422,2.1));
#14866=VECTOR('',#14867,1.);
#14867=DIRECTION('',(0.32176666555935,0.946818996923286,0.));
#14868=CARTESIAN_POINT('',(17.1346732030052,12.5788147207513,2.));
#14869=CARTESIAN_POINT('',(16.9526067908675,12.5788147207513,2.));
#14870=CARTESIAN_POINT('',(17.1346732030052,12.5788147207513,2.));
#14871=VECTOR('',#14872,1.);
#14872=DIRECTION('',(-1.,0.,0.));
#14873=CARTESIAN_POINT('',(16.9526067908675,12.5788147207513,2.1));
#14874=CARTESIAN_POINT('',(16.9526067908675,12.5788147207513,2.));
#14875=VECTOR('',#14876,1.);
#14876=DIRECTION('',(0.,0.,1.));
#14877=CARTESIAN_POINT('',(17.1346732030052,12.5788147207513,2.1));
#14878=CARTESIAN_POINT('',(17.1346732030052,12.5788147207513,2.1));
#14879=VECTOR('',#14880,1.);
#14880=DIRECTION('',(-1.,0.,0.));
#14881=CARTESIAN_POINT('',(17.1346732030052,12.5788147207513,2.));
#14882=VECTOR('',#14883,1.);
#14883=DIRECTION('',(0.,0.,1.));
#14884=CARTESIAN_POINT('',(17.1746087402075,12.5188424985291,2.));
#14885=CARTESIAN_POINT('',(17.1746087402075,12.5188424985291,2.));
#14886=CARTESIAN_POINT('',(17.1949761594407,12.5788147207513,2.));
#14887=CARTESIAN_POINT('',(17.1346732030052,12.5788147207513,2.));
#14888=CARTESIAN_POINT('',(17.0939108302697,12.4588702763068,2.));
#14889=CARTESIAN_POINT('',(17.0939108302697,12.4588702763068,2.));
#14890=CARTESIAN_POINT('',(17.1542137867052,12.4588702763068,2.));
#14891=CARTESIAN_POINT('',(17.1746087402075,12.5188424985291,2.));
#14892=CARTESIAN_POINT('',(16.911844418132,12.4588702763068,2.));
#14893=CARTESIAN_POINT('',(16.911844418132,12.4588702763068,2.));
#14894=VECTOR('',#14895,1.);
#14895=DIRECTION('',(1.,0.,0.));
#14896=CARTESIAN_POINT('',(16.5630905194519,11.4326727995557,2.));
#14897=CARTESIAN_POINT('',(16.5630905194519,11.4326727995557,2.));
#14898=VECTOR('',#14899,1.);
#14899=DIRECTION('',(0.321775992052755,0.946815827359506,0.));
#14900=CARTESIAN_POINT('',(16.4826130720743,11.3723147207513,2.));
#14901=CARTESIAN_POINT('',(16.4826130720743,11.3723147207513,2.));
#14902=CARTESIAN_POINT('',(16.5425852942965,11.3723147207513,2.));
#14903=CARTESIAN_POINT('',(16.5630905194519,11.4326727995557,2.));
#14904=CARTESIAN_POINT('',(16.4431460750074,11.4326727995557,2.));
#14905=CARTESIAN_POINT('',(16.4431460750074,11.4326727995557,2.));
#14906=CARTESIAN_POINT('',(16.4226408498521,11.3723147207513,2.));
#14907=CARTESIAN_POINT('',(16.4826130720743,11.3723147207513,2.));
#14908=CARTESIAN_POINT('',(16.7918999736875,12.4588702763068,2.));
#14909=CARTESIAN_POINT('',(16.7918999736875,12.4588702763068,2.));
#14910=VECTOR('',#14911,1.);
#14911=DIRECTION('',(-0.321775992052755,-0.946815827359506,0.));
#14912=CARTESIAN_POINT('',(16.715970067912,12.4624807376379,2.));
#14913=CARTESIAN_POINT('',(16.715970067912,12.4624807376379,2.));
#14914=CARTESIAN_POINT('',(16.7291992480363,12.4588702763068,2.));
#14915=CARTESIAN_POINT('',(16.7918999736875,12.4588702763068,2.));
#14916=CARTESIAN_POINT('',(16.694141959734,12.5188700597135,2.));
#14917=CARTESIAN_POINT('',(16.694141959734,12.5188700597135,2.));
#14918=CARTESIAN_POINT('',(16.6786527894009,12.4732845604468,2.));
#14919=CARTESIAN_POINT('',(16.715970067912,12.4624807376379,2.));
#14920=CARTESIAN_POINT('',(16.7543070833321,12.5752869429735,2.));
#14921=CARTESIAN_POINT('',(16.7543070833321,12.5752869429735,2.));
#14922=CARTESIAN_POINT('',(16.7096311031518,12.5644831470799,2.));
#14923=CARTESIAN_POINT('',(16.694141959734,12.5188700597135,2.));
#14924=CARTESIAN_POINT('',(16.832662346423,12.5788147207513,2.));
#14925=CARTESIAN_POINT('',(16.832662346423,12.5788147207513,2.));
#14926=CARTESIAN_POINT('',(16.7699616207718,12.5788147207513,2.));
#14927=CARTESIAN_POINT('',(16.7543070833321,12.5752869429735,2.));
#14928=CARTESIAN_POINT('',(16.9758680806363,13.0001637026354,2.));
#14929=CARTESIAN_POINT('',(16.9758680806363,13.0001637026354,2.));
#14930=VECTOR('',#14931,1.);
#14931=DIRECTION('',(-0.3217961381971,-0.946808980439789,0.));
#14932=CARTESIAN_POINT('',(17.0562903787298,13.060356387418,2.));
#14933=CARTESIAN_POINT('',(17.0562903787298,13.060356387418,2.));
#14934=CARTESIAN_POINT('',(16.9963181565076,13.060356387418,2.));
#14935=CARTESIAN_POINT('',(16.9758680806363,13.0001637026354,2.));
#14936=CARTESIAN_POINT('',(17.0958125250808,13.0001637026354,2.));
#14937=CARTESIAN_POINT('',(17.0958125250808,13.0001637026354,2.));
#14938=CARTESIAN_POINT('',(17.116262600952,13.060356387418,2.));
#14939=CARTESIAN_POINT('',(17.0562903787298,13.060356387418,2.));
#14940=CARTESIAN_POINT('',(16.9526067908675,12.5788147207513,2.));
#14941=VECTOR('',#14942,1.);
#14942=DIRECTION('',(0.321796138197093,0.946808980439792,0.));
#14943=CARTESIAN_POINT('',(17.0958125250808,13.0001637026354,2.1));
#14944=CARTESIAN_POINT('',(17.0958125250808,13.0001637026354,2.));
#14945=VECTOR('',#14946,1.);
#14946=DIRECTION('',(0.,0.,1.));
#14947=CARTESIAN_POINT('',(16.9526067908675,12.5788147207513,2.1));
#14948=VECTOR('',#14949,1.);
#14949=DIRECTION('',(0.321796138197093,0.946808980439792,0.));
#14950=CARTESIAN_POINT('',(17.0562903787298,13.060356387418,2.1));
#14951=CARTESIAN_POINT('',(17.0958125250808,13.0001637026354,2.1));
#14952=CARTESIAN_POINT('',(17.116262600952,13.060356387418,2.1));
#14953=CARTESIAN_POINT('',(17.0562903787298,13.060356387418,2.1));
#14954=CARTESIAN_POINT('',(16.9758680806363,13.0001637026354,2.1));
#14955=CARTESIAN_POINT('',(17.0562903787298,13.060356387418,2.1));
#14956=CARTESIAN_POINT('',(16.9963181565076,13.060356387418,2.1));
#14957=CARTESIAN_POINT('',(16.9758680806363,13.0001637026354,2.1));
#14958=CARTESIAN_POINT('',(16.832662346423,12.5788147207513,2.1));
#14959=CARTESIAN_POINT('',(16.9758680806363,13.0001637026354,2.1));
#14960=VECTOR('',#14961,1.);
#14961=DIRECTION('',(-0.3217961381971,-0.946808980439789,0.));
#14962=CARTESIAN_POINT('',(16.7543070833321,12.5752869429735,2.1));
#14963=CARTESIAN_POINT('',(16.832662346423,12.5788147207513,2.1));
#14964=CARTESIAN_POINT('',(16.7699616207718,12.5788147207513,2.1));
#14965=CARTESIAN_POINT('',(16.7543070833321,12.5752869429735,2.1));
#14966=CARTESIAN_POINT('',(16.694141959734,12.5188700597135,2.1));
#14967=CARTESIAN_POINT('',(16.7543070833321,12.5752869429735,2.1));
#14968=CARTESIAN_POINT('',(16.7096311031518,12.5644831470799,2.1));
#14969=CARTESIAN_POINT('',(16.694141959734,12.5188700597135,2.1));
#14970=CARTESIAN_POINT('',(16.715970067912,12.4624807376379,2.1));
#14971=CARTESIAN_POINT('',(16.694141959734,12.5188700597135,2.1));
#14972=CARTESIAN_POINT('',(16.6786527894009,12.4732845604468,2.1));
#14973=CARTESIAN_POINT('',(16.715970067912,12.4624807376379,2.1));
#14974=CARTESIAN_POINT('',(16.7918999736875,12.4588702763068,2.1));
#14975=CARTESIAN_POINT('',(16.715970067912,12.4624807376379,2.1));
#14976=CARTESIAN_POINT('',(16.7291992480363,12.4588702763068,2.1));
#14977=CARTESIAN_POINT('',(16.7918999736875,12.4588702763068,2.1));
#14978=CARTESIAN_POINT('',(16.4431460750074,11.4326727995557,2.1));
#14979=CARTESIAN_POINT('',(16.7918999736875,12.4588702763068,2.1));
#14980=VECTOR('',#14981,1.);
#14981=DIRECTION('',(-0.321775992052755,-0.946815827359506,0.));
#14982=CARTESIAN_POINT('',(16.4826130720743,11.3723147207513,2.1));
#14983=CARTESIAN_POINT('',(16.4431460750074,11.4326727995557,2.1));
#14984=CARTESIAN_POINT('',(16.4226408498521,11.3723147207513,2.1));
#14985=CARTESIAN_POINT('',(16.4826130720743,11.3723147207513,2.1));
#14986=CARTESIAN_POINT('',(16.5630905194519,11.4326727995557,2.1));
#14987=CARTESIAN_POINT('',(16.4826130720743,11.3723147207513,2.1));
#14988=CARTESIAN_POINT('',(16.5425852942965,11.3723147207513,2.1));
#14989=CARTESIAN_POINT('',(16.5630905194519,11.4326727995557,2.1));
#14990=CARTESIAN_POINT('',(16.911844418132,12.4588702763068,2.1));
#14991=CARTESIAN_POINT('',(16.5630905194519,11.4326727995557,2.1));
#14992=VECTOR('',#14993,1.);
#14993=DIRECTION('',(0.321775992052755,0.946815827359506,0.));
#14994=CARTESIAN_POINT('',(17.0939108302697,12.4588702763068,2.1));
#14995=CARTESIAN_POINT('',(16.911844418132,12.4588702763068,2.1));
#14996=VECTOR('',#14997,1.);
#14997=DIRECTION('',(1.,0.,0.));
#14998=CARTESIAN_POINT('',(17.1746087402075,12.5188424985291,2.1));
#14999=CARTESIAN_POINT('',(17.0939108302697,12.4588702763068,2.1));
#15000=CARTESIAN_POINT('',(17.1542137867052,12.4588702763068,2.1));
#15001=CARTESIAN_POINT('',(17.1746087402075,12.5188424985291,2.1));
#15002=CARTESIAN_POINT('',(17.1746087402075,12.5188424985291,2.1));
#15003=CARTESIAN_POINT('',(17.1949761594407,12.5788147207513,2.1));
#15004=CARTESIAN_POINT('',(17.1346732030052,12.5788147207513,2.1));
#15005=CARTESIAN_POINT('',(17.1746087402075,12.5188424985291,2.));
#15006=VECTOR('',#15007,1.);
#15007=DIRECTION('',(0.,0.,1.));
#15008=CARTESIAN_POINT('',(17.0939108302697,12.4588702763068,2.));
#15009=VECTOR('',#15010,1.);
#15010=DIRECTION('',(0.,0.,1.));
#15011=CARTESIAN_POINT('',(16.911844418132,12.4588702763068,2.));
#15012=VECTOR('',#15013,1.);
#15013=DIRECTION('',(0.,0.,1.));
#15014=CARTESIAN_POINT('',(16.5630905194519,11.4326727995557,2.));
#15015=VECTOR('',#15016,1.);
#15016=DIRECTION('',(0.,0.,1.));
#15017=CARTESIAN_POINT('',(16.4826130720743,11.3723147207513,2.));
#15018=VECTOR('',#15019,1.);
#15019=DIRECTION('',(0.,0.,1.));
#15020=CARTESIAN_POINT('',(16.4431460750074,11.4326727995557,2.));
#15021=VECTOR('',#15022,1.);
#15022=DIRECTION('',(0.,0.,1.));
#15023=CARTESIAN_POINT('',(16.7918999736875,12.4588702763068,2.));
#15024=VECTOR('',#15025,1.);
#15025=DIRECTION('',(0.,0.,1.));
#15026=CARTESIAN_POINT('',(16.715970067912,12.4624807376379,2.));
#15027=VECTOR('',#15028,1.);
#15028=DIRECTION('',(0.,0.,1.));
#15029=CARTESIAN_POINT('',(16.694141959734,12.5188700597135,2.));
#15030=VECTOR('',#15031,1.);
#15031=DIRECTION('',(0.,0.,1.));
#15032=CARTESIAN_POINT('',(16.7543070833321,12.5752869429735,2.));
#15033=VECTOR('',#15034,1.);
#15034=DIRECTION('',(0.,0.,1.));
#15035=CARTESIAN_POINT('',(16.832662346423,12.5788147207513,2.));
#15036=VECTOR('',#15037,1.);
#15037=DIRECTION('',(0.,0.,1.));
#15038=CARTESIAN_POINT('',(16.9758680806363,13.0001637026354,2.));
#15039=VECTOR('',#15040,1.);
#15040=DIRECTION('',(0.,0.,1.));
#15041=CARTESIAN_POINT('',(17.0562903787298,13.060356387418,2.));
#15042=VECTOR('',#15043,1.);
#15043=DIRECTION('',(0.,0.,1.));
#15044=CARTESIAN_POINT('',(16.3505557441399,12.3535606054779,2.));
#15045=CARTESIAN_POINT('',(16.3836424615852,12.3959490611801,2.));
#15046=CARTESIAN_POINT('',(16.3505557441399,12.3535606054779,2.));
#15047=CARTESIAN_POINT('',(16.3754017750988,12.3717231568711,2.));
#15048=CARTESIAN_POINT('',(16.3836424615852,12.3959490611801,2.));
#15049=CARTESIAN_POINT('',(16.3836424615852,12.3959490611801,2.1));
#15050=CARTESIAN_POINT('',(16.3836424615852,12.3959490611801,2.));
#15051=VECTOR('',#15052,1.);
#15052=DIRECTION('',(0.,0.,1.));
#15053=CARTESIAN_POINT('',(16.3505557441399,12.3535606054779,2.1));
#15054=CARTESIAN_POINT('',(16.3505557441399,12.3535606054779,2.1));
#15055=CARTESIAN_POINT('',(16.3754017750988,12.3717231568711,2.1));
#15056=CARTESIAN_POINT('',(16.3836424615852,12.3959490611801,2.1));
#15057=CARTESIAN_POINT('',(16.3505557441399,12.3535606054779,2.));
#15058=VECTOR('',#15059,1.);
#15059=DIRECTION('',(0.,0.,1.));
#15060=CARTESIAN_POINT('',(16.3015940536098,12.3353980540846,2.));
#15061=CARTESIAN_POINT('',(16.3015940536098,12.3353980540846,2.));
#15062=CARTESIAN_POINT('',(16.3257097131811,12.3353980540846,2.));
#15063=CARTESIAN_POINT('',(16.3505557441399,12.3535606054779,2.));
#15064=CARTESIAN_POINT('',(16.2620719341741,12.3610571399844,2.));
#15065=CARTESIAN_POINT('',(16.2620719341741,12.3610571399844,2.));
#15066=CARTESIAN_POINT('',(16.2762657019233,12.3353980540846,2.));
#15067=CARTESIAN_POINT('',(16.3015940536098,12.3353980540846,2.));
#15068=CARTESIAN_POINT('',(16.0987468313876,12.4588702763068,2.));
#15069=CARTESIAN_POINT('',(16.0987468313876,12.4588702763068,2.));
#15070=CARTESIAN_POINT('',(16.2108915952119,12.4588702763068,2.));
#15071=CARTESIAN_POINT('',(16.2620719341741,12.3610571399844,2.));
#15072=CARTESIAN_POINT('',(15.9335751830742,12.4588702763068,2.));
#15073=CARTESIAN_POINT('',(15.9335751830742,12.4588702763068,2.));
#15074=VECTOR('',#15075,1.);
#15075=DIRECTION('',(1.,0.,0.));
#15076=CARTESIAN_POINT('',(15.820355559972,12.4184248571924,2.));
#15077=CARTESIAN_POINT('',(15.820355559972,12.4184248571924,2.));
#15078=CARTESIAN_POINT('',(15.8744848918388,12.4588702763068,2.));
#15079=CARTESIAN_POINT('',(15.9335751830742,12.4588702763068,2.));
#15080=CARTESIAN_POINT('',(15.746106859532,12.3188340513889,2.));
#15081=CARTESIAN_POINT('',(15.746106859532,12.3188340513889,2.));
#15082=CARTESIAN_POINT('',(15.7662262281052,12.3779794380779,2.));
#15083=CARTESIAN_POINT('',(15.820355559972,12.4184248571924,2.));
#15084=CARTESIAN_POINT('',(15.7618440536098,12.2125873002889,2.));
#15085=CARTESIAN_POINT('',(15.7618440536098,12.2125873002889,2.));
#15086=CARTESIAN_POINT('',(15.7243614079921,12.254837950069,2.));
#15087=CARTESIAN_POINT('',(15.746106859532,12.3188340513889,2.));
#15088=CARTESIAN_POINT('',(16.0972585543431,11.8334889951,2.));
#15089=CARTESIAN_POINT('',(16.0972585543431,11.8334889951,2.));
#15090=VECTOR('',#15091,1.);
#15091=DIRECTION('',(-0.662638501716043,0.74893939410577,0.));
#15092=CARTESIAN_POINT('',(16.1252051647209,11.6354924605934,2.));
#15093=CARTESIAN_POINT('',(16.1252051647209,11.6354924605934,2.));
#15094=CARTESIAN_POINT('',(16.1662431493009,11.7562361793866,2.));
#15095=CARTESIAN_POINT('',(16.0972585543431,11.8334889951,2.));
#15096=CARTESIAN_POINT('',(15.9864642885564,11.4489749979145,2.));
#15097=CARTESIAN_POINT('',(15.9864642885564,11.4489749979145,2.));
#15098=CARTESIAN_POINT('',(16.0878878862099,11.5256352750776,2.));
#15099=CARTESIAN_POINT('',(16.1252051647209,11.6354924605934,2.));
#15100=CARTESIAN_POINT('',(15.7753212574788,11.3723147207513,2.));
#15101=CARTESIAN_POINT('',(15.7753212574788,11.3723147207513,2.));
#15102=CARTESIAN_POINT('',(15.8850406639877,11.3723147207513,2.));
#15103=CARTESIAN_POINT('',(15.9864642885564,11.4489749979145,2.));
#15104=CARTESIAN_POINT('',(15.610122047981,11.3723147207513,2.));
#15105=CARTESIAN_POINT('',(15.610122047981,11.3723147207513,2.));
#15106=VECTOR('',#15107,1.);
#15107=DIRECTION('',(1.,0.,0.));
#15108=CARTESIAN_POINT('',(15.4588410213031,11.4097146828157,2.));
#15109=CARTESIAN_POINT('',(15.4588410213031,11.4097146828157,2.));
#15110=CARTESIAN_POINT('',(15.5257309931587,11.3723147207513,2.));
#15111=CARTESIAN_POINT('',(15.610122047981,11.3723147207513,2.));
#15112=CARTESIAN_POINT('',(15.3663195247321,11.5170638543779,2.));
#15113=CARTESIAN_POINT('',(15.3663195247321,11.5170638543779,2.));
#15114=CARTESIAN_POINT('',(15.3879822927187,11.449512441011,2.));
#15115=CARTESIAN_POINT('',(15.4588410213031,11.4097146828157,2.));
#15116=CARTESIAN_POINT('',(15.3657683279586,11.5544362552579,2.));
#15117=CARTESIAN_POINT('',(15.3657683279586,11.5544362552579,2.));
#15118=CARTESIAN_POINT('',(15.3596222645743,11.536356387418,2.));
#15119=CARTESIAN_POINT('',(15.3663195247321,11.5170638543779,2.));
#15120=CARTESIAN_POINT('',(15.3987861155276,11.5966455632612,2.));
#15121=CARTESIAN_POINT('',(15.3987861155276,11.5966455632612,2.));
#15122=CARTESIAN_POINT('',(15.3739538651609,11.5785519417443,2.));
#15123=CARTESIAN_POINT('',(15.3657683279586,11.5544362552579,2.));
#15124=CARTESIAN_POINT('',(15.4477340254654,11.6147392116934,2.));
#15125=CARTESIAN_POINT('',(15.4477340254654,11.6147392116934,2.));
#15126=CARTESIAN_POINT('',(15.4236183658942,11.6147392116934,2.));
#15127=CARTESIAN_POINT('',(15.3987861155276,11.5966455632612,2.));
#15128=CARTESIAN_POINT('',(15.4873664165542,11.5894108600068,2.));
#15129=CARTESIAN_POINT('',(15.4873664165542,11.5894108600068,2.));
#15130=CARTESIAN_POINT('',(15.473062377152,11.6147392116934,2.));
#15131=CARTESIAN_POINT('',(15.4477340254654,11.6147392116934,2.));
#15132=CARTESIAN_POINT('',(15.6508844207165,11.4922591651957,2.));
#15133=CARTESIAN_POINT('',(15.6508844207165,11.4922591651957,2.));
#15134=CARTESIAN_POINT('',(15.5387396838074,11.4922591651957,2.));
#15135=CARTESIAN_POINT('',(15.4873664165542,11.5894108600068,2.));
#15136=CARTESIAN_POINT('',(15.8160836302144,11.4922591651957,2.));
#15137=CARTESIAN_POINT('',(15.8160836302144,11.4922591651957,2.));
#15138=VECTOR('',#15139,1.);
#15139=DIRECTION('',(-1.,0.,0.));
#15140=CARTESIAN_POINT('',(15.9282972969997,11.5333109303679,2.));
#15141=CARTESIAN_POINT('',(15.9282972969997,11.5333109303679,2.));
#15142=CARTESIAN_POINT('',(15.8739612562497,11.4922591651957,2.));
#15143=CARTESIAN_POINT('',(15.8160836302144,11.4922591651957,2.));
#15144=CARTESIAN_POINT('',(16.0023392885564,11.6322954170289,2.));
#15145=CARTESIAN_POINT('',(16.0023392885564,11.6322954170289,2.));
#15146=CARTESIAN_POINT('',(15.9826333377498,11.57436269554,2.));
#15147=CARTESIAN_POINT('',(15.9282972969997,11.5333109303679,2.));
#15148=CARTESIAN_POINT('',(15.9878147596787,11.7385421681289,2.));
#15149=CARTESIAN_POINT('',(15.9878147596787,11.7385421681289,2.));
#15150=CARTESIAN_POINT('',(16.0244981309476,11.6975041835489,2.));
#15151=CARTESIAN_POINT('',(16.0023392885564,11.6322954170289,2.));
#15152=CARTESIAN_POINT('',(15.6524002589454,12.1176404733178,2.));
#15153=CARTESIAN_POINT('',(15.6524002589454,12.1176404733178,2.));
#15154=VECTOR('',#15155,1.);
#15155=DIRECTION('',(0.662638501716043,-0.74893939410577,0.));
#15156=CARTESIAN_POINT('',(15.6244536485676,12.3156370078244,2.));
#15157=CARTESIAN_POINT('',(15.6244536485676,12.3156370078244,2.));
#15158=CARTESIAN_POINT('',(15.5838290817543,12.1961059542313,2.));
#15159=CARTESIAN_POINT('',(15.6524002589454,12.1176404733178,2.));
#15160=CARTESIAN_POINT('',(15.7631807441399,12.5021544705033,2.));
#15161=CARTESIAN_POINT('',(15.7631807441399,12.5021544705033,2.));
#15162=CARTESIAN_POINT('',(15.6617709270786,12.4254941933401,2.));
#15163=CARTESIAN_POINT('',(15.6244536485676,12.3156370078244,2.));
#15164=CARTESIAN_POINT('',(15.9743375558097,12.5788147207513,2.));
#15165=CARTESIAN_POINT('',(15.9743375558097,12.5788147207513,2.));
#15166=CARTESIAN_POINT('',(15.8645905881164,12.5788147207513,2.));
#15167=CARTESIAN_POINT('',(15.7631807441399,12.5021544705033,2.));
#15168=CARTESIAN_POINT('',(16.1395092041231,12.5788147207513,2.));
#15169=CARTESIAN_POINT('',(16.1395092041231,12.5788147207513,2.));
#15170=VECTOR('',#15171,1.);
#15171=DIRECTION('',(-1.,0.,0.));
#15172=CARTESIAN_POINT('',(16.2903217175807,12.5400642875646,2.));
#15173=CARTESIAN_POINT('',(16.2903217175807,12.5400642875646,2.));
#15174=CARTESIAN_POINT('',(16.2239278201298,12.5788147207513,2.));
#15175=CARTESIAN_POINT('',(16.1395092041231,12.5788147207513,2.));
#15176=CARTESIAN_POINT('',(16.3831463602653,12.4334868291666,2.));
#15177=CARTESIAN_POINT('',(16.3831463602653,12.4334868291666,2.));
#15178=CARTESIAN_POINT('',(16.3611528580655,12.5001011891778,2.));
#15179=CARTESIAN_POINT('',(16.2903217175807,12.5400642875646,2.));
#15180=CARTESIAN_POINT('',(16.3836424615852,12.3959490611801,2.));
#15181=CARTESIAN_POINT('',(16.3898160592387,12.4141116125733,2.));
#15182=CARTESIAN_POINT('',(16.3831463602653,12.4334868291666,2.));
#15183=CARTESIAN_POINT('',(16.3831463602653,12.4334868291666,2.1));
#15184=CARTESIAN_POINT('',(16.3831463602653,12.4334868291666,2.));
#15185=VECTOR('',#15186,1.);
#15186=DIRECTION('',(0.,0.,1.));
#15187=CARTESIAN_POINT('',(16.3836424615852,12.3959490611801,2.1));
#15188=CARTESIAN_POINT('',(16.3898160592387,12.4141116125733,2.1));
#15189=CARTESIAN_POINT('',(16.3831463602653,12.4334868291666,2.1));
#15190=CARTESIAN_POINT('',(16.2903217175807,12.5400642875646,2.1));
#15191=CARTESIAN_POINT('',(16.3831463602653,12.4334868291666,2.1));
#15192=CARTESIAN_POINT('',(16.3611528580655,12.5001011891778,2.1));
#15193=CARTESIAN_POINT('',(16.2903217175807,12.5400642875646,2.1));
#15194=CARTESIAN_POINT('',(16.1395092041231,12.5788147207513,2.1));
#15195=CARTESIAN_POINT('',(16.2903217175807,12.5400642875646,2.1));
#15196=CARTESIAN_POINT('',(16.2239278201298,12.5788147207513,2.1));
#15197=CARTESIAN_POINT('',(16.1395092041231,12.5788147207513,2.1));
#15198=CARTESIAN_POINT('',(15.9743375558097,12.5788147207513,2.1));
#15199=CARTESIAN_POINT('',(16.1395092041231,12.5788147207513,2.1));
#15200=VECTOR('',#15201,1.);
#15201=DIRECTION('',(-1.,0.,0.));
#15202=CARTESIAN_POINT('',(15.7631807441399,12.5021544705033,2.1));
#15203=CARTESIAN_POINT('',(15.9743375558097,12.5788147207513,2.1));
#15204=CARTESIAN_POINT('',(15.8645905881164,12.5788147207513,2.1));
#15205=CARTESIAN_POINT('',(15.7631807441399,12.5021544705033,2.1));
#15206=CARTESIAN_POINT('',(15.6244536485676,12.3156370078244,2.1));
#15207=CARTESIAN_POINT('',(15.7631807441399,12.5021544705033,2.1));
#15208=CARTESIAN_POINT('',(15.6617709270786,12.4254941933401,2.1));
#15209=CARTESIAN_POINT('',(15.6244536485676,12.3156370078244,2.1));
#15210=CARTESIAN_POINT('',(15.6524002589454,12.1176404733178,2.1));
#15211=CARTESIAN_POINT('',(15.6244536485676,12.3156370078244,2.1));
#15212=CARTESIAN_POINT('',(15.5838290817543,12.1961059542313,2.1));
#15213=CARTESIAN_POINT('',(15.6524002589454,12.1176404733178,2.1));
#15214=CARTESIAN_POINT('',(15.9878147596787,11.7385421681289,2.1));
#15215=CARTESIAN_POINT('',(15.6524002589454,12.1176404733178,2.1));
#15216=VECTOR('',#15217,1.);
#15217=DIRECTION('',(0.662638501716043,-0.74893939410577,0.));
#15218=CARTESIAN_POINT('',(16.0023392885564,11.6322954170289,2.1));
#15219=CARTESIAN_POINT('',(15.9878147596787,11.7385421681289,2.1));
#15220=CARTESIAN_POINT('',(16.0244981309476,11.6975041835489,2.1));
#15221=CARTESIAN_POINT('',(16.0023392885564,11.6322954170289,2.1));
#15222=CARTESIAN_POINT('',(15.9282972969997,11.5333109303679,2.1));
#15223=CARTESIAN_POINT('',(16.0023392885564,11.6322954170289,2.1));
#15224=CARTESIAN_POINT('',(15.9826333377498,11.57436269554,2.1));
#15225=CARTESIAN_POINT('',(15.9282972969997,11.5333109303679,2.1));
#15226=CARTESIAN_POINT('',(15.8160836302144,11.4922591651957,2.1));
#15227=CARTESIAN_POINT('',(15.9282972969997,11.5333109303679,2.1));
#15228=CARTESIAN_POINT('',(15.8739612562497,11.4922591651957,2.1));
#15229=CARTESIAN_POINT('',(15.8160836302144,11.4922591651957,2.1));
#15230=CARTESIAN_POINT('',(15.6508844207165,11.4922591651957,2.1));
#15231=CARTESIAN_POINT('',(15.8160836302144,11.4922591651957,2.1));
#15232=VECTOR('',#15233,1.);
#15233=DIRECTION('',(-1.,0.,0.));
#15234=CARTESIAN_POINT('',(15.4873664165542,11.5894108600068,2.1));
#15235=CARTESIAN_POINT('',(15.6508844207165,11.4922591651957,2.1));
#15236=CARTESIAN_POINT('',(15.5387396838074,11.4922591651957,2.1));
#15237=CARTESIAN_POINT('',(15.4873664165542,11.5894108600068,2.1));
#15238=CARTESIAN_POINT('',(15.4477340254654,11.6147392116934,2.1));
#15239=CARTESIAN_POINT('',(15.4873664165542,11.5894108600068,2.1));
#15240=CARTESIAN_POINT('',(15.473062377152,11.6147392116934,2.1));
#15241=CARTESIAN_POINT('',(15.4477340254654,11.6147392116934,2.1));
#15242=CARTESIAN_POINT('',(15.3987861155276,11.5966455632612,2.1));
#15243=CARTESIAN_POINT('',(15.4477340254654,11.6147392116934,2.1));
#15244=CARTESIAN_POINT('',(15.4236183658942,11.6147392116934,2.1));
#15245=CARTESIAN_POINT('',(15.3987861155276,11.5966455632612,2.1));
#15246=CARTESIAN_POINT('',(15.3657683279586,11.5544362552579,2.1));
#15247=CARTESIAN_POINT('',(15.3987861155276,11.5966455632612,2.1));
#15248=CARTESIAN_POINT('',(15.3739538651609,11.5785519417443,2.1));
#15249=CARTESIAN_POINT('',(15.3657683279586,11.5544362552579,2.1));
#15250=CARTESIAN_POINT('',(15.3663195247321,11.5170638543779,2.1));
#15251=CARTESIAN_POINT('',(15.3657683279586,11.5544362552579,2.1));
#15252=CARTESIAN_POINT('',(15.3596222645743,11.536356387418,2.1));
#15253=CARTESIAN_POINT('',(15.3663195247321,11.5170638543779,2.1));
#15254=CARTESIAN_POINT('',(15.4588410213031,11.4097146828157,2.1));
#15255=CARTESIAN_POINT('',(15.3663195247321,11.5170638543779,2.1));
#15256=CARTESIAN_POINT('',(15.3879822927187,11.449512441011,2.1));
#15257=CARTESIAN_POINT('',(15.4588410213031,11.4097146828157,2.1));
#15258=CARTESIAN_POINT('',(15.610122047981,11.3723147207513,2.1));
#15259=CARTESIAN_POINT('',(15.4588410213031,11.4097146828157,2.1));
#15260=CARTESIAN_POINT('',(15.5257309931587,11.3723147207513,2.1));
#15261=CARTESIAN_POINT('',(15.610122047981,11.3723147207513,2.1));
#15262=CARTESIAN_POINT('',(15.7753212574788,11.3723147207513,2.1));
#15263=CARTESIAN_POINT('',(15.610122047981,11.3723147207513,2.1));
#15264=VECTOR('',#15265,1.);
#15265=DIRECTION('',(1.,0.,0.));
#15266=CARTESIAN_POINT('',(15.9864642885564,11.4489749979145,2.1));
#15267=CARTESIAN_POINT('',(15.7753212574788,11.3723147207513,2.1));
#15268=CARTESIAN_POINT('',(15.8850406639877,11.3723147207513,2.1));
#15269=CARTESIAN_POINT('',(15.9864642885564,11.4489749979145,2.1));
#15270=CARTESIAN_POINT('',(16.1252051647209,11.6354924605934,2.1));
#15271=CARTESIAN_POINT('',(15.9864642885564,11.4489749979145,2.1));
#15272=CARTESIAN_POINT('',(16.0878878862099,11.5256352750776,2.1));
#15273=CARTESIAN_POINT('',(16.1252051647209,11.6354924605934,2.1));
#15274=CARTESIAN_POINT('',(16.0972585543431,11.8334889951,2.1));
#15275=CARTESIAN_POINT('',(16.1252051647209,11.6354924605934,2.1));
#15276=CARTESIAN_POINT('',(16.1662431493009,11.7562361793866,2.1));
#15277=CARTESIAN_POINT('',(16.0972585543431,11.8334889951,2.1));
#15278=CARTESIAN_POINT('',(15.7618440536098,12.2125873002889,2.1));
#15279=CARTESIAN_POINT('',(16.0972585543431,11.8334889951,2.1));
#15280=VECTOR('',#15281,1.);
#15281=DIRECTION('',(-0.662638501716043,0.74893939410577,0.));
#15282=CARTESIAN_POINT('',(15.746106859532,12.3188340513889,2.1));
#15283=CARTESIAN_POINT('',(15.7618440536098,12.2125873002889,2.1));
#15284=CARTESIAN_POINT('',(15.7243614079921,12.254837950069,2.1));
#15285=CARTESIAN_POINT('',(15.746106859532,12.3188340513889,2.1));
#15286=CARTESIAN_POINT('',(15.820355559972,12.4184248571924,2.1));
#15287=CARTESIAN_POINT('',(15.746106859532,12.3188340513889,2.1));
#15288=CARTESIAN_POINT('',(15.7662262281052,12.3779794380779,2.1));
#15289=CARTESIAN_POINT('',(15.820355559972,12.4184248571924,2.1));
#15290=CARTESIAN_POINT('',(15.9335751830742,12.4588702763068,2.1));
#15291=CARTESIAN_POINT('',(15.820355559972,12.4184248571924,2.1));
#15292=CARTESIAN_POINT('',(15.8744848918388,12.4588702763068,2.1));
#15293=CARTESIAN_POINT('',(15.9335751830742,12.4588702763068,2.1));
#15294=CARTESIAN_POINT('',(16.0987468313876,12.4588702763068,2.1));
#15295=CARTESIAN_POINT('',(15.9335751830742,12.4588702763068,2.1));
#15296=VECTOR('',#15297,1.);
#15297=DIRECTION('',(1.,0.,0.));
#15298=CARTESIAN_POINT('',(16.2620719341741,12.3610571399844,2.1));
#15299=CARTESIAN_POINT('',(16.0987468313876,12.4588702763068,2.1));
#15300=CARTESIAN_POINT('',(16.2108915952119,12.4588702763068,2.1));
#15301=CARTESIAN_POINT('',(16.2620719341741,12.3610571399844,2.1));
#15302=CARTESIAN_POINT('',(16.3015940536098,12.3353980540846,2.1));
#15303=CARTESIAN_POINT('',(16.2620719341741,12.3610571399844,2.1));
#15304=CARTESIAN_POINT('',(16.2762657019233,12.3353980540846,2.1));
#15305=CARTESIAN_POINT('',(16.3015940536098,12.3353980540846,2.1));
#15306=CARTESIAN_POINT('',(16.3015940536098,12.3353980540846,2.1));
#15307=CARTESIAN_POINT('',(16.3257097131811,12.3353980540846,2.1));
#15308=CARTESIAN_POINT('',(16.3505557441399,12.3535606054779,2.1));
#15309=CARTESIAN_POINT('',(16.3015940536098,12.3353980540846,2.));
#15310=VECTOR('',#15311,1.);
#15311=DIRECTION('',(0.,0.,1.));
#15312=CARTESIAN_POINT('',(16.2620719341741,12.3610571399844,2.));
#15313=VECTOR('',#15314,1.);
#15314=DIRECTION('',(0.,0.,1.));
#15315=CARTESIAN_POINT('',(16.0987468313876,12.4588702763068,2.));
#15316=VECTOR('',#15317,1.);
#15317=DIRECTION('',(0.,0.,1.));
#15318=CARTESIAN_POINT('',(15.9335751830742,12.4588702763068,2.));
#15319=VECTOR('',#15320,1.);
#15320=DIRECTION('',(0.,0.,1.));
#15321=CARTESIAN_POINT('',(15.820355559972,12.4184248571924,2.));
#15322=VECTOR('',#15323,1.);
#15323=DIRECTION('',(0.,0.,1.));
#15324=CARTESIAN_POINT('',(15.746106859532,12.3188340513889,2.));
#15325=VECTOR('',#15326,1.);
#15326=DIRECTION('',(0.,0.,1.));
#15327=CARTESIAN_POINT('',(15.7618440536098,12.2125873002889,2.));
#15328=VECTOR('',#15329,1.);
#15329=DIRECTION('',(0.,0.,1.));
#15330=CARTESIAN_POINT('',(16.0972585543431,11.8334889951,2.));
#15331=VECTOR('',#15332,1.);
#15332=DIRECTION('',(0.,0.,1.));
#15333=CARTESIAN_POINT('',(16.1252051647209,11.6354924605934,2.));
#15334=VECTOR('',#15335,1.);
#15335=DIRECTION('',(0.,0.,1.));
#15336=CARTESIAN_POINT('',(15.9864642885564,11.4489749979145,2.));
#15337=VECTOR('',#15338,1.);
#15338=DIRECTION('',(0.,0.,1.));
#15339=CARTESIAN_POINT('',(15.7753212574788,11.3723147207513,2.));
#15340=VECTOR('',#15341,1.);
#15341=DIRECTION('',(0.,0.,1.));
#15342=CARTESIAN_POINT('',(15.610122047981,11.3723147207513,2.));
#15343=VECTOR('',#15344,1.);
#15344=DIRECTION('',(0.,0.,1.));
#15345=CARTESIAN_POINT('',(15.4588410213031,11.4097146828157,2.));
#15346=VECTOR('',#15347,1.);
#15347=DIRECTION('',(0.,0.,1.));
#15348=CARTESIAN_POINT('',(15.3663195247321,11.5170638543779,2.));
#15349=VECTOR('',#15350,1.);
#15350=DIRECTION('',(0.,0.,1.));
#15351=CARTESIAN_POINT('',(15.3657683279586,11.5544362552579,2.));
#15352=VECTOR('',#15353,1.);
#15353=DIRECTION('',(0.,0.,1.));
#15354=CARTESIAN_POINT('',(15.3987861155276,11.5966455632612,2.));
#15355=VECTOR('',#15356,1.);
#15356=DIRECTION('',(0.,0.,1.));
#15357=CARTESIAN_POINT('',(15.4477340254654,11.6147392116934,2.));
#15358=VECTOR('',#15359,1.);
#15359=DIRECTION('',(0.,0.,1.));
#15360=CARTESIAN_POINT('',(15.4873664165542,11.5894108600068,2.));
#15361=VECTOR('',#15362,1.);
#15362=DIRECTION('',(0.,0.,1.));
#15363=CARTESIAN_POINT('',(15.6508844207165,11.4922591651957,2.));
#15364=VECTOR('',#15365,1.);
#15365=DIRECTION('',(0.,0.,1.));
#15366=CARTESIAN_POINT('',(15.8160836302144,11.4922591651957,2.));
#15367=VECTOR('',#15368,1.);
#15368=DIRECTION('',(0.,0.,1.));
#15369=CARTESIAN_POINT('',(15.9282972969997,11.5333109303679,2.));
#15370=VECTOR('',#15371,1.);
#15371=DIRECTION('',(0.,0.,1.));
#15372=CARTESIAN_POINT('',(16.0023392885564,11.6322954170289,2.));
#15373=VECTOR('',#15374,1.);
#15374=DIRECTION('',(0.,0.,1.));
#15375=CARTESIAN_POINT('',(15.9878147596787,11.7385421681289,2.));
#15376=VECTOR('',#15377,1.);
#15377=DIRECTION('',(0.,0.,1.));
#15378=CARTESIAN_POINT('',(15.6524002589454,12.1176404733178,2.));
#15379=VECTOR('',#15380,1.);
#15380=DIRECTION('',(0.,0.,1.));
#15381=CARTESIAN_POINT('',(15.6244536485676,12.3156370078244,2.));
#15382=VECTOR('',#15383,1.);
#15383=DIRECTION('',(0.,0.,1.));
#15384=CARTESIAN_POINT('',(15.7631807441399,12.5021544705033,2.));
#15385=VECTOR('',#15386,1.);
#15386=DIRECTION('',(0.,0.,1.));
#15387=CARTESIAN_POINT('',(15.9743375558097,12.5788147207513,2.));
#15388=VECTOR('',#15389,1.);
#15389=DIRECTION('',(0.,0.,1.));
#15390=CARTESIAN_POINT('',(16.1395092041231,12.5788147207513,2.));
#15391=VECTOR('',#15392,1.);
#15392=DIRECTION('',(0.,0.,1.));
#15393=CARTESIAN_POINT('',(16.2903217175807,12.5400642875646,2.));
#15394=VECTOR('',#15395,1.);
#15395=DIRECTION('',(0.,0.,1.));
#15396=CARTESIAN_POINT('',(12.3551134783396,11.3723147207513,2.));
#15397=CARTESIAN_POINT('',(12.5500783363883,11.4428978374913,2.));
#15398=CARTESIAN_POINT('',(12.3551134783396,11.3723147207513,2.));
#15399=CARTESIAN_POINT('',(12.4554071212615,11.3723147207513,2.));
#15400=CARTESIAN_POINT('',(12.5500783363883,11.4428978374913,2.));
#15401=CARTESIAN_POINT('',(12.1134607005618,11.3723147207513,2.));
#15402=CARTESIAN_POINT('',(12.1134607005618,11.3723147207513,2.));
#15403=VECTOR('',#15404,1.);
#15404=DIRECTION('',(1.,0.,0.));
#15405=CARTESIAN_POINT('',(11.966479164826,11.4428978374913,2.));
#15406=CARTESIAN_POINT('',(11.966479164826,11.4428978374913,2.));
#15407=CARTESIAN_POINT('',(12.0131670845551,11.3723147207513,2.));
#15408=CARTESIAN_POINT('',(12.1134607005618,11.3723147207513,2.));
#15409=CARTESIAN_POINT('',(11.9538012083905,11.6136092300466,2.));
#15410=CARTESIAN_POINT('',(11.9538012083905,11.6136092300466,2.));
#15411=CARTESIAN_POINT('',(11.9197912181817,11.5134809542313,2.));
#15412=CARTESIAN_POINT('',(11.966479164826,11.4428978374913,2.));
#15413=CARTESIAN_POINT('',(12.1998361606637,12.3375202383712,2.));
#15414=CARTESIAN_POINT('',(12.1998361606637,12.3375202383712,2.));
#15415=VECTOR('',#15416,1.);
#15416=DIRECTION('',(-0.321791600214764,-0.946810522771701,0.));
#15417=CARTESIAN_POINT('',(12.3289169762584,12.5076252848688,2.));
#15418=CARTESIAN_POINT('',(12.3289169762584,12.5076252848688,2.));
#15419=CARTESIAN_POINT('',(12.2334327061907,12.4364358220712,2.));
#15420=CARTESIAN_POINT('',(12.1998361606637,12.3375202383712,2.));
#15421=CARTESIAN_POINT('',(12.5234821971327,12.5788147207513,2.));
#15422=CARTESIAN_POINT('',(12.5234821971327,12.5788147207513,2.));
#15423=CARTESIAN_POINT('',(12.4244012463261,12.5788147207513,2.));
#15424=CARTESIAN_POINT('',(12.3289169762584,12.5076252848688,2.));
#15425=CARTESIAN_POINT('',(12.7651349749105,12.5788147207513,2.));
#15426=CARTESIAN_POINT('',(12.7651349749105,12.5788147207513,2.));
#15427=VECTOR('',#15428,1.);
#15428=DIRECTION('',(-1.,0.,0.));
#15429=CARTESIAN_POINT('',(12.9113034826206,12.5076252848688,2.));
#15430=CARTESIAN_POINT('',(12.9113034826206,12.5076252848688,2.));
#15431=CARTESIAN_POINT('',(12.8642159257171,12.5788147207513,2.));
#15432=CARTESIAN_POINT('',(12.7651349749105,12.5788147207513,2.));
#15433=CARTESIAN_POINT('',(12.924794493997,12.3375202383712,2.));
#15434=CARTESIAN_POINT('',(12.924794493997,12.3375202383712,2.));
#15435=CARTESIAN_POINT('',(12.958391039524,12.4364358220712,2.));
#15436=CARTESIAN_POINT('',(12.9113034826206,12.5076252848688,2.));
#15437=CARTESIAN_POINT('',(12.6787595417238,11.6136092300466,2.));
#15438=CARTESIAN_POINT('',(12.6787595417238,11.6136092300466,2.));
#15439=VECTOR('',#15440,1.);
#15440=DIRECTION('',(0.321791600214766,0.9468105227717,0.));
#15441=CARTESIAN_POINT('',(12.5500783363883,11.4428978374913,2.));
#15442=CARTESIAN_POINT('',(12.644749551515,11.5134809542313,2.));
#15443=CARTESIAN_POINT('',(12.6787595417238,11.6136092300466,2.));
#15444=CARTESIAN_POINT('',(12.805015389744,12.3380439008756,2.));
#15445=CARTESIAN_POINT('',(12.7981941042562,12.4232204494544,2.));
#15446=CARTESIAN_POINT('',(12.805015389744,12.3380439008756,2.));
#15447=CARTESIAN_POINT('',(12.8218550311994,12.3875705956866,2.));
#15448=CARTESIAN_POINT('',(12.7981941042562,12.4232204494544,2.));
#15449=CARTESIAN_POINT('',(12.724813581126,12.4588702763068,2.));
#15450=CARTESIAN_POINT('',(12.7981941042562,12.4232204494544,2.));
#15451=CARTESIAN_POINT('',(12.7745332042282,12.4588702763068,2.));
#15452=CARTESIAN_POINT('',(12.724813581126,12.4588702763068,2.));
#15453=CARTESIAN_POINT('',(12.4822788454462,12.4588702763068,2.));
#15454=CARTESIAN_POINT('',(12.724813581126,12.4588702763068,2.));
#15455=VECTOR('',#15456,1.);
#15456=DIRECTION('',(-1.,0.,0.));
#15457=CARTESIAN_POINT('',(12.3846724180071,12.4232204494544,2.));
#15458=CARTESIAN_POINT('',(12.4822788454462,12.4588702763068,2.));
#15459=CARTESIAN_POINT('',(12.4325592492593,12.4588702763068,2.));
#15460=CARTESIAN_POINT('',(12.3846724180071,12.4232204494544,2.));
#15461=CARTESIAN_POINT('',(12.3199459452995,12.3380439008756,2.));
#15462=CARTESIAN_POINT('',(12.3846724180071,12.4232204494544,2.));
#15463=CARTESIAN_POINT('',(12.3367855867549,12.3875705956866,2.));
#15464=CARTESIAN_POINT('',(12.3199459452995,12.3380439008756,2.));
#15465=CARTESIAN_POINT('',(12.0735802857283,11.6130855675422,2.));
#15466=CARTESIAN_POINT('',(12.3199459452995,12.3380439008756,2.));
#15467=VECTOR('',#15468,1.);
#15468=DIRECTION('',(-0.321762042095121,-0.946820568147301,0.));
#15469=CARTESIAN_POINT('',(12.0804015712161,11.5279090189634,2.));
#15470=CARTESIAN_POINT('',(12.0735802857283,11.6130855675422,2.));
#15471=CARTESIAN_POINT('',(12.0567406711882,11.5635588727311,2.));
#15472=CARTESIAN_POINT('',(12.0804015712161,11.5279090189634,2.));
#15473=CARTESIAN_POINT('',(12.1537821212615,11.4922591651957,2.));
#15474=CARTESIAN_POINT('',(12.0804015712161,11.5279090189634,2.));
#15475=CARTESIAN_POINT('',(12.1040624981593,11.4922591651957,2.));
#15476=CARTESIAN_POINT('',(12.1537821212615,11.4922591651957,2.));
#15477=CARTESIAN_POINT('',(12.3963168300261,11.4922591651957,2.));
#15478=CARTESIAN_POINT('',(12.1537821212615,11.4922591651957,2.));
#15479=VECTOR('',#15480,1.);
#15480=DIRECTION('',(1.,0.,0.));
#15481=CARTESIAN_POINT('',(12.4939232843804,11.5279090189634,2.));
#15482=CARTESIAN_POINT('',(12.3963168300261,11.4922591651957,2.));
#15483=CARTESIAN_POINT('',(12.4460364531283,11.4922591651957,2.));
#15484=CARTESIAN_POINT('',(12.4939232843804,11.5279090189634,2.));
#15485=CARTESIAN_POINT('',(12.5586497301728,11.6130855675422,2.));
#15486=CARTESIAN_POINT('',(12.4939232843804,11.5279090189634,2.));
#15487=CARTESIAN_POINT('',(12.5418101156326,11.5635588727311,2.));
#15488=CARTESIAN_POINT('',(12.5586497301728,11.6130855675422,2.));
#15489=CARTESIAN_POINT('',(12.5586497301728,11.6130855675422,2.));
#15490=VECTOR('',#15491,1.);
#15491=DIRECTION('',(0.321762042095121,0.946820568147301,0.));
#15492=CARTESIAN_POINT('',(12.5500783363883,11.4428978374913,2.1));
#15493=CARTESIAN_POINT('',(12.5500783363883,11.4428978374913,2.));
#15494=VECTOR('',#15495,1.);
#15495=DIRECTION('',(0.,0.,1.));
#15496=CARTESIAN_POINT('',(12.3551134783396,11.3723147207513,2.1));
#15497=CARTESIAN_POINT('',(12.3551134783396,11.3723147207513,2.1));
#15498=CARTESIAN_POINT('',(12.4554071212615,11.3723147207513,2.1));
#15499=CARTESIAN_POINT('',(12.5500783363883,11.4428978374913,2.1));
#15500=CARTESIAN_POINT('',(12.3551134783396,11.3723147207513,2.));
#15501=VECTOR('',#15502,1.);
#15502=DIRECTION('',(0.,0.,1.));
#15503=CARTESIAN_POINT('',(12.1134607005618,11.3723147207513,2.1));
#15504=CARTESIAN_POINT('',(12.1134607005618,11.3723147207513,2.1));
#15505=VECTOR('',#15506,1.);
#15506=DIRECTION('',(1.,0.,0.));
#15507=CARTESIAN_POINT('',(12.1134607005618,11.3723147207513,2.));
#15508=VECTOR('',#15509,1.);
#15509=DIRECTION('',(0.,0.,1.));
#15510=CARTESIAN_POINT('',(11.966479164826,11.4428978374913,2.1));
#15511=CARTESIAN_POINT('',(11.966479164826,11.4428978374913,2.1));
#15512=CARTESIAN_POINT('',(12.0131670845551,11.3723147207513,2.1));
#15513=CARTESIAN_POINT('',(12.1134607005618,11.3723147207513,2.1));
#15514=CARTESIAN_POINT('',(11.966479164826,11.4428978374913,2.));
#15515=VECTOR('',#15516,1.);
#15516=DIRECTION('',(0.,0.,1.));
#15517=CARTESIAN_POINT('',(11.9538012083905,11.6136092300466,2.1));
#15518=CARTESIAN_POINT('',(11.9538012083905,11.6136092300466,2.1));
#15519=CARTESIAN_POINT('',(11.9197912181817,11.5134809542313,2.1));
#15520=CARTESIAN_POINT('',(11.966479164826,11.4428978374913,2.1));
#15521=CARTESIAN_POINT('',(11.9538012083905,11.6136092300466,2.));
#15522=VECTOR('',#15523,1.);
#15523=DIRECTION('',(0.,0.,1.));
#15524=CARTESIAN_POINT('',(12.1998361606637,12.3375202383712,2.1));
#15525=CARTESIAN_POINT('',(12.1998361606637,12.3375202383712,2.1));
#15526=VECTOR('',#15527,1.);
#15527=DIRECTION('',(-0.321791600214764,-0.946810522771701,0.));
#15528=CARTESIAN_POINT('',(12.1998361606637,12.3375202383712,2.));
#15529=VECTOR('',#15530,1.);
#15530=DIRECTION('',(0.,0.,1.));
#15531=CARTESIAN_POINT('',(12.3289169762584,12.5076252848688,2.1));
#15532=CARTESIAN_POINT('',(12.3289169762584,12.5076252848688,2.1));
#15533=CARTESIAN_POINT('',(12.2334327061907,12.4364358220712,2.1));
#15534=CARTESIAN_POINT('',(12.1998361606637,12.3375202383712,2.1));
#15535=CARTESIAN_POINT('',(12.3289169762584,12.5076252848688,2.));
#15536=VECTOR('',#15537,1.);
#15537=DIRECTION('',(0.,0.,1.));
#15538=CARTESIAN_POINT('',(12.5234821971327,12.5788147207513,2.1));
#15539=CARTESIAN_POINT('',(12.5234821971327,12.5788147207513,2.1));
#15540=CARTESIAN_POINT('',(12.4244012463261,12.5788147207513,2.1));
#15541=CARTESIAN_POINT('',(12.3289169762584,12.5076252848688,2.1));
#15542=CARTESIAN_POINT('',(12.5234821971327,12.5788147207513,2.));
#15543=VECTOR('',#15544,1.);
#15544=DIRECTION('',(0.,0.,1.));
#15545=CARTESIAN_POINT('',(12.7651349749105,12.5788147207513,2.1));
#15546=CARTESIAN_POINT('',(12.7651349749105,12.5788147207513,2.1));
#15547=VECTOR('',#15548,1.);
#15548=DIRECTION('',(-1.,0.,0.));
#15549=CARTESIAN_POINT('',(12.7651349749105,12.5788147207513,2.));
#15550=VECTOR('',#15551,1.);
#15551=DIRECTION('',(0.,0.,1.));
#15552=CARTESIAN_POINT('',(12.9113034826206,12.5076252848688,2.1));
#15553=CARTESIAN_POINT('',(12.9113034826206,12.5076252848688,2.1));
#15554=CARTESIAN_POINT('',(12.8642159257171,12.5788147207513,2.1));
#15555=CARTESIAN_POINT('',(12.7651349749105,12.5788147207513,2.1));
#15556=CARTESIAN_POINT('',(12.9113034826206,12.5076252848688,2.));
#15557=VECTOR('',#15558,1.);
#15558=DIRECTION('',(0.,0.,1.));
#15559=CARTESIAN_POINT('',(12.924794493997,12.3375202383712,2.1));
#15560=CARTESIAN_POINT('',(12.924794493997,12.3375202383712,2.1));
#15561=CARTESIAN_POINT('',(12.958391039524,12.4364358220712,2.1));
#15562=CARTESIAN_POINT('',(12.9113034826206,12.5076252848688,2.1));
#15563=CARTESIAN_POINT('',(12.924794493997,12.3375202383712,2.));
#15564=VECTOR('',#15565,1.);
#15565=DIRECTION('',(0.,0.,1.));
#15566=CARTESIAN_POINT('',(12.6787595417238,11.6136092300466,2.1));
#15567=CARTESIAN_POINT('',(12.6787595417238,11.6136092300466,2.1));
#15568=VECTOR('',#15569,1.);
#15569=DIRECTION('',(0.321791600214766,0.9468105227717,0.));
#15570=CARTESIAN_POINT('',(12.6787595417238,11.6136092300466,2.));
#15571=VECTOR('',#15572,1.);
#15572=DIRECTION('',(0.,0.,1.));
#15573=CARTESIAN_POINT('',(12.5500783363883,11.4428978374913,2.1));
#15574=CARTESIAN_POINT('',(12.644749551515,11.5134809542313,2.1));
#15575=CARTESIAN_POINT('',(12.6787595417238,11.6136092300466,2.1));
#15576=CARTESIAN_POINT('',(12.7981941042562,12.4232204494544,2.1));
#15577=CARTESIAN_POINT('',(12.805015389744,12.3380439008756,2.1));
#15578=CARTESIAN_POINT('',(12.805015389744,12.3380439008756,2.1));
#15579=CARTESIAN_POINT('',(12.8218550311994,12.3875705956866,2.1));
#15580=CARTESIAN_POINT('',(12.7981941042562,12.4232204494544,2.1));
#15581=CARTESIAN_POINT('',(12.7981941042562,12.4232204494544,2.));
#15582=VECTOR('',#15583,1.);
#15583=DIRECTION('',(0.,0.,1.));
#15584=CARTESIAN_POINT('',(12.805015389744,12.3380439008756,2.));
#15585=VECTOR('',#15586,1.);
#15586=DIRECTION('',(0.,0.,1.));
#15587=CARTESIAN_POINT('',(12.724813581126,12.4588702763068,2.1));
#15588=CARTESIAN_POINT('',(12.7981941042562,12.4232204494544,2.1));
#15589=CARTESIAN_POINT('',(12.7745332042282,12.4588702763068,2.1));
#15590=CARTESIAN_POINT('',(12.724813581126,12.4588702763068,2.1));
#15591=CARTESIAN_POINT('',(12.724813581126,12.4588702763068,2.));
#15592=VECTOR('',#15593,1.);
#15593=DIRECTION('',(0.,0.,1.));
#15594=CARTESIAN_POINT('',(12.4822788454462,12.4588702763068,2.1));
#15595=CARTESIAN_POINT('',(12.724813581126,12.4588702763068,2.1));
#15596=VECTOR('',#15597,1.);
#15597=DIRECTION('',(-1.,0.,0.));
#15598=CARTESIAN_POINT('',(12.4822788454462,12.4588702763068,2.));
#15599=VECTOR('',#15600,1.);
#15600=DIRECTION('',(0.,0.,1.));
#15601=CARTESIAN_POINT('',(12.3846724180071,12.4232204494544,2.1));
#15602=CARTESIAN_POINT('',(12.4822788454462,12.4588702763068,2.1));
#15603=CARTESIAN_POINT('',(12.4325592492593,12.4588702763068,2.1));
#15604=CARTESIAN_POINT('',(12.3846724180071,12.4232204494544,2.1));
#15605=CARTESIAN_POINT('',(12.3846724180071,12.4232204494544,2.));
#15606=VECTOR('',#15607,1.);
#15607=DIRECTION('',(0.,0.,1.));
#15608=CARTESIAN_POINT('',(12.3199459452995,12.3380439008756,2.1));
#15609=CARTESIAN_POINT('',(12.3846724180071,12.4232204494544,2.1));
#15610=CARTESIAN_POINT('',(12.3367855867549,12.3875705956866,2.1));
#15611=CARTESIAN_POINT('',(12.3199459452995,12.3380439008756,2.1));
#15612=CARTESIAN_POINT('',(12.3199459452995,12.3380439008756,2.));
#15613=VECTOR('',#15614,1.);
#15614=DIRECTION('',(0.,0.,1.));
#15615=CARTESIAN_POINT('',(12.0735802857283,11.6130855675422,2.1));
#15616=CARTESIAN_POINT('',(12.3199459452995,12.3380439008756,2.1));
#15617=VECTOR('',#15618,1.);
#15618=DIRECTION('',(-0.321762042095121,-0.946820568147301,0.));
#15619=CARTESIAN_POINT('',(12.0735802857283,11.6130855675422,2.));
#15620=VECTOR('',#15621,1.);
#15621=DIRECTION('',(0.,0.,1.));
#15622=CARTESIAN_POINT('',(12.0804015712161,11.5279090189634,2.1));
#15623=CARTESIAN_POINT('',(12.0735802857283,11.6130855675422,2.1));
#15624=CARTESIAN_POINT('',(12.0567406711882,11.5635588727311,2.1));
#15625=CARTESIAN_POINT('',(12.0804015712161,11.5279090189634,2.1));
#15626=CARTESIAN_POINT('',(12.0804015712161,11.5279090189634,2.));
#15627=VECTOR('',#15628,1.);
#15628=DIRECTION('',(0.,0.,1.));
#15629=CARTESIAN_POINT('',(12.1537821212615,11.4922591651957,2.1));
#15630=CARTESIAN_POINT('',(12.0804015712161,11.5279090189634,2.1));
#15631=CARTESIAN_POINT('',(12.1040624981593,11.4922591651957,2.1));
#15632=CARTESIAN_POINT('',(12.1537821212615,11.4922591651957,2.1));
#15633=CARTESIAN_POINT('',(12.1537821212615,11.4922591651957,2.));
#15634=VECTOR('',#15635,1.);
#15635=DIRECTION('',(0.,0.,1.));
#15636=CARTESIAN_POINT('',(12.3963168300261,11.4922591651957,2.1));
#15637=CARTESIAN_POINT('',(12.1537821212615,11.4922591651957,2.1));
#15638=VECTOR('',#15639,1.);
#15639=DIRECTION('',(1.,0.,0.));
#15640=CARTESIAN_POINT('',(12.3963168300261,11.4922591651957,2.));
#15641=VECTOR('',#15642,1.);
#15642=DIRECTION('',(0.,0.,1.));
#15643=CARTESIAN_POINT('',(12.4939232843804,11.5279090189634,2.1));
#15644=CARTESIAN_POINT('',(12.3963168300261,11.4922591651957,2.1));
#15645=CARTESIAN_POINT('',(12.4460364531283,11.4922591651957,2.1));
#15646=CARTESIAN_POINT('',(12.4939232843804,11.5279090189634,2.1));
#15647=CARTESIAN_POINT('',(12.4939232843804,11.5279090189634,2.));
#15648=VECTOR('',#15649,1.);
#15649=DIRECTION('',(0.,0.,1.));
#15650=CARTESIAN_POINT('',(12.5586497301728,11.6130855675422,2.1));
#15651=CARTESIAN_POINT('',(12.4939232843804,11.5279090189634,2.1));
#15652=CARTESIAN_POINT('',(12.5418101156326,11.5635588727311,2.1));
#15653=CARTESIAN_POINT('',(12.5586497301728,11.6130855675422,2.1));
#15654=CARTESIAN_POINT('',(12.5586497301728,11.6130855675422,2.));
#15655=VECTOR('',#15656,1.);
#15656=DIRECTION('',(0.,0.,1.));
#15657=CARTESIAN_POINT('',(12.5586497301728,11.6130855675422,2.1));
#15658=VECTOR('',#15659,1.);
#15659=DIRECTION('',(0.321762042095121,0.946820568147301,0.));
#15660=CARTESIAN_POINT('',(17.2707681644034,11.5277849936335,2.));
#15661=CARTESIAN_POINT('',(17.2645669786503,11.6126997109601,2.));
#15662=CARTESIAN_POINT('',(17.2707681644034,11.5277849936335,2.));
#15663=CARTESIAN_POINT('',(17.247782486479,11.5633108220712,2.));
#15664=CARTESIAN_POINT('',(17.2645669786503,11.6126997109601,2.));
#15665=CARTESIAN_POINT('',(17.3433356595078,11.4922591651957,2.));
#15666=CARTESIAN_POINT('',(17.3433356595078,11.4922591651957,2.));
#15667=CARTESIAN_POINT('',(17.2937538423279,11.4922591651957,2.));
#15668=CARTESIAN_POINT('',(17.2707681644034,11.5277849936335,2.));
#15669=CARTESIAN_POINT('',(17.7664485033656,11.4922591651957,2.));
#15670=CARTESIAN_POINT('',(17.7664485033656,11.4922591651957,2.));
#15671=VECTOR('',#15672,1.);
#15672=DIRECTION('',(-1.,0.,0.));
#15673=CARTESIAN_POINT('',(17.8065218464902,11.4322869429735,2.));
#15674=CARTESIAN_POINT('',(17.8065218464902,11.4322869429735,2.));
#15675=CARTESIAN_POINT('',(17.8268892388081,11.4922591651957,2.));
#15676=CARTESIAN_POINT('',(17.7664485033656,11.4922591651957,2.));
#15677=CARTESIAN_POINT('',(17.7257688141834,11.3723147207513,2.));
#15678=CARTESIAN_POINT('',(17.7257688141834,11.3723147207513,2.));
#15679=CARTESIAN_POINT('',(17.7861268660726,11.3723147207513,2.));
#15680=CARTESIAN_POINT('',(17.8065218464902,11.4322869429735,2.));
#15681=CARTESIAN_POINT('',(17.3031796059147,11.3723147207513,2.));
#15682=CARTESIAN_POINT('',(17.3031796059147,11.3723147207513,2.));
#15683=VECTOR('',#15684,1.);
#15684=DIRECTION('',(1.,0.,0.));
#15685=CARTESIAN_POINT('',(17.1569421952436,11.4428565226298,2.));
#15686=CARTESIAN_POINT('',(17.1569421952436,11.4428565226298,2.));
#15687=CARTESIAN_POINT('',(17.2029962346458,11.3723147207513,2.));
#15688=CARTESIAN_POINT('',(17.3031796059147,11.3723147207513,2.));
#15689=CARTESIAN_POINT('',(17.1448981460502,11.6134989853088,2.));
#15690=CARTESIAN_POINT('',(17.1448981460502,11.6134989853088,2.));
#15691=CARTESIAN_POINT('',(17.1108881558414,11.5133982975932,2.));
#15692=CARTESIAN_POINT('',(17.1569421952436,11.4428565226298,2.));
#15693=CARTESIAN_POINT('',(17.3903818746346,12.3358665942201,2.));
#15694=CARTESIAN_POINT('',(17.3903818746346,12.3358665942201,2.));
#15695=VECTOR('',#15696,1.);
#15696=DIRECTION('',(-0.321760262952334,-0.946821172759062,0.));
#15697=CARTESIAN_POINT('',(17.5188563710869,12.5059027377566,2.));
#15698=CARTESIAN_POINT('',(17.5188563710869,12.5059027377566,2.));
#15699=CARTESIAN_POINT('',(17.4240060082613,12.4347546167356,2.));
#15700=CARTESIAN_POINT('',(17.3903818746346,12.3358665942201,2.));
#15701=CARTESIAN_POINT('',(17.7127876847191,12.5770508318624,2.));
#15702=CARTESIAN_POINT('',(17.7127876847191,12.5770508318624,2.));
#15703=CARTESIAN_POINT('',(17.6137067339125,12.5770508318624,2.));
#15704=CARTESIAN_POINT('',(17.5188563710869,12.5059027377566,2.));
#15705=CARTESIAN_POINT('',(17.955653127697,12.5770508318624,2.));
#15706=CARTESIAN_POINT('',(17.955653127697,12.5770508318624,2.));
#15707=VECTOR('',#15708,1.);
#15708=DIRECTION('',(-1.,0.,0.));
#15709=CARTESIAN_POINT('',(18.1026209097558,12.5063850584843,2.));
#15710=CARTESIAN_POINT('',(18.1026209097558,12.5063850584843,2.));
#15711=CARTESIAN_POINT('',(18.0559467706189,12.5770508318624,2.));
#15712=CARTESIAN_POINT('',(17.955653127697,12.5770508318624,2.));
#15713=CARTESIAN_POINT('',(18.1152024020457,12.3354531764535,2.));
#15714=CARTESIAN_POINT('',(18.1152024020457,12.3354531764535,2.));
#15715=CARTESIAN_POINT('',(18.1492950758079,12.435719258191,2.));
#15716=CARTESIAN_POINT('',(18.1026209097558,12.5063850584843,2.));
#15717=CARTESIAN_POINT('',(17.9924467706189,11.9742418108134,2.));
#15718=CARTESIAN_POINT('',(17.9924467706189,11.9742418108134,2.));
#15719=VECTOR('',#15720,1.);
#15720=DIRECTION('',(0.321770604542437,0.946817658291392,0.));
#15721=CARTESIAN_POINT('',(17.9102054343525,11.9138286096402,2.));
#15722=CARTESIAN_POINT('',(17.9102054343525,11.9138286096402,2.));
#15723=CARTESIAN_POINT('',(17.9719139842792,11.9138286096402,2.));
#15724=CARTESIAN_POINT('',(17.9924467706189,11.9742418108134,2.));
#15725=CARTESIAN_POINT('',(17.3669000953903,11.9138286096402,2.));
#15726=CARTESIAN_POINT('',(17.3669000953903,11.9138286096402,2.));
#15727=VECTOR('',#15728,1.);
#15728=DIRECTION('',(1.,0.,0.));
#15729=CARTESIAN_POINT('',(17.2645669786503,11.6126997109601,2.));
#15730=VECTOR('',#15731,1.);
#15731=DIRECTION('',(0.321759810389774,0.946821326554243,0.));
#15732=CARTESIAN_POINT('',(17.8927319125702,12.0337730540846,2.));
#15733=CARTESIAN_POINT('',(17.9955060082613,12.3361422060645,2.));
#15734=CARTESIAN_POINT('',(17.8927319125702,12.0337730540846,2.));
#15735=VECTOR('',#15736,1.);
#15736=DIRECTION('',(0.321814553049268,0.946802721503112,0.));
#15737=CARTESIAN_POINT('',(17.9886985033656,12.421428999381,2.));
#15738=CARTESIAN_POINT('',(17.9955060082613,12.3361422060645,2.));
#15739=CARTESIAN_POINT('',(18.0123456228014,12.3857515844289,2.));
#15740=CARTESIAN_POINT('',(17.9886985033656,12.421428999381,2.));
#15741=CARTESIAN_POINT('',(17.9153317339125,12.457106387418,2.));
#15742=CARTESIAN_POINT('',(17.9886985033656,12.421428999381,2.));
#15743=CARTESIAN_POINT('',(17.9650513570147,12.457106387418,2.));
#15744=CARTESIAN_POINT('',(17.9153317339125,12.457106387418,2.));
#15745=CARTESIAN_POINT('',(17.6715843330326,12.457106387418,2.));
#15746=CARTESIAN_POINT('',(17.9153317339125,12.457106387418,2.));
#15747=VECTOR('',#15748,1.);
#15748=DIRECTION('',(-1.,0.,0.));
#15749=CARTESIAN_POINT('',(17.5745704441437,12.421428999381,2.));
#15750=CARTESIAN_POINT('',(17.6715843330326,12.457106387418,2.));
#15751=CARTESIAN_POINT('',(17.6218647368456,12.457106387418,2.));
#15752=CARTESIAN_POINT('',(17.5745704441437,12.421428999381,2.));
#15753=CARTESIAN_POINT('',(17.5104365638168,12.3361422060645,2.));
#15754=CARTESIAN_POINT('',(17.5745704441437,12.421428999381,2.));
#15755=CARTESIAN_POINT('',(17.527276178357,12.3857515844289,2.));
#15756=CARTESIAN_POINT('',(17.5104365638168,12.3361422060645,2.));
#15757=CARTESIAN_POINT('',(17.4076624681258,12.0337730540846,2.));
#15758=CARTESIAN_POINT('',(17.5104365638168,12.3361422060645,2.));
#15759=VECTOR('',#15760,1.);
#15760=DIRECTION('',(-0.321814553049248,-0.946802721503119,0.));
#15761=CARTESIAN_POINT('',(17.4076624681258,12.0337730540846,2.));
#15762=VECTOR('',#15763,1.);
#15763=DIRECTION('',(1.,0.,0.));
#15764=CARTESIAN_POINT('',(17.2645669786503,11.6126997109601,2.1));
#15765=CARTESIAN_POINT('',(17.2645669786503,11.6126997109601,2.));
#15766=VECTOR('',#15767,1.);
#15767=DIRECTION('',(0.,0.,1.));
#15768=CARTESIAN_POINT('',(17.2707681644034,11.5277849936335,2.1));
#15769=CARTESIAN_POINT('',(17.2707681644034,11.5277849936335,2.1));
#15770=CARTESIAN_POINT('',(17.247782486479,11.5633108220712,2.1));
#15771=CARTESIAN_POINT('',(17.2645669786503,11.6126997109601,2.1));
#15772=CARTESIAN_POINT('',(17.2707681644034,11.5277849936335,2.));
#15773=VECTOR('',#15774,1.);
#15774=DIRECTION('',(0.,0.,1.));
#15775=CARTESIAN_POINT('',(17.3433356595078,11.4922591651957,2.1));
#15776=CARTESIAN_POINT('',(17.3433356595078,11.4922591651957,2.1));
#15777=CARTESIAN_POINT('',(17.2937538423279,11.4922591651957,2.1));
#15778=CARTESIAN_POINT('',(17.2707681644034,11.5277849936335,2.1));
#15779=CARTESIAN_POINT('',(17.3433356595078,11.4922591651957,2.));
#15780=VECTOR('',#15781,1.);
#15781=DIRECTION('',(0.,0.,1.));
#15782=CARTESIAN_POINT('',(17.7664485033656,11.4922591651957,2.1));
#15783=CARTESIAN_POINT('',(17.7664485033656,11.4922591651957,2.1));
#15784=VECTOR('',#15785,1.);
#15785=DIRECTION('',(-1.,0.,0.));
#15786=CARTESIAN_POINT('',(17.7664485033656,11.4922591651957,2.));
#15787=VECTOR('',#15788,1.);
#15788=DIRECTION('',(0.,0.,1.));
#15789=CARTESIAN_POINT('',(17.8065218464902,11.4322869429735,2.1));
#15790=CARTESIAN_POINT('',(17.8065218464902,11.4322869429735,2.1));
#15791=CARTESIAN_POINT('',(17.8268892388081,11.4922591651957,2.1));
#15792=CARTESIAN_POINT('',(17.7664485033656,11.4922591651957,2.1));
#15793=CARTESIAN_POINT('',(17.8065218464902,11.4322869429735,2.));
#15794=VECTOR('',#15795,1.);
#15795=DIRECTION('',(0.,0.,1.));
#15796=CARTESIAN_POINT('',(17.7257688141834,11.3723147207513,2.1));
#15797=CARTESIAN_POINT('',(17.7257688141834,11.3723147207513,2.1));
#15798=CARTESIAN_POINT('',(17.7861268660726,11.3723147207513,2.1));
#15799=CARTESIAN_POINT('',(17.8065218464902,11.4322869429735,2.1));
#15800=CARTESIAN_POINT('',(17.7257688141834,11.3723147207513,2.));
#15801=VECTOR('',#15802,1.);
#15802=DIRECTION('',(0.,0.,1.));
#15803=CARTESIAN_POINT('',(17.3031796059147,11.3723147207513,2.1));
#15804=CARTESIAN_POINT('',(17.3031796059147,11.3723147207513,2.1));
#15805=VECTOR('',#15806,1.);
#15806=DIRECTION('',(1.,0.,0.));
#15807=CARTESIAN_POINT('',(17.3031796059147,11.3723147207513,2.));
#15808=VECTOR('',#15809,1.);
#15809=DIRECTION('',(0.,0.,1.));
#15810=CARTESIAN_POINT('',(17.1569421952436,11.4428565226298,2.1));
#15811=CARTESIAN_POINT('',(17.1569421952436,11.4428565226298,2.1));
#15812=CARTESIAN_POINT('',(17.2029962346458,11.3723147207513,2.1));
#15813=CARTESIAN_POINT('',(17.3031796059147,11.3723147207513,2.1));
#15814=CARTESIAN_POINT('',(17.1569421952436,11.4428565226298,2.));
#15815=VECTOR('',#15816,1.);
#15816=DIRECTION('',(0.,0.,1.));
#15817=CARTESIAN_POINT('',(17.1448981460502,11.6134989853088,2.1));
#15818=CARTESIAN_POINT('',(17.1448981460502,11.6134989853088,2.1));
#15819=CARTESIAN_POINT('',(17.1108881558414,11.5133982975932,2.1));
#15820=CARTESIAN_POINT('',(17.1569421952436,11.4428565226298,2.1));
#15821=CARTESIAN_POINT('',(17.1448981460502,11.6134989853088,2.));
#15822=VECTOR('',#15823,1.);
#15823=DIRECTION('',(0.,0.,1.));
#15824=CARTESIAN_POINT('',(17.3903818746346,12.3358665942201,2.1));
#15825=CARTESIAN_POINT('',(17.3903818746346,12.3358665942201,2.1));
#15826=VECTOR('',#15827,1.);
#15827=DIRECTION('',(-0.321760262952334,-0.946821172759062,0.));
#15828=CARTESIAN_POINT('',(17.3903818746346,12.3358665942201,2.));
#15829=VECTOR('',#15830,1.);
#15830=DIRECTION('',(0.,0.,1.));
#15831=CARTESIAN_POINT('',(17.5188563710869,12.5059027377566,2.1));
#15832=CARTESIAN_POINT('',(17.5188563710869,12.5059027377566,2.1));
#15833=CARTESIAN_POINT('',(17.4240060082613,12.4347546167356,2.1));
#15834=CARTESIAN_POINT('',(17.3903818746346,12.3358665942201,2.1));
#15835=CARTESIAN_POINT('',(17.5188563710869,12.5059027377566,2.));
#15836=VECTOR('',#15837,1.);
#15837=DIRECTION('',(0.,0.,1.));
#15838=CARTESIAN_POINT('',(17.7127876847191,12.5770508318624,2.1));
#15839=CARTESIAN_POINT('',(17.7127876847191,12.5770508318624,2.1));
#15840=CARTESIAN_POINT('',(17.6137067339125,12.5770508318624,2.1));
#15841=CARTESIAN_POINT('',(17.5188563710869,12.5059027377566,2.1));
#15842=CARTESIAN_POINT('',(17.7127876847191,12.5770508318624,2.));
#15843=VECTOR('',#15844,1.);
#15844=DIRECTION('',(0.,0.,1.));
#15845=CARTESIAN_POINT('',(17.955653127697,12.5770508318624,2.1));
#15846=CARTESIAN_POINT('',(17.955653127697,12.5770508318624,2.1));
#15847=VECTOR('',#15848,1.);
#15848=DIRECTION('',(-1.,0.,0.));
#15849=CARTESIAN_POINT('',(17.955653127697,12.5770508318624,2.));
#15850=VECTOR('',#15851,1.);
#15851=DIRECTION('',(0.,0.,1.));
#15852=CARTESIAN_POINT('',(18.1026209097558,12.5063850584843,2.1));
#15853=CARTESIAN_POINT('',(18.1026209097558,12.5063850584843,2.1));
#15854=CARTESIAN_POINT('',(18.0559467706189,12.5770508318624,2.1));
#15855=CARTESIAN_POINT('',(17.955653127697,12.5770508318624,2.1));
#15856=CARTESIAN_POINT('',(18.1026209097558,12.5063850584843,2.));
#15857=VECTOR('',#15858,1.);
#15858=DIRECTION('',(0.,0.,1.));
#15859=CARTESIAN_POINT('',(18.1152024020457,12.3354531764535,2.1));
#15860=CARTESIAN_POINT('',(18.1152024020457,12.3354531764535,2.1));
#15861=CARTESIAN_POINT('',(18.1492950758079,12.435719258191,2.1));
#15862=CARTESIAN_POINT('',(18.1026209097558,12.5063850584843,2.1));
#15863=CARTESIAN_POINT('',(18.1152024020457,12.3354531764535,2.));
#15864=VECTOR('',#15865,1.);
#15865=DIRECTION('',(0.,0.,1.));
#15866=CARTESIAN_POINT('',(17.9924467706189,11.9742418108134,2.1));
#15867=CARTESIAN_POINT('',(17.9924467706189,11.9742418108134,2.1));
#15868=VECTOR('',#15869,1.);
#15869=DIRECTION('',(0.321770604542437,0.946817658291392,0.));
#15870=CARTESIAN_POINT('',(17.9924467706189,11.9742418108134,2.));
#15871=VECTOR('',#15872,1.);
#15872=DIRECTION('',(0.,0.,1.));
#15873=CARTESIAN_POINT('',(17.9102054343525,11.9138286096402,2.1));
#15874=CARTESIAN_POINT('',(17.9102054343525,11.9138286096402,2.1));
#15875=CARTESIAN_POINT('',(17.9719139842792,11.9138286096402,2.1));
#15876=CARTESIAN_POINT('',(17.9924467706189,11.9742418108134,2.1));
#15877=CARTESIAN_POINT('',(17.9102054343525,11.9138286096402,2.));
#15878=VECTOR('',#15879,1.);
#15879=DIRECTION('',(0.,0.,1.));
#15880=CARTESIAN_POINT('',(17.3669000953903,11.9138286096402,2.1));
#15881=CARTESIAN_POINT('',(17.3669000953903,11.9138286096402,2.1));
#15882=VECTOR('',#15883,1.);
#15883=DIRECTION('',(1.,0.,0.));
#15884=CARTESIAN_POINT('',(17.3669000953903,11.9138286096402,2.));
#15885=VECTOR('',#15886,1.);
#15886=DIRECTION('',(0.,0.,1.));
#15887=CARTESIAN_POINT('',(17.2645669786503,11.6126997109601,2.1));
#15888=VECTOR('',#15889,1.);
#15889=DIRECTION('',(0.321759810389774,0.946821326554243,0.));
#15890=CARTESIAN_POINT('',(17.9955060082613,12.3361422060645,2.1));
#15891=CARTESIAN_POINT('',(17.8927319125702,12.0337730540846,2.1));
#15892=CARTESIAN_POINT('',(17.8927319125702,12.0337730540846,2.1));
#15893=VECTOR('',#15894,1.);
#15894=DIRECTION('',(0.321814553049268,0.946802721503112,0.));
#15895=CARTESIAN_POINT('',(17.9955060082613,12.3361422060645,2.));
#15896=VECTOR('',#15897,1.);
#15897=DIRECTION('',(0.,0.,1.));
#15898=CARTESIAN_POINT('',(17.8927319125702,12.0337730540846,2.));
#15899=VECTOR('',#15900,1.);
#15900=DIRECTION('',(0.,0.,1.));
#15901=CARTESIAN_POINT('',(17.9886985033656,12.421428999381,2.1));
#15902=CARTESIAN_POINT('',(17.9955060082613,12.3361422060645,2.1));
#15903=CARTESIAN_POINT('',(18.0123456228014,12.3857515844289,2.1));
#15904=CARTESIAN_POINT('',(17.9886985033656,12.421428999381,2.1));
#15905=CARTESIAN_POINT('',(17.9886985033656,12.421428999381,2.));
#15906=VECTOR('',#15907,1.);
#15907=DIRECTION('',(0.,0.,1.));
#15908=CARTESIAN_POINT('',(17.9153317339125,12.457106387418,2.1));
#15909=CARTESIAN_POINT('',(17.9886985033656,12.421428999381,2.1));
#15910=CARTESIAN_POINT('',(17.9650513570147,12.457106387418,2.1));
#15911=CARTESIAN_POINT('',(17.9153317339125,12.457106387418,2.1));
#15912=CARTESIAN_POINT('',(17.9153317339125,12.457106387418,2.));
#15913=VECTOR('',#15914,1.);
#15914=DIRECTION('',(0.,0.,1.));
#15915=CARTESIAN_POINT('',(17.6715843330326,12.457106387418,2.1));
#15916=CARTESIAN_POINT('',(17.9153317339125,12.457106387418,2.1));
#15917=VECTOR('',#15918,1.);
#15918=DIRECTION('',(-1.,0.,0.));
#15919=CARTESIAN_POINT('',(17.6715843330326,12.457106387418,2.));
#15920=VECTOR('',#15921,1.);
#15921=DIRECTION('',(0.,0.,1.));
#15922=CARTESIAN_POINT('',(17.5745704441437,12.421428999381,2.1));
#15923=CARTESIAN_POINT('',(17.6715843330326,12.457106387418,2.1));
#15924=CARTESIAN_POINT('',(17.6218647368456,12.457106387418,2.1));
#15925=CARTESIAN_POINT('',(17.5745704441437,12.421428999381,2.1));
#15926=CARTESIAN_POINT('',(17.5745704441437,12.421428999381,2.));
#15927=VECTOR('',#15928,1.);
#15928=DIRECTION('',(0.,0.,1.));
#15929=CARTESIAN_POINT('',(17.5104365638168,12.3361422060645,2.1));
#15930=CARTESIAN_POINT('',(17.5745704441437,12.421428999381,2.1));
#15931=CARTESIAN_POINT('',(17.527276178357,12.3857515844289,2.1));
#15932=CARTESIAN_POINT('',(17.5104365638168,12.3361422060645,2.1));
#15933=CARTESIAN_POINT('',(17.5104365638168,12.3361422060645,2.));
#15934=VECTOR('',#15935,1.);
#15935=DIRECTION('',(0.,0.,1.));
#15936=CARTESIAN_POINT('',(17.4076624681258,12.0337730540846,2.1));
#15937=CARTESIAN_POINT('',(17.5104365638168,12.3361422060645,2.1));
#15938=VECTOR('',#15939,1.);
#15939=DIRECTION('',(-0.321814553049248,-0.946802721503119,0.));
#15940=CARTESIAN_POINT('',(17.4076624681258,12.0337730540846,2.));
#15941=VECTOR('',#15942,1.);
#15942=DIRECTION('',(0.,0.,1.));
#15943=CARTESIAN_POINT('',(17.4076624681258,12.0337730540846,2.1));
#15944=VECTOR('',#15945,1.);
#15945=DIRECTION('',(1.,0.,0.));
#15946=CARTESIAN_POINT('',(18.9286307230034,12.3334688250043,2.));
#15947=CARTESIAN_POINT('',(19.0109822770924,12.3913464241244,2.));
#15948=CARTESIAN_POINT('',(18.9286307230034,12.3334688250043,2.));
#15949=CARTESIAN_POINT('',(18.9913314486546,12.3334688250043,2.));
#15950=CARTESIAN_POINT('',(19.0109822770924,12.3913464241244,2.));
#15951=CARTESIAN_POINT('',(19.0109822770924,12.3913464241244,2.1));
#15952=CARTESIAN_POINT('',(19.0109822770924,12.3913464241244,2.));
#15953=VECTOR('',#15954,1.);
#15954=DIRECTION('',(0.,0.,1.));
#15955=CARTESIAN_POINT('',(18.9286307230034,12.3334688250043,2.1));
#15956=CARTESIAN_POINT('',(18.9286307230034,12.3334688250043,2.1));
#15957=CARTESIAN_POINT('',(18.9913314486546,12.3334688250043,2.1));
#15958=CARTESIAN_POINT('',(19.0109822770924,12.3913464241244,2.1));
#15959=CARTESIAN_POINT('',(18.9286307230034,12.3334688250043,2.));
#15960=VECTOR('',#15961,1.);
#15961=DIRECTION('',(0.,0.,1.));
#15962=CARTESIAN_POINT('',(18.8817911898447,12.3961695506556,2.));
#15963=CARTESIAN_POINT('',(18.8817911898447,12.3961695506556,2.));
#15964=CARTESIAN_POINT('',(18.8972665795855,12.3334688250043,2.));
#15965=CARTESIAN_POINT('',(18.9286307230034,12.3334688250043,2.));
#15966=CARTESIAN_POINT('',(18.7951814865902,12.4588702763068,2.));
#15967=CARTESIAN_POINT('',(18.7951814865902,12.4588702763068,2.));
#15968=CARTESIAN_POINT('',(18.866315827019,12.4588702763068,2.));
#15969=CARTESIAN_POINT('',(18.8817911898447,12.3961695506556,2.));
#15970=CARTESIAN_POINT('',(18.5540248101324,12.4588702763068,2.));
#15971=CARTESIAN_POINT('',(18.5540248101324,12.4588702763068,2.));
#15972=VECTOR('',#15973,1.);
#15973=DIRECTION('',(1.,0.,0.));
#15974=CARTESIAN_POINT('',(18.2052709114523,11.4326727995557,2.));
#15975=CARTESIAN_POINT('',(18.2052709114523,11.4326727995557,2.));
#15976=VECTOR('',#15977,1.);
#15977=DIRECTION('',(0.321775992052755,0.946815827359506,0.));
#15978=CARTESIAN_POINT('',(18.1247934640747,11.3723147207513,2.));
#15979=CARTESIAN_POINT('',(18.1247934640747,11.3723147207513,2.));
#15980=CARTESIAN_POINT('',(18.1847656862969,11.3723147207513,2.));
#15981=CARTESIAN_POINT('',(18.2052709114523,11.4326727995557,2.));
#15982=CARTESIAN_POINT('',(18.0853264670078,11.4326452383712,2.));
#15983=CARTESIAN_POINT('',(18.0853264670078,11.4326452383712,2.));
#15984=CARTESIAN_POINT('',(18.0648212418525,11.3723147207513,2.));
#15985=CARTESIAN_POINT('',(18.1247934640747,11.3723147207513,2.));
#15986=CARTESIAN_POINT('',(18.4543375401833,12.5184842300466,2.));
#15987=CARTESIAN_POINT('',(18.4543375401833,12.5184842300466,2.));
#15988=VECTOR('',#15989,1.);
#15989=DIRECTION('',(-0.321766585040362,-0.946819024286829,0.));
#15990=CARTESIAN_POINT('',(18.5348149606457,12.5788147207513,2.));
#15991=CARTESIAN_POINT('',(18.5348149606457,12.5788147207513,2.));
#15992=CARTESIAN_POINT('',(18.4748427384234,12.5788147207513,2.));
#15993=CARTESIAN_POINT('',(18.4543375401833,12.5184842300466,2.));
#15994=CARTESIAN_POINT('',(18.8359438593258,12.5788147207513,2.));
#15995=CARTESIAN_POINT('',(18.8359438593258,12.5788147207513,2.));
#15996=VECTOR('',#15997,1.);
#15997=DIRECTION('',(-1.,0.,0.));
#15998=CARTESIAN_POINT('',(18.9655483643401,12.5326366829343,2.));
#15999=CARTESIAN_POINT('',(18.9655483643401,12.5326366829343,2.));
#16000=CARTESIAN_POINT('',(18.9143266836012,12.5788147207513,2.));
#16001=CARTESIAN_POINT('',(18.8359438593258,12.5788147207513,2.));
#16002=CARTESIAN_POINT('',(19.0147305443456,12.4130642875646,2.));
#16003=CARTESIAN_POINT('',(19.0147305443456,12.4130642875646,2.));
#16004=CARTESIAN_POINT('',(19.0167700450789,12.4864586182022,2.));
#16005=CARTESIAN_POINT('',(18.9655483643401,12.5326366829343,2.));
#16006=CARTESIAN_POINT('',(19.0109822770924,12.3913464241244,2.));
#16007=CARTESIAN_POINT('',(19.0146754219768,12.4022053693021,2.));
#16008=CARTESIAN_POINT('',(19.0147305443456,12.4130642875646,2.));
#16009=CARTESIAN_POINT('',(19.0147305443456,12.4130642875646,2.1));
#16010=CARTESIAN_POINT('',(19.0147305443456,12.4130642875646,2.));
#16011=VECTOR('',#16012,1.);
#16012=DIRECTION('',(0.,0.,1.));
#16013=CARTESIAN_POINT('',(19.0109822770924,12.3913464241244,2.1));
#16014=CARTESIAN_POINT('',(19.0146754219768,12.4022053693021,2.1));
#16015=CARTESIAN_POINT('',(19.0147305443456,12.4130642875646,2.1));
#16016=CARTESIAN_POINT('',(18.9655483643401,12.5326366829343,2.1));
#16017=CARTESIAN_POINT('',(19.0147305443456,12.4130642875646,2.1));
#16018=CARTESIAN_POINT('',(19.0167700450789,12.4864586182022,2.1));
#16019=CARTESIAN_POINT('',(18.9655483643401,12.5326366829343,2.1));
#16020=CARTESIAN_POINT('',(18.8359438593258,12.5788147207513,2.1));
#16021=CARTESIAN_POINT('',(18.9655483643401,12.5326366829343,2.1));
#16022=CARTESIAN_POINT('',(18.9143266836012,12.5788147207513,2.1));
#16023=CARTESIAN_POINT('',(18.8359438593258,12.5788147207513,2.1));
#16024=CARTESIAN_POINT('',(18.5348149606457,12.5788147207513,2.1));
#16025=CARTESIAN_POINT('',(18.8359438593258,12.5788147207513,2.1));
#16026=VECTOR('',#16027,1.);
#16027=DIRECTION('',(-1.,0.,0.));
#16028=CARTESIAN_POINT('',(18.4543375401833,12.5184842300466,2.1));
#16029=CARTESIAN_POINT('',(18.5348149606457,12.5788147207513,2.1));
#16030=CARTESIAN_POINT('',(18.4748427384234,12.5788147207513,2.1));
#16031=CARTESIAN_POINT('',(18.4543375401833,12.5184842300466,2.1));
#16032=CARTESIAN_POINT('',(18.0853264670078,11.4326452383712,2.1));
#16033=CARTESIAN_POINT('',(18.4543375401833,12.5184842300466,2.1));
#16034=VECTOR('',#16035,1.);
#16035=DIRECTION('',(-0.321766585040362,-0.946819024286829,0.));
#16036=CARTESIAN_POINT('',(18.1247934640747,11.3723147207513,2.1));
#16037=CARTESIAN_POINT('',(18.0853264670078,11.4326452383712,2.1));
#16038=CARTESIAN_POINT('',(18.0648212418525,11.3723147207513,2.1));
#16039=CARTESIAN_POINT('',(18.1247934640747,11.3723147207513,2.1));
#16040=CARTESIAN_POINT('',(18.2052709114523,11.4326727995557,2.1));
#16041=CARTESIAN_POINT('',(18.1247934640747,11.3723147207513,2.1));
#16042=CARTESIAN_POINT('',(18.1847656862969,11.3723147207513,2.1));
#16043=CARTESIAN_POINT('',(18.2052709114523,11.4326727995557,2.1));
#16044=CARTESIAN_POINT('',(18.5540248101324,12.4588702763068,2.1));
#16045=CARTESIAN_POINT('',(18.2052709114523,11.4326727995557,2.1));
#16046=VECTOR('',#16047,1.);
#16047=DIRECTION('',(0.321775992052755,0.946815827359506,0.));
#16048=CARTESIAN_POINT('',(18.7951814865902,12.4588702763068,2.1));
#16049=CARTESIAN_POINT('',(18.5540248101324,12.4588702763068,2.1));
#16050=VECTOR('',#16051,1.);
#16051=DIRECTION('',(1.,0.,0.));
#16052=CARTESIAN_POINT('',(18.8817911898447,12.3961695506556,2.1));
#16053=CARTESIAN_POINT('',(18.7951814865902,12.4588702763068,2.1));
#16054=CARTESIAN_POINT('',(18.866315827019,12.4588702763068,2.1));
#16055=CARTESIAN_POINT('',(18.8817911898447,12.3961695506556,2.1));
#16056=CARTESIAN_POINT('',(18.8817911898447,12.3961695506556,2.1));
#16057=CARTESIAN_POINT('',(18.8972665795855,12.3334688250043,2.1));
#16058=CARTESIAN_POINT('',(18.9286307230034,12.3334688250043,2.1));
#16059=CARTESIAN_POINT('',(18.8817911898447,12.3961695506556,2.));
#16060=VECTOR('',#16061,1.);
#16061=DIRECTION('',(0.,0.,1.));
#16062=CARTESIAN_POINT('',(18.7951814865902,12.4588702763068,2.));
#16063=VECTOR('',#16064,1.);
#16064=DIRECTION('',(0.,0.,1.));
#16065=CARTESIAN_POINT('',(18.5540248101324,12.4588702763068,2.));
#16066=VECTOR('',#16067,1.);
#16067=DIRECTION('',(0.,0.,1.));
#16068=CARTESIAN_POINT('',(18.2052709114523,11.4326727995557,2.));
#16069=VECTOR('',#16070,1.);
#16070=DIRECTION('',(0.,0.,1.));
#16071=CARTESIAN_POINT('',(18.1247934640747,11.3723147207513,2.));
#16072=VECTOR('',#16073,1.);
#16073=DIRECTION('',(0.,0.,1.));
#16074=CARTESIAN_POINT('',(18.0853264670078,11.4326452383712,2.));
#16075=VECTOR('',#16076,1.);
#16076=DIRECTION('',(0.,0.,1.));
#16077=CARTESIAN_POINT('',(18.4543375401833,12.5184842300466,2.));
#16078=VECTOR('',#16079,1.);
#16079=DIRECTION('',(0.,0.,1.));
#16080=CARTESIAN_POINT('',(18.5348149606457,12.5788147207513,2.));
#16081=VECTOR('',#16082,1.);
#16082=DIRECTION('',(0.,0.,1.));
#16083=CARTESIAN_POINT('',(18.8359438593258,12.5788147207513,2.));
#16084=VECTOR('',#16085,1.);
#16085=DIRECTION('',(0.,0.,1.));
#16086=CARTESIAN_POINT('',(18.9655483643401,12.5326366829343,2.));
#16087=VECTOR('',#16088,1.);
#16088=DIRECTION('',(0.,0.,1.));
#16089=CARTESIAN_POINT('',(11.633021528718,11.4326176771868,2.));
#16090=CARTESIAN_POINT('',(12.0022255301845,12.5190078656357,2.));
#16091=CARTESIAN_POINT('',(11.633021528718,11.4326176771868,2.));
#16092=VECTOR('',#16093,1.);
#16093=DIRECTION('',(0.32177096794532,0.946817534790908,0.));
#16094=CARTESIAN_POINT('',(12.0022255301845,12.5190078656357,2.1));
#16095=CARTESIAN_POINT('',(12.0022255301845,12.5190078656357,2.));
#16096=VECTOR('',#16097,1.);
#16097=DIRECTION('',(0.,0.,1.));
#16098=CARTESIAN_POINT('',(11.633021528718,11.4326176771868,2.1));
#16099=CARTESIAN_POINT('',(11.633021528718,11.4326176771868,2.1));
#16100=VECTOR('',#16101,1.);
#16101=DIRECTION('',(0.32177096794532,0.946817534790908,0.));
#16102=CARTESIAN_POINT('',(11.633021528718,11.4326176771868,2.));
#16103=VECTOR('',#16104,1.);
#16104=DIRECTION('',(0.,0.,1.));
#16105=CARTESIAN_POINT('',(11.5528196931848,11.3723147207513,2.));
#16106=CARTESIAN_POINT('',(11.5528196931848,11.3723147207513,2.));
#16107=CARTESIAN_POINT('',(11.6125163035626,11.3723147207513,2.));
#16108=CARTESIAN_POINT('',(11.633021528718,11.4326176771868,2.));
#16109=CARTESIAN_POINT('',(11.5148409731624,11.4326176771868,2.));
#16110=CARTESIAN_POINT('',(11.5148409731624,11.4326176771868,2.));
#16111=CARTESIAN_POINT('',(11.4943357480071,11.3723147207513,2.));
#16112=CARTESIAN_POINT('',(11.5528196931848,11.3723147207513,2.));
#16113=CARTESIAN_POINT('',(11.884044974629,12.5190078656357,2.));
#16114=CARTESIAN_POINT('',(11.884044974629,12.5190078656357,2.));
#16115=VECTOR('',#16116,1.);
#16116=DIRECTION('',(-0.321770967945321,-0.946817534790907,0.));
#16117=CARTESIAN_POINT('',(11.9625931390958,12.5780981568711,2.));
#16118=CARTESIAN_POINT('',(11.9625931390958,12.5780981568711,2.));
#16119=CARTESIAN_POINT('',(11.9041091939181,12.5780981568711,2.));
#16120=CARTESIAN_POINT('',(11.884044974629,12.5190078656357,2.));
#16121=CARTESIAN_POINT('',(12.0022255301845,12.5190078656357,2.));
#16122=CARTESIAN_POINT('',(12.0222897494736,12.5780981568711,2.));
#16123=CARTESIAN_POINT('',(11.9625931390958,12.5780981568711,2.));
#16124=CARTESIAN_POINT('',(11.9625931390958,12.5780981568711,2.1));
#16125=CARTESIAN_POINT('',(11.9625931390958,12.5780981568711,2.));
#16126=VECTOR('',#16127,1.);
#16127=DIRECTION('',(0.,0.,1.));
#16128=CARTESIAN_POINT('',(12.0022255301845,12.5190078656357,2.1));
#16129=CARTESIAN_POINT('',(12.0222897494736,12.5780981568711,2.1));
#16130=CARTESIAN_POINT('',(11.9625931390958,12.5780981568711,2.1));
#16131=CARTESIAN_POINT('',(11.884044974629,12.5190078656357,2.1));
#16132=CARTESIAN_POINT('',(11.9625931390958,12.5780981568711,2.1));
#16133=CARTESIAN_POINT('',(11.9041091939181,12.5780981568711,2.1));
#16134=CARTESIAN_POINT('',(11.884044974629,12.5190078656357,2.1));
#16135=CARTESIAN_POINT('',(11.5148409731624,11.4326176771868,2.1));
#16136=CARTESIAN_POINT('',(11.884044974629,12.5190078656357,2.1));
#16137=VECTOR('',#16138,1.);
#16138=DIRECTION('',(-0.321770967945321,-0.946817534790907,0.));
#16139=CARTESIAN_POINT('',(11.5528196931848,11.3723147207513,2.1));
#16140=CARTESIAN_POINT('',(11.5148409731624,11.4326176771868,2.1));
#16141=CARTESIAN_POINT('',(11.4943357480071,11.3723147207513,2.1));
#16142=CARTESIAN_POINT('',(11.5528196931848,11.3723147207513,2.1));
#16143=CARTESIAN_POINT('',(11.5528196931848,11.3723147207513,2.1));
#16144=CARTESIAN_POINT('',(11.6125163035626,11.3723147207513,2.1));
#16145=CARTESIAN_POINT('',(11.633021528718,11.4326176771868,2.1));
#16146=CARTESIAN_POINT('',(11.5528196931848,11.3723147207513,2.));
#16147=VECTOR('',#16148,1.);
#16148=DIRECTION('',(0.,0.,1.));
#16149=CARTESIAN_POINT('',(11.5148409731624,11.4326176771868,2.));
#16150=VECTOR('',#16151,1.);
#16151=DIRECTION('',(0.,0.,1.));
#16152=CARTESIAN_POINT('',(11.884044974629,12.5190078656357,2.));
#16153=VECTOR('',#16154,1.);
#16154=DIRECTION('',(0.,0.,1.));
#16155=CARTESIAN_POINT('',(12.1657159731624,13.0000810190821,2.));
#16156=CARTESIAN_POINT('',(12.1262213879959,13.060356387418,2.));
#16157=CARTESIAN_POINT('',(12.1657159731624,13.0000810190821,2.));
#16158=CARTESIAN_POINT('',(12.1861936102181,13.060356387418,2.));
#16159=CARTESIAN_POINT('',(12.1262213879959,13.060356387418,2.));
#16160=CARTESIAN_POINT('',(12.1262213879959,13.060356387418,2.1));
#16161=CARTESIAN_POINT('',(12.1262213879959,13.060356387418,2.));
#16162=VECTOR('',#16163,1.);
#16163=DIRECTION('',(0.,0.,1.));
#16164=CARTESIAN_POINT('',(12.1657159731624,13.0000810190821,2.1));
#16165=CARTESIAN_POINT('',(12.1657159731624,13.0000810190821,2.1));
#16166=CARTESIAN_POINT('',(12.1861936102181,13.060356387418,2.1));
#16167=CARTESIAN_POINT('',(12.1262213879959,13.060356387418,2.1));
#16168=CARTESIAN_POINT('',(12.1657159731624,13.0000810190821,2.));
#16169=VECTOR('',#16170,1.);
#16170=DIRECTION('',(0.,0.,1.));
#16171=CARTESIAN_POINT('',(12.0856519435514,12.9409907278467,2.));
#16172=CARTESIAN_POINT('',(12.0856519435514,12.9409907278467,2.));
#16173=CARTESIAN_POINT('',(12.1456241657737,12.9409907278467,2.));
#16174=CARTESIAN_POINT('',(12.1657159731624,13.0000810190821,2.));
#16175=CARTESIAN_POINT('',(12.045771528718,13.0000810190821,2.));
#16176=CARTESIAN_POINT('',(12.045771528718,13.0000810190821,2.));
#16177=CARTESIAN_POINT('',(12.0256797213292,12.9409907278467,2.));
#16178=CARTESIAN_POINT('',(12.0856519435514,12.9409907278467,2.));
#16179=CARTESIAN_POINT('',(12.1262213879959,13.060356387418,2.));
#16180=CARTESIAN_POINT('',(12.0662491657737,13.060356387418,2.));
#16181=CARTESIAN_POINT('',(12.045771528718,13.0000810190821,2.));
#16182=CARTESIAN_POINT('',(12.045771528718,13.0000810190821,2.1));
#16183=CARTESIAN_POINT('',(12.045771528718,13.0000810190821,2.));
#16184=VECTOR('',#16185,1.);
#16185=DIRECTION('',(0.,0.,1.));
#16186=CARTESIAN_POINT('',(12.1262213879959,13.060356387418,2.1));
#16187=CARTESIAN_POINT('',(12.0662491657737,13.060356387418,2.1));
#16188=CARTESIAN_POINT('',(12.045771528718,13.0000810190821,2.1));
#16189=CARTESIAN_POINT('',(12.0856519435514,12.9409907278467,2.1));
#16190=CARTESIAN_POINT('',(12.045771528718,13.0000810190821,2.1));
#16191=CARTESIAN_POINT('',(12.0256797213292,12.9409907278467,2.1));
#16192=CARTESIAN_POINT('',(12.0856519435514,12.9409907278467,2.1));
#16193=CARTESIAN_POINT('',(12.0856519435514,12.9409907278467,2.1));
#16194=CARTESIAN_POINT('',(12.1456241657737,12.9409907278467,2.1));
#16195=CARTESIAN_POINT('',(12.1657159731624,13.0000810190821,2.1));
#16196=CARTESIAN_POINT('',(12.0856519435514,12.9409907278467,2.));
#16197=VECTOR('',#16198,1.);
#16198=DIRECTION('',(0.,0.,1.));
#16199=CARTESIAN_POINT('',(19.8579073430541,6.71616161639324,2.));
#16200=CARTESIAN_POINT('',(20.5057782277806,9.76063383861546,2.));
#16201=CARTESIAN_POINT('',(19.8579073430541,6.71616161639324,2.));
#16202=VECTOR('',#16203,1.);
#16203=DIRECTION('',(0.208141710950845,0.978098680176215,0.));
#16204=CARTESIAN_POINT('',(20.5540095469231,6.71616161639324,2.));
#16205=CARTESIAN_POINT('',(20.5540095469231,6.71616161639324,2.));
#16206=VECTOR('',#16207,1.);
#16207=DIRECTION('',(-1.,0.,0.));
#16208=CARTESIAN_POINT('',(20.3644741883784,5.8483282830599,2.));
#16209=CARTESIAN_POINT('',(20.3644741883784,5.8483282830599,2.));
#16210=VECTOR('',#16211,1.);
#16211=DIRECTION('',(0.213371142223972,0.976971215372304,0.));
#16212=CARTESIAN_POINT('',(19.6718446399183,5.8483282830599,2.));
#16213=CARTESIAN_POINT('',(19.6718446399183,5.8483282830599,2.));
#16214=VECTOR('',#16215,1.);
#16215=DIRECTION('',(1.,0.,0.));
#16216=CARTESIAN_POINT('',(19.4685288775606,4.86584217194879,2.));
#16217=CARTESIAN_POINT('',(19.4685288775606,4.86584217194879,2.));
#16218=VECTOR('',#16219,1.);
#16219=DIRECTION('',(0.202646486862887,0.979251960101245,0.));
#16220=CARTESIAN_POINT('',(18.2486343303297,4.86584217194879,2.));
#16221=CARTESIAN_POINT('',(18.2486343303297,4.86584217194879,2.));
#16222=VECTOR('',#16223,1.);
#16223=DIRECTION('',(1.,0.,0.));
#16224=CARTESIAN_POINT('',(18.4519500926874,5.8483282830599,2.));
#16225=CARTESIAN_POINT('',(18.4519500926874,5.8483282830599,2.));
#16226=VECTOR('',#16227,1.);
#16227=DIRECTION('',(-0.202646486862883,-0.979251960101245,0.));
#16228=CARTESIAN_POINT('',(16.3436067691453,5.8483282830599,2.));
#16229=CARTESIAN_POINT('',(16.3436067691453,5.8483282830599,2.));
#16230=VECTOR('',#16231,1.);
#16231=DIRECTION('',(1.,0.,0.));
#16232=CARTESIAN_POINT('',(16.484883247363,6.71616161639324,2.));
#16233=CARTESIAN_POINT('',(16.484883247363,6.71616161639324,2.));
#16234=VECTOR('',#16235,1.);
#16235=DIRECTION('',(-0.160677025168531,-0.987007038264161,0.));
#16236=CARTESIAN_POINT('',(19.0724531249942,9.76063383861546,2.));
#16237=CARTESIAN_POINT('',(19.0724531249942,9.76063383861546,2.));
#16238=VECTOR('',#16239,1.);
#16239=DIRECTION('',(-0.647614780892511,-0.761967909802995,0.));
#16240=CARTESIAN_POINT('',(20.5057782277806,9.76063383861546,2.));
#16241=VECTOR('',#16242,1.);
#16242=DIRECTION('',(-1.,0.,0.));
#16243=CARTESIAN_POINT('',(17.4767124654229,6.71616161639324,2.));
#16244=CARTESIAN_POINT('',(18.727612860674,6.71616161639324,2.));
#16245=CARTESIAN_POINT('',(17.4767124654229,6.71616161639324,2.));
#16246=VECTOR('',#16247,1.);
#16247=DIRECTION('',(1.,0.,0.));
#16248=CARTESIAN_POINT('',(19.2479600828962,8.88585519446433,2.));
#16249=CARTESIAN_POINT('',(18.727612860674,6.71616161639324,2.));
#16250=VECTOR('',#16251,1.);
#16251=DIRECTION('',(0.233212237844959,0.972425859446028,0.));
#16252=CARTESIAN_POINT('',(19.2479600828962,8.88585519446433,2.));
#16253=VECTOR('',#16254,1.);
#16254=DIRECTION('',(-0.632391313302237,-0.774649099179668,0.));
#16255=CARTESIAN_POINT('',(20.5057782277806,9.76063383861546,2.1));
#16256=CARTESIAN_POINT('',(19.0724531249942,9.76063383861546,2.1));
#16257=CARTESIAN_POINT('',(20.5057782277806,9.76063383861546,2.1));
#16258=VECTOR('',#16259,1.);
#16259=DIRECTION('',(-1.,0.,0.));
#16260=CARTESIAN_POINT('',(16.484883247363,6.71616161639324,2.1));
#16261=CARTESIAN_POINT('',(19.0724531249942,9.76063383861546,2.1));
#16262=VECTOR('',#16263,1.);
#16263=DIRECTION('',(-0.647614780892511,-0.761967909802995,0.));
#16264=CARTESIAN_POINT('',(16.3436067691453,5.8483282830599,2.1));
#16265=CARTESIAN_POINT('',(16.484883247363,6.71616161639324,2.1));
#16266=VECTOR('',#16267,1.);
#16267=DIRECTION('',(-0.160677025168531,-0.987007038264161,0.));
#16268=CARTESIAN_POINT('',(18.4519500926874,5.8483282830599,2.1));
#16269=CARTESIAN_POINT('',(16.3436067691453,5.8483282830599,2.1));
#16270=VECTOR('',#16271,1.);
#16271=DIRECTION('',(1.,0.,0.));
#16272=CARTESIAN_POINT('',(18.2486343303297,4.86584217194879,2.1));
#16273=CARTESIAN_POINT('',(18.4519500926874,5.8483282830599,2.1));
#16274=VECTOR('',#16275,1.);
#16275=DIRECTION('',(-0.202646486862883,-0.979251960101245,0.));
#16276=CARTESIAN_POINT('',(19.4685288775606,4.86584217194879,2.1));
#16277=CARTESIAN_POINT('',(18.2486343303297,4.86584217194879,2.1));
#16278=VECTOR('',#16279,1.);
#16279=DIRECTION('',(1.,0.,0.));
#16280=CARTESIAN_POINT('',(19.6718446399183,5.8483282830599,2.1));
#16281=CARTESIAN_POINT('',(19.4685288775606,4.86584217194879,2.1));
#16282=VECTOR('',#16283,1.);
#16283=DIRECTION('',(0.202646486862887,0.979251960101245,0.));
#16284=CARTESIAN_POINT('',(20.3644741883784,5.8483282830599,2.1));
#16285=CARTESIAN_POINT('',(19.6718446399183,5.8483282830599,2.1));
#16286=VECTOR('',#16287,1.);
#16287=DIRECTION('',(1.,0.,0.));
#16288=CARTESIAN_POINT('',(20.5540095469231,6.71616161639324,2.1));
#16289=CARTESIAN_POINT('',(20.3644741883784,5.8483282830599,2.1));
#16290=VECTOR('',#16291,1.);
#16291=DIRECTION('',(0.213371142223972,0.976971215372304,0.));
#16292=CARTESIAN_POINT('',(19.8579073430541,6.71616161639324,2.1));
#16293=CARTESIAN_POINT('',(20.5540095469231,6.71616161639324,2.1));
#16294=VECTOR('',#16295,1.);
#16295=DIRECTION('',(-1.,0.,0.));
#16296=CARTESIAN_POINT('',(19.8579073430541,6.71616161639324,2.1));
#16297=VECTOR('',#16298,1.);
#16298=DIRECTION('',(0.208141710950845,0.978098680176215,0.));
#16299=CARTESIAN_POINT('',(18.727612860674,6.71616161639324,2.1));
#16300=CARTESIAN_POINT('',(17.4767124654229,6.71616161639324,2.1));
#16301=CARTESIAN_POINT('',(17.4767124654229,6.71616161639324,2.1));
#16302=VECTOR('',#16303,1.);
#16303=DIRECTION('',(1.,0.,0.));
#16304=CARTESIAN_POINT('',(19.2479600828962,8.88585519446433,2.1));
#16305=CARTESIAN_POINT('',(19.2479600828962,8.88585519446433,2.1));
#16306=VECTOR('',#16307,1.);
#16307=DIRECTION('',(-0.632391313302237,-0.774649099179668,0.));
#16308=CARTESIAN_POINT('',(18.727612860674,6.71616161639324,2.1));
#16309=VECTOR('',#16310,1.);
#16310=DIRECTION('',(0.233212237844959,0.972425859446028,0.));
#16311=CARTESIAN_POINT('',(17.4767124654229,6.71616161639324,2.));
#16312=VECTOR('',#16313,1.);
#16313=DIRECTION('',(0.,0.,1.));
#16314=CARTESIAN_POINT('',(19.2479600828962,8.88585519446433,2.));
#16315=VECTOR('',#16316,1.);
#16316=DIRECTION('',(0.,0.,1.));
#16317=CARTESIAN_POINT('',(18.727612860674,6.71616161639324,2.));
#16318=VECTOR('',#16319,1.);
#16319=DIRECTION('',(0.,0.,1.));
#16320=CARTESIAN_POINT('',(20.5057782277806,9.76063383861546,2.));
#16321=VECTOR('',#16322,1.);
#16322=DIRECTION('',(0.,0.,1.));
#16323=CARTESIAN_POINT('',(19.8579073430541,6.71616161639324,2.));
#16324=VECTOR('',#16325,1.);
#16325=DIRECTION('',(0.,0.,1.));
#16326=CARTESIAN_POINT('',(20.5540095469231,6.71616161639324,2.));
#16327=VECTOR('',#16328,1.);
#16328=DIRECTION('',(0.,0.,1.));
#16329=CARTESIAN_POINT('',(20.3644741883784,5.8483282830599,2.));
#16330=VECTOR('',#16331,1.);
#16331=DIRECTION('',(0.,0.,1.));
#16332=CARTESIAN_POINT('',(19.6718446399183,5.8483282830599,2.));
#16333=VECTOR('',#16334,1.);
#16334=DIRECTION('',(0.,0.,1.));
#16335=CARTESIAN_POINT('',(19.4685288775606,4.86584217194879,2.));
#16336=VECTOR('',#16337,1.);
#16337=DIRECTION('',(0.,0.,1.));
#16338=CARTESIAN_POINT('',(18.2486343303297,4.86584217194879,2.));
#16339=VECTOR('',#16340,1.);
#16340=DIRECTION('',(0.,0.,1.));
#16341=CARTESIAN_POINT('',(18.4519500926874,5.8483282830599,2.));
#16342=VECTOR('',#16343,1.);
#16343=DIRECTION('',(0.,0.,1.));
#16344=CARTESIAN_POINT('',(16.3436067691453,5.8483282830599,2.));
#16345=VECTOR('',#16346,1.);
#16346=DIRECTION('',(0.,0.,1.));
#16347=CARTESIAN_POINT('',(16.484883247363,6.71616161639324,2.));
#16348=VECTOR('',#16349,1.);
#16349=DIRECTION('',(0.,0.,1.));
#16350=CARTESIAN_POINT('',(19.0724531249942,9.76063383861546,2.));
#16351=VECTOR('',#16352,1.);
#16352=DIRECTION('',(0.,0.,1.));
ENDSEC;
END-ISO-10303-21;
